geocodigo,municipio,uf,latitude,longitude,populacao_estimada_2025,area_total_ha,area_urbana_ha,pct_area_urbana,dist_mar_km,pct_nativa,nativa_ha,nativa_florestal_ha,nativa_nao_florestal_ha,agua_ha,pct_nativa_sem_agua
1100015,Alta Floresta D'Oeste,RO,-11.9283,-61.9953,22787.0,705864.52,642.83,0.091,1146.79,65.75,464141.19,377056.62,87084.57,7456.1,66.46
1100023,Ariquemes,RO,-9.90571,-63.0325,109170.0,442565.16,3782.49,0.855,1227.47,30.65,135644.41,134564.45,1079.96,6149.34,31.08
1100031,Cabixi,RO,-13.4945,-60.552,5664.0,131208.98,228.97,0.175,1178.61,30.3,39755.6,37282.76,2472.84,1177.65,30.57
1100049,Cacoal,RO,-11.4343,-61.4562,98280.0,379288.35,3086.01,0.814,1226.92,37.07,140612.23,139691.89,920.34,1746.15,37.24
1100056,Cerejeiras,RO,-13.187,-60.8168,16966.0,278322.72,738.94,0.265,1170.74,71.12,197930.32,94649.72,103280.6,930.45,71.35
1100064,Colorado do Oeste,RO,-13.1174,-60.5454,16508.0,145105.06,749.87,0.517,1199.96,23.39,33939.27,31432.82,2506.45,310.24,23.44
1100072,Corumbiara,RO,-12.9551,-60.8947,7968.0,306030.64,256.88,0.084,1176.99,34.1,104365.69,99426.73,4938.95,1095.1,34.23
1100080,Costa Marques,RO,-12.4367,-64.228,13510.0,497309.49,602.52,0.121,929.57,59.86,297664.62,286506.13,11158.49,5653.51,60.54
1100098,Espigão D'Oeste,RO,-11.5266,-61.0252,32842.0,451801.19,1056.18,0.234,1257.01,55.28,249770.3,244633.65,5136.65,853.34,55.39
1100106,Guajará-Mirim,RO,-10.7889,-65.3296,43594.0,2481213.6,1686.72,0.068,980.76,93.38,2317000.15,2246863.97,70136.18,22275.5,94.23
1100114,Jaru,RO,-10.4318,-62.4788,55682.0,294415.96,1738.67,0.591,1221.71,14.87,43767.91,41562.67,2205.24,1355.64,14.93
1100122,Ji-Paraná,RO,-10.8777,-61.9322,140101.0,689661.63,4916.91,0.713,1229.02,66.0,455197.48,451664.76,3532.72,5507.12,66.53
1100130,Machadinho D'Oeste,RO,-9.44363,-61.9818,34149.0,850916.7,1344.72,0.158,1345.54,57.28,487416.14,458004.91,29411.23,9189.69,57.91
1100148,Nova Brasilândia D'Oeste,RO,-11.7247,-62.3127,16374.0,170300.52,531.61,0.312,1135.12,25.41,43281.64,42004.29,1277.35,723.08,25.52
1100155,Ouro Preto do Oeste,RO,-10.7167,-62.2565,38684.0,196987.93,1108.98,0.563,1216.12,12.15,23942.57,21700.44,2242.13,877.45,12.21
1100189,Pimenta Bueno,RO,-11.672,-61.198,39220.0,624090.42,1457.86,0.234,1232.25,58.43,364628.9,359103.15,5525.76,7722.98,59.16
1100205,Porto Velho,RO,-8.76077,-63.8999,517709.0,3407764.76,16904.73,0.496,1252.88,62.63,2134175.9,2102234.69,31941.21,117226.31,64.86
1100254,Presidente Médici,RO,-11.169,-61.8986,20443.0,175831.77,576.42,0.328,1209.79,17.11,30089.58,26975.52,3114.06,1525.27,17.26
1100262,Rio Crespo,RO,-9.69965,-62.9011,3767.0,171767.64,134.0,0.078,1253.54,39.31,67516.26,67163.2,353.06,701.61,39.47
1100288,Rolim de Moura,RO,-11.7271,-61.7714,62959.0,145778.48,2400.68,1.647,1179.78,16.24,23678.62,23457.62,221.0,759.86,16.33
1100296,Santa Luzia D'Oeste,RO,-11.9074,-61.7777,7837.0,119772.14,235.7,0.197,1166.61,24.78,29682.55,29277.15,405.4,383.9,24.86
1100304,Vilhena,RO,-12.7502,-60.1488,109651.0,1170860.83,4286.32,0.366,1257.76,83.04,972245.13,959995.16,12249.97,2185.32,83.19
1100320,São Miguel do Guaporé,RO,-11.6953,-62.7192,22305.0,678958.34,645.62,0.095,1104.47,74.64,506795.82,467030.48,39765.34,1399.45,74.8
1100338,Nova Mamoré,RO,-10.4077,-65.3346,28701.0,1006776.5,1238.37,0.123,1012.09,54.82,551894.94,549668.26,2226.68,4419.78,55.06
1100346,Alvorada D'Oeste,RO,-11.3463,-62.2847,13720.0,302922.05,477.59,0.158,1165.47,50.11,151780.01,145402.76,6377.25,312.46,50.16
1100379,Alto Alegre dos Parecis,RO,-12.132,-61.835,12237.0,395300.66,301.43,0.076,1146.25,65.86,260343.18,216236.78,44106.4,3169.75,66.39
1100403,Alto Paraíso,RO,-9.71429,-63.3188,17467.0,265228.55,640.58,0.242,1219.27,24.37,64645.39,64341.77,303.62,3093.99,24.66
1100452,Buritis,RO,-10.1943,-63.8324,30649.0,326563.36,938.46,0.287,1141.89,16.4,53541.26,53434.53,106.73,1941.87,16.49
1100502,Novo Horizonte do Oeste,RO,-11.6961,-61.9951,7972.0,84347.77,206.26,0.245,1163.33,16.22,13683.12,13259.88,423.24,288.06,16.28
1100601,Cacaulândia,RO,-10.349,-62.9043,4292.0,196190.17,138.22,0.07,1197.01,29.43,57747.3,56453.3,1294.01,1072.26,29.6
1100700,Campo Novo de Rondônia,RO,-10.5712,-63.6266,9095.0,344203.52,244.75,0.071,1126.89,39.41,135663.11,133969.07,1694.05,941.41,39.52
1100809,Candeias do Jamari,RO,-8.7907,-63.7005,24313.0,684396.44,976.82,0.143,1264.69,54.97,376181.14,368346.41,7834.72,33075.96,57.76
1100908,Castanheiras,RO,-11.4253,-61.9482,3450.0,89282.02,100.29,0.112,1186.84,28.52,25465.63,25196.73,268.9,607.83,28.72
1100924,Chupinguaia,RO,-12.5611,-60.8877,10191.0,511756.53,418.8,0.082,1201.41,49.14,251499.3,242804.4,8694.89,2152.27,49.35
1100940,Cujubim,RO,-9.36065,-62.5846,15877.0,386390.31,747.28,0.193,1304.54,35.77,138197.3,138148.32,48.97,1414.37,35.9
1101005,Governador Jorge Teixeira,RO,-10.61,-62.7371,8340.0,506736.98,155.35,0.031,1187.99,71.55,362566.3,358535.48,4030.82,475.92,71.62
1101104,Itapuã do Oeste,RO,-9.19687,-63.1809,9228.0,408154.8,412.45,0.101,1270.46,74.16,302704.09,296650.47,6053.61,15274.94,77.05
1101203,Ministro Andreazza,RO,-11.196,-61.5174,6519.0,79848.05,156.09,0.195,1238.93,19.4,15492.2,13135.68,2356.52,98.62,19.43
1101302,Mirante da Serra,RO,-11.029,-62.6696,9657.0,119186.23,276.45,0.232,1159.75,46.02,54844.76,52938.12,1906.64,498.26,46.21
1101401,Monte Negro,RO,-10.2458,-63.29,12168.0,193189.75,371.21,0.192,1178.14,23.87,46110.49,45364.2,746.29,1777.63,24.09
1101435,Nova União,RO,-10.9068,-62.5564,6541.0,80716.28,85.63,0.106,1178.06,11.25,9078.63,8501.14,577.5,271.83,11.29
1101450,Parecis,RO,-12.1754,-61.6032,4372.0,254871.43,113.06,0.044,1163.18,50.79,129440.09,124362.55,5077.55,382.84,50.86
1101468,Pimenteiras do Oeste,RO,-13.4823,-61.0471,2309.0,599074.01,110.05,0.018,1132.64,76.38,457600.78,254572.32,203028.46,15386.59,78.4
1101476,Primavera de Rondônia,RO,-11.8295,-61.3153,3268.0,60551.41,152.33,0.252,1211.45,24.26,14687.49,14561.84,125.66,305.88,24.38
1101484,São Felipe D'Oeste,RO,-11.9023,-61.5026,5588.0,54167.02,114.32,0.211,1190.41,14.38,7787.27,7781.06,6.21,126.12,14.41
1101492,São Francisco do Guaporé,RO,-12.052,-63.568,17557.0,1094212.83,659.99,0.06,1010.49,76.01,831718.14,658453.37,173264.77,12965.69,76.92
1101500,Seringueiras,RO,-11.8055,-63.0182,12965.0,444405.05,323.99,0.073,1072.39,63.13,280533.12,273536.12,6997.01,1019.77,63.27
1101559,Teixeirópolis,RO,-10.9056,-62.242,4521.0,45992.31,84.22,0.183,1202.49,10.37,4770.1,4660.23,109.86,125.66,10.4
1101609,Theobroma,RO,-10.2483,-62.3538,8459.0,219739.33,182.39,0.083,1245.88,22.83,50161.3,49952.26,209.04,1089.76,22.94
1101708,Urupá,RO,-11.1261,-62.3639,11314.0,83183.56,319.01,0.384,1175.93,12.8,10650.47,9720.37,930.09,931.58,12.95
1101757,Vale do Anari,RO,-9.86215,-62.1876,8220.0,313512.7,310.86,0.099,1289.59,60.11,188448.62,188202.88,245.75,2640.95,60.62
1101807,Vale do Paraíso,RO,-10.4465,-62.1352,6790.0,96568.66,162.12,0.168,1246.67,12.55,12114.74,11651.07,463.66,794.38,12.65
1200013,Acrelândia,AC,-9.82581,-66.8972,14712.0,181029.87,390.71,0.216,964.57,25.63,46397.11,46364.52,32.6,1015.5,25.77
1200054,Assis Brasil,AC,-10.9298,-69.5738,8648.0,495705.11,199.87,0.04,710.9,92.47,458387.16,458137.32,249.84,1313.49,92.72
1200104,Brasiléia,AC,-10.995,-68.7497,28028.0,392778.05,781.94,0.199,747.74,57.32,225123.5,224881.86,241.64,862.6,57.44
1200138,Bujari,AC,-9.81528,-67.955,13928.0,303556.71,402.18,0.132,904.46,54.35,164988.91,164972.52,16.39,984.83,54.53
1200179,Capixaba,AC,-10.566,-67.686,10981.0,170309.82,255.52,0.15,851.75,39.92,67987.12,67971.1,16.01,807.49,40.11
1200203,Cruzeiro do Sul,AC,-7.62762,-72.6756,98916.0,878359.75,3690.39,0.42,656.62,88.35,776038.42,774961.02,1077.39,4862.47,88.84
1200252,Epitaciolândia,AC,-11.0188,-68.7341,19874.0,165034.07,762.45,0.462,746.38,44.25,73032.75,72946.26,86.5,486.21,44.38
1200302,Feijó,AC,-8.17054,-70.351,37764.0,2794066.95,624.22,0.022,844.76,92.64,2588415.48,2588137.43,278.05,12045.78,93.04
1200328,Jordão,AC,-9.1908,-71.9503,9884.0,534390.97,202.5,0.038,636.8,96.52,515777.14,515681.44,95.7,2051.52,96.89
1200336,Mâncio Lima,AC,-7.61657,-72.8997,20479.0,539610.08,988.44,0.183,634.2,93.2,502935.83,502888.93,46.9,1078.85,93.39
1200344,Manoel Urbano,AC,-8.83291,-69.2679,12923.0,1057814.54,176.29,0.017,911.97,92.91,982832.01,982110.57,721.44,6691.4,93.5
1200351,Marechal Thaumaturgo,AC,-8.93898,-72.7997,18057.0,817881.35,337.28,0.041,568.46,96.5,789234.4,788680.2,554.2,3081.51,96.86
1200385,Plácido de Castro,AC,-10.2806,-67.1371,17107.0,194566.17,515.65,0.265,907.9,20.89,40653.11,40617.03,36.09,881.04,20.99
1200393,Porto Walter,AC,-8.26323,-72.7537,11333.0,644541.89,305.99,0.047,615.09,96.21,620132.67,619393.71,738.95,2994.37,96.66
1200401,Rio Branco,AC,-9.97499,-67.8243,389001.0,883474.44,13643.48,1.544,897.15,63.71,562889.22,562701.53,187.7,3371.93,63.96
1200427,Rodrigues Alves,AC,-7.73864,-72.661,15560.0,306510.14,612.13,0.2,653.67,82.85,253933.57,253771.98,161.59,767.31,83.05
1200435,Santa Rosa do Purus,AC,-9.44652,-70.4902,7217.0,610144.63,116.72,0.019,761.47,97.74,596351.57,596033.57,318.0,4318.71,98.44
1200450,Senador Guiomard,AC,-10.1497,-67.7362,22402.0,232096.79,1005.4,0.433,886.36,24.39,56608.49,56560.93,47.56,1016.24,24.5
1200500,Sena Madureira,AC,-9.06596,-68.6571,44049.0,2373228.33,946.14,0.04,952.57,89.81,2131278.56,2130572.05,706.51,6391.74,90.05
1200609,Tarauacá,AC,-8.15697,-70.7722,46816.0,2016964.22,979.97,0.049,804.64,91.6,1847550.92,1847302.06,248.86,8855.33,92.0
1200708,Xapuri,AC,-10.6516,-68.4969,19170.0,534623.29,442.12,0.083,794.56,68.99,368811.8,368790.44,21.36,1498.55,69.18
1200807,Porto Acre,AC,-9.58138,-67.5478,17523.0,260397.35,776.01,0.298,950.18,46.6,121333.99,121326.76,7.23,1141.44,46.8
1300029,Alvarães,AM,-3.22727,-64.8007,16806.0,592286.81,206.1,0.035,1288.91,95.81,567456.56,564876.61,2579.95,18084.68,98.83
1300060,Amaturá,AM,-3.37455,-68.2005,11533.0,475418.23,380.28,0.08,1251.7,93.38,443922.67,442149.63,1773.04,29847.42,99.63
1300086,Anamã,AM,-3.56697,-61.3963,9981.0,244613.64,89.14,0.036,990.98,91.27,223250.29,219515.03,3735.26,18229.92,98.62
1300102,Anori,AM,-3.74603,-61.6575,18056.0,603581.53,245.42,0.041,1023.7,87.67,529180.83,512530.93,16649.9,72678.13,99.68
1300144,Apuí,AM,-7.19409,-59.896,21781.0,5424055.75,749.88,0.014,1010.69,91.31,4952940.45,4947427.18,5513.27,30524.62,91.83
1300201,Atalaia do Norte,AM,-4.37055,-70.1967,15889.0,7647105.67,270.09,0.004,1056.57,99.43,7603262.15,7603032.91,229.24,41677.28,99.97
1300300,Autazes,AM,-3.58574,-59.1256,45960.0,765280.17,956.63,0.125,747.49,72.44,554334.65,522527.48,31807.17,118649.01,85.73
1300409,Barcelos,AM,-0.983373,-62.9311,18210.0,12238597.13,633.81,0.005,969.04,95.34,11667759.6,11068746.48,599013.12,565073.9,99.95
1300508,Barreirinha,AM,-2.79886,-57.0679,33722.0,575180.23,668.34,0.116,503.53,81.0,465892.1,434942.47,30949.63,86571.17,95.35
1300607,Benjamin Constant,AM,-4.37768,-70.0342,40908.0,868238.24,926.21,0.107,1072.35,97.68,848103.48,846948.79,1154.7,17609.36,99.7
1300631,Beruri,AM,-3.89874,-61.3616,22495.0,1747282.26,277.4,0.016,995.9,93.93,1641211.33,1620536.75,20674.58,97015.02,99.45
1300680,Boa Vista do Ramos,AM,-2.97409,-57.5873,26479.0,258947.68,290.07,0.112,564.36,82.74,214258.36,188482.3,25776.05,35088.01,95.71
1300706,Boca do Acre,AM,-8.74232,-67.3919,38792.0,2193869.6,611.25,0.028,1038.01,84.54,1854591.26,1849639.91,4951.35,16374.11,85.17
1300805,Borba,AM,-4.39154,-59.5874,34869.0,4423552.43,573.25,0.013,825.65,95.58,4227875.67,4184338.66,43537.01,160574.39,99.18
1300839,Caapiranga,AM,-3.31537,-61.2206,14806.0,945550.69,209.2,0.022,966.12,95.47,902734.75,894164.4,8570.34,32197.7,98.84
1300904,Canutama,AM,-6.52582,-64.3953,18109.0,3364357.61,295.8,0.009,1408.11,94.55,3181105.88,3110594.99,70510.89,34579.99,95.54
1301001,Carauari,AM,-4.88161,-66.9086,31130.0,2577860.19,528.71,0.021,1362.75,98.13,2529746.47,2523756.99,5989.48,39479.74,99.66
1301100,Careiro,AM,-3.76803,-60.369,32336.0,609622.62,371.2,0.061,885.7,87.16,531343.96,512803.37,18540.6,30821.7,91.8
1301159,Careiro da Várzea,AM,-3.314,-59.5557,20324.0,262742.33,111.39,0.042,785.49,58.85,154629.25,112806.48,41822.77,67826.21,79.33
1301209,Coari,AM,-4.09412,-63.1441,73576.0,5797082.93,1372.32,0.024,1193.23,95.49,5535423.46,5495646.94,39776.52,251890.35,99.82
1301308,Codajás,AM,-3.83053,-62.0658,24572.0,1870128.79,250.48,0.013,1069.99,92.29,1725992.98,1692438.67,33554.31,139836.85,99.75
1301407,Eirunepé,AM,-6.65677,-69.8662,35793.0,1496624.52,648.58,0.043,984.71,97.06,1452619.3,1448280.66,4338.64,23634.89,98.62
1301506,Envira,AM,-7.43789,-70.0281,17985.0,750572.64,388.62,0.052,915.57,94.83,711767.39,711016.38,751.01,8039.75,95.86
1301605,Fonte Boa,AM,-2.52342,-66.0942,28227.0,1215602.96,460.77,0.038,1310.14,93.73,1139412.99,1125071.66,14341.33,73472.02,99.76
1301654,Guajará,AM,-7.53797,-72.5907,14344.0,758332.06,462.92,0.061,669.03,92.23,699404.76,698478.7,926.06,5597.45,92.92
1301704,Humaitá,AM,-7.51171,-63.0327,63454.0,3311099.98,1628.12,0.049,1319.89,93.65,3100730.67,2972826.99,127903.68,80815.1,95.99
1301803,Ipixuna,AM,-7.04791,-71.6934,25629.0,1210962.31,488.78,0.04,781.38,96.85,1172759.13,1171329.16,1429.97,14175.62,97.99
1301852,Iranduba,AM,-3.27479,-60.19,68862.0,221680.61,2369.54,1.069,853.12,76.59,169774.45,162244.08,7530.36,32854.14,89.91
1301902,Itacoatiara,AM,-3.13861,-58.4449,113917.0,889191.5,2033.43,0.229,661.1,73.78,656059.68,605436.01,50623.67,171708.3,91.44
1301951,Itamarati,AM,-6.43852,-68.2437,11956.0,2526051.75,177.7,0.007,1141.51,98.69,2493010.79,2489528.49,3482.31,28996.14,99.84
1302009,Itapiranga,AM,-2.74081,-58.0293,10955.0,433503.96,257.18,0.059,605.85,93.41,404946.55,398379.61,6566.95,22868.96,98.61
1302108,Japurá,AM,-1.88237,-66.9291,9420.0,5576428.0,202.57,0.004,1295.21,97.23,5421906.12,5413395.49,8510.63,140953.44,99.75
1302207,Juruá,AM,-3.48438,-66.0718,11093.0,1943879.63,195.97,0.01,1392.35,96.38,1873518.89,1859854.95,13663.94,67661.52,99.86
1302306,Jutaí,AM,-2.75814,-66.7595,28202.0,6945921.06,387.54,0.006,1359.59,98.15,6817759.47,6805050.85,12708.62,116120.3,99.82
1302405,Lábrea,AM,-7.26413,-64.7948,49469.0,6826255.91,589.31,0.009,1327.32,89.18,6087339.68,5969365.91,117973.77,57751.0,89.94
1302504,Manacapuru,AM,-3.29066,-60.6216,111751.0,733655.51,1684.68,0.23,900.37,74.66,547779.85,515820.22,31959.63,146655.59,93.32
1302553,Manaquiri,AM,-3.44078,-60.4612,16211.0,397324.0,211.32,0.053,886.59,88.09,350015.55,337303.97,12711.58,29555.29,95.17
1302603,Manaus,AM,-3.11866,-60.0212,2303732.0,1140105.39,28266.06,2.479,831.15,82.46,940140.87,935142.81,4998.06,147960.51,94.76
1302702,Manicoré,AM,-5.80462,-61.2895,58018.0,4831528.93,1069.25,0.022,1061.58,93.99,4541237.51,4270552.84,270684.67,77496.98,95.52
1302801,Maraã,AM,-1.85313,-65.573,15815.0,1683090.45,159.49,0.009,1216.06,90.49,1523097.36,1462387.29,60710.07,157713.05,99.85
1302900,Maués,AM,-3.39289,-57.7067,66336.0,3999071.88,670.92,0.017,591.12,95.29,3810635.59,3782048.52,28587.08,113591.79,98.07
1303007,Nhamundá,AM,-2.20793,-56.7112,21251.0,1410790.7,154.01,0.011,450.9,91.8,1295099.29,1263958.44,31140.85,95602.04,98.47
1303106,Nova Olinda do Norte,AM,-3.90037,-59.094,28123.0,557820.37,407.72,0.073,755.14,89.35,498416.83,487808.9,10607.94,41698.43,96.57
1303205,Novo Airão,AM,-2.63637,-60.9434,16562.0,3777661.07,376.6,0.01,923.66,96.74,3654366.98,3642781.8,11585.18,118139.04,99.86
1303304,Novo Aripuanã,AM,-5.12593,-60.3732,25325.0,4117905.89,501.88,0.012,937.78,92.62,3813945.84,3721111.39,92834.44,73394.02,94.3
1303403,Parintins,AM,-2.63741,-56.729,101855.0,595615.0,1799.42,0.302,462.5,56.86,338677.11,284199.24,54477.88,214793.51,88.93
1303502,Pauini,AM,-7.71311,-66.992,20229.0,4162439.97,211.78,0.005,1158.48,98.68,4107608.09,4102087.6,5520.49,26807.33,99.32
1303536,Presidente Figueiredo,AM,-2.02981,-60.0234,33291.0,2545905.25,959.77,0.038,815.53,87.88,2237223.81,2221625.14,15598.67,264891.72,98.08
1303569,Rio Preto da Eva,AM,-2.7045,-59.6858,25364.0,581562.02,482.05,0.083,786.24,96.32,560150.63,559601.39,549.24,1401.53,96.55
1303601,Santa Isabel do Rio Negro,AM,-0.410824,-65.0092,13947.0,6273968.26,218.3,0.003,1054.4,98.83,6200734.17,6154149.41,46584.76,71507.57,99.97
1303700,Santo Antônio do Içá,AM,-3.09544,-67.9463,30679.0,1238210.13,842.27,0.068,1260.19,95.33,1180408.17,1178746.56,1661.61,54689.71,99.74
1303809,São Gabriel da Cachoeira,AM,-0.11909,-67.084,57396.0,10866832.39,864.28,0.008,1135.62,98.65,10720375.37,10686584.58,33790.79,141117.3,99.95
1303908,São Paulo de Olivença,AM,-3.47292,-68.9646,35442.0,1965846.22,1292.22,0.066,1200.27,96.66,1900208.46,1895659.36,4549.1,60918.62,99.75
1303957,São Sebastião do Uatumã,AM,-2.55915,-57.8731,12338.0,1064752.23,337.32,0.032,584.85,94.21,1003085.01,995978.26,7106.75,48530.79,98.71
1304005,Silves,AM,-2.81748,-58.248,12619.0,372341.68,189.3,0.051,631.41,82.65,307724.22,295198.31,12525.91,56193.92,97.34
1304062,Tabatinga,AM,-4.2416,-69.9383,73348.0,325927.67,1699.93,0.522,1088.6,95.22,310333.82,309015.04,1318.77,11007.58,98.54
1304104,Tapauá,AM,-5.62085,-63.1808,20728.0,8494536.14,202.34,0.002,1246.33,98.12,8334595.51,8271009.94,63585.57,128974.67,99.63
1304203,Tefé,AM,-3.36822,-64.7193,80137.0,2369266.92,1165.37,0.049,1297.35,96.56,2287742.18,2279922.88,7819.3,66188.59,99.33
1304237,Tonantins,AM,-2.86582,-67.7919,20257.0,644747.86,347.78,0.054,1262.81,94.15,607020.54,601628.75,5391.79,35948.27,99.71
1304260,Uarini,AM,-2.99609,-65.1133,15640.0,1027555.12,219.99,0.021,1286.6,94.16,967540.42,961121.76,6418.66,52527.91,99.23
1304302,Urucará,AM,-2.52936,-57.7538,19617.0,2792515.99,398.07,0.014,571.2,97.24,2715457.87,2699885.19,15572.68,61257.21,99.42
1304401,Urucurituba,AM,-3.12841,-58.1496,25965.0,286392.15,367.0,0.128,629.15,65.26,186892.83,125533.62,61359.21,91828.96,96.06
1400027,Amajari,RR,3.64571,-61.3692,16112.0,2830418.45,331.19,0.012,450.11,97.12,2748891.69,2311509.6,437382.09,20275.25,97.82
1400050,Alto Alegre,RR,2.98858,-61.3072,23589.0,2541172.04,441.67,0.017,501.67,94.51,2401610.93,2228641.57,172969.36,17457.47,95.16
1400100,Boa Vista,RR,2.82384,-60.6753,485477.0,568796.19,12208.08,2.146,479.06,77.5,440811.85,61358.92,379452.93,21030.01,80.47
1400159,Bonfim,RR,3.36161,-59.8333,15570.0,807618.71,679.89,0.084,385.69,84.17,679756.15,260346.8,419409.35,9517.95,85.17
1400175,Cantá,RR,2.60994,-60.6058,21102.0,766476.68,833.6,0.109,496.44,81.84,627305.77,583084.95,44220.82,9420.12,82.86
1400209,Caracaraí,RR,1.82766,-61.1304,22750.0,4736889.02,776.16,0.016,600.06,93.6,4433535.95,3797921.37,635614.58,182414.77,97.34
1400233,Caroebe,RR,0.884203,-59.6959,12004.0,1205873.41,430.76,0.036,602.43,91.97,1109012.01,1108073.14,938.87,7380.8,92.53
1400282,Iracema,RR,2.18305,-61.0415,10937.0,1400801.17,296.4,0.021,560.77,92.19,1291360.62,1289417.64,1942.98,2543.46,92.35
1400308,Mucajaí,RR,2.43998,-60.9096,20006.0,1233786.64,637.17,0.052,528.81,84.09,1037450.0,1030169.93,7280.06,7798.42,84.62
1400407,Normandia,RR,3.8853,-59.6204,16323.0,695902.91,530.81,0.076,323.16,93.61,651405.12,102700.3,548704.82,8110.4,94.71
1400456,Pacaraima,RR,4.4799,-61.1477,23112.0,801583.13,686.22,0.086,368.42,92.8,743829.08,191012.78,552816.3,4454.71,93.31
1400472,Rorainópolis,RR,0.939956,-60.4389,37787.0,3357976.63,1682.11,0.05,640.24,92.86,3118318.48,2875930.63,242387.84,92148.05,95.48
1400506,São João da Baliza,RR,0.951659,-59.9133,9969.0,428406.0,406.88,0.095,607.69,89.92,385208.34,385124.22,84.11,794.59,90.08
1400605,São Luiz,RR,1.01019,-60.0419,7848.0,152687.8,275.84,0.181,609.52,67.2,102604.48,102430.36,174.12,345.12,67.35
1400704,Uiramutã,RR,4.60314,-60.1815,16186.0,808247.81,482.96,0.06,283.86,94.6,764578.31,253751.96,510826.35,3727.05,95.04
1500107,Abaetetuba,PA,-1.72183,-48.8788,172344.0,161066.05,1388.45,0.862,4.83,62.91,101332.43,97314.88,4017.55,42203.81,85.25
1500131,Abel Figueiredo,PA,-4.95333,-48.3933,6275.0,61415.02,201.3,0.328,285.8,22.16,13609.93,12967.07,642.86,20.58,22.17
1500206,Acará,PA,-1.95383,-48.1985,63110.0,434435.87,411.24,0.095,45.86,67.29,292328.65,289657.02,2671.62,6116.95,68.25
1500305,Afuá,PA,-0.154874,-50.3861,40473.0,833848.37,130.52,0.016,0.82,66.17,551779.3,540479.68,11299.62,281170.99,99.84
1500347,Água Azul do Norte,PA,-6.79053,-50.4791,17596.0,711394.66,393.33,0.055,464.29,39.57,281478.33,274764.84,6713.49,559.89,39.6
1500404,Alenquer,PA,-1.94623,-54.7384,75882.0,2364289.82,1132.05,0.048,229.66,88.31,2087957.63,2039420.77,48536.86,73308.6,91.14
1500503,Almeirim,PA,-1.52904,-52.5788,36442.0,7296768.05,930.79,0.013,0.63,96.37,7031738.39,6920292.74,111445.64,132159.17,98.15
1500602,Altamira,PA,-3.20407,-52.21,138749.0,15953322.15,5039.99,0.032,166.7,91.54,14604115.73,14581248.78,22866.96,180617.9,92.59
1500701,Anajás,PA,-0.996811,-49.9354,30247.0,691359.15,131.4,0.019,80.06,97.84,676430.96,668540.11,7890.85,14056.4,99.87
1500800,Ananindeua,PA,-1.36391,-48.3743,509227.0,19063.0,6243.42,32.751,5.91,54.65,10418.74,10404.8,13.94,1837.53,60.48
1500859,Anapu,PA,-3.46985,-51.2003,35638.0,1189522.28,1096.88,0.092,180.02,73.0,868319.06,862973.91,5345.15,12055.46,73.74
1500909,Augusto Corrêa,PA,-1.05109,-46.6147,47912.0,107501.68,554.26,0.516,10.03,68.81,73968.18,73570.14,398.04,4260.22,71.65
1500958,Aurora do Pará,PA,-2.14898,-47.5677,24193.0,181188.62,387.99,0.214,113.35,34.02,61634.11,61509.22,124.88,1863.18,34.37
1501006,Aveiro,PA,-3.60841,-55.3199,19380.0,1707466.34,237.5,0.014,367.0,90.04,1537357.16,1535691.67,1665.5,71565.88,93.98
1501105,Bagre,PA,-1.90057,-50.1987,35147.0,439730.66,120.09,0.027,0.1,91.93,404225.13,401238.36,2986.77,26435.19,97.81
1501204,Baião,PA,-2.79021,-49.6694,56850.0,376007.07,592.33,0.158,12.93,68.7,258298.39,249424.93,8873.47,27820.07,74.18
1501253,Bannach,PA,-7.34779,-50.3959,4290.0,295663.73,140.56,0.048,523.31,31.28,92487.09,88766.15,3720.94,417.68,31.33
1501303,Barcarena,PA,-1.51187,-48.6195,139076.0,131031.62,2369.03,1.808,4.22,48.4,63422.17,63233.24,188.92,51963.07,80.21
1501402,Belém,PA,-1.4554,-48.4898,1397315.0,105942.88,14340.74,13.536,0.91,29.97,31750.47,31666.45,84.01,56513.04,64.23
1501451,Belterra,PA,-2.63609,-54.9374,19075.0,439849.59,451.77,0.103,274.28,71.88,316173.2,315758.53,414.67,58544.81,82.92
1501501,Benevides,PA,-1.36183,-48.2434,68962.0,18782.24,1697.3,9.037,12.1,57.82,10860.22,10855.93,4.29,731.68,60.17
1501576,Bom Jesus do Tocantins,PA,-5.0424,-48.6047,19129.0,281656.49,373.06,0.132,285.21,40.45,113942.23,112458.74,1483.49,4985.45,41.18
1501600,Bonito,PA,-1.36745,-47.3066,12961.0,58695.47,202.88,0.346,70.11,29.33,17214.91,17202.04,12.87,18.95,29.34
1501709,Bragança,PA,-1.06126,-46.7826,132489.0,211339.11,1691.04,0.8,22.63,57.41,121331.48,119363.21,1968.27,5248.3,58.87
1501725,Brasil Novo,PA,-3.29792,-52.534,27130.0,636262.42,600.4,0.094,180.0,62.63,398473.07,398428.91,44.16,752.0,62.7
1501758,Brejo Grande do Araguaia,PA,-5.69822,-48.4103,6966.0,128845.02,176.16,0.137,360.63,21.54,27749.32,26116.49,1632.82,3059.24,22.06
1501782,Breu Branco,PA,-3.77191,-49.5735,47066.0,394176.81,928.96,0.236,121.6,33.59,132416.63,131306.66,1109.97,26830.86,36.05
1501808,Breves,PA,-1.68036,-50.4791,116058.0,956653.55,748.66,0.078,11.32,88.58,847445.47,847360.39,85.08,106639.85,99.7
1501907,Bujaru,PA,-1.51762,-48.0381,25065.0,99468.23,213.41,0.215,36.38,67.22,66867.43,66704.7,162.73,5938.02,71.49
1501956,Cachoeira do Piriá,PA,-1.75974,-46.5459,19223.0,241962.13,153.86,0.064,77.56,50.84,123007.06,123001.08,5.99,1008.21,51.05
1502004,Cachoeira do Arari,PA,-1.01226,-48.9503,25467.0,310029.92,232.94,0.075,25.39,80.42,249320.34,43239.46,206080.88,54476.55,97.56
1502103,Cametá,PA,-2.24295,-49.4979,144859.0,308220.14,1156.36,0.375,0.41,77.52,238919.42,183762.34,55157.09,47816.41,91.75
1502152,Canaã dos Carajás,PA,-6.49659,-49.8776,89524.0,314681.2,3646.97,1.159,423.37,52.68,165763.27,157833.12,7930.15,920.4,52.83
1502202,Capanema,PA,-1.20529,-47.1778,75309.0,62149.48,1550.9,2.495,48.26,39.81,24742.78,23837.42,905.36,195.84,39.94
1502301,Capitão Poço,PA,-1.74785,-47.0629,60318.0,290105.65,954.22,0.329,101.25,31.26,90690.23,90248.71,441.53,667.33,31.33
1502400,Castanhal,PA,-1.29797,-47.9167,209126.0,102932.39,4591.84,4.461,43.0,36.72,37792.46,37768.51,23.95,92.41,36.75
1502509,Chaves,PA,-0.164154,-49.987,21501.0,1241909.16,134.01,0.011,0.72,76.91,955099.79,416730.78,538369.0,286139.62,99.93
1502608,Colares,PA,-0.936423,-48.2803,13625.0,38403.65,295.15,0.769,1.45,54.17,20801.5,20423.04,378.46,14481.43,86.95
1502707,Conceição do Araguaia,PA,-8.26136,-49.2689,47144.0,582942.5,1315.92,0.226,619.21,31.56,183953.4,154961.53,28991.87,14573.48,32.37
1502756,Concórdia do Pará,PA,-1.99238,-47.9422,28270.0,70062.18,473.53,0.676,69.13,54.24,38002.75,37948.42,54.33,22.96,54.26
1502764,Cumaru do Norte,PA,-7.81097,-50.7698,15150.0,1708503.4,231.95,0.014,581.34,56.82,970702.22,948898.74,21803.48,4500.77,56.97
1502772,Curionópolis,PA,-6.09965,-49.6068,20975.0,236910.16,725.04,0.306,378.75,21.75,51536.51,45288.47,6248.04,335.41,21.78
1502806,Curralinho,PA,-1.81179,-49.7952,36814.0,361734.46,190.23,0.053,0.34,89.38,323311.43,311924.59,11386.84,36915.6,99.54
1502855,Curuá,PA,-1.88775,-55.1168,14954.0,143128.37,366.7,0.256,270.29,47.94,68612.78,50228.86,18383.92,48873.93,72.8
1502905,Curuçá,PA,-0.733214,-47.8515,44880.0,66676.3,921.97,1.383,5.04,75.07,50052.56,49515.05,537.52,4014.93,79.88
1502939,Dom Eliseu,PA,-4.19944,-47.8245,62823.0,526858.61,1401.02,0.266,256.97,47.89,252301.49,251931.57,369.92,783.49,47.96
1502954,Eldorado do Carajás,PA,-6.10389,-49.3553,29287.0,295668.5,621.71,0.21,380.58,8.61,25443.49,24992.68,450.81,649.25,8.62
1503002,Faro,PA,-2.16805,-56.7405,9167.0,1177167.03,238.35,0.02,453.47,97.8,1151300.6,1143877.4,7423.2,14603.73,99.03
1503044,Floresta do Araguaia,PA,-7.55335,-49.7125,18595.0,344424.04,766.92,0.223,539.53,27.68,95326.47,69542.44,25784.03,6519.54,28.21
1503077,Garrafão do Norte,PA,-1.92986,-47.0505,25558.0,160798.24,495.06,0.308,118.39,36.52,58717.14,58715.72,1.43,138.75,36.55
1503093,Goianésia do Pará,PA,-3.84338,-49.0974,26703.0,702386.13,725.47,0.103,141.82,44.09,309652.84,309045.62,607.22,47592.42,47.29
1503101,Gurupá,PA,-1.41412,-51.6338,34137.0,856966.61,181.96,0.021,2.12,82.75,709124.56,692263.34,16861.22,140943.36,99.04
1503200,Igarapé-Açu,PA,-1.12539,-47.626,37925.0,78599.47,674.1,0.858,43.3,37.25,29275.71,29028.84,246.87,205.4,37.34
1503309,Igarapé-Miri,PA,-1.97533,-48.9575,69446.0,199681.22,453.16,0.227,24.74,80.53,160811.88,142294.4,18517.47,32472.73,96.17
1503408,Inhangapi,PA,-1.4349,-47.9114,10784.0,47260.67,149.25,0.316,49.26,54.9,25947.59,25815.95,131.64,2350.53,57.78
1503457,Ipixuna do Pará,PA,-2.55992,-47.5059,29264.0,521553.72,606.01,0.116,147.15,56.4,294180.61,292558.81,1621.8,6660.51,57.13
1503507,Irituia,PA,-1.76984,-47.446,32740.0,138520.53,289.42,0.209,106.62,34.27,47470.62,47016.57,454.05,348.24,34.36
1503606,Itaituba,PA,-4.2667,-55.9926,135369.0,6204249.59,4927.12,0.079,470.74,89.75,5568448.73,5563905.26,4543.47,88659.66,91.05
1503705,Itupiranga,PA,-5.13272,-49.3358,52201.0,788038.73,1068.01,0.136,273.99,42.29,333261.55,331628.69,1632.86,12611.18,42.98
1503754,Jacareacanga,PA,-6.21469,-57.7544,26579.0,5330457.98,630.83,0.012,759.31,95.04,5066148.56,5036853.48,29295.08,80224.32,96.49
1503804,Jacundá,PA,-4.44617,-49.1153,37726.0,200797.61,1010.44,0.503,204.24,23.14,46469.75,44255.75,2214.0,25619.46,26.53
1503903,Juruti,PA,-2.16347,-56.0889,54255.0,830491.45,1013.74,0.122,381.79,80.45,668103.71,634778.62,33325.09,110562.49,92.8
1504000,Limoeiro do Ajuru,PA,-1.8985,-49.3903,32088.0,148937.12,60.04,0.04,0.5,65.37,97362.51,92968.24,4394.27,51324.79,99.74
1504059,Mãe do Rio,PA,-2.05683,-47.5601,37473.0,46935.3,701.87,1.495,108.77,21.55,10113.26,9997.11,116.14,58.7,21.57
1504109,Magalhães Barata,PA,-0.803391,-47.6014,8439.0,32397.44,226.33,0.699,10.49,77.41,25079.1,24987.12,91.98,2270.86,83.25
1504208,Marabá,PA,-5.38075,-49.1327,290975.0,1512782.0,7232.49,0.478,304.58,45.62,690160.83,687922.68,2238.15,14568.94,46.07
1504307,Maracanã,PA,-0.778899,-47.452,27129.0,80149.39,654.87,0.817,10.05,71.12,57003.19,54903.58,2099.6,6085.66,76.97
1504406,Marapanim,PA,-0.714702,-47.7034,28159.0,79770.36,990.54,1.242,0.61,73.19,58387.63,55070.97,3316.66,3749.15,76.8
1504422,Marituba,PA,-1.36002,-48.3421,119437.0,10320.9,2049.67,19.859,5.31,61.66,6363.77,6359.04,4.74,706.47,66.19
1504455,Medicilândia,PA,-3.44637,-52.8875,28677.0,827260.71,475.02,0.057,205.97,71.64,592631.09,592629.93,1.16,711.49,71.7
1504505,Melgaço,PA,-1.8032,-50.7149,30080.0,677272.72,135.73,0.02,0.48,91.38,618870.03,614911.05,3958.98,55022.8,99.46
1504604,Mocajuba,PA,-2.5831,-49.5042,28903.0,87109.0,369.29,0.424,1.35,78.54,68413.72,56159.9,12253.82,7638.57,86.09
1504703,Moju,PA,-1.88993,-48.7668,91760.0,909411.77,960.46,0.106,26.46,64.7,588395.14,573069.54,15325.6,7208.95,65.22
1504752,Mojuí dos Campos,PA,-2.6822,-54.6425,25818.0,498806.05,563.85,0.113,247.44,63.11,314801.96,314520.73,281.22,8491.79,64.2
1504802,Monte Alegre,PA,-1.99768,-54.0724,64002.0,1815140.97,1915.4,0.106,158.85,79.03,1434476.48,1366789.97,67686.51,133163.27,85.29
1504901,Muaná,PA,-1.53936,-49.2224,49648.0,376332.79,194.01,0.052,2.15,84.98,319790.1,204637.48,115152.62,51711.81,98.51
1504950,Nova Esperança do Piriá,PA,-2.26693,-46.9731,21304.0,280823.77,352.58,0.126,148.43,61.12,171632.66,171632.66,0.0,146.38,61.15
1504976,Nova Ipixuna,PA,-4.91622,-49.0822,14400.0,156422.95,243.54,0.156,255.45,23.94,37451.38,32154.92,5296.46,10276.6,25.63
1505007,Nova Timboteua,PA,-1.20874,-47.3921,13175.0,48980.23,318.73,0.651,57.8,43.26,21188.14,20388.18,799.97,263.59,43.49
1505031,Novo Progresso,PA,-7.14347,-55.3786,37054.0,3816183.2,2181.83,0.057,682.25,80.63,3076967.69,3069796.76,7170.93,10755.44,80.86
1505064,Novo Repartimento,PA,-4.24749,-49.9499,63796.0,1539871.82,1777.89,0.115,177.04,37.45,576614.29,572787.25,3827.04,116806.52,40.52
1505106,Óbidos,PA,-1.90107,-55.5208,55527.0,2801124.75,1188.62,0.042,315.09,90.02,2521600.12,2255047.65,266552.46,142089.27,94.83
1505205,Oeiras do Pará,PA,-2.00358,-49.8628,36734.0,385231.29,365.11,0.095,11.23,85.15,328018.92,297733.65,30285.27,30405.31,92.45
1505304,Oriximiná,PA,-1.75989,-55.8579,72889.0,10752925.24,1587.38,0.015,351.13,97.58,10492919.96,10224512.78,268407.18,173842.29,99.19
1505403,Ourém,PA,-1.54168,-47.1126,18783.0,56168.12,372.93,0.664,83.53,32.97,18518.62,18492.26,26.36,166.04,33.07
1505437,Ourilândia do Norte,PA,-6.7529,-51.0858,35252.0,1441065.96,1618.51,0.112,478.15,83.76,1206968.22,1129345.74,77622.49,3928.37,83.98
1505486,Pacajá,PA,-3.83542,-50.6399,43741.0,1183224.53,886.45,0.075,168.51,44.5,526542.03,526507.86,34.17,2088.14,44.58
1505494,Palestina do Pará,PA,-5.74027,-48.3181,7063.0,98436.59,212.7,0.216,368.66,21.26,20929.64,19806.77,1122.87,4303.11,22.23
1505502,Paragominas,PA,-3.00212,-47.3527,113498.0,1934252.85,2704.31,0.14,195.09,66.01,1276788.65,1275324.99,1463.66,8368.5,66.3
1505536,Parauapebas,PA,-6.06781,-49.9037,305771.0,688575.95,7596.14,1.103,376.26,83.72,576463.36,572098.01,4365.35,2609.37,84.04
1505551,Pau d'Arco,PA,-1.59772,-46.9268,7354.0,167143.54,180.54,0.108,79.37,38.97,65129.1,60835.75,4293.35,72.21,38.98
1505601,Peixe-Boi,PA,-1.19382,-47.324,8686.0,45024.61,152.84,0.339,54.14,44.91,20221.12,19813.72,407.4,152.04,45.06
1505635,Piçarra,PA,-6.43778,-48.8716,13366.0,331270.93,256.31,0.077,424.83,13.43,44474.27,43867.95,606.32,7783.97,13.75
1505650,Placas,PA,-3.86813,-54.2124,18510.0,717316.6,447.24,0.062,302.94,65.62,470707.7,470555.17,152.53,542.17,65.67
1505700,Ponta de Pedras,PA,-1.39587,-48.8661,25736.0,336375.4,234.96,0.07,4.2,84.23,283326.73,90399.95,192926.78,51207.13,99.35
1505809,Portel,PA,-1.93639,-50.8194,67580.0,2538626.17,472.78,0.019,18.52,86.01,2183353.33,2163047.41,20305.92,90623.2,89.19
1505908,Porto de Moz,PA,-1.74691,-52.2361,44121.0,1742207.9,427.48,0.025,5.55,82.55,1438201.78,1265437.87,172763.92,199883.99,93.25
1506005,Prainha,PA,-1.798,-53.4779,38733.0,1478817.35,944.94,0.064,89.16,72.75,1075794.16,1014819.71,60974.45,230155.86,86.16
1506104,Primavera,PA,-0.945439,-47.1253,11379.0,25934.03,251.53,0.97,19.28,64.87,16823.08,16342.37,480.71,474.91,66.08
1506112,Quatipuru,PA,-0.899604,-47.0134,11838.0,29877.45,234.37,0.784,12.55,76.62,22892.27,21550.57,1341.7,3196.35,85.8
1506138,Redenção,PA,-8.02529,-50.0317,92694.0,382380.91,3096.15,0.81,593.19,29.98,114635.83,104995.64,9640.19,872.34,30.05
1506161,Rio Maria,PA,-7.31236,-50.0379,19190.0,411478.79,603.88,0.147,514.64,20.39,83886.66,80031.44,3855.22,1480.2,20.46
1506187,Rondon do Pará,PA,-4.77793,-48.067,57031.0,824707.6,963.32,0.117,287.63,44.39,366113.29,363793.09,2320.2,691.8,44.43
1506195,Rurópolis,PA,-4.10028,-54.9092,37198.0,702132.56,1040.55,0.148,370.71,69.83,490332.58,490276.84,55.73,4357.55,70.27
1506203,Salinópolis,PA,-0.630815,-47.3465,48663.0,22202.82,2136.47,9.623,0.81,68.53,15215.18,14798.44,416.75,2078.34,75.61
1506302,Salvaterra,PA,-0.758444,-48.5139,25687.0,91854.16,848.75,0.924,1.02,75.8,69623.64,22108.69,47514.95,18918.85,95.46
1506351,Santa Bárbara do Pará,PA,-1.19219,-48.238,22530.0,27816.49,419.18,1.507,5.59,71.18,19798.71,19784.05,14.66,1651.02,75.67
1506401,Santa Cruz do Arari,PA,-0.661019,-49.1771,7626.0,107663.87,119.25,0.111,55.09,92.68,99778.78,4549.48,95229.3,7754.4,99.87
1506500,Santa Izabel do Pará,PA,-1.29686,-48.1606,79195.0,71761.91,1480.23,2.063,18.56,52.7,37819.88,37642.39,177.49,2015.33,54.22
1506559,Santa Luzia do Pará,PA,-1.52147,-46.9008,21295.0,134649.79,352.38,0.262,70.57,45.33,61042.96,61042.96,0.0,251.55,45.42
1506583,Santa Maria das Barreiras,PA,-8.85784,-49.7215,17065.0,1033023.43,530.95,0.051,683.8,33.34,344459.1,302399.43,42059.67,9194.02,33.64
1506609,Santa Maria do Pará,PA,-1.35392,-47.5712,25815.0,45772.98,645.19,1.41,69.25,26.04,11919.78,11910.3,9.47,33.07,26.06
1506708,Santana do Araguaia,PA,-9.3281,-50.35,30455.0,1159133.37,1387.47,0.12,739.83,38.91,451040.51,408228.88,42811.64,11497.19,39.3
1506807,Santarém,PA,-2.43849,-54.6996,360871.0,1789991.35,9147.56,0.511,241.21,71.86,1286369.88,1219770.64,66599.25,375895.55,90.97
1506906,Santarém Novo,PA,-0.93097,-47.3855,6355.0,22949.7,154.73,0.674,28.41,61.62,14141.13,14114.85,26.28,627.5,63.35
1507003,Santo Antônio do Tauá,PA,-1.1522,-48.1314,29234.0,53760.99,653.1,1.215,15.42,43.05,23141.44,23134.03,7.42,9202.66,51.94
1507102,São Caetano de Odivelas,PA,-0.747293,-48.0246,17258.0,46401.53,291.77,0.629,2.16,70.08,32520.02,31709.16,810.86,2788.08,74.56
1507151,São Domingos do Araguaia,PA,-5.53732,-48.7366,21555.0,139246.36,533.94,0.383,331.88,14.79,20593.01,20574.23,18.78,68.78,14.8
1507201,São Domingos do Capim,PA,-1.68768,-47.7665,32554.0,168674.54,215.62,0.128,69.86,40.02,67505.02,67094.05,410.97,4089.84,41.02
1507300,São Félix do Xingu,PA,-6.64254,-51.9904,64651.0,8421265.4,2600.0,0.031,509.52,73.84,6218187.95,6145234.2,72953.74,99849.35,74.73
1507409,São Francisco do Pará,PA,-1.16963,-47.7917,15429.0,47942.97,306.66,0.64,47.18,34.02,16310.2,16292.95,17.25,28.06,34.04
1507458,São Geraldo do Araguaia,PA,-6.39471,-48.5592,24929.0,316838.69,588.47,0.186,428.36,18.99,60164.7,52444.84,7719.86,4043.44,19.23
1507466,São João da Ponta,PA,-0.857885,-47.918,4470.0,19589.08,101.99,0.521,11.35,63.94,12525.52,12445.96,79.56,751.49,66.49
1507474,São João de Pirabas,PA,-0.780222,-47.181,21477.0,64794.52,520.24,0.803,8.33,76.19,49368.32,47683.05,1685.27,3311.63,80.3
1507508,São João do Araguaia,PA,-5.36334,-48.7926,14293.0,127989.22,263.91,0.206,311.66,21.3,27265.69,24502.74,2762.95,10945.93,23.3
1507607,São Miguel do Guamá,PA,-1.61307,-47.4784,55970.0,109456.39,918.74,0.839,99.45,37.59,41147.37,40863.73,283.64,2325.5,38.41
1507706,São Sebastião da Boa Vista,PA,-1.71597,-49.5249,27651.0,163225.08,112.06,0.069,0.5,92.03,150215.13,148560.62,1654.51,12578.14,99.71
1507755,Sapucaia,PA,-6.94018,-49.6834,6212.0,129808.16,160.3,0.123,471.69,13.82,17933.54,17100.51,833.03,142.66,13.83
1507805,Senador José Porfírio,PA,-4.31242,-51.5764,24989.0,1441981.46,417.87,0.029,279.57,84.19,1214017.26,1211186.47,2830.78,42567.43,86.75
1507904,Soure,PA,-0.73032,-48.5015,25315.0,281992.25,836.07,0.296,0.7,94.67,266957.12,21260.49,245696.63,13616.13,99.47
1507953,Tailândia,PA,-2.94584,-48.9489,75290.0,443046.31,1802.45,0.407,73.39,48.53,215026.4,214901.14,125.26,683.89,48.61
1507961,Terra Alta,PA,-1.02963,-47.9004,10837.0,20496.51,221.05,1.078,30.1,42.61,8732.91,8730.76,2.15,11.08,42.63
1507979,Terra Santa,PA,-2.10443,-56.4877,19792.0,189585.56,609.38,0.321,424.64,68.29,129469.3,99521.34,29947.95,34670.02,83.57
1508001,Tomé-Açu,PA,-2.41302,-48.1415,73058.0,514535.73,1274.77,0.248,93.83,56.45,290432.14,290366.32,65.82,822.79,56.54
1508035,Tracuateua,PA,-1.07653,-46.9031,30494.0,85919.21,352.97,0.411,30.23,54.28,46637.36,38480.53,8156.83,3493.5,56.58
1508050,Trairão,PA,-4.57347,-55.9429,15550.0,1199101.44,728.6,0.061,488.67,85.83,1029222.24,1029131.42,90.82,11333.48,86.65
1508084,Tucumã,PA,-6.74687,-51.1626,42883.0,251254.32,1613.46,0.642,480.42,13.95,35052.79,34041.37,1011.42,1225.85,14.02
1508100,Tucuruí,PA,-3.7657,-49.6773,96119.0,208430.51,2379.81,1.142,120.67,41.37,86221.19,85039.31,1181.89,48916.72,54.05
1508126,Ulianópolis,PA,-3.75007,-47.4892,39360.0,508847.06,819.03,0.161,257.86,46.02,234160.43,234088.8,71.62,1316.36,46.14
1508159,Uruará,PA,-3.71519,-53.7396,45962.0,1079140.31,1109.03,0.103,261.9,66.38,716322.92,716223.45,99.47,641.8,66.42
1508209,Vigia,PA,-0.861194,-48.1386,54062.0,40164.36,638.49,1.59,0.42,65.13,26159.21,25432.48,726.73,1619.71,67.87
1508308,Viseu,PA,-1.19124,-46.1399,62189.0,493799.52,814.02,0.165,5.79,60.23,297392.66,295322.68,2069.98,10004.58,61.47
1508357,Vitória do Xingu,PA,-2.87922,-52.0088,16552.0,308954.9,1206.41,0.39,133.2,41.16,127151.15,124182.08,2969.07,27795.07,45.22
1508407,Xinguara,PA,-7.0983,-49.9437,57768.0,377934.68,1674.93,0.443,490.25,14.6,55177.76,53151.63,2026.13,2596.74,14.7
1600055,Serra do Navio,AP,0.901357,-52.0036,5003.0,771301.48,130.95,0.017,136.38,99.52,767581.07,767573.65,7.42,2594.32,99.85
1600105,Amapá,AP,2.05267,-50.7957,8440.0,844877.3,155.63,0.018,16.0,95.64,808038.63,410842.23,397196.4,35720.95,99.86
1600154,Pedra Branca do Amapari,AP,0.777424,-51.9503,13888.0,962226.7,322.96,0.034,121.9,99.04,952968.69,952968.69,0.0,2139.63,99.26
1600204,Calçoene,AP,2.50475,-50.9512,11461.0,1410441.59,239.9,0.017,14.53,98.21,1385236.36,1265892.41,119343.95,16212.43,99.35
1600212,Cutias,AP,0.970761,-50.8005,4723.0,217913.01,161.97,0.074,51.44,80.26,174889.08,51258.0,123631.07,42228.48,99.55
1600238,Ferreira Gomes,AP,0.857256,-51.1795,7184.0,497428.7,217.93,0.044,82.25,86.3,429295.41,335939.53,93355.87,11145.99,88.28
1600253,Itaubal,AP,0.602185,-50.6996,6097.0,162288.62,206.41,0.127,21.87,64.27,104308.82,43103.78,61205.04,49658.61,92.61
1600279,Laranjal do Jari,AP,-0.804911,-52.453,37872.0,3048280.0,778.3,0.026,64.5,99.36,3028912.22,3019497.62,9414.6,10485.82,99.71
1600303,Macapá,AP,0.034934,-51.0694,489676.0,651119.7,9581.68,1.472,3.01,74.57,485535.7,238514.65,247021.05,123837.08,92.08
1600402,Mazagão,AP,-0.11336,-51.2891,23773.0,1329485.88,399.43,0.03,1.4,96.65,1284955.35,1174541.49,110413.86,38653.48,99.54
1600501,Oiapoque,AP,3.84074,-51.8331,30786.0,2291148.83,812.32,0.035,37.49,97.8,2240646.13,1965666.51,274979.62,40176.48,99.54
1600535,Porto Grande,AP,0.71243,-51.4155,19048.0,442796.25,563.16,0.127,81.48,91.61,405649.55,369876.79,35772.76,4053.05,92.46
1600550,Pracuúba,AP,1.74543,-50.7892,4048.0,494783.57,139.67,0.028,33.52,97.89,484334.42,392479.73,91854.69,9049.86,99.71
1600600,Santana,AP,-0.045434,-51.1729,118803.0,154123.92,2033.79,1.32,0.33,92.04,141858.16,69918.55,71939.61,5970.94,95.75
1600709,Tartarugalzinho,AP,1.50652,-50.9087,13816.0,668491.32,410.11,0.061,58.77,94.09,628996.05,339814.57,289181.48,19541.34,96.93
1600808,Vitória do Jari,AP,-0.938,-52.424,11899.0,250904.41,205.23,0.082,49.71,89.38,224248.49,207035.14,17213.35,15702.46,95.34
1700251,Abreulândia,TO,-9.62101,-49.1518,2682.0,190626.69,76.71,0.04,770.13,54.08,103088.85,84495.46,18593.38,219.01,54.14
1700301,Aguiarnópolis,TO,-6.55409,-47.4702,4502.0,23680.49,207.68,0.877,481.75,42.33,10024.02,10008.12,15.9,664.86,43.55
1700350,Aliança do Tocantins,TO,-11.3056,-48.9361,5196.0,158100.24,291.72,0.185,957.73,42.76,67603.46,65971.88,1631.58,454.72,42.88
1700400,Almas,TO,-11.5706,-47.1792,6483.0,400718.28,340.79,0.085,905.17,74.05,296724.68,242338.63,54386.05,1036.72,74.24
1700707,Alvorada,TO,-12.4785,-49.1249,9128.0,120720.34,510.85,0.423,1085.78,28.8,34761.59,33804.78,956.81,791.42,28.99
1701002,Ananás,TO,-6.36437,-48.0735,10700.0,158104.43,238.77,0.151,442.8,33.11,52354.31,51154.22,1200.08,3249.95,33.81
1701051,Angico,TO,-6.39179,-47.8611,2903.0,44757.78,123.24,0.275,454.79,53.89,24120.77,23753.97,366.81,34.83,53.93
1701101,Aparecida do Rio Negro,TO,-9.94139,-47.9638,5110.0,115903.17,200.22,0.173,824.71,54.17,62788.5,62626.62,161.88,136.54,54.24
1701309,Aragominas,TO,-7.16005,-48.5291,5330.0,116823.46,79.6,0.068,511.03,24.56,28695.88,26003.33,2692.55,906.06,24.76
1701903,Araguacema,TO,-8.80755,-49.5569,6022.0,277449.29,369.89,0.133,678.27,53.89,149520.37,126110.68,23409.69,8456.89,55.59
1702000,Araguaçu,TO,-12.9289,-49.8231,8242.0,515517.99,309.79,0.06,1134.24,33.19,171113.45,162318.93,8794.52,1901.85,33.32
1702109,Araguaína,TO,-7.19238,-48.2044,183024.0,400461.84,7385.65,1.844,524.14,35.13,140701.03,136385.04,4315.99,2484.53,35.35
1702158,Araguanã,TO,-6.58225,-48.6395,4300.0,83482.12,120.52,0.144,446.08,17.56,14662.2,14008.44,653.75,1643.78,17.92
1702208,Araguatins,TO,-5.64659,-48.1232,33286.0,263326.91,1107.34,0.421,367.82,35.68,93946.75,91714.18,2232.58,6146.3,36.53
1702307,Arapoema,TO,-7.65463,-49.0637,5488.0,155815.52,176.62,0.113,554.48,13.18,20529.59,20186.89,342.7,2735.47,13.41
1702406,Arraias,TO,-12.9287,-46.9359,10511.0,580307.38,390.44,0.067,854.76,65.23,378532.77,376819.49,1713.27,1333.99,65.38
1702554,Augustinópolis,TO,-5.46863,-47.8863,18237.0,38876.35,505.26,1.3,362.79,14.78,5745.6,5486.18,259.43,7.39,14.78
1702703,Aurora do Tocantins,TO,-12.7105,-46.4076,3418.0,69616.01,84.38,0.121,800.05,47.67,33186.49,28842.42,4344.08,92.44,47.73
1702901,Axixá do Tocantins,TO,-5.61275,-47.7701,10732.0,15352.16,229.83,1.497,383.07,25.43,3904.04,3901.01,3.02,8.72,25.44
1703008,Babaçulândia,TO,-7.20923,-47.7613,7636.0,179032.86,147.44,0.082,542.37,56.14,100509.94,99504.88,1005.06,8679.7,59.0
1703057,Bandeirantes do Tocantins,TO,-7.75612,-48.5836,3555.0,154053.76,131.13,0.085,574.04,18.66,28750.17,21842.17,6908.0,76.53,18.67
1703073,Barra do Ouro,TO,-7.69593,-47.6776,4667.0,110583.55,255.17,0.231,595.95,54.83,60632.32,59110.04,1522.29,2077.1,55.88
1703107,Barrolândia,TO,-9.83404,-48.7252,4890.0,69779.35,229.37,0.329,798.27,28.15,19640.55,19603.8,36.74,56.56,28.17
1703206,Bernardo Sayão,TO,-7.87481,-48.8893,4307.0,92403.51,230.99,0.25,581.14,11.35,10489.91,10005.73,484.19,1359.57,11.52
1703305,Bom Jesus do Tocantins,TO,-8.96306,-48.165,4201.0,132698.47,133.03,0.1,714.31,57.71,76576.8,74767.21,1809.58,622.05,57.98
1703602,Brasilândia do Tocantins,TO,-8.38918,-48.4822,2013.0,64589.15,102.89,0.159,644.88,49.32,31858.24,29823.14,2035.1,14.25,49.34
1703701,Brejinho de Nazaré,TO,-11.0058,-48.5683,4774.0,172256.61,343.62,0.199,929.02,48.37,83319.17,80287.53,3031.64,4885.79,49.78
1703800,Buriti do Tocantins,TO,-5.31448,-48.2271,10696.0,25271.75,286.56,1.134,329.76,14.08,3558.45,3074.14,484.31,681.08,14.47
1703826,Cachoeirinha,TO,-6.1156,-47.9234,1982.0,35155.62,49.96,0.142,424.17,73.97,26005.56,25874.6,130.96,2.67,73.98
1703842,Campos Lindos,TO,-7.98956,-46.8645,8990.0,323442.96,275.39,0.085,581.81,65.52,211906.79,203105.42,8801.37,33.28,65.52
1703867,Cariri do Tocantins,TO,-11.8881,-49.1609,4166.0,112628.82,320.04,0.284,1020.35,30.78,34670.6,34385.47,285.14,809.83,31.01
1703883,Carmolândia,TO,-7.03262,-48.3978,2242.0,33935.12,94.95,0.28,501.1,19.33,6558.08,6059.29,498.79,62.57,19.36
1703891,Carrasco Bonito,TO,-5.31415,-48.0314,3344.0,19034.21,107.62,0.565,339.94,16.98,3231.61,2338.76,892.85,332.09,17.28
1703909,Caseara,TO,-9.27612,-49.9521,5028.0,168003.07,156.31,0.093,730.79,45.25,76021.98,68215.23,7806.76,3464.37,46.2
1704105,Centenário,TO,-8.96103,-47.3304,2111.0,195314.15,90.01,0.046,700.85,79.19,154665.79,147089.67,7576.11,139.98,79.25
1704600,Chapada de Areia,TO,-10.1419,-49.1403,1574.0,65857.42,108.37,0.165,827.69,42.47,27967.55,24654.23,3313.32,91.57,42.53
1705102,Chapada da Natividade,TO,-11.6175,-47.7486,3176.0,164082.29,117.23,0.071,964.43,69.41,113894.9,111666.21,2228.69,478.1,69.62
1705508,Colinas do Tocantins,TO,-8.05764,-48.4757,36209.0,84248.76,1212.8,1.44,609.12,21.7,18278.41,11620.08,6658.34,53.39,21.71
1705557,Combinado,TO,-12.7917,-46.5388,4906.0,20878.32,152.91,0.732,813.23,27.8,5804.99,5676.73,128.27,44.32,27.86
1705607,Conceição do Tocantins,TO,-12.2209,-47.2951,3942.0,253069.14,120.47,0.048,903.18,73.47,185929.16,185521.6,407.56,613.34,73.65
1706001,Couto Magalhães,TO,-8.28411,-49.2473,5540.0,158414.87,271.0,0.171,621.89,46.43,73550.64,55575.34,17975.3,3579.34,47.5
1706100,Cristalândia,TO,-10.5985,-49.1942,6392.0,185074.48,295.47,0.16,877.72,50.74,93911.15,88226.26,5684.88,284.24,50.82
1706258,Crixás do Tocantins,TO,-11.0994,-48.9152,1494.0,98380.61,82.94,0.084,935.2,43.06,42362.86,40855.81,1507.05,224.0,43.16
1706506,Darcinópolis,TO,-6.71591,-47.7597,6093.0,164171.97,240.75,0.147,492.09,67.47,110761.86,107823.37,2938.49,4094.75,69.19
1707009,Dianópolis,TO,-11.624,-46.8198,17966.0,331804.18,533.82,0.161,865.69,72.75,241396.33,191853.15,49543.18,2800.72,73.37
1707108,Divinópolis do Tocantins,TO,-9.80018,-49.2169,7343.0,235830.11,268.26,0.114,789.43,47.47,111947.88,98446.92,13500.96,547.11,47.58
1707207,Dois Irmãos do Tocantins,TO,-9.25534,-49.0638,6352.0,374766.64,164.17,0.044,730.59,56.01,209920.32,154143.47,55776.86,222.82,56.05
1707306,Dueré,TO,-11.3416,-49.2716,4304.0,342062.08,192.23,0.056,959.39,51.13,174881.35,153562.57,21318.79,1444.26,51.34
1707405,Esperantina,TO,-5.36593,-48.5378,7385.0,50617.58,173.14,0.342,321.27,24.6,12454.12,7272.64,5181.48,6352.94,28.14
1707553,Fátima,TO,-10.7603,-48.9076,3503.0,38038.73,215.19,0.566,897.91,37.36,14212.43,14016.05,196.38,76.35,37.44
1707652,Figueirópolis,TO,-12.1312,-49.1748,5334.0,193569.72,322.17,0.166,1047.13,36.42,70503.55,69415.97,1087.59,1067.94,36.62
1707702,Filadélfia,TO,-7.33501,-47.4954,7784.0,199125.3,313.55,0.157,552.59,35.95,71587.16,70798.45,788.71,7998.34,37.46
1708205,Formoso do Araguaia,TO,-11.7976,-49.5316,19473.0,1343209.72,811.89,0.06,1009.01,77.52,1041197.18,367575.23,673621.95,21501.35,78.78
1708254,Fortaleza do Tabocão,TO,-9.05611,-48.5206,3741.0,62446.61,211.95,0.339,716.62,30.43,19000.02,18189.71,810.31,21.55,30.44
1708304,Goianorte,TO,-8.77413,-48.9313,4832.0,179722.2,136.37,0.076,679.15,45.2,81232.25,58605.86,22626.39,103.31,45.22
1709005,Goiatins,TO,-7.71478,-47.3252,12851.0,641480.68,356.72,0.056,578.13,81.68,523933.49,501418.35,22515.14,1976.47,81.93
1709302,Guaraí,TO,-8.83543,-48.5114,25831.0,210679.25,882.57,0.419,692.75,44.69,94155.11,87179.26,6975.85,762.68,44.85
1709500,Gurupi,TO,-11.7279,-49.068,90209.0,184420.49,3882.07,2.105,1003.26,37.33,68843.63,67972.94,870.69,1636.92,37.66
1709807,Ipueiras,TO,-11.2329,-48.46,1626.0,82117.18,116.62,0.142,955.5,60.88,49989.41,47482.35,2507.06,1792.15,62.23
1710508,Itacajá,TO,-8.39293,-47.7726,6959.0,304726.93,140.47,0.046,665.11,72.69,221511.75,210326.8,11184.95,28.93,72.7
1710706,Itaguatins,TO,-5.77267,-47.4864,5160.0,73016.13,131.3,0.18,414.8,41.66,30418.42,30000.9,417.52,1167.16,42.34
1710904,Itapiratins,TO,-8.37982,-48.1072,3685.0,124634.05,134.47,0.108,653.26,48.73,60739.98,59931.33,808.65,3072.15,49.97
1711100,Itaporã do Tocantins,TO,-8.57172,-48.6895,2464.0,96980.39,63.49,0.065,660.68,19.17,18589.26,15164.54,3424.72,50.07,19.18
1711506,Jaú do Tocantins,TO,-12.6509,-48.589,3396.0,216723.52,121.28,0.056,1036.32,57.84,125347.08,124740.86,606.22,558.05,57.99
1711803,Juarina,TO,-8.11951,-49.0643,2308.0,48347.7,60.02,0.124,605.56,29.77,14392.27,9205.4,5186.87,1831.92,30.94
1711902,Lagoa da Confusão,TO,-10.7906,-49.6199,16629.0,1056311.87,825.88,0.078,897.54,82.92,875937.02,298662.68,577274.34,17071.88,84.29
1711951,Lagoa do Tocantins,TO,-10.368,-47.538,3613.0,91761.81,121.52,0.132,852.92,71.32,65447.54,60311.41,5136.13,17.16,71.34
1712009,Lajeado,TO,-9.74996,-48.3565,3559.0,31826.96,277.45,0.872,795.32,75.74,24105.99,24008.01,97.98,2931.28,83.42
1712157,Lavandeira,TO,-12.7847,-46.5099,1676.0,46803.44,44.14,0.094,810.19,56.26,26331.6,23725.4,2606.2,114.63,56.4
1712405,Lizarda,TO,-9.59002,-46.6738,2950.0,571661.33,144.82,0.025,740.09,93.55,534816.52,395250.23,139566.29,75.37,93.57
1712454,Luzinópolis,TO,-6.17794,-47.8582,2811.0,28153.34,103.2,0.367,433.49,59.97,16883.2,16723.11,160.09,7.82,59.99
1712504,Marianópolis do Tocantins,TO,-9.79377,-49.6553,4793.0,208956.48,203.23,0.097,787.28,42.19,88151.47,74237.95,13913.52,766.39,42.34
1712702,Mateiros,TO,-10.5464,-46.4168,2922.0,958930.3,80.02,0.008,834.79,88.84,851884.89,272623.2,579261.69,928.65,88.92
1712801,Maurilândia do Tocantins,TO,-5.95169,-47.5125,3171.0,73630.5,87.06,0.118,429.92,79.43,58483.5,58228.51,255.0,1119.72,80.65
1713205,Miracema do Tocantins,TO,-9.56556,-48.393,18679.0,266376.16,843.47,0.317,774.53,42.18,112349.68,109518.72,2830.96,9533.71,43.74
1713304,Miranorte,TO,-9.52907,-48.5922,13073.0,103328.11,473.25,0.458,766.93,29.96,30960.47,30789.27,171.21,52.92,29.98
1713601,Monte do Carmo,TO,-10.7611,-48.1114,5667.0,360118.26,163.08,0.045,910.17,68.02,244969.9,243452.06,1517.84,609.69,68.14
1713700,Monte Santo do Tocantins,TO,-10.0075,-48.9941,2521.0,107290.21,142.6,0.133,814.13,38.63,41448.38,37877.14,3571.24,121.37,38.68
1713809,Palmeiras do Tocantins,TO,-6.61658,-47.5464,4850.0,74342.63,182.17,0.245,492.26,46.47,34549.6,34169.05,380.54,2112.58,47.83
1713957,Muricilândia,TO,-7.14669,-48.6091,3501.0,119436.29,78.87,0.066,507.57,27.72,33113.25,32568.65,544.61,2447.38,28.3
1714203,Natividade,TO,-11.7034,-47.7223,8956.0,324161.37,373.01,0.115,959.58,71.84,232891.33,229880.98,3010.36,903.88,72.05
1714302,Nazaré,TO,-6.37496,-47.6643,4672.0,39599.16,140.31,0.354,462.53,48.24,19103.37,19067.28,36.08,12.98,48.26
1714880,Nova Olinda,TO,-7.63171,-48.4252,10600.0,156786.18,395.17,0.252,564.43,47.45,74395.83,72950.3,1445.53,59.11,47.47
1715002,Nova Rosalândia,TO,-10.5651,-48.9125,3382.0,51477.32,194.58,0.378,876.37,34.28,17648.91,17108.01,540.9,34.64,34.31
1715101,Novo Acordo,TO,-9.97063,-47.6785,4118.0,267825.78,192.11,0.072,818.37,81.0,216941.46,176186.22,40755.25,491.15,81.15
1715150,Novo Alegre,TO,-12.9217,-46.5713,1817.0,20041.05,64.79,0.323,815.4,19.87,3982.22,3964.96,17.26,10.99,19.88
1715259,Novo Jardim,TO,-11.826,-46.6325,2251.0,121393.06,113.03,0.093,840.67,80.51,97727.97,84838.93,12889.05,933.59,81.13
1715507,Oliveira de Fátima,TO,-10.707,-48.9086,1220.0,20929.19,81.2,0.388,892.03,33.3,6968.51,6898.81,69.69,21.18,33.33
1715705,Palmeirante,TO,-7.84786,-47.9242,4905.0,263845.93,314.55,0.119,602.62,56.72,149658.51,146111.46,3547.05,2190.78,57.2
1715754,Palmeirópolis,TO,-13.0447,-48.4026,7104.0,170893.54,299.01,0.175,1012.57,60.5,103396.62,102977.67,418.95,4340.33,62.08
1716109,Paraíso do Tocantins,TO,-10.175,-48.8823,55704.0,129224.43,2197.39,1.7,833.75,35.57,45967.11,45629.2,337.9,142.68,35.61
1716208,Paranã,TO,-12.6167,-47.8734,10877.0,1121737.31,274.49,0.024,959.43,77.1,864876.38,859087.99,5788.39,22237.29,78.66
1716307,Pau D'Arco,TO,-7.53919,-49.367,4057.0,137554.21,145.29,0.106,538.82,24.78,34090.31,32810.1,1280.21,2952.62,25.33
1716505,Pedro Afonso,TO,-8.97034,-48.1729,14895.0,201954.95,665.22,0.329,714.9,55.3,111683.32,107533.03,4150.29,2388.43,55.96
1716604,Peixe,TO,-12.0254,-48.5395,9384.0,530358.06,455.08,0.086,1040.34,43.62,231347.47,217767.41,13580.06,12320.62,44.66
1716653,Pequizeiro,TO,-8.5932,-48.9327,5035.0,120615.6,125.92,0.104,659.26,19.22,23185.76,19791.71,3394.05,107.4,19.24
1716703,Colméia,TO,-8.72463,-48.7638,9155.0,116099.77,312.81,0.269,676.14,27.7,32164.27,19469.15,12695.12,73.18,27.72
1717008,Pindorama do Tocantins,TO,-11.1311,-47.5726,4599.0,156055.87,147.78,0.095,933.13,74.31,115972.12,113929.09,2043.03,102.87,74.36
1717206,Piraquê,TO,-6.77302,-48.2958,2229.0,136351.19,54.52,0.04,476.89,32.32,44064.48,43099.06,965.42,260.28,32.38
1717503,Pium,TO,-10.442,-49.1876,7408.0,1000333.51,234.53,0.023,860.48,73.31,733298.03,385853.71,347444.32,28972.1,75.49
1717800,Ponte Alta do Bom Jesus,TO,-12.0853,-46.4825,4280.0,171877.83,223.94,0.13,818.76,75.32,129466.73,117287.09,12179.64,1327.85,75.91
1717909,Ponte Alta do Tocantins,TO,-10.7481,-47.5276,7874.0,654286.55,224.86,0.034,891.7,88.03,575974.39,373862.48,202111.91,795.96,88.14
1718006,Porto Alegre do Tocantins,TO,-11.618,-47.0621,2960.0,50674.92,116.44,0.23,891.52,67.61,34263.05,32897.32,1365.73,1000.67,68.98
1718204,Porto Nacional,TO,-10.7027,-48.408,69551.0,443467.76,5782.5,1.304,898.31,46.06,204257.47,201135.93,3121.54,35672.3,50.09
1718303,Praia Norte,TO,-5.39281,-47.8111,9552.0,30100.59,136.1,0.452,359.98,17.91,5392.04,5334.0,58.04,762.04,18.38
1718402,Presidente Kennedy,TO,-8.5406,-48.5062,3016.0,77172.12,146.18,0.189,660.8,48.61,37516.67,33621.32,3895.35,12.82,48.62
1718451,Pugmil,TO,-10.424,-48.8957,2223.0,40118.74,114.26,0.285,861.01,31.03,12448.68,12158.84,289.84,68.16,31.08
1718501,Recursolândia,TO,-8.7227,-47.2421,3454.0,221564.29,84.85,0.038,672.85,83.53,185064.95,177921.37,7143.58,8.4,83.53
1718550,Riachinho,TO,-6.44005,-48.1371,4029.0,51212.96,92.93,0.181,448.07,28.2,14442.01,14291.96,150.05,108.83,28.26
1718659,Rio da Conceição,TO,-11.3949,-46.8847,1827.0,84581.59,100.39,0.119,878.97,89.11,75367.48,28711.6,46655.88,12.19,89.12
1718709,Rio dos Bois,TO,-9.34425,-48.5245,2845.0,84726.21,75.54,0.089,747.94,48.55,41131.79,40167.38,964.41,724.42,48.97
1718758,Rio Sono,TO,-9.35002,-47.888,4718.0,634630.67,211.38,0.033,763.17,81.44,516841.3,461690.43,55150.87,812.96,81.54
1718808,Sampaio,TO,-5.35423,-47.8782,4397.0,22248.28,131.03,0.589,352.42,45.12,10038.27,5475.46,4562.81,1572.83,48.55
1718840,Sandolândia,TO,-12.538,-49.9242,3900.0,353513.14,161.4,0.046,1091.25,53.08,187637.2,156278.33,31358.87,2213.21,53.41
1718865,Santa Fé do Araguaia,TO,-7.15803,-48.7165,7533.0,167127.53,215.24,0.129,506.3,30.36,50736.31,50589.97,146.34,5005.16,31.3
1718881,Santa Maria do Tocantins,TO,-8.8046,-47.7887,2716.0,141229.51,110.29,0.078,708.04,64.39,90933.0,88394.71,2538.3,655.83,64.69
1718899,Santa Rita do Tocantins,TO,-10.8617,-48.9161,2299.0,328117.49,119.18,0.036,909.0,54.2,177834.0,157283.68,20550.32,418.92,54.27
1718907,Santa Rosa do Tocantins,TO,-11.4474,-48.1216,4799.0,180473.69,318.6,0.177,984.69,56.64,102218.51,97202.71,5015.79,592.7,56.83
1719004,Santa Tereza do Tocantins,TO,-10.2746,-47.8033,2907.0,53950.03,92.4,0.171,854.65,69.45,37467.52,37249.88,217.64,74.53,69.54
1720002,Santa Terezinha do Tocantins,TO,-6.44438,-47.6684,2461.0,27409.86,67.17,0.245,469.19,45.17,12381.14,12360.88,20.25,2.84,45.18
1720101,São Bento do Tocantins,TO,-6.0258,-47.9012,6004.0,109960.19,167.16,0.152,416.28,58.77,64627.23,63898.98,728.25,21.61,58.78
1720150,São Félix do Tocantins,TO,-10.1615,-46.6618,1897.0,191309.41,123.33,0.064,800.31,97.36,186261.46,59753.3,126508.16,92.26,97.41
1720200,São Miguel do Tocantins,TO,-5.56305,-47.5743,14116.0,40694.11,447.8,1.1,390.12,26.83,10919.84,10748.17,171.68,1485.07,27.85
1720259,São Salvador do Tocantins,TO,-12.7458,-48.2352,2356.0,142473.67,150.53,0.106,997.04,65.91,93897.48,93643.75,253.73,9871.53,70.81
1720309,São Sebastião do Tocantins,TO,-5.26131,-48.2021,4182.0,28959.54,113.6,0.392,325.77,25.96,7517.21,5366.34,2150.87,2281.88,28.18
1720499,São Valério,TO,-11.9743,-48.2353,4554.0,252048.77,231.03,0.092,1008.67,63.71,160573.91,154132.95,6440.96,1459.92,64.08
1720655,Silvanópolis,TO,-11.1471,-48.1694,5259.0,125875.19,345.39,0.274,951.07,59.04,74316.73,72279.91,2036.82,223.0,59.14
1720804,Sítio Novo do Tocantins,TO,-5.6012,-47.6381,11446.0,30711.01,239.63,0.78,389.73,23.95,7356.58,7356.58,0.0,65.85,24.01
1720853,Sucupira,TO,-11.993,-48.9685,1591.0,101824.88,80.5,0.079,1033.26,29.13,29662.52,28731.87,930.66,896.92,29.39
1720903,Taguatinga,TO,-12.4026,-46.437,14199.0,234190.9,474.51,0.203,807.82,58.1,136059.71,130653.85,5405.86,426.48,58.2
1720937,Taipas do Tocantins,TO,-12.1873,-46.9797,2092.0,110527.49,67.06,0.061,869.96,58.4,64553.39,64045.23,508.16,209.18,58.52
1720978,Talismã,TO,-12.7949,-49.0896,2505.0,215556.59,130.61,0.061,1088.95,31.73,68397.65,67318.36,1079.29,884.72,31.86
1721000,Palmas,TO,-10.24,-48.3558,328499.0,222733.94,12881.28,5.783,848.72,66.3,147671.34,146454.84,1216.5,17962.75,72.12
1721109,Tocantínia,TO,-9.5632,-48.3741,7802.0,260976.09,195.32,0.075,774.65,89.89,234579.77,231452.54,3127.22,1492.88,90.4
1721208,Tocantinópolis,TO,-6.32447,-47.4224,23225.0,108359.61,624.12,0.576,458.96,76.61,83016.67,81974.97,1041.7,2488.9,78.41
1721257,Tupirama,TO,-8.97168,-48.1883,2024.0,70685.8,84.09,0.119,714.66,46.29,32722.08,31317.03,1405.04,1434.73,47.25
1721307,Tupiratins,TO,-8.39388,-48.1277,1886.0,88912.36,64.05,0.072,654.19,62.02,55139.33,53304.31,1835.02,1422.18,63.02
1722081,Wanderlândia,TO,-6.85274,-47.9601,10734.0,136536.74,475.94,0.349,497.67,63.89,87234.03,85792.04,1441.99,54.77,63.92
1722107,Xambioá,TO,-6.4141,-48.532,10636.0,119047.93,322.36,0.271,431.26,22.52,26812.81,25005.57,1807.25,2926.14,23.09
2100055,Açailândia,MA,-4.94714,-47.5004,110611.0,580514.69,3236.36,0.557,341.26,25.23,146442.23,146125.98,316.25,627.6,25.25
2100105,Afonso Cunha,MA,-4.13631,-43.3275,6303.0,37175.88,70.53,0.19,171.82,75.3,27994.8,27994.8,0.0,23.63,75.35
2100154,Água Doce do Maranhão,MA,-2.84048,-42.1189,12461.0,44225.23,328.13,0.742,4.26,91.66,40538.45,38832.53,1705.92,1507.01,94.9
2100204,Alcântara,MA,-2.39574,-44.4062,18721.0,116548.2,813.73,0.698,0.86,88.22,102813.62,99979.38,2834.24,7205.31,94.03
2100303,Aldeias Altas,MA,-4.62621,-43.4689,23776.0,194343.94,463.84,0.239,207.17,74.7,145177.29,140884.36,4292.93,227.01,74.79
2100402,Altamira do Maranhão,MA,-4.16598,-45.4706,6549.0,52433.92,92.64,0.177,137.04,17.77,9315.55,9307.97,7.58,80.61,17.79
2100436,Alto Alegre do Maranhão,MA,-4.213,-44.446,24528.0,39275.42,543.62,1.384,115.65,52.48,20611.02,20600.49,10.52,161.3,52.69
2100477,Alto Alegre do Pindaré,MA,-3.66689,-45.8421,26321.0,187564.85,584.7,0.312,136.15,30.77,57722.36,54966.63,2755.73,846.0,30.91
2100501,Alto Parnaíba,MA,-9.10273,-45.9303,11392.0,1112737.22,275.12,0.025,667.32,84.57,940988.22,795185.91,145802.3,545.23,84.61
2100550,Amapá do Maranhão,MA,-1.67524,-46.0024,7380.0,49372.41,156.92,0.318,50.16,27.07,13367.26,13351.97,15.28,127.69,27.14
2100600,Amarante do Maranhão,MA,-5.56913,-46.7473,38335.0,744216.84,839.71,0.113,346.88,66.92,498059.95,497642.79,417.16,267.85,66.95
2100709,Anajatuba,MA,-3.26269,-44.6126,26250.0,94050.35,281.87,0.3,10.14,73.39,69021.1,25063.43,43957.66,10309.0,82.42
2100808,Anapurus,MA,-3.67577,-43.1014,14113.0,60890.28,374.99,0.616,124.72,57.72,35148.4,34719.18,429.22,12.67,57.74
2100832,Apicum-Açu,MA,-1.45862,-45.0864,18033.0,33671.92,404.56,1.201,0.53,72.59,24443.63,24335.31,108.32,3271.72,80.41
2100873,Araguanã,MA,-2.94644,-45.6589,11297.0,80519.25,185.16,0.23,107.49,14.45,11634.69,10879.92,754.77,89.46,14.47
2100907,Araioses,MA,-2.89091,-41.905,40231.0,178694.56,827.5,0.463,8.19,87.59,156520.29,121695.73,34824.56,13138.81,94.54
2100956,Arame,MA,-4.88347,-46.0032,26089.0,297602.99,248.34,0.083,235.96,46.24,137614.55,137411.45,203.1,676.02,46.35
2101004,Arari,MA,-3.45214,-44.7665,30555.0,109981.95,375.33,0.341,29.35,68.89,75761.41,36492.43,39268.98,10186.13,75.92
2101103,Axixá,MA,-2.83939,-44.062,12091.0,16044.31,142.95,0.891,8.81,80.63,12936.18,12928.24,7.95,1172.98,86.99
2101202,Bacabal,MA,-4.22447,-44.7832,107755.0,165671.0,1899.39,1.146,114.16,27.29,45209.29,37604.04,7605.25,4691.51,28.08
2101251,Bacabeira,MA,-2.96452,-44.3164,17459.0,54295.95,525.08,0.967,12.32,81.88,44458.23,23210.26,21247.97,2828.6,86.38
2101301,Bacuri,MA,-1.6965,-45.1328,16591.0,83206.44,379.51,0.456,10.63,77.54,64518.66,63219.71,1298.95,10696.6,88.98
2101350,Bacurituba,MA,-2.71,-44.7329,5375.0,41361.95,219.85,0.532,11.14,59.88,24769.44,8460.68,16308.76,12538.69,85.94
2101400,Balsas,MA,-7.53214,-46.0372,105974.0,1314115.01,3628.64,0.276,501.95,60.41,793864.34,746889.61,46974.74,1019.22,60.46
2101509,Barão de Grajaú,MA,-6.74463,-43.0261,19493.0,220937.64,625.64,0.283,433.34,86.95,192104.44,176309.64,15794.81,831.02,87.28
2101608,Barra do Corda,MA,-5.49682,-45.2485,87757.0,518770.05,2495.94,0.481,261.69,67.98,352675.59,352560.67,114.92,581.17,68.06
2101707,Barreirinhas,MA,-2.75863,-42.8232,68234.0,303977.11,3398.64,1.118,22.59,77.77,236398.55,181282.72,55115.83,5889.75,79.31
2101731,Belágua,MA,-3.15485,-43.5122,8751.0,56960.17,104.71,0.184,69.75,94.52,53840.92,40163.92,13677.0,8.57,94.54
2101772,Bela Vista do Maranhão,MA,-3.72618,-45.3075,12104.0,14794.3,284.14,1.921,88.98,29.09,4303.97,2814.01,1489.95,274.32,29.64
2101806,Benedito Leite,MA,-7.21037,-44.5577,5599.0,178459.63,269.89,0.151,444.21,81.23,144966.57,140852.12,4114.45,1895.41,82.1
2101905,Bequimão,MA,-2.44162,-44.7842,19968.0,79022.32,337.89,0.428,22.94,80.76,63816.76,49123.11,14693.65,4656.71,85.81
2101939,Bernardo do Mearim,MA,-4.62666,-44.7608,5989.0,24715.97,84.66,0.343,158.39,40.79,10082.45,10076.93,5.52,43.66,40.87
2101970,Boa Vista do Gurupi,MA,-1.77614,-46.3002,7781.0,40036.81,214.18,0.535,70.17,30.82,12340.69,12182.26,158.43,599.94,31.29
2102002,Bom Jardim,MA,-3.54129,-45.606,33936.0,657987.16,648.92,0.099,106.59,60.01,394839.98,390875.12,3964.86,3475.91,60.33
2102036,Bom Jesus das Selvas,MA,-4.47638,-46.8641,29606.0,267694.43,686.48,0.256,278.21,34.57,92533.16,92526.66,6.51,653.82,34.65
2102077,Bom Lugar,MA,-4.37311,-45.0326,12371.0,44516.61,177.58,0.399,135.38,5.07,2256.33,1876.58,379.75,646.31,5.14
2102101,Brejo,MA,-3.67796,-42.7527,35354.0,107325.76,709.91,0.661,108.03,60.57,65002.31,64549.44,452.88,1952.85,61.69
2102150,Brejo de Areia,MA,-4.334,-45.581,9363.0,98605.81,74.08,0.075,159.23,43.93,43316.66,43315.5,1.16,116.87,43.98
2102200,Buriti,MA,-3.94169,-42.9179,30866.0,147573.84,274.71,0.186,141.63,67.08,98997.78,98747.43,250.35,2028.39,68.02
2102309,Buriti Bravo,MA,-5.83239,-43.8353,22938.0,158170.64,496.94,0.314,306.46,61.47,97231.98,95719.95,1512.03,72.5,61.5
2102325,Buriticupu,MA,-4.32375,-46.4409,56733.0,255355.7,1466.83,0.574,229.42,35.94,91766.97,91755.93,11.05,378.4,35.99
2102358,Buritirana,MA,-5.59823,-47.0131,13125.0,82124.34,358.44,0.436,369.11,32.63,26797.38,26748.79,48.59,45.48,32.65
2102374,Cachoeira Grande,MA,-2.93074,-44.0528,10032.0,70722.47,133.66,0.189,16.14,90.93,64307.74,50724.91,13582.83,565.27,91.66
2102408,Cajapió,MA,-2.87326,-44.6741,10336.0,54522.54,236.35,0.433,1.26,80.59,43942.23,37349.67,6592.56,7014.7,92.49
2102507,Cajari,MA,-3.32742,-45.0145,16680.0,66207.03,111.38,0.168,36.87,56.06,37115.78,21008.26,16107.52,12120.49,68.62
2102556,Campestre do Maranhão,MA,-6.17075,-47.3625,12536.0,61355.91,427.24,0.696,441.84,27.51,16876.09,16679.09,196.99,1296.41,28.1
2102606,Cândido Mendes,MA,-1.43265,-45.7161,20440.0,162057.9,289.91,0.179,18.12,67.23,108954.6,105503.73,3450.88,5368.89,69.54
2102705,Cantanhede,MA,-3.63757,-44.383,25059.0,77301.64,264.28,0.342,58.81,75.24,58160.9,58035.17,125.72,333.33,75.56
2102754,Capinzal do Norte,MA,-4.7236,-44.328,11681.0,59027.45,326.39,0.553,173.62,63.07,37230.14,37214.9,15.24,148.26,63.23
2102804,Carolina,MA,-7.33584,-47.4634,24619.0,626759.07,676.04,0.108,550.69,65.16,408393.6,334312.21,74081.39,14940.0,66.75
2102903,Carutapera,MA,-1.19696,-46.0085,24906.0,125539.66,394.78,0.314,1.16,71.64,89934.38,84176.01,5758.37,7531.05,76.21
2103000,Caxias,MA,-4.86505,-43.3617,163546.0,520063.36,3228.0,0.621,235.21,79.24,412077.26,386062.24,26015.02,2200.57,79.57
2103109,Cedral,MA,-2.00027,-44.5281,10446.0,28414.96,361.67,1.273,3.09,85.02,24158.06,24140.01,18.05,1058.23,88.31
2103125,Central do Maranhão,MA,-2.19831,-44.8254,7220.0,31964.9,171.25,0.536,17.8,85.47,27321.41,21813.35,5508.06,776.52,87.6
2103158,Centro do Guilherme,MA,-2.44891,-46.0345,12693.0,113469.77,187.12,0.165,110.09,40.16,45567.75,45567.75,0.0,149.79,40.21
2103174,Centro Novo do Maranhão,MA,-2.12696,-46.1228,16477.0,840114.03,285.51,0.034,96.23,78.79,661946.8,661937.7,9.1,2595.56,79.04
2103208,Chapadinha,MA,-3.73875,-43.3538,84395.0,324875.46,1623.31,0.5,134.5,83.55,271422.63,271362.85,59.78,446.98,83.66
2103257,Cidelândia,MA,-5.17465,-47.7781,13141.0,146284.12,368.29,0.252,341.94,28.09,41087.09,40247.48,839.61,679.59,28.22
2103307,Codó,MA,-4.45562,-43.8924,118283.0,436156.03,2019.78,0.463,164.41,67.24,293271.5,283302.9,9968.6,769.06,67.36
2103406,Coelho Neto,MA,-4.25245,-43.0108,42841.0,97665.89,753.56,0.772,177.43,84.1,82136.4,82110.64,25.77,641.3,84.66
2103505,Colinas,MA,-6.03199,-44.2543,41788.0,197870.68,889.26,0.449,317.36,66.25,131088.21,130476.99,611.22,136.3,66.3
2103554,Conceição do Lago-Açu,MA,-3.85142,-44.8895,15278.0,72712.92,158.69,0.218,75.54,50.43,36667.39,23420.58,13246.81,14493.1,62.98
2103604,Coroatá,MA,-4.13442,-44.1244,61337.0,226373.85,931.49,0.411,120.73,54.82,124088.85,124071.46,17.39,658.66,54.98
2103703,Cururupu,MA,-1.81475,-44.8644,32602.0,122132.77,767.56,0.628,15.1,81.32,99317.38,98236.0,1081.38,8901.66,87.71
2103752,Davinópolis,MA,-5.54637,-47.4217,14828.0,33225.13,514.36,1.548,398.38,32.1,10664.61,10654.46,10.14,27.76,32.12
2103802,Dom Pedro,MA,-5.03518,-44.4409,23594.0,35849.94,522.18,1.457,205.31,50.77,18200.45,18200.45,0.0,84.7,50.89
2103901,Duque Bacelar,MA,-4.15002,-42.9477,10443.0,31748.4,111.73,0.352,164.4,78.71,24990.61,24963.68,26.93,561.17,80.13
2104008,Esperantinópolis,MA,-4.87938,-44.6926,18734.0,45243.88,387.68,0.857,186.17,60.4,27325.29,27318.35,6.95,128.09,60.57
2104057,Estreito,MA,-6.56077,-47.4431,34321.0,271995.11,1085.61,0.399,480.41,52.31,142293.08,134724.88,7568.2,5017.25,53.3
2104073,Feira Nova do Maranhão,MA,-6.96508,-46.6786,8237.0,162606.56,129.05,0.079,470.98,54.82,89145.59,87307.43,1838.16,34.26,54.83
2104081,Fernando Falcão,MA,-6.16207,-44.8979,11219.0,508659.0,181.45,0.036,328.78,89.1,453219.3,378999.77,74219.53,3.2,89.1
2104099,Formosa da Serra Negra,MA,-6.44017,-46.1916,18150.0,369056.24,389.49,0.106,395.07,51.74,190947.91,182672.14,8275.77,63.72,51.75
2104107,Fortaleza dos Nogueiras,MA,-6.95983,-46.1749,12963.0,185331.7,343.66,0.185,447.23,57.16,105936.78,105001.7,935.09,87.25,57.19
2104206,Fortuna,MA,-5.72792,-44.1565,17347.0,83564.64,361.99,0.433,286.18,50.06,41828.91,41825.53,3.38,60.23,50.09
2104305,Godofredo Viana,MA,-1.40259,-45.7795,10424.0,67340.07,152.82,0.227,14.99,75.44,50803.07,49680.88,1122.19,2584.64,78.45
2104404,Gonçalves Dias,MA,-5.1475,-44.3013,17580.0,88360.54,290.73,0.329,220.08,51.93,45882.61,45882.61,0.0,98.76,51.98
2104503,Governador Archer,MA,-5.02078,-44.2754,10476.0,44584.42,157.46,0.353,206.95,52.98,23622.06,23622.06,0.0,84.43,53.08
2104552,Governador Edison Lobão,MA,-5.74973,-47.3646,18963.0,61597.98,1002.09,1.627,408.51,33.51,20639.22,20520.27,118.95,1300.17,34.23
2104602,Governador Eugênio Barros,MA,-5.31897,-44.2469,14264.0,64701.2,332.4,0.514,239.86,55.89,36159.14,36124.43,34.71,70.23,55.95
2104628,Governador Luiz Rocha,MA,-5.47835,-44.0774,7216.0,40157.95,138.75,0.346,261.33,47.71,19160.45,19159.3,1.16,1.87,47.71
2104651,Governador Newton Bello,MA,-3.43245,-45.6619,10993.0,114434.27,123.87,0.108,108.69,13.86,15863.57,15767.1,96.47,181.07,13.88
2104677,Governador Nunes Freire,MA,-2.12899,-45.8777,23526.0,104919.23,466.44,0.445,73.38,17.52,18377.49,18362.3,15.19,144.47,17.54
2104701,Graça Aranha,MA,-5.40547,-44.3358,6160.0,27143.97,168.76,0.622,247.51,50.69,13759.96,13755.51,4.45,11.3,50.71
2104800,Grajaú,MA,-5.81367,-46.1462,76837.0,886133.64,2630.35,0.297,330.94,64.34,570138.78,548296.19,21842.59,410.26,64.37
2104909,Guimarães,MA,-2.12755,-44.602,10439.0,47863.41,272.66,0.57,1.51,89.7,42932.68,42419.55,513.13,2362.89,94.36
2105005,Humberto de Campos,MA,-2.59828,-43.4649,26550.0,171210.24,829.41,0.484,8.31,91.16,156081.04,116717.2,39363.84,9625.72,96.59
2105104,Icatu,MA,-2.77206,-44.0501,25332.0,112435.6,464.72,0.413,3.61,86.39,97138.03,88485.45,8652.58,8477.59,93.44
2105153,Igarapé do Meio,MA,-3.65771,-45.2114,14383.0,36870.31,272.93,0.74,75.99,50.54,18632.52,13282.07,5350.46,727.76,51.55
2105203,Igarapé Grande,MA,-4.6625,-44.8558,10461.0,34610.71,165.74,0.479,163.15,34.63,11986.1,11986.1,0.0,71.74,34.7
2105302,Imperatriz,MA,-5.51847,-47.4777,285806.0,136904.06,6450.87,4.712,392.23,29.56,40474.64,39932.46,542.18,2335.87,30.08
2105351,Itaipava do Grajaú,MA,-5.14252,-45.7877,14142.0,124445.34,248.97,0.2,246.77,59.64,74223.19,74212.59,10.59,264.82,59.77
2105401,Itapecuru Mirim,MA,-3.40202,-44.3508,62264.0,148064.91,1176.08,0.794,41.54,70.42,104266.76,103425.44,841.32,613.21,70.71
2105427,Itinga do Maranhão,MA,-4.45293,-47.5235,22896.0,358344.75,638.6,0.178,300.55,38.62,138394.43,138394.43,0.0,1104.23,38.74
2105450,Jatobá,MA,-5.82282,-44.2153,7593.0,59164.71,176.73,0.299,295.25,59.74,35342.38,35321.84,20.54,13.34,59.75
2105476,Jenipapo dos Vieiras,MA,-5.36237,-45.6356,17529.0,196236.5,269.17,0.137,261.13,65.95,129416.14,129387.31,28.83,158.34,66.0
2105500,João Lisboa,MA,-5.44363,-47.4064,25311.0,113508.59,718.15,0.633,389.42,18.98,21543.63,21428.42,115.21,94.56,19.0
2105609,Joselândia,MA,-4.98611,-44.6958,15227.0,70312.79,350.3,0.498,197.97,61.19,43021.77,42995.5,26.27,1461.01,62.48
2105658,Junco do Maranhão,MA,-1.83888,-46.09,5282.0,56845.48,139.48,0.245,70.69,13.54,7694.27,7686.22,8.04,207.01,13.58
2105708,Lago da Pedra,MA,-4.56974,-45.1319,45865.0,124044.1,823.34,0.664,159.37,40.4,50110.34,50085.56,24.77,259.85,40.48
2105807,Lago do Junco,MA,-4.609,-45.049,9687.0,32850.25,133.14,0.405,161.06,34.16,11220.15,11207.58,12.57,65.24,34.22
2105906,Lago Verde,MA,-3.94661,-44.826,15069.0,63143.58,186.13,0.295,84.25,21.95,13861.38,10035.7,3825.68,3657.68,23.3
2105922,Lagoa do Mato,MA,-6.05023,-43.5333,10806.0,151299.3,203.97,0.135,340.51,73.22,110787.24,103550.55,7236.69,74.78,73.26
2105948,Lago dos Rodrigues,MA,-4.61173,-44.9798,8962.0,22078.59,184.2,0.834,159.68,43.24,9545.91,9545.91,0.0,33.24,43.3
2105963,Lagoa Grande do Maranhão,MA,-4.98893,-45.3816,11731.0,74418.36,306.04,0.411,212.26,40.39,30055.4,30055.4,0.0,72.42,40.43
2105989,Lajeado Novo,MA,-6.18539,-47.0293,7232.0,106363.79,185.25,0.174,419.4,43.55,46324.62,45306.55,1018.06,42.23,43.57
2106003,Lima Campos,MA,-4.51837,-44.4646,11559.0,32192.62,232.71,0.723,148.39,58.03,18682.32,18681.07,1.25,32.89,58.09
2106102,Loreto,MA,-7.08111,-45.1451,11884.0,359676.82,404.72,0.113,432.52,65.63,236040.34,226061.24,9979.1,605.02,65.74
2106201,Luís Domingues,MA,-1.27492,-45.867,7366.0,45718.58,119.85,0.262,5.79,64.14,29325.59,29119.66,205.92,1747.86,66.69
2106300,Magalhães de Almeida,MA,-3.39232,-42.2117,13933.0,43446.51,297.37,0.684,64.34,68.18,29619.74,25343.49,4276.26,3750.12,74.62
2106326,Maracaçumé,MA,-2.04918,-45.9587,21730.0,63575.62,463.24,0.729,76.08,24.21,15394.23,15375.65,18.58,245.52,24.31
2106359,Marajá do Sena,MA,-4.62806,-45.4531,7153.0,140265.68,72.45,0.052,179.07,48.44,67945.17,67932.42,12.74,325.58,48.55
2106375,Maranhãozinho,MA,-2.24078,-45.8507,14092.0,78164.76,257.45,0.329,79.33,11.64,9098.37,9092.38,5.98,35.37,11.65
2106409,Mata Roma,MA,-3.62035,-43.1112,17581.0,54860.73,377.41,0.688,120.27,74.67,40965.87,40956.68,9.19,33.46,74.72
2106508,Matinha,MA,-3.09849,-45.035,22540.0,41063.47,189.97,0.463,36.18,33.68,13831.11,7304.1,6527.01,7236.22,40.89
2106607,Matões,MA,-5.51359,-43.2018,33327.0,210867.71,766.53,0.364,304.2,75.35,158895.96,152351.28,6544.68,383.47,75.49
2106631,Matões do Norte,MA,-3.6244,-44.5468,18021.0,79444.24,94.04,0.118,49.86,49.83,39589.74,39167.81,421.94,231.59,49.98
2106672,Milagres do Maranhão,MA,-3.57443,-42.6131,9065.0,63479.63,111.98,0.176,93.11,71.45,45358.13,44502.81,855.31,572.84,72.1
2106706,Mirador,MA,-6.37454,-44.3683,21536.0,852288.46,437.05,0.051,353.36,87.31,744167.05,724456.33,19710.72,16.35,87.32
2106755,Miranda do Norte,MA,-3.56313,-44.5814,24373.0,34111.26,385.74,1.131,42.28,43.59,14869.34,14790.37,78.97,193.99,43.84
2106805,Mirinzal,MA,-2.07094,-44.7787,14298.0,68702.9,366.48,0.533,21.95,89.41,61428.6,60976.25,452.35,171.72,89.64
2106904,Monção,MA,-3.48125,-45.2496,28563.0,124556.11,371.93,0.299,67.9,37.02,46113.72,34812.87,11300.85,12205.18,41.04
2107001,Montes Altos,MA,-5.83067,-47.0673,9306.0,148916.47,233.4,0.157,392.02,57.05,84963.54,84303.91,659.63,59.95,57.08
2107100,Morros,MA,-2.85379,-44.0357,19015.0,171218.29,323.85,0.189,12.13,97.67,167220.38,97222.85,69997.53,156.43,97.75
2107209,Nina Rodrigues,MA,-3.46788,-43.9134,14589.0,57092.0,137.34,0.241,76.41,88.13,50316.31,49622.88,693.43,258.43,88.53
2107258,Nova Colinas,MA,-7.12263,-46.2607,5148.0,74314.9,137.35,0.185,467.46,63.28,47026.31,41228.53,5797.77,49.67,63.32
2107308,Nova Iorque,MA,-6.73047,-44.0471,4409.0,97831.34,196.6,0.201,397.33,71.45,69902.85,68639.61,1263.24,10931.86,80.44
2107357,Nova Olinda do Maranhão,MA,-2.84227,-45.6953,14379.0,245256.26,248.77,0.101,112.44,60.1,147402.46,146536.21,866.26,209.2,60.15
2107407,Olho d'Água das Cunhãs,MA,-4.13417,-45.1163,18288.0,69534.17,337.96,0.486,113.61,4.56,3171.04,1938.15,1232.89,613.29,4.6
2107456,Olinda Nova do Maranhão,MA,-2.99295,-44.9897,13921.0,19987.96,169.45,0.848,32.98,38.96,7787.48,7215.77,571.72,1221.19,41.5
2107506,Paço do Lumiar,MA,-2.51657,-44.1019,153158.0,12509.0,5234.51,41.846,5.28,36.46,4561.21,4548.35,12.86,260.62,37.24
2107605,Palmeirândia,MA,-2.64433,-44.8933,21657.0,53214.37,176.91,0.332,30.25,66.3,35282.63,33517.26,1765.37,4081.55,71.81
2107704,Paraibano,MA,-6.4264,-43.9792,18589.0,53052.42,354.6,0.668,365.81,69.92,37096.69,36803.19,293.5,14.22,69.94
2107803,Parnarama,MA,-5.67365,-43.1011,32232.0,324649.49,640.13,0.197,325.12,65.35,212154.86,203579.25,8575.61,670.46,65.48
2107902,Passagem Franca,MA,-6.17745,-43.7755,17591.0,135834.44,444.21,0.327,344.86,73.26,99509.1,98076.0,1433.1,62.13,73.29
2108009,Pastos Bons,MA,-6.60296,-44.0745,19266.0,163517.81,602.2,0.368,382.92,74.33,121548.27,120552.17,996.11,33.93,74.35
2108058,Paulino Neves,MA,-2.72094,-42.5258,17578.0,97564.23,814.31,0.835,3.43,85.61,83529.26,67101.49,16427.77,4051.65,89.32
2108108,Paulo Ramos,MA,-4.44485,-45.2398,20798.0,116859.77,351.19,0.301,150.58,43.57,50910.36,50878.82,31.55,680.06,43.82
2108207,Pedreiras,MA,-4.56482,-44.6006,38252.0,26181.62,679.62,2.596,151.74,46.53,12182.93,12176.78,6.15,217.43,46.92
2108256,Pedro do Rosário,MA,-2.97272,-45.3493,24955.0,175388.87,209.54,0.119,72.99,38.24,67077.3,65747.37,1329.93,270.54,38.3
2108306,Penalva,MA,-3.27674,-45.1768,33496.0,80091.46,375.22,0.468,52.24,35.72,28605.15,24881.4,3723.74,10933.69,41.36
2108405,Peri Mirim,MA,-2.57676,-44.8504,11229.0,39798.82,203.18,0.511,28.09,74.88,29800.15,23389.81,6410.34,4487.22,84.39
2108454,Peritoró,MA,-4.37459,-44.3369,20903.0,82470.12,471.12,0.571,136.02,64.87,53500.34,53496.06,4.28,72.11,64.93
2108504,Pindaré-Mirim,MA,-3.60985,-45.342,32542.0,26828.54,553.62,2.064,84.09,26.43,7092.06,3299.73,3792.33,3040.57,29.81
2108603,Pinheiro,MA,-2.52224,-45.0788,88091.0,151282.76,1084.26,0.717,53.56,64.75,97952.36,75497.56,22454.81,10741.6,69.7
2108702,Pio XII,MA,-3.89315,-45.1759,22374.0,54517.38,356.79,0.654,93.37,35.28,19232.93,16860.75,2372.18,2989.77,37.33
2108801,Pirapemas,MA,-3.72041,-44.2216,18132.0,68874.37,234.45,0.34,76.72,61.31,42223.94,42213.33,10.62,166.55,61.45
2108900,Poção de Pedras,MA,-4.74626,-44.9432,17394.0,99064.47,302.57,0.305,173.62,51.41,50926.02,50916.13,9.89,111.01,51.46
2109007,Porto Franco,MA,-6.34149,-47.3962,24571.0,142102.92,810.51,0.57,458.49,31.13,44238.42,44118.82,119.6,1516.95,31.47
2109056,Porto Rico do Maranhão,MA,-1.85925,-44.5842,6092.0,23387.89,194.25,0.831,3.6,81.97,19170.98,19157.49,13.49,1743.99,88.57
2109106,Presidente Dutra,MA,-5.2898,-44.495,46606.0,77158.55,1348.57,1.748,232.61,27.25,21024.37,21024.37,0.0,157.33,27.3
2109205,Presidente Juscelino,MA,-2.91872,-44.0715,11616.0,35556.97,141.96,0.399,13.84,77.54,27571.63,26575.12,996.51,552.41,78.77
2109239,Presidente Médici,MA,-2.38991,-45.82,4717.0,43765.1,78.96,0.18,89.77,12.51,5474.07,5434.5,39.57,11.7,12.51
2109270,Presidente Sarney,MA,-2.58799,-45.3595,17925.0,72620.79,238.54,0.328,81.8,64.59,46908.34,44840.76,2067.59,741.54,65.26
2109304,Presidente Vargas,MA,-3.40787,-44.0234,10791.0,46001.93,116.91,0.254,66.63,92.2,42413.45,38854.82,3558.63,234.09,92.67
2109403,Primeira Cruz,MA,-2.50568,-43.4232,13920.0,133690.37,391.99,0.293,4.04,93.44,124917.21,83145.98,41771.23,6578.08,98.27
2109452,Raposa,MA,-2.4254,-44.0973,32156.0,6893.72,1374.87,19.944,1.03,54.88,3783.2,3641.0,142.2,904.89,63.17
2109502,Riachão,MA,-7.35819,-46.6225,22740.0,640282.5,756.65,0.118,507.21,54.55,349259.35,305267.46,43991.9,613.51,54.6
2109551,Ribamar Fiquene,MA,-5.93067,-47.3888,7601.0,73345.1,205.95,0.281,424.48,27.72,20334.45,20119.25,215.2,1456.16,28.29
2109601,Rosário,MA,-2.93444,-44.2531,39761.0,64803.04,515.87,0.796,16.25,82.96,53758.15,52451.64,1306.51,4926.74,89.78
2109700,Sambaíba,MA,-7.13447,-45.3515,6234.0,247587.63,198.88,0.08,441.55,64.97,160863.72,155021.01,5842.71,592.05,65.13
2109759,Santa Filomena do Maranhão,MA,-5.49671,-44.5638,6833.0,62318.81,101.28,0.163,254.85,40.08,24979.21,24979.21,0.0,8.99,40.09
2109809,Santa Helena,MA,-2.24426,-45.29,43200.0,219129.98,322.57,0.147,55.52,60.53,132631.89,106049.33,26582.56,12910.39,64.32
2109908,Santa Inês,MA,-3.65112,-45.3774,88249.0,78671.55,1919.62,2.44,89.91,12.91,10158.22,9322.05,836.17,714.49,13.03
2110005,Santa Luzia,MA,-4.06873,-45.69,58839.0,483712.59,982.98,0.203,145.89,28.75,139082.26,138811.64,270.62,701.12,28.79
2110039,Santa Luzia do Paruá,MA,-2.51123,-45.7801,24890.0,101038.88,496.85,0.492,98.64,19.47,19676.45,15961.13,3715.31,34.74,19.48
2110104,Santa Quitéria do Maranhão,MA,-3.49308,-42.5688,24495.0,143032.56,386.66,0.27,83.41,75.8,108419.11,106965.36,1453.76,889.95,76.27
2110203,Santa Rita,MA,-3.14241,-44.3211,38542.0,75675.91,520.16,0.687,23.15,72.18,54622.33,36796.44,17825.89,1291.38,73.43
2110237,Santana do Maranhão,MA,-3.109,-42.4064,10759.0,93198.83,92.48,0.099,38.42,90.5,84342.88,84132.75,210.12,0.89,90.5
2110278,Santo Amaro do Maranhão,MA,-2.50068,-43.238,14287.0,157816.53,556.16,0.352,13.97,67.53,106577.55,46313.55,60264.0,10285.08,72.24
2110302,Santo Antônio dos Lopes,MA,-4.86613,-44.3653,14628.0,77093.78,353.58,0.459,188.19,62.11,47880.83,47880.83,0.0,46.86,62.15
2110401,São Benedito do Rio Preto,MA,-3.33515,-43.5287,18810.0,93150.63,291.58,0.313,88.68,84.66,78865.41,78253.1,612.31,286.32,84.93
2110500,São Bento,MA,-2.69781,-44.8289,48166.0,45699.01,562.15,1.23,21.71,60.13,27477.18,25263.61,2213.57,6218.2,69.6
2110609,São Bernardo,MA,-3.37223,-42.4191,27910.0,100578.17,593.23,0.59,65.78,81.84,82308.27,80436.64,1871.63,1009.68,82.66
2110658,São Domingos do Azeitão,MA,-6.81471,-44.6509,8236.0,96115.42,273.28,0.284,400.22,59.81,57490.11,57204.69,285.42,28.76,59.83
2110708,São Domingos do Maranhão,MA,-5.58095,-44.3822,35247.0,115198.08,862.86,0.749,266.01,32.8,37783.5,37772.55,10.94,87.29,32.82
2110807,São Félix de Balsas,MA,-7.07535,-44.8092,4491.0,203328.15,166.48,0.082,429.2,69.41,141122.02,139735.13,1386.89,340.69,69.52
2110856,São Francisco do Brejão,MA,-5.12584,-47.389,9202.0,74536.11,285.05,0.382,364.27,21.98,16380.12,16159.91,220.2,25.65,21.98
2110906,São Francisco do Maranhão,MA,-6.25159,-42.8668,12360.0,228422.6,198.38,0.087,387.27,91.45,208899.33,194714.67,14184.65,912.51,91.82
2111003,São João Batista,MA,-2.95398,-44.7953,18889.0,64996.87,169.81,0.261,11.92,63.43,41229.69,12807.59,28422.1,13843.44,80.6
2111029,São João do Carú,MA,-3.5503,-46.2507,12360.0,90989.43,184.44,0.203,175.32,46.78,42561.68,42561.68,0.0,152.42,46.86
2111052,São João do Paraíso,MA,-6.45634,-47.0594,10091.0,205230.51,333.71,0.163,445.35,39.44,80932.91,79208.01,1724.9,48.95,39.44
2111078,São João do Soter,MA,-5.10821,-43.8163,17253.0,143807.78,307.58,0.214,232.37,66.92,96233.14,92595.08,3638.05,88.07,66.96
2111102,São João dos Patos,MA,-6.4934,-43.7036,25910.0,148328.4,671.26,0.453,380.61,75.74,112347.57,109049.41,3298.17,5151.04,78.47
2111201,São José de Ribamar,MA,-2.54704,-44.0597,259164.0,17906.04,6510.23,36.358,0.54,44.38,7946.08,7933.31,12.77,856.03,46.6
2111250,São José dos Basílios,MA,-5.05493,-44.5809,7094.0,35371.3,128.96,0.365,205.97,48.18,17041.21,17041.21,0.0,1201.02,49.87
2111300,São Luís,MA,-2.53874,-44.2825,1089215.0,58307.58,18065.93,30.984,3.54,46.03,26839.97,26707.44,132.53,4052.93,49.47
2111409,São Luís Gonzaga do Maranhão,MA,-4.38541,-44.6654,18123.0,90915.38,151.81,0.167,131.59,47.01,42738.78,42669.42,69.36,270.64,47.15
2111508,São Mateus do Maranhão,MA,-4.03736,-44.4707,40177.0,80012.52,691.78,0.865,96.13,38.39,30713.08,26876.82,3836.26,2095.17,39.42
2111532,São Pedro da Água Branca,MA,-5.08472,-48.4291,14786.0,72047.33,383.09,0.532,297.17,29.99,21603.44,18177.42,3426.01,5068.07,32.25
2111573,São Pedro dos Crentes,MA,-6.82389,-46.5319,5993.0,97953.86,138.86,0.142,449.66,55.93,54784.8,54020.35,764.45,17.76,55.94
2111607,São Raimundo das Mangabeiras,MA,-7.02183,-45.4809,19158.0,352401.98,793.41,0.225,431.92,75.16,264880.09,254340.05,10540.04,155.51,75.2
2111631,São Raimundo do Doca Bezerra,MA,-5.11053,-45.0696,5761.0,41954.14,134.56,0.321,215.73,47.25,19824.6,19818.99,5.61,35.35,47.29
2111672,São Roberto,MA,-5.0231,-45.001,4577.0,22681.18,113.02,0.498,204.86,55.69,12631.86,12631.86,0.0,47.02,55.81
2111706,São Vicente Ferrer,MA,-2.89487,-44.8681,19865.0,39392.71,197.23,0.501,20.36,53.85,21211.89,16593.45,4618.44,3124.13,58.49
2111722,Satubinha,MA,-4.04913,-45.2457,8821.0,44186.01,105.24,0.238,112.05,25.24,11153.24,6664.55,4488.68,1000.19,25.83
2111748,Senador Alexandre Costa,MA,-5.25096,-44.0533,10447.0,42645.71,249.2,0.584,237.88,58.07,24763.05,24749.96,13.09,32.41,58.11
2111763,Senador La Rocque,MA,-5.4461,-47.2959,15044.0,73705.75,326.11,0.442,380.26,22.92,16896.07,16685.71,210.36,43.26,22.94
2111789,Serrano do Maranhão,MA,-1.85229,-45.1207,10475.0,118527.44,195.77,0.165,22.48,88.78,105223.51,103564.86,1658.64,3069.53,91.14
2111805,Sítio Novo,MA,-5.87601,-46.7033,17464.0,311476.49,333.11,0.107,370.3,49.04,152743.81,150832.8,1911.01,66.4,49.05
2111904,Sucupira do Norte,MA,-6.47839,-44.1919,10471.0,107442.68,322.84,0.3,367.21,77.41,83172.81,82961.33,211.48,5.95,77.42
2111953,Sucupira do Riachão,MA,-6.40858,-43.5455,5081.0,86224.1,176.29,0.204,377.1,85.68,73878.94,73803.24,75.7,7.82,85.69
2112001,Tasso Fragoso,MA,-8.4662,-45.7536,9130.0,436928.86,300.85,0.069,594.45,66.32,289762.89,288775.49,987.4,654.12,66.42
2112100,Timbiras,MA,-4.25597,-43.932,27328.0,148657.62,442.04,0.297,143.47,79.22,117773.72,117757.49,16.23,257.67,79.36
2112209,Timon,MA,-5.09769,-42.8329,182711.0,176316.66,4175.11,2.368,261.86,82.45,145367.25,140489.23,4878.02,1385.98,83.1
2112233,Trizidela do Vale,MA,-4.538,-44.628,23097.0,29172.6,407.55,1.397,148.6,54.33,15848.87,15837.38,11.5,132.27,54.58
2112274,Tufilândia,MA,-3.67355,-45.6238,5633.0,27091.04,114.47,0.423,114.58,20.56,5569.87,3545.98,2023.89,1285.68,21.58
2112308,Tuntum,MA,-5.25476,-44.6444,37364.0,336904.04,593.2,0.176,227.75,47.35,159531.63,159456.43,75.19,3818.99,47.9
2112407,Turiaçu,MA,-1.65893,-45.3798,38993.0,261621.76,423.76,0.162,2.29,70.11,183428.8,181494.39,1934.41,9718.94,72.82
2112456,Turilândia,MA,-2.21638,-45.3044,33219.0,150796.23,265.68,0.176,52.36,51.16,77141.87,70264.76,6877.11,7650.34,53.89
2112506,Tutóia,MA,-2.76141,-42.2755,55076.0,155773.39,2502.88,1.607,0.29,87.77,136724.55,129978.72,6745.83,10699.99,94.25
2112605,Urbano Santos,MA,-3.20642,-43.3878,34143.0,170620.46,554.4,0.325,76.08,79.53,135686.6,131920.27,3766.33,31.68,79.54
2112704,Vargem Grande,MA,-3.53639,-43.917,44444.0,195875.42,727.94,0.372,83.44,75.92,148714.12,148451.35,262.77,471.27,76.11
2112803,Viana,MA,-3.20451,-44.9912,53176.0,116673.38,627.6,0.538,30.59,59.94,69931.96,37885.83,32046.12,20683.81,72.85
2112852,Vila Nova dos Martírios,MA,-5.18889,-48.1336,10561.0,118999.96,299.53,0.252,322.31,25.06,29820.39,25465.01,4355.38,1678.27,25.42
2112902,Vitória do Mearim,MA,-3.45125,-44.8643,31859.0,71560.48,581.8,0.813,33.53,62.27,44557.22,31720.24,12836.98,2274.86,64.31
2113009,Vitorino Freire,MA,-4.28184,-45.2505,31920.0,119337.16,549.64,0.461,134.74,14.32,17087.88,15068.61,2019.27,1860.12,14.55
2114007,Zé Doca,MA,-3.27014,-45.6553,41815.0,214007.58,817.58,0.382,104.75,27.01,57802.58,57769.82,32.76,226.26,27.04
2200053,Acauã,PI,-8.21954,-41.0831,6323.0,128077.81,160.08,0.125,536.8,57.65,73835.4,72701.34,1134.06,162.27,57.72
2200103,Agricolândia,PI,-5.79676,-42.6664,5016.0,11243.97,231.19,2.056,334.0,86.45,9720.02,9542.02,178.0,1.6,86.46
2200202,Água Branca,PI,-5.88856,-42.637,18095.0,9682.99,717.37,7.409,343.6,77.63,7517.16,6910.46,606.7,25.17,77.83
2200251,Alagoinha do Piauí,PI,-7.00039,-40.9282,6876.0,53588.1,140.04,0.261,443.24,62.98,33751.87,33716.99,34.88,1.6,62.99
2200277,Alegrete do Piauí,PI,-7.24196,-40.8566,4707.0,24373.82,105.91,0.435,456.54,64.73,15776.95,15766.3,10.65,10.56,64.76
2200301,Alto Longá,PI,-5.25634,-42.2096,13729.0,174335.12,419.06,0.24,269.03,84.93,148064.89,127360.85,20704.04,270.12,85.06
2200400,Altos,PI,-5.03888,-42.4612,50094.0,95730.86,1370.84,1.432,247.99,84.32,80720.24,79611.43,1108.81,82.12,84.39
2200459,Alvorada do Gurguéia,PI,-8.42418,-43.777,5474.0,213154.79,388.5,0.182,586.97,83.92,178884.07,178764.24,119.83,73.33,83.95
2200509,Amarante,PI,-6.24304,-42.8433,17594.0,115214.68,618.75,0.537,385.87,92.31,106359.49,102805.23,3554.26,1135.11,93.23
2200608,Angical do Piauí,PI,-6.08786,-42.74,6991.0,22200.3,249.56,1.124,367.05,94.09,20888.25,20347.62,540.63,3.2,94.1
2200707,Anísio de Abreu,PI,-9.18564,-43.0494,9649.0,33788.02,434.08,1.285,607.42,75.23,25419.28,25399.41,19.86,18.89,75.27
2200806,Antônio Almeida,PI,-7.21276,-44.1889,3234.0,64479.95,143.35,0.222,447.72,78.44,50579.17,50317.09,262.08,214.64,78.7
2200905,Aroazes,PI,-6.11022,-41.7822,5413.0,82124.12,173.18,0.211,351.82,91.09,74810.49,71227.7,3582.78,1120.64,92.35
2200954,Aroeiras do Itaim,PI,-7.24502,-41.5325,2777.0,31625.58,15.17,0.048,473.81,72.32,22873.0,22803.63,69.37,16.41,72.36
2201002,Arraial,PI,-6.65075,-42.5418,4517.0,68279.63,127.36,0.187,426.31,89.91,61389.64,58650.55,2739.09,50.44,89.98
2201051,Assunção do Piauí,PI,-5.865,-41.0389,7596.0,169089.11,144.53,0.085,321.51,82.66,139773.26,139773.26,0.0,4.54,82.66
2201101,Avelino Lopes,PI,-10.1345,-43.9563,11118.0,122041.38,239.29,0.196,634.53,88.03,107427.47,107427.47,0.0,137.86,88.12
2201150,Baixa Grande do Ribeiro,PI,-7.84903,-45.219,13983.0,780889.07,705.73,0.09,517.83,51.13,399262.01,397399.88,1862.13,28.77,51.13
2201176,Barra D'Alcântara,PI,-6.51645,-42.1146,4099.0,26396.09,113.0,0.428,402.86,96.76,25540.0,22689.44,2850.57,12.53,96.8
2201200,Barras,PI,-4.24468,-42.2922,49703.0,172251.35,638.03,0.37,158.97,84.07,144809.28,142846.07,1963.22,808.88,84.47
2201309,Barreiras do Piauí,PI,-9.9296,-45.4702,3336.0,216870.28,118.84,0.055,749.59,87.61,190008.34,179951.34,10057.01,59.75,87.64
2201408,Barro Duro,PI,-5.81673,-42.5147,6731.0,15942.19,236.34,1.482,334.17,95.35,15200.37,14942.67,257.7,7.38,95.39
2201507,Batalha,PI,-4.0223,-42.0787,27129.0,158900.33,440.3,0.277,131.96,88.8,141104.21,124128.36,16975.85,779.17,89.24
2201556,Bela Vista do Piauí,PI,-7.98809,-41.8675,4225.0,49909.07,98.3,0.197,558.93,76.4,38132.17,37836.05,296.13,30.46,76.45
2201572,Belém do Piauí,PI,-7.36652,-40.9688,3515.0,24323.86,73.07,0.3,475.07,64.86,15777.44,15767.16,10.28,25.89,64.93
2201606,Beneditinos,PI,-5.45676,-42.3638,10093.0,93708.11,244.94,0.261,293.23,77.61,72729.53,62418.74,10310.79,675.02,78.18
2201705,Bertolínia,PI,-7.63338,-43.9498,5715.0,121616.29,341.66,0.281,497.55,92.4,112376.61,111389.67,986.94,139.67,92.51
2201739,Betânia do Piauí,PI,-8.14376,-40.7989,6596.0,57956.45,120.3,0.208,516.33,57.23,33170.41,33162.98,7.44,61.52,57.29
2201770,Boa Hora,PI,-4.41404,-42.1357,7140.0,33700.52,166.6,0.494,175.7,90.34,30446.2,30003.24,442.96,141.11,90.72
2201804,Bocaina,PI,-6.94124,-41.3168,4118.0,26164.51,166.61,0.637,439.42,82.08,21476.58,21400.6,75.98,573.9,83.92
2201903,Bom Jesus,PI,-9.07124,-44.359,30658.0,547102.83,1264.95,0.231,650.81,68.59,375248.78,369321.66,5927.12,584.39,68.66
2201919,Bom Princípio do Piauí,PI,-3.19631,-41.6403,5805.0,52314.69,142.01,0.271,32.92,94.53,49454.43,49454.43,0.0,38.65,94.6
2201929,Bonfim do Piauí,PI,-9.1605,-42.8865,6117.0,28914.9,115.92,0.401,595.45,70.31,20330.0,20325.85,4.15,45.2,70.42
2201945,Boqueirão do Piauí,PI,-4.48181,-42.1212,6751.0,26980.1,248.4,0.921,182.99,90.75,24484.35,23941.58,542.77,65.69,90.97
2201960,Brasileira,PI,-4.1337,-41.7859,8684.0,88081.86,181.37,0.206,137.82,89.87,79162.94,78836.29,326.64,89.44,89.97
2201988,Brejo do Piauí,PI,-8.20314,-42.8229,3964.0,226730.36,73.2,0.032,590.89,95.84,217308.39,216949.0,359.4,43.9,95.86
2202000,Buriti dos Lopes,PI,-3.18259,-41.8695,20130.0,69057.96,373.74,0.541,39.7,84.88,58615.36,51533.28,7082.08,5441.54,92.14
2202026,Buriti dos Montes,PI,-5.30584,-41.0933,7517.0,243730.36,269.4,0.111,259.38,84.06,204886.74,204884.7,2.05,70.09,84.09
2202059,Cabeceiras do Piauí,PI,-4.4773,-42.3069,10466.0,60875.5,64.18,0.105,184.74,73.9,44989.93,43604.93,1385.0,175.42,74.12
2202075,Cajazeiras do Piauí,PI,-6.79667,-42.3903,3135.0,51409.35,115.61,0.225,439.56,82.04,42176.11,40838.59,1337.52,116.85,82.23
2202083,Cajueiro da Praia,PI,-2.93111,-41.3408,8246.0,26971.93,442.76,1.642,1.13,71.57,19303.37,19303.37,0.0,1604.64,76.1
2202091,Caldeirão Grande do Piauí,PI,-7.3314,-40.6366,5602.0,46700.59,91.79,0.197,449.0,65.92,30786.32,30786.32,0.0,14.1,65.94
2202109,Campinas do Piauí,PI,-7.6593,-41.8775,4964.0,78383.93,201.62,0.257,522.97,68.6,53768.98,53363.46,405.52,577.61,69.11
2202117,Campo Alegre do Fidalgo,PI,-8.38236,-41.8344,4698.0,65777.7,76.27,0.116,580.18,84.55,55616.63,55595.39,21.24,93.44,84.67
2202133,Campo Grande do Piauí,PI,-7.12827,-41.0315,6211.0,31164.39,173.72,0.557,461.26,66.9,20848.06,20838.66,9.4,11.71,66.92
2202174,Campo Largo do Piauí,PI,-3.80441,-42.64,7669.0,47808.11,116.32,0.243,118.66,81.27,38853.28,38340.84,512.44,655.5,82.4
2202208,Campo Maior,PI,-4.8217,-42.1641,47119.0,168082.01,1061.31,0.631,220.86,61.79,103859.27,89253.47,14605.79,1522.23,62.36
2202251,Canavieira,PI,-7.68821,-43.7233,3404.0,216514.05,281.15,0.13,508.18,88.57,191770.29,189553.2,2217.09,41.67,88.59
2202307,Canto do Buriti,PI,-8.1111,-42.9517,19639.0,432543.69,731.58,0.169,576.47,86.58,374504.96,373319.71,1185.25,59.39,86.59
2202406,Capitão de Campos,PI,-4.457,-41.944,11362.0,57165.72,226.48,0.396,176.19,91.37,52230.31,50852.33,1377.98,30.84,91.42
2202455,Capitão Gervásio Oliveira,PI,-8.49655,-41.814,4071.0,113296.5,74.56,0.066,568.65,81.13,91913.0,91548.13,364.88,854.35,81.74
2202505,Caracol,PI,-9.27933,-43.329,10546.0,161094.2,261.43,0.162,625.27,91.76,147819.1,147772.15,46.95,32.13,91.78
2202539,Caraúbas do Piauí,PI,-3.47525,-41.8425,5581.0,47124.38,36.68,0.078,68.6,85.27,40181.49,39067.36,1114.13,147.94,85.54
2202554,Caridade do Piauí,PI,-7.73435,-40.9848,5176.0,49878.43,107.39,0.215,507.55,67.18,33508.47,33490.04,18.43,20.82,67.21
2202604,Castelo do Piauí,PI,-5.31869,-41.5499,19669.0,237889.7,506.9,0.213,261.65,94.47,224734.81,221907.07,2827.73,245.46,94.57
2202653,Caxingó,PI,-3.41904,-41.8955,5682.0,49106.18,65.06,0.132,65.0,90.17,44280.25,40972.21,3308.04,950.31,91.95
2202703,Cocal,PI,-3.47279,-41.5546,29302.0,129416.14,578.26,0.447,62.49,88.72,114816.1,114685.1,131.0,73.53,88.77
2202711,Cocal de Telha,PI,-4.5571,-41.9587,5046.0,31031.32,124.5,0.401,187.36,93.11,28894.77,28382.9,511.87,6.51,93.13
2202729,Cocal dos Alves,PI,-3.62047,-41.4402,6596.0,32483.19,193.71,0.596,74.02,81.99,26633.81,26633.81,0.0,7.14,82.01
2202737,Coivaras,PI,-5.09224,-42.208,4249.0,48443.65,173.2,0.358,251.12,78.75,38147.9,33717.62,4430.28,21.02,78.78
2202752,Colônia do Gurguéia,PI,-8.1837,-43.794,6294.0,42956.56,552.06,1.285,560.45,81.57,35040.54,34981.23,59.31,30.09,81.63
2202778,Colônia do Piauí,PI,-7.22651,-42.1756,7067.0,95013.08,192.31,0.202,481.04,89.52,85054.39,84817.2,237.19,229.04,89.73
2202802,Conceição do Canindé,PI,-7.87638,-41.5942,5078.0,82474.58,111.16,0.135,543.92,87.88,72479.89,72414.35,65.54,77.05,87.96
2202851,Coronel José Dias,PI,-8.81397,-42.5232,4291.0,192609.82,98.7,0.051,592.45,86.05,165747.05,165593.4,153.65,223.5,86.15
2202901,Corrente,PI,-10.4333,-45.1633,28381.0,304875.22,565.31,0.185,740.83,75.21,229306.03,228597.49,708.54,125.43,75.24
2203008,Cristalândia do Piauí,PI,-10.6443,-45.1893,7431.0,120288.98,99.5,0.083,733.21,67.7,81435.86,81426.01,9.84,81.21,67.75
2203107,Cristino Castro,PI,-8.82273,-44.223,10801.0,184576.18,347.12,0.188,624.45,88.03,162481.8,161437.8,1044.01,70.27,88.06
2203206,Curimatá,PI,-10.0326,-44.3002,11581.0,234493.52,434.34,0.185,673.34,88.32,207114.45,207065.98,48.47,885.36,88.66
2203230,Currais,PI,-9.01175,-44.4062,4977.0,315662.47,174.19,0.055,643.96,60.28,190292.2,189570.46,721.74,42.24,60.29
2203255,Curralinhos,PI,-5.60825,-42.8376,4555.0,34582.97,142.81,0.413,316.88,88.23,30512.35,29979.35,533.0,11.92,88.26
2203271,Curral Novo do Piauí,PI,-7.8313,-40.8957,5191.0,75526.93,72.64,0.096,508.08,69.66,52609.56,52578.38,31.18,27.28,69.68
2203305,Demerval Lobão,PI,-5.35875,-42.6776,17139.0,21682.58,694.17,3.201,286.38,90.68,19661.44,19131.33,530.11,208.67,91.56
2203354,Dirceu Arcoverde,PI,-9.33939,-42.4348,7259.0,100555.92,96.36,0.096,545.1,71.21,71603.82,71586.97,16.85,180.93,71.34
2203404,Dom Expedito Lopes,PI,-6.95332,-41.6396,6410.0,21882.21,370.56,1.693,442.51,89.14,19506.74,19501.5,5.24,5.33,89.17
2203420,Domingos Mourão,PI,-4.2495,-41.2683,4129.0,84871.44,70.44,0.083,141.74,72.16,61242.97,61242.97,0.0,19.17,72.18
2203453,Dom Inocêncio,PI,-9.00516,-41.9697,9332.0,387183.77,108.11,0.028,535.54,86.6,335293.19,335024.17,269.02,1005.98,86.82
2203503,Elesbão Veloso,PI,-6.19947,-42.1355,13743.0,138397.29,371.83,0.269,369.34,91.37,126451.9,106654.31,19797.59,157.87,91.47
2203602,Eliseu Martins,PI,-8.09629,-43.6705,4421.0,109784.32,297.81,0.271,553.54,82.47,90542.83,90264.12,278.71,259.72,82.67
2203701,Esperantina,PI,-3.88863,-42.2324,42710.0,90879.27,784.76,0.864,119.26,89.84,81642.29,78930.9,2711.39,492.2,90.33
2203750,Fartura do Piauí,PI,-9.48342,-42.7912,5426.0,71306.42,65.63,0.092,564.68,83.23,59346.9,59346.9,0.0,47.19,83.28
2203800,Flores do Piauí,PI,-7.78793,-42.918,4512.0,94675.29,138.12,0.146,544.23,89.33,84575.59,84176.91,398.68,61.67,89.39
2203859,Floresta do Piauí,PI,-7.46682,-41.7883,2354.0,22319.26,64.37,0.288,500.66,73.22,16341.32,16296.73,44.59,6.21,73.24
2203909,Floriano,PI,-6.77182,-43.0241,64393.0,340796.12,2235.76,0.656,436.16,87.26,297372.86,285971.34,11401.52,744.63,87.45
2204006,Francinópolis,PI,-6.39334,-42.2591,4481.0,26868.97,172.02,0.64,393.0,97.5,26197.68,25634.52,563.16,8.44,97.53
2204105,Francisco Ayres,PI,-6.62606,-42.6881,4548.0,65642.46,122.92,0.187,425.22,89.07,58470.14,57073.86,1396.28,117.15,89.23
2204154,Francisco Macedo,PI,-7.331,-40.788,2985.0,17926.42,50.11,0.28,458.65,78.26,14028.8,14028.8,0.0,385.78,79.98
2204204,Francisco Santos,PI,-6.99491,-41.1288,8349.0,49214.28,235.6,0.479,445.66,65.22,32096.95,32087.54,9.41,0.98,65.22
2204303,Fronteiras,PI,-7.08173,-40.6146,10344.0,77725.44,277.3,0.357,425.36,70.28,54627.81,54474.72,153.09,180.93,70.45
2204352,Geminiano,PI,-7.15476,-41.3409,5604.0,44064.28,147.09,0.334,463.06,75.51,33273.71,33226.6,47.11,40.99,75.58
2204402,Gilbués,PI,-9.83001,-45.3423,11193.0,349585.19,384.2,0.11,737.14,71.44,249736.08,241102.75,8633.33,710.69,71.58
2204501,Guadalupe,PI,-6.78285,-43.5594,10480.0,102650.24,685.88,0.668,415.88,61.3,62924.71,61828.91,1095.8,7968.92,66.46
2204550,Guaribas,PI,-9.38647,-43.6943,4344.0,311827.81,161.2,0.052,651.17,97.12,302847.64,302832.97,14.66,4.94,97.12
2204600,Hugo Napoleão,PI,-5.9886,-42.5598,3550.0,22456.57,90.52,0.403,353.58,93.87,21079.56,20592.16,487.39,22.41,93.96
2204659,Ilha Grande,PI,-2.85774,-41.8186,9522.0,12963.51,400.55,3.09,9.45,59.06,7656.68,5097.43,2559.25,908.55,63.51
2204709,Inhuma,PI,-6.665,-41.7041,15268.0,97821.84,616.41,0.63,411.51,89.53,87579.04,86941.65,637.4,19.0,89.55
2204808,Ipiranga do Piauí,PI,-6.82421,-41.7381,9627.0,52943.8,382.64,0.723,429.43,93.11,49295.85,47881.15,1414.7,6.04,93.12
2204907,Isaías Coelho,PI,-7.73597,-41.6735,7867.0,80070.1,258.91,0.323,529.07,70.31,56299.06,55169.12,1129.94,348.95,70.62
2205003,Itainópolis,PI,-7.44336,-41.4687,10969.0,82761.66,263.98,0.319,495.36,75.28,62307.1,62207.52,99.58,55.16,75.34
2205102,Itaueira,PI,-7.59989,-43.0249,10477.0,255413.74,262.09,0.103,520.6,92.14,235335.21,233231.21,2104.0,142.27,92.19
2205151,Jacobina do Piauí,PI,-7.93063,-41.2075,5711.0,133379.17,176.78,0.133,540.3,67.99,90680.45,89796.48,883.98,1110.12,68.56
2205201,Jaicós,PI,-7.36229,-41.1371,17789.0,86675.75,399.23,0.461,487.69,70.76,61333.81,61239.37,94.44,64.74,70.82
2205250,Jardim do Mulato,PI,-6.099,-42.63,4235.0,51021.63,112.28,0.22,366.59,90.53,46191.36,44983.96,1207.4,95.39,90.7
2205276,Jatobá do Piauí,PI,-4.77025,-41.817,4560.0,65041.84,56.4,0.087,207.55,91.97,59822.16,48837.41,10984.76,86.05,92.1
2205300,Jerumenha,PI,-7.09128,-43.5033,4606.0,186596.44,315.7,0.169,450.3,82.18,153350.82,147174.91,6175.9,133.13,82.24
2205359,João Costa,PI,-8.50736,-42.4264,3033.0,180028.24,112.14,0.062,610.07,95.12,171241.18,171133.1,108.08,93.4,95.17
2205409,Joaquim Pires,PI,-3.50164,-42.1865,14265.0,74055.58,164.19,0.222,76.32,82.69,61238.87,57788.12,3450.75,1694.2,84.63
2205458,Joca Marques,PI,-3.4804,-42.4255,5552.0,16902.48,121.8,0.721,77.42,70.79,11965.34,11556.64,408.7,402.73,72.52
2205508,José de Freitas,PI,-4.75146,-42.5746,44689.0,153818.29,1028.97,0.669,218.26,60.79,93502.04,91459.88,2042.16,368.87,60.93
2205516,Juazeiro do Piauí,PI,-5.17459,-41.6976,5308.0,93540.65,153.7,0.164,248.2,93.41,87380.33,87094.48,285.85,76.86,93.49
2205524,Júlio Borges,PI,-10.3225,-44.2381,5501.0,128389.1,116.31,0.091,653.77,84.83,108911.26,108911.26,0.0,152.94,84.93
2205532,Jurema,PI,-9.21992,-43.1337,4501.0,127193.91,120.05,0.094,612.27,93.12,118441.18,118410.54,30.64,35.22,93.14
2205540,Lagoinha do Piauí,PI,-5.83074,-42.6223,3044.0,6763.41,136.36,2.016,337.05,93.4,6317.07,6138.2,178.87,2.31,93.43
2205557,Lagoa Alegre,PI,-4.51539,-42.6309,8464.0,39419.99,145.99,0.37,193.95,60.95,24026.22,23928.53,97.69,34.67,61.0
2205565,Lagoa do Barro do Piauí,PI,-8.47673,-41.5342,5171.0,133101.79,93.4,0.07,552.77,83.25,110811.74,110732.62,79.12,240.85,83.4
2205573,Lagoa de São Francisco,PI,-4.38505,-41.5969,6446.0,15587.93,131.04,0.841,160.34,96.97,15115.83,15115.83,0.0,8.47,97.02
2205581,Lagoa do Piauí,PI,-5.41864,-42.6437,5017.0,42787.32,268.09,0.627,292.29,85.74,36685.77,33531.44,3154.33,175.88,86.09
2205599,Lagoa do Sítio,PI,-6.50766,-41.5653,4559.0,80502.57,222.98,0.277,392.7,92.72,74641.24,74299.48,341.76,16.7,92.74
2205607,Landri Sales,PI,-7.25922,-43.9364,5309.0,108859.74,233.71,0.215,457.05,84.92,92445.64,91615.01,830.64,234.16,85.1
2205706,Luís Correia,PI,-2.88438,-41.6641,31901.0,107159.29,2437.91,2.275,2.17,80.28,86024.53,84229.83,1794.7,2224.25,81.98
2205805,Luzilândia,PI,-3.4683,-42.3718,26143.0,70558.1,575.21,0.815,74.67,81.9,57786.77,54927.72,2859.05,2111.16,84.43
2205854,Madeiro,PI,-3.48624,-42.4981,8231.0,17883.21,158.21,0.885,80.62,71.61,12806.45,12498.24,308.21,1537.28,78.35
2205904,Manoel Emídio,PI,-8.01234,-43.8755,5315.0,162032.79,291.3,0.18,540.24,88.66,143654.8,143467.1,187.7,86.05,88.7
2205953,Marcolândia,PI,-7.44169,-40.6602,8822.0,13678.9,264.05,1.93,459.29,55.08,7533.93,7531.81,2.13,5.41,55.1
2206001,Marcos Parente,PI,-7.11565,-43.8926,4863.0,67735.05,171.34,0.253,442.38,94.14,63763.86,63562.17,201.69,11.8,94.15
2206050,Massapê do Piauí,PI,-7.47469,-41.1103,5165.0,53019.83,75.27,0.142,494.5,70.61,37438.53,37289.07,149.46,42.82,70.67
2206100,Matias Olímpio,PI,-3.71492,-42.5507,10886.0,22679.27,158.89,0.701,106.37,77.44,17563.52,17356.35,207.16,537.73,79.32
2206209,Miguel Alves,PI,-4.16857,-42.8963,33074.0,139208.85,422.01,0.303,164.57,83.81,116668.5,116437.55,230.94,1677.56,84.83
2206308,Miguel Leão,PI,-5.68077,-42.7436,1355.0,9339.94,37.37,0.4,322.72,96.93,9052.84,9027.04,25.8,1.78,96.94
2206357,Milton Brandão,PI,-4.68295,-41.4173,6681.0,130917.4,97.66,0.075,190.25,91.29,119508.31,119385.77,122.53,66.3,91.33
2206407,Monsenhor Gil,PI,-5.562,-42.6075,10513.0,56782.92,481.33,0.848,307.38,94.42,53611.9,48809.64,4802.26,34.44,94.47
2206506,Monsenhor Hipólito,PI,-6.99275,-41.026,7762.0,40158.38,175.74,0.438,445.99,53.37,21432.08,21426.4,5.68,1.24,53.37
2206605,Monte Alegre do Piauí,PI,-9.75364,-45.3037,10928.0,241745.32,355.24,0.147,728.33,74.42,179903.49,177828.75,2074.74,601.53,74.6
2206654,Morro Cabeça no Tempo,PI,-9.71891,-43.9072,4456.0,220766.65,210.67,0.095,651.52,85.89,189619.09,189613.19,5.91,20.35,85.9
2206670,Morro do Chapéu do Piauí,PI,-3.73337,-42.3024,6548.0,32841.22,151.93,0.463,102.6,90.08,29581.87,28968.35,613.51,72.0,90.27
2206696,Murici dos Portelas,PI,-3.319,-42.094,10210.0,47572.75,93.98,0.198,55.19,91.28,43423.21,39037.77,4385.44,1005.55,93.25
2206704,Nazaré do Piauí,PI,-6.97023,-42.6773,6697.0,131580.9,239.64,0.182,462.9,86.81,114226.4,112156.04,2070.36,380.72,87.06
2206720,Nazária,PI,-5.35128,-42.8153,10821.0,36238.63,728.23,2.01,288.62,82.3,29825.69,28842.85,982.85,617.18,83.73
2206753,Nossa Senhora de Nazaré,PI,-4.63019,-42.173,5442.0,35686.98,78.15,0.219,199.92,44.37,15835.45,13202.12,2633.33,503.83,45.01
2206803,Nossa Senhora dos Remédios,PI,-3.97574,-42.6184,8751.0,35786.62,131.64,0.368,136.09,88.26,31586.25,31528.28,57.97,20.24,88.31
2206902,Novo Oriente do Piauí,PI,-6.44901,-41.9261,6158.0,52587.63,181.96,0.346,391.39,92.73,48765.96,42610.6,6155.35,21.41,92.77
2206951,Novo Santo Antônio,PI,-5.28749,-41.9325,2888.0,44387.44,120.37,0.271,266.09,92.37,41000.64,34118.49,6882.15,100.42,92.58
2207009,Oeiras,PI,-7.01915,-42.1283,39687.0,270320.58,1164.45,0.431,457.52,88.83,240124.94,232426.1,7698.84,252.23,88.91
2207108,Olho D'Água do Piauí,PI,-5.84125,-42.5594,2730.0,18362.21,173.62,0.946,337.37,87.4,16049.08,15646.18,402.9,7.2,87.44
2207207,Padre Marcos,PI,-7.35101,-40.8997,6468.0,27871.07,126.46,0.454,468.6,67.9,18925.25,18921.44,3.81,20.57,67.95
2207306,Paes Landim,PI,-7.77375,-42.2474,4176.0,40142.67,82.31,0.205,541.93,73.16,29367.58,29360.76,6.82,12.23,73.18
2207355,Pajeú do Piauí,PI,-7.85508,-42.8248,3032.0,98697.41,70.69,0.072,554.91,91.99,90790.52,90255.13,535.39,28.25,92.02
2207405,Palmeira do Piauí,PI,-8.73076,-44.2466,5047.0,202414.64,122.88,0.061,614.1,70.27,142243.73,141900.87,342.86,23.52,70.28
2207504,Palmeirais,PI,-5.97086,-43.056,13458.0,149373.8,477.55,0.32,355.83,94.29,140844.83,131867.1,8977.73,1129.17,95.01
2207553,Paquetá,PI,-7.10303,-41.7,3873.0,43253.02,111.0,0.257,459.62,78.94,34142.11,33931.06,211.05,12.69,78.96
2207603,Parnaguá,PI,-10.2166,-44.63,10282.0,342888.5,205.14,0.06,697.83,83.9,287687.48,287678.95,8.54,2204.07,84.44
2207702,Parnaíba,PI,-2.90585,-41.7754,170491.0,43540.65,5242.53,12.041,11.56,58.6,25515.3,24972.41,542.89,2187.57,61.7
2207751,Passagem Franca do Piauí,PI,-5.86036,-42.4436,4222.0,64326.95,99.44,0.155,338.32,89.37,57488.72,51510.57,5978.16,21.08,89.4
2207777,Patos do Piauí,PI,-7.67231,-41.2408,5427.0,80138.76,117.15,0.146,520.27,66.77,53511.16,53399.86,111.3,450.76,67.15
2207793,Pau D'Arco do Piauí,PI,-5.26072,-42.3908,3979.0,43001.22,174.69,0.406,271.77,82.29,35385.67,33350.13,2035.54,11.75,82.31
2207801,Paulistana,PI,-8.13436,-41.1431,21633.0,194115.27,594.63,0.306,547.6,61.75,119860.81,119158.85,701.96,981.21,62.06
2207850,Pavussu,PI,-7.96059,-43.2284,3697.0,109080.57,70.32,0.064,551.11,87.69,95650.05,95636.67,13.37,173.4,87.83
2207900,Pedro II,PI,-4.42585,-41.4482,39072.0,154427.03,1048.08,0.679,162.27,89.49,138190.79,138120.46,70.32,130.94,89.56
2207934,Pedro Laurentino,PI,-8.06807,-42.2847,2517.0,87058.4,55.51,0.064,574.67,85.88,74765.12,74718.12,47.0,42.49,85.92
2207959,Nova Santa Rita,PI,-8.09707,-42.0471,4142.0,90975.55,74.01,0.081,573.46,83.5,75968.58,75909.26,59.32,142.71,83.64
2208007,Picos,PI,-7.07721,-41.467,86701.0,57729.51,3265.9,5.657,454.9,69.25,39977.12,39708.7,268.42,58.12,69.32
2208106,Pimenteiras,PI,-6.23839,-41.4113,11487.0,456254.44,328.31,0.072,361.95,90.12,411159.79,410747.85,411.94,99.0,90.14
2208205,Pio IX,PI,-6.83002,-40.6083,17948.0,194814.5,404.82,0.208,404.76,73.84,143853.68,143728.7,124.99,293.88,73.95
2208304,Piracuruca,PI,-3.93335,-41.7088,29721.0,236888.27,921.81,0.389,114.75,86.15,204069.26,201289.95,2779.31,3631.36,87.49
2208403,Piripiri,PI,-4.27157,-41.7716,67887.0,140718.11,1624.32,1.154,152.71,92.82,130609.28,129271.64,1337.64,815.26,93.36
2208502,Porto,PI,-3.88815,-42.6998,12323.0,25312.6,225.58,0.891,129.02,72.05,18237.97,17995.54,242.43,1514.63,76.64
2208551,Porto Alegre do Piauí,PI,-6.96423,-44.1837,2382.0,116813.68,105.35,0.09,420.54,86.57,101130.57,98725.71,2404.86,6485.85,91.66
2208601,Prata do Piauí,PI,-5.67265,-42.2046,3096.0,19678.61,159.26,0.809,313.69,75.58,14872.34,11261.39,3610.95,80.97,75.89
2208650,Queimada Nova,PI,-8.57064,-41.4106,8948.0,128339.4,108.85,0.085,536.6,76.42,98076.03,97538.8,537.24,155.98,76.51
2208700,Redenção do Gurguéia,PI,-9.47937,-44.5811,8565.0,247059.94,207.9,0.084,695.01,88.9,219629.45,212853.55,6775.9,462.08,89.06
2208809,Regeneração,PI,-6.23115,-42.6842,17400.0,125136.89,680.56,0.544,381.85,86.59,108353.04,104740.77,3612.27,20.08,86.6
2208858,Riacho Frio,PI,-10.1244,-44.9503,4238.0,222055.35,61.01,0.027,734.13,81.58,181159.69,179040.71,2118.98,659.55,81.83
2208874,Ribeira do Piauí,PI,-7.69028,-42.7128,4105.0,101242.38,136.86,0.135,542.88,88.12,89212.92,88523.84,689.08,35.6,88.15
2208908,Ribeiro Gonçalves,PI,-7.55651,-45.2447,6182.0,398716.43,167.71,0.042,486.04,67.85,270533.89,269605.61,928.28,977.26,68.02
2209005,Rio Grande do Piauí,PI,-7.78029,-43.1369,5845.0,63597.85,253.12,0.398,535.22,83.76,53267.06,53179.43,87.63,784.02,84.8
2209104,Santa Cruz do Piauí,PI,-7.1785,-41.7609,5872.0,58265.76,104.33,0.179,468.64,73.64,42908.31,42570.96,337.36,61.12,73.72
2209153,Santa Cruz dos Milagres,PI,-5.80581,-41.9506,3448.0,97854.88,171.23,0.175,322.2,95.09,93049.99,87064.45,5985.55,238.05,95.32
2209203,Santa Filomena,PI,-9.11228,-45.9116,6210.0,529359.82,158.49,0.03,667.94,70.64,373958.81,370196.13,3762.69,797.81,70.75
2209302,Santa Luz,PI,-8.9488,-44.1296,5418.0,118536.9,198.32,0.167,639.27,83.24,98666.11,97478.28,1187.83,50.79,83.27
2209351,Santana do Piauí,PI,-6.94696,-41.5178,4159.0,11217.45,192.25,1.714,440.8,91.26,10236.74,10200.26,36.48,1.33,91.27
2209377,Santa Rosa do Piauí,PI,-6.79581,-42.2814,4666.0,33832.68,212.2,0.627,437.23,77.16,26103.72,25388.19,715.53,72.8,77.32
2209401,Santo Antônio de Lisboa,PI,-6.98676,-41.2252,5930.0,38534.44,186.81,0.485,444.48,70.49,27164.72,27152.47,12.25,3.28,70.5
2209450,Santo Antônio dos Milagres,PI,-6.04647,-42.7123,2169.0,3364.19,69.8,2.075,362.06,92.66,3117.1,3113.19,3.91,2.49,92.72
2209500,Santo Inácio do Piauí,PI,-7.42072,-41.9063,3682.0,85211.31,83.79,0.098,497.23,81.1,69105.9,69073.18,32.72,10.99,81.11
2209559,São Braz do Piauí,PI,-9.05797,-43.0076,4454.0,65601.89,142.27,0.217,612.94,93.58,61389.64,61362.18,27.47,14.13,93.6
2209609,São Félix do Piauí,PI,-5.93485,-42.1172,2879.0,62701.71,126.9,0.202,340.31,91.39,57303.76,47420.38,9883.38,54.34,91.47
2209658,São Francisco de Assis do Piauí,PI,-8.23599,-41.6873,5713.0,107231.46,64.69,0.06,584.28,79.22,84947.61,84933.01,14.6,402.21,79.52
2209708,São Francisco do Piauí,PI,-7.2463,-42.541,5358.0,134147.22,163.25,0.122,491.65,90.29,121127.67,119495.15,1632.53,1317.07,91.19
2209757,São Gonçalo do Gurguéia,PI,-10.0319,-45.3092,3026.0,138520.28,57.42,0.041,759.04,81.65,113108.08,112203.09,904.99,34.35,81.67
2209807,São Gonçalo do Piauí,PI,-5.99393,-42.7095,4985.0,15051.28,149.92,0.996,356.27,75.71,11395.0,10821.29,573.71,16.81,75.79
2209856,São João da Canabrava,PI,-6.81203,-41.3415,4359.0,48055.59,128.38,0.267,425.16,91.53,43982.93,43935.69,47.23,30.45,91.58
2209872,São João da Fronteira,PI,-3.95497,-41.2569,5608.0,81711.31,201.39,0.246,109.2,80.44,65730.55,65730.55,0.0,38.71,80.48
2209906,São João da Serra,PI,-5.51081,-41.8923,6232.0,99419.46,185.55,0.187,288.96,94.02,93476.29,85186.97,8289.32,236.03,94.25
2209955,São João da Varjota,PI,-6.94082,-41.8889,4430.0,39443.6,80.07,0.203,444.41,94.57,37303.71,37191.34,112.37,8.61,94.6
2209971,São João do Arraial,PI,-3.8186,-42.4459,8494.0,21336.95,164.31,0.77,114.27,95.06,20283.17,19646.87,636.3,67.62,95.36
2210003,São João do Piauí,PI,-8.35466,-42.2559,22137.0,152746.45,574.12,0.376,605.26,84.32,128801.91,128713.78,88.13,1370.0,85.09
2210052,São José do Divino,PI,-3.81411,-41.8308,5317.0,31938.51,99.38,0.311,104.1,82.07,26210.42,23282.23,2928.19,171.56,82.51
2210102,São José do Peixe,PI,-7.48554,-42.5672,3300.0,128723.52,141.15,0.11,518.13,90.28,116211.14,115370.68,840.46,115.33,90.36
2210201,São José do Piauí,PI,-6.87194,-41.4731,6733.0,37333.6,304.41,0.815,432.25,77.36,28881.01,28797.47,83.54,20.06,77.4
2210300,São Julião,PI,-7.08391,-40.8246,6131.0,29107.81,227.15,0.78,441.53,69.37,20192.08,19995.18,196.9,361.73,70.24
2210359,São Lourenço do Piauí,PI,-9.16463,-42.5496,4497.0,67383.0,55.71,0.083,567.46,65.27,43978.39,43976.01,2.38,48.65,65.31
2210375,São Luis do Piauí,PI,-6.81936,-41.3175,2277.0,21789.91,76.54,0.351,425.94,80.87,17622.44,17590.21,32.23,286.04,81.95
2210383,São Miguel da Baixa Grande,PI,-5.85646,-42.1934,2299.0,44452.28,61.01,0.137,333.33,94.43,41976.15,33349.39,8626.76,79.71,94.6
2210391,São Miguel do Fidalgo,PI,-7.59713,-42.3676,2864.0,81342.62,64.62,0.079,525.6,88.55,72028.7,71944.94,83.76,271.22,88.85
2210409,São Miguel do Tapuio,PI,-5.49729,-41.3165,17911.0,498878.04,493.71,0.099,279.74,91.73,457639.75,452090.47,5549.29,219.93,91.77
2210508,São Pedro do Piauí,PI,-5.92078,-42.7192,14055.0,51826.92,414.79,0.8,348.44,94.07,48754.14,48010.82,743.31,10.05,94.09
2210607,São Raimundo Nonato,PI,-9.01241,-42.6987,41139.0,241528.17,1051.56,0.435,590.93,89.79,216867.91,216580.83,287.08,547.56,89.99
2210623,Sebastião Barros,PI,-10.817,-44.8337,3210.0,89350.92,51.74,0.058,689.89,69.47,62071.88,62060.98,10.9,38.95,69.5
2210631,Sebastião Leal,PI,-7.56803,-44.06,4590.0,314878.59,338.84,0.108,488.55,61.59,193920.3,192719.63,1200.67,3.28,61.59
2210656,Sigefredo Pacheco,PI,-4.91665,-41.7311,9623.0,103106.49,236.4,0.229,220.94,92.29,95153.89,91624.03,3529.86,347.64,92.6
2210706,Simões,PI,-7.59109,-40.8137,14664.0,107603.37,234.53,0.218,482.96,64.72,69644.61,69628.12,16.49,87.03,64.78
2210805,Simplício Mendes,PI,-7.85294,-41.9075,14437.0,135999.87,414.12,0.305,544.63,79.57,108221.45,108099.92,121.54,248.39,79.72
2210904,Socorro do Piauí,PI,-7.86773,-42.4922,4165.0,76181.09,111.52,0.146,557.89,90.66,69065.76,68965.57,100.19,110.01,90.79
2210938,Sussuapara,PI,-7.03687,-41.3767,6346.0,20518.79,215.39,1.05,450.1,80.89,16598.0,16552.03,45.97,23.52,80.98
2210953,Tamboril do Piauí,PI,-8.40937,-42.9211,3040.0,158733.01,53.61,0.034,608.75,95.48,151553.98,150936.27,617.71,39.1,95.5
2210979,Tanque do Piauí,PI,-6.59787,-42.2795,2319.0,39799.05,88.91,0.223,415.65,96.23,38297.11,37329.89,967.22,2.93,96.23
2211001,Teresina,PI,-5.09194,-42.8034,905692.0,139117.65,19405.99,13.949,260.43,72.59,100986.77,99888.73,1098.04,1640.77,73.46
2211100,União,PI,-4.58571,-42.8583,47896.0,117077.77,913.35,0.78,208.13,64.76,75824.21,75714.67,109.54,1733.52,65.74
2211209,Uruçuí,PI,-7.23944,-44.5577,26779.0,841290.86,1490.04,0.177,447.42,56.96,479164.73,477288.32,1876.4,1004.67,57.02
2211308,Valença do Piauí,PI,-6.40301,-41.7375,23025.0,133372.9,849.98,0.637,383.2,94.69,126284.88,122751.96,3532.92,342.67,94.93
2211357,Várzea Branca,PI,-9.238,-42.9692,5181.0,45045.5,85.0,0.189,596.93,78.28,35260.08,35251.17,8.91,13.86,78.3
2211407,Várzea Grande,PI,-6.54899,-42.248,4520.0,23647.21,136.8,0.578,409.7,96.74,22876.82,22502.67,374.14,10.57,96.79
2211506,Vera Mendes,PI,-7.59748,-41.4673,3282.0,34199.19,60.98,0.178,512.38,70.66,24166.69,24133.28,33.42,23.58,70.71
2211605,Vila Nova do Piauí,PI,-7.13272,-40.9345,2972.0,22163.42,82.51,0.372,453.93,48.07,10652.88,10650.04,2.84,53.04,48.18
2211704,Wall Ferraz,PI,-7.23151,-41.905,4195.0,27042.89,54.64,0.202,476.48,62.79,16980.38,16610.32,370.05,56.06,62.92
2300101,Abaiara,CE,-7.34588,-39.0416,10269.0,18083.6,147.57,0.816,338.97,56.15,10153.95,10153.95,0.0,14.99,56.2
2300150,Acarape,CE,-4.22083,-38.7055,14340.0,12976.09,175.11,1.349,53.23,89.41,11601.49,11601.49,0.0,259.11,91.23
2300200,Acaraú,CE,-2.88769,-40.1183,69317.0,84084.65,2084.4,2.479,5.42,43.62,36678.54,36608.89,69.65,3075.56,45.28
2300309,Acopiara,CE,-6.08911,-39.448,45937.0,225430.8,552.27,0.245,259.37,67.78,152793.88,152793.88,0.0,2190.11,68.44
2300408,Aiuaba,CE,-6.57122,-40.1178,14115.0,243859.73,220.1,0.09,346.65,80.72,196841.57,196826.12,15.45,765.13,80.97
2300507,Alcântaras,CE,-3.58537,-40.5479,11795.0,13576.26,245.73,1.81,83.86,95.11,12912.86,12912.86,0.0,3.48,95.14
2300606,Altaneira,CE,-6.99837,-39.7356,6974.0,7266.79,111.38,1.533,353.52,81.09,5892.41,5892.41,0.0,8.96,81.19
2300705,Alto Santo,CE,-5.50894,-38.2743,14372.0,114722.49,223.65,0.195,124.07,30.76,35287.86,35287.86,0.0,2968.21,31.58
2300754,Amontada,CE,-3.36017,-39.8288,44584.0,117402.97,1036.06,0.882,39.19,55.0,64574.36,64470.98,103.38,1241.82,55.59
2300804,Antonina do Norte,CE,-6.76919,-39.987,7507.0,25971.98,153.7,0.592,354.14,72.0,18700.26,18700.26,0.0,291.06,72.82
2300903,Apuiarés,CE,-3.94506,-39.4359,13193.0,54395.3,149.75,0.275,74.3,89.23,48538.22,48537.15,1.07,407.67,89.91
2301000,Aquiraz,CE,-3.89929,-38.3896,85316.0,47994.82,5939.77,12.376,3.28,43.25,20755.86,20049.04,706.82,1601.74,44.74
2301109,Aracati,CE,-4.55826,-37.7679,79205.0,122712.5,2720.64,2.217,7.93,51.28,62926.93,62616.95,309.98,3834.96,52.93
2301208,Aracoiaba,CE,-4.36872,-38.8125,26752.0,64398.17,413.34,0.642,73.31,76.61,49333.32,49325.47,7.84,2046.35,79.12
2301257,Ararendá,CE,-4.74567,-40.831,11532.0,34231.74,289.04,0.844,202.8,82.29,28169.75,28169.75,0.0,245.02,82.88
2301307,Araripe,CE,-7.21319,-40.1359,20194.0,109735.39,237.66,0.217,400.81,69.82,76617.8,76617.8,0.0,183.73,69.94
2301406,Aratuba,CE,-4.41229,-39.0471,11427.0,11976.27,104.38,0.872,92.07,94.89,11363.72,11363.72,0.0,27.1,95.1
2301505,Arneiroz,CE,-6.3165,-40.1653,7615.0,106846.49,125.22,0.117,330.0,64.98,69424.09,69424.09,0.0,2584.01,66.59
2301604,Assaré,CE,-6.8669,-39.8689,22195.0,115511.69,372.74,0.323,352.59,69.36,80120.91,80120.91,0.0,610.85,69.73
2301703,Aurora,CE,-6.93349,-38.9742,24244.0,88588.54,250.56,0.283,299.04,70.3,62282.11,62282.11,0.0,590.37,70.78
2301802,Baixio,CE,-6.71945,-38.7134,5821.0,14556.37,56.83,0.39,262.26,36.8,5357.46,5356.4,1.07,125.75,37.13
2301851,Banabuiú,CE,-5.30454,-38.9132,17667.0,108102.72,176.18,0.163,153.42,58.74,63504.88,63504.88,0.0,4673.95,61.4
2301901,Barbalha,CE,-7.2982,-39.3021,81441.0,60824.86,1678.86,2.76,353.25,90.87,55272.18,55272.18,0.0,21.46,90.9
2301950,Barreira,CE,-4.28921,-38.6429,23474.0,26022.72,487.76,1.874,54.06,51.94,13516.93,13510.06,6.86,282.07,52.51
2302008,Barro,CE,-7.17188,-38.7741,19569.0,71134.17,290.92,0.409,305.94,70.14,49892.62,49874.07,18.54,468.92,70.6
2302057,Barroquinha,CE,-3.02051,-41.1358,14998.0,37910.63,335.7,0.885,14.52,64.24,24352.12,23959.71,392.41,2436.44,68.65
2302107,Baturité,CE,-4.32598,-38.8812,37147.0,31408.24,335.82,1.069,75.29,85.76,26934.95,26934.95,0.0,195.04,86.29
2302206,Beberibe,CE,-4.17741,-38.1271,55977.0,159591.84,3458.74,2.167,3.13,52.84,84335.34,84219.97,115.37,4207.57,54.28
2302305,Bela Cruz,CE,-3.04996,-40.1671,34613.0,84213.44,430.93,0.512,22.89,44.41,37399.0,37399.0,0.0,493.75,44.67
2302404,Boa Viagem,CE,-5.11258,-39.7337,52133.0,283505.43,581.09,0.205,198.5,73.54,208499.49,208499.49,0.0,2099.29,74.09
2302503,Brejo Santo,CE,-7.48469,-38.9799,54192.0,65461.58,912.86,1.394,347.31,53.47,35003.13,35003.13,0.0,895.81,54.21
2302602,Camocim,CE,-2.9005,-40.8544,65251.0,111253.76,1359.65,1.222,4.04,57.25,63694.84,62856.34,838.5,7267.57,61.25
2302701,Campos Sales,CE,-7.06761,-40.3687,26049.0,108258.1,497.03,0.459,407.46,74.72,80889.52,80874.35,15.18,337.0,74.95
2302800,Canindé,CE,-4.35162,-39.3155,77376.0,303245.76,1257.93,0.415,103.47,88.42,268132.41,268132.41,0.0,1108.66,88.75
2302909,Capistrano,CE,-4.45569,-38.9048,17795.0,22651.92,171.31,0.756,87.33,84.03,19034.56,19032.42,2.14,210.71,84.82
2303006,Caridade,CE,-4.22514,-39.1912,16234.0,92623.65,320.55,0.346,84.41,86.51,80126.55,80126.55,0.0,712.54,87.18
2303105,Cariré,CE,-3.94858,-40.476,18074.0,75558.58,389.5,0.515,124.55,73.55,55571.78,55553.14,18.64,3450.83,77.07
2303204,Caririaçu,CE,-7.02808,-39.2828,27532.0,63417.95,252.03,0.397,325.65,87.68,55605.11,55605.11,0.0,321.41,88.13
2303303,Cariús,CE,-6.52428,-39.4916,17277.0,103647.37,221.53,0.214,296.53,76.87,79675.88,79675.88,0.0,1264.46,77.82
2303402,Carnaubal,CE,-4.15985,-40.9413,17815.0,36323.3,649.34,1.788,137.05,79.23,28780.07,28780.07,0.0,2.68,79.24
2303501,Cascavel,CE,-4.12967,-38.2412,76866.0,83796.0,2704.91,3.228,9.89,58.19,48757.06,48650.23,106.83,1850.73,59.5
2303600,Catarina,CE,-6.12291,-39.8736,9110.0,48813.03,188.99,0.387,292.01,66.78,32596.76,32596.76,0.0,529.9,67.51
2303659,Catunda,CE,-4.64336,-40.2,10864.0,78402.15,168.24,0.215,183.67,82.01,64295.07,64295.07,0.0,590.67,82.63
2303709,Caucaia,CE,-3.72797,-38.6619,378406.0,122256.87,8996.75,7.359,5.62,75.98,92888.45,92777.72,110.73,4034.86,78.57
2303808,Cedro,CE,-6.60034,-39.0609,22564.0,72995.86,313.1,0.429,272.89,61.88,45171.29,45171.29,0.0,758.82,62.53
2303907,Chaval,CE,-3.03571,-41.2435,12811.0,23725.4,306.57,1.292,8.38,80.02,18983.89,18983.89,0.0,583.51,82.03
2303931,Choró,CE,-4.83906,-39.1344,12352.0,81526.53,109.94,0.135,136.36,86.73,70710.3,70708.88,1.43,738.87,87.53
2303956,Chorozinho,CE,-4.28873,-38.4986,20808.0,29641.8,633.69,2.138,43.27,37.52,11120.59,11120.59,0.0,2564.16,41.07
2304004,Coreaú,CE,-3.5415,-40.6587,21417.0,75035.12,516.86,0.689,76.22,78.14,58631.08,58629.83,1.25,690.59,78.86
2304103,Crateús,CE,-5.16768,-40.6536,80130.0,298131.71,1788.72,0.6,252.98,73.18,218161.5,218161.5,0.0,3019.13,73.92
2304202,Crato,CE,-7.2153,-39.4103,139027.0,113810.34,2015.24,1.771,350.69,86.88,98879.16,98879.16,0.0,310.64,87.12
2304236,Croatá,CE,-4.40481,-40.9022,18050.0,69636.66,576.22,0.827,164.33,77.57,54015.51,54015.51,0.0,2.67,77.57
2304251,Cruz,CE,-2.91813,-40.176,32288.0,33570.5,1464.41,4.362,8.73,21.98,7379.11,7234.01,145.1,1014.21,22.67
2304269,Deputado Irapuan Pinheiro,CE,-5.91485,-39.257,9173.0,47113.21,124.52,0.264,230.77,59.65,28100.79,28100.79,0.0,498.25,60.28
2304277,Ererê,CE,-6.02751,-38.3461,6381.0,34902.86,66.78,0.191,178.58,58.2,20313.46,20313.46,0.0,409.42,58.89
2304285,Eusébio,CE,-3.8925,-38.4559,82016.0,7882.02,3613.7,45.847,8.49,34.93,2753.25,2753.25,0.0,373.93,36.67
2304301,Farias Brito,CE,-6.92146,-39.5651,18498.0,53053.83,252.81,0.477,334.87,82.07,43543.17,43543.17,0.0,220.85,82.42
2304350,Forquilha,CE,-3.79945,-40.2634,25298.0,56876.22,271.36,0.477,104.79,85.78,48787.02,48787.02,0.0,1310.32,87.8
2304400,Fortaleza,CE,-3.71664,-38.5423,2578483.0,31169.49,25586.17,82.087,0.52,11.59,3612.14,3605.63,6.51,579.58,11.81
2304459,Fortim,CE,-4.45126,-37.7981,18213.0,28450.15,1080.06,3.796,5.6,53.58,15242.21,15242.21,0.0,1865.18,57.33
2304509,Frecheirinha,CE,-3.75557,-40.818,16516.0,21028.26,346.94,1.65,97.7,81.54,17146.61,17146.61,0.0,572.26,83.82
2304608,General Sampaio,CE,-4.04351,-39.454,6929.0,23036.02,64.3,0.279,84.94,87.78,20220.09,20212.25,7.85,775.03,90.83
2304657,Graça,CE,-4.04422,-40.749,14176.0,25893.16,186.21,0.719,129.88,90.56,23449.34,23449.34,0.0,42.54,90.71
2304707,Granja,CE,-3.12788,-40.8372,55809.0,266317.9,893.0,0.335,28.32,79.82,212565.04,212565.04,0.0,3921.42,81.01
2304806,Granjeiro,CE,-6.88134,-39.2144,4955.0,11151.73,52.11,0.467,308.03,88.32,9849.6,9849.6,0.0,82.91,88.99
2304905,Groaíras,CE,-3.91787,-40.3852,11369.0,15570.36,179.37,1.152,121.65,70.97,11050.25,11050.25,0.0,66.72,71.28
2304954,Guaiúba,CE,-4.04057,-38.6404,25158.0,25605.14,330.94,1.292,34.62,83.85,21470.36,21470.36,0.0,925.29,87.0
2305001,Guaraciaba do Norte,CE,-4.15814,-40.7476,44565.0,62458.64,1009.17,1.616,142.47,75.23,46985.63,46985.63,0.0,6.15,75.23
2305100,Guaramiranga,CE,-4.26248,-38.932,5826.0,9082.68,50.11,0.552,71.55,99.06,8997.62,8997.62,0.0,11.41,99.19
2305209,Hidrolândia,CE,-4.40958,-40.4056,18186.0,92658.61,283.55,0.306,171.13,81.09,75140.08,75138.92,1.16,2854.89,83.67
2305233,Horizonte,CE,-4.1209,-38.4707,81161.0,16055.53,2007.23,12.502,27.52,39.02,6264.36,6263.11,1.25,1272.01,42.37
2305266,Ibaretama,CE,-4.80376,-38.7501,12149.0,87922.91,124.91,0.142,101.05,83.77,73653.8,73653.8,0.0,1095.48,84.83
2305308,Ibiapina,CE,-3.92403,-40.8911,24689.0,41411.14,658.33,1.59,114.13,77.12,31935.04,31935.04,0.0,22.66,77.16
2305332,Ibicuitinga,CE,-4.96999,-38.6362,12008.0,42385.15,143.31,0.338,105.34,56.66,24017.27,24017.27,0.0,762.98,57.7
2305357,Icapuí,CE,-4.71206,-37.3531,22562.0,42129.8,1804.39,4.283,2.65,50.91,21447.11,21334.49,112.62,397.67,51.39
2305407,Icó,CE,-6.39627,-38.8554,64745.0,186584.9,1102.34,0.591,241.31,52.69,98320.11,98320.11,0.0,1531.33,53.13
2305506,Iguatu,CE,-6.36281,-39.2892,102588.0,97731.13,2478.32,2.536,268.21,47.65,46573.77,46573.77,0.0,5225.31,50.35
2305605,Independência,CE,-5.38789,-40.3085,24463.0,323711.05,444.41,0.137,259.99,43.14,139661.2,139661.2,0.0,1958.69,43.41
2305654,Ipaporanga,CE,-4.89764,-40.7537,11963.0,70475.64,257.09,0.365,221.23,88.97,62702.87,62702.87,0.0,511.77,89.62
2305704,Ipaumirim,CE,-6.78265,-38.7179,12459.0,27648.02,150.05,0.543,267.94,50.97,14092.84,14092.84,0.0,141.17,51.23
2305803,Ipu,CE,-4.31748,-40.7059,43084.0,62605.65,772.04,1.233,160.37,81.54,51051.18,51051.18,0.0,901.87,82.74
2305902,Ipueiras,CE,-4.53802,-40.7118,38287.0,148325.41,1004.93,0.678,184.67,82.7,122661.51,122661.51,0.0,467.07,82.96
2306009,Iracema,CE,-5.8124,-38.2919,14440.0,83916.43,204.05,0.243,153.3,57.78,48487.84,48487.84,0.0,1590.52,58.9
2306108,Irauçuba,CE,-3.74737,-39.7843,24867.0,146642.57,497.71,0.339,74.39,67.98,99686.33,99685.17,1.16,1346.95,68.61
2306207,Itaiçaba,CE,-4.67146,-37.833,7801.0,21361.31,215.37,1.008,21.44,53.73,11478.17,11478.17,0.0,1425.93,57.58
2306256,Itaitinga,CE,-3.96577,-38.5298,72512.0,15367.05,1639.46,10.669,19.84,60.49,9296.08,9296.08,0.0,2663.39,73.18
2306306,Itapajé,CE,-3.68314,-39.5855,49073.0,43632.99,592.93,1.359,59.11,82.06,35803.53,35803.53,0.0,203.32,82.44
2306405,Itapipoca,CE,-3.49933,-39.5836,138978.0,159557.5,1790.61,1.122,40.26,59.78,95391.43,95208.79,182.64,2118.04,60.59
2306504,Itapiúna,CE,-4.55516,-38.9281,18197.0,59321.57,206.31,0.348,97.13,84.93,50380.27,50380.27,0.0,1025.92,86.42
2306553,Itarema,CE,-2.9248,-39.9167,45852.0,71304.77,1578.43,2.214,2.98,53.77,38339.0,38317.75,21.25,2607.75,55.81
2306603,Itatira,CE,-4.52608,-39.6202,21160.0,82923.03,316.26,0.381,138.06,88.96,73769.13,73769.13,0.0,200.86,89.18
2306702,Jaguaretama,CE,-5.6051,-38.7639,17604.0,182681.49,224.41,0.123,167.34,32.39,59177.47,59177.47,0.0,4408.03,33.19
2306801,Jaguaribara,CE,-5.67765,-38.5359,10668.0,62296.9,276.17,0.443,156.3,22.69,14135.65,14135.65,0.0,10139.5,27.1
2306900,Jaguaribe,CE,-5.90213,-38.6227,35143.0,187707.11,568.12,0.303,181.84,19.29,36217.11,36217.11,0.0,3192.55,19.63
2307007,Jaguaruana,CE,-4.83151,-37.781,33115.0,85436.66,754.66,0.883,31.31,40.85,34903.9,34903.9,0.0,1609.9,41.64
2307106,Jardim,CE,-7.57599,-39.2826,28801.0,54488.71,405.93,0.745,375.39,76.53,41697.69,41697.69,0.0,131.25,76.71
2307205,Jati,CE,-7.6797,-39.0029,8114.0,36840.17,160.48,0.436,366.56,70.39,25931.04,25931.04,0.0,619.0,71.59
2307254,Jijoca de Jericoacoara,CE,-2.79331,-40.5127,28198.0,20705.02,1020.73,4.93,0.65,26.02,5387.45,4853.21,534.24,671.64,26.89
2307304,Juazeiro do Norte,CE,-7.19621,-39.3076,305531.0,25880.59,4967.83,19.195,342.59,52.39,13558.38,13558.38,0.0,138.14,52.67
2307403,Jucás,CE,-6.51523,-39.5187,24624.0,94032.88,396.67,0.422,297.77,67.15,63141.97,63141.97,0.0,692.57,67.65
2307502,Lavras da Mangabeira,CE,-6.7448,-38.9706,32163.0,94524.87,395.66,0.419,280.43,65.38,61798.85,61798.85,0.0,1251.39,66.26
2307601,Limoeiro do Norte,CE,-5.14392,-38.0847,62623.0,79465.55,1466.69,1.846,78.98,39.64,31504.07,31504.07,0.0,759.76,40.03
2307635,Madalena,CE,-4.84601,-39.5725,17235.0,99814.92,266.91,0.267,164.2,80.95,80802.4,80802.4,0.0,1354.16,82.07
2307650,Maracanaú,CE,-3.86699,-38.6259,251613.0,10509.29,4737.62,45.08,19.4,41.51,4362.35,4362.35,0.0,279.64,42.64
2307700,Maranguape,CE,-3.89143,-38.6829,108622.0,58350.67,1452.23,2.489,23.78,77.03,44946.92,44943.35,3.57,1848.98,79.55
2307809,Marco,CE,-3.1285,-40.1582,27177.0,57358.6,340.11,0.593,31.49,75.69,43413.71,43413.71,0.0,1082.13,77.14
2307908,Martinópole,CE,-3.2252,-40.6896,11280.0,30345.78,191.91,0.632,41.67,81.88,24848.45,24848.45,0.0,432.82,83.07
2308005,Massapê,CE,-3.52364,-40.3423,39840.0,56774.75,474.18,0.835,78.18,87.1,49449.27,49449.27,0.0,1152.48,88.9
2308104,Mauriti,CE,-7.38597,-38.7708,47501.0,107900.61,675.09,0.626,325.35,60.28,65037.57,65037.57,0.0,170.23,60.37
2308203,Meruoca,CE,-3.53974,-40.4531,15853.0,15164.18,197.64,1.303,80.09,96.84,14684.31,14684.31,0.0,51.13,97.16
2308302,Milagres,CE,-7.29749,-38.9378,26819.0,57915.47,393.61,0.68,327.79,65.77,38093.66,38093.66,0.0,58.99,65.84
2308351,Milhã,CE,-5.67252,-39.1875,14713.0,50218.44,163.71,0.326,204.15,40.14,20155.74,20155.74,0.0,656.14,40.67
2308377,Miraíma,CE,-3.56867,-39.9663,14826.0,70862.93,183.63,0.259,66.21,69.17,49013.71,49013.71,0.0,1911.1,71.08
2308401,Missão Velha,CE,-7.23522,-39.143,38997.0,61326.5,687.65,1.121,336.46,77.06,47259.87,47259.87,0.0,60.94,77.14
2308500,Mombaça,CE,-5.73844,-39.63,38451.0,210551.61,353.96,0.168,243.0,76.66,161417.32,161417.32,0.0,877.29,76.98
2308609,Monsenhor Tabosa,CE,-4.79102,-40.0646,17705.0,89254.42,258.44,0.29,190.86,73.14,65278.44,65278.44,0.0,221.62,73.32
2308708,Morada Nova,CE,-5.09736,-38.3702,65390.0,282282.97,1178.85,0.418,97.38,49.88,140808.48,140808.48,0.0,5210.27,50.82
2308807,Moraújo,CE,-3.46311,-40.6776,8537.0,41442.85,130.29,0.314,67.3,80.23,33247.88,33247.88,0.0,462.24,81.13
2308906,Morrinhos,CE,-3.23426,-40.1233,23747.0,41160.74,287.85,0.699,43.22,73.96,30443.28,30443.28,0.0,250.0,74.41
2309003,Mucambo,CE,-3.90271,-40.7452,13999.0,19218.13,236.1,1.229,114.3,81.27,15618.47,15615.34,3.12,189.89,82.08
2309102,Mulungu,CE,-4.30294,-38.9951,11064.0,9795.75,117.68,1.201,78.69,97.88,9587.76,9587.76,0.0,1.25,97.89
2309201,Nova Olinda,CE,-7.08415,-39.6713,16045.0,28260.51,220.5,0.78,356.23,78.1,22072.33,22072.33,0.0,48.72,78.24
2309300,Nova Russas,CE,-4.70581,-40.5621,32053.0,73694.23,659.02,0.894,204.84,81.13,59784.83,59784.83,0.0,903.02,82.13
2309409,Novo Oriente,CE,-5.52552,-40.7713,29097.0,95452.22,920.13,0.964,288.42,66.15,63144.47,63144.47,0.0,749.78,66.68
2309458,Ocara,CE,-4.48523,-38.5933,25272.0,76309.62,681.92,0.894,64.9,53.31,40679.14,40671.38,7.75,1208.46,54.17
2309508,Orós,CE,-6.25182,-38.9053,19943.0,57755.41,393.0,0.68,231.52,52.82,30505.05,30505.05,0.0,7173.05,60.31
2309607,Pacajus,CE,-4.17107,-38.465,75454.0,25032.62,1752.84,7.002,31.75,45.7,11439.65,11432.34,7.31,1953.78,49.57
2309706,Pacatuba,CE,-3.9784,-38.6183,86564.0,13322.21,1629.22,12.229,28.87,75.11,10006.44,10006.44,0.0,574.22,78.49
2309805,Pacoti,CE,-4.22492,-38.922,11421.0,11243.31,46.36,0.412,67.33,98.01,11019.77,11019.77,0.0,6.87,98.07
2309904,Pacujá,CE,-3.98327,-40.6989,6348.0,8836.35,256.86,2.907,123.65,64.63,5711.24,5693.76,17.48,251.43,66.53
2310001,Palhano,CE,-4.73672,-37.9655,9709.0,43698.73,217.13,0.497,37.4,47.45,20735.22,20735.22,0.0,617.87,48.13
2310100,Palmácia,CE,-4.13831,-38.8446,10252.0,12891.78,56.8,0.441,55.09,89.51,11539.21,11539.21,0.0,163.55,90.66
2310209,Paracuru,CE,-3.41436,-39.03,41894.0,30465.14,1439.9,4.726,3.42,56.22,17127.03,16747.57,379.46,550.68,57.25
2310258,Paraipaba,CE,-3.43799,-39.1479,34086.0,28908.8,863.33,2.986,10.09,46.19,13353.29,13046.1,307.19,514.94,47.03
2310308,Parambu,CE,-6.20768,-40.6905,32867.0,231382.33,782.85,0.338,359.15,86.92,201106.41,201104.54,1.87,790.27,87.21
2310407,Paramoti,CE,-4.08815,-39.2417,10462.0,53923.52,136.88,0.254,74.69,89.28,48143.6,48139.49,4.1,330.1,89.83
2310506,Pedra Branca,CE,-5.45341,-39.7078,42227.0,132876.76,468.41,0.353,228.19,61.29,81444.11,81444.11,0.0,411.25,61.48
2310605,Penaforte,CE,-7.82163,-39.0707,9357.0,15053.39,279.06,1.854,383.79,24.98,3760.17,3759.11,1.06,85.76,25.12
2310704,Pentecoste,CE,-3.79274,-39.2692,39903.0,137983.65,456.11,0.331,50.97,84.55,116666.78,116666.78,0.0,5094.98,87.79
2310803,Pereiro,CE,-6.03576,-38.4624,15858.0,44972.91,172.21,0.383,184.16,83.14,37389.56,37389.56,0.0,180.06,83.47
2310852,Pindoretama,CE,-4.01584,-38.3061,24919.0,7404.86,1052.96,14.22,8.41,7.47,553.27,550.86,2.41,27.74,7.5
2310902,Piquet Carneiro,CE,-5.80025,-39.417,17285.0,58959.27,201.46,0.342,231.39,70.26,41425.29,41425.29,0.0,420.07,70.77
2310951,Pires Ferreira,CE,-4.23922,-40.6442,10984.0,24446.99,178.67,0.731,152.48,70.69,17280.62,17280.62,0.0,2649.6,79.28
2311009,Poranga,CE,-4.74672,-40.9205,12441.0,131081.7,392.12,0.299,200.72,83.84,109895.65,109895.65,0.0,30.39,83.86
2311108,Porteiras,CE,-7.52265,-39.114,17877.0,22487.26,317.17,1.41,359.38,60.26,13549.86,13549.86,0.0,13.3,60.29
2311207,Potengi,CE,-7.09154,-40.0233,8854.0,34326.52,105.41,0.307,382.48,50.15,17213.67,17213.67,0.0,243.14,50.5
2311231,Potiretama,CE,-5.71287,-38.1578,6128.0,40912.11,93.77,0.229,136.63,28.88,11815.21,11815.21,0.0,753.04,29.42
2311264,Quiterianópolis,CE,-5.8425,-40.7002,20545.0,102292.04,449.7,0.44,324.33,83.17,85073.1,85073.1,0.0,316.03,83.42
2311306,Quixadá,CE,-4.9663,-39.0155,88846.0,202060.87,1263.74,0.625,134.77,73.07,147637.6,147637.6,0.0,3854.13,74.49
2311355,Quixelô,CE,-6.24637,-39.2011,16998.0,62024.22,215.54,0.348,252.14,33.65,20870.1,20870.1,0.0,4613.88,36.35
2311405,Quixeramobim,CE,-5.19067,-39.2889,86431.0,330216.32,1132.23,0.343,173.93,68.98,227782.35,227782.35,0.0,6027.65,70.26
2311504,Quixeré,CE,-5.07148,-37.9802,21659.0,60947.69,390.78,0.641,65.73,55.51,33829.81,33829.81,0.0,100.46,55.6
2311603,Redenção,CE,-4.21587,-38.7277,28382.0,24798.33,401.64,1.62,54.53,86.02,21330.3,21327.98,2.32,530.12,87.89
2311702,Reriutaba,CE,-4.14191,-40.5759,19051.0,37293.73,365.87,0.981,143.06,87.23,32531.96,32531.96,0.0,130.55,87.54
2311801,Russas,CE,-4.92673,-37.9721,74834.0,150573.3,1942.93,1.29,52.55,62.24,93723.9,93723.9,0.0,2224.81,63.18
2311900,Saboeiro,CE,-6.5346,-39.9017,13943.0,138124.39,202.2,0.146,329.6,78.3,108156.74,108156.74,0.0,742.4,78.73
2311959,Salitre,CE,-7.28398,-40.45,17303.0,80625.53,187.68,0.233,430.5,49.59,39982.08,39982.08,0.0,95.99,49.65
2312007,Santana do Acaraú,CE,-3.46144,-40.2118,32133.0,97257.15,299.58,0.308,68.66,79.77,77584.21,77584.21,0.0,1448.77,80.98
2312106,Santana do Cariri,CE,-7.17613,-39.7302,17391.0,85519.19,219.64,0.257,368.23,82.03,70150.21,70150.21,0.0,121.02,82.14
2312205,Santa Quitéria,CE,-4.32608,-40.1523,41569.0,426228.53,540.1,0.127,150.13,81.09,345611.77,345611.77,0.0,5517.79,82.15
2312304,São Benedito,CE,-4.04713,-40.8596,50058.0,35084.14,1210.63,3.451,128.08,70.3,24665.21,24665.21,0.0,12.49,70.33
2312403,São Gonçalo do Amarante,CE,-3.60515,-38.9726,58191.0,84218.01,3948.61,4.689,13.49,78.57,66169.35,66087.79,81.56,2528.85,81.0
2312502,São João do Jaguaribe,CE,-5.27516,-38.2694,5683.0,27945.1,127.05,0.455,103.24,27.32,7635.46,7635.46,0.0,479.38,27.8
2312601,São Luís do Curu,CE,-3.66976,-39.2391,10888.0,12288.1,192.09,1.563,36.97,84.17,10343.38,10338.38,5.0,143.83,85.17
2312700,Senador Pompeu,CE,-5.58244,-39.3704,25108.0,96324.58,308.25,0.32,210.33,62.43,60131.51,60131.51,0.0,1071.46,63.13
2312809,Senador Sá,CE,-3.35305,-40.4662,7551.0,42463.96,124.24,0.293,59.57,80.76,34294.96,34294.96,0.0,740.76,82.2
2312908,Sobral,CE,-3.68913,-40.3482,216519.0,206848.52,3978.44,1.923,96.07,74.41,153908.61,153908.61,0.0,3914.35,75.84
2313005,Solonópole,CE,-5.71894,-39.0107,18785.0,153580.14,219.64,0.143,195.97,61.61,94617.26,94617.26,0.0,1978.81,62.41
2313104,Tabuleiro do Norte,CE,-5.24353,-38.1282,32122.0,104764.32,518.6,0.495,90.73,49.21,51559.4,51559.4,0.0,853.71,49.62
2313203,Tamboril,CE,-4.83136,-40.3196,25287.0,201174.35,475.09,0.236,208.18,65.87,132518.36,132518.36,0.0,1607.44,66.4
2313252,Tarrafas,CE,-6.67838,-39.753,7574.0,41271.07,98.13,0.238,328.69,80.22,33107.47,33107.47,0.0,74.32,80.36
2313302,Tauá,CE,-5.98585,-40.2968,64655.0,401063.32,1359.66,0.339,313.31,59.14,237194.22,237194.22,0.0,2322.43,59.49
2313351,Tejuçuoca,CE,-3.98831,-39.5799,17646.0,75870.09,140.03,0.185,86.83,87.86,66662.51,66656.18,6.33,557.97,88.51
2313401,Tianguá,CE,-3.72965,-40.9923,86968.0,90983.43,1859.11,2.043,90.02,83.77,76217.59,76217.59,0.0,277.88,84.03
2313500,Trairi,CE,-3.26932,-39.2681,62004.0,92854.72,1865.38,2.009,2.18,50.6,46980.98,46824.25,156.73,1775.82,51.58
2313559,Tururu,CE,-3.58413,-39.4297,15524.0,19719.07,185.86,0.943,41.17,73.14,14422.22,14422.22,0.0,202.73,73.9
2313609,Ubajara,CE,-3.85448,-40.9204,34424.0,42365.89,972.37,2.295,105.78,79.32,33604.48,33604.48,0.0,642.25,80.54
2313708,Umari,CE,-6.63893,-38.7008,6963.0,26318.95,65.81,0.25,254.61,59.32,15613.28,15606.09,7.19,247.35,59.89
2313757,Umirim,CE,-3.67654,-39.3465,17751.0,31563.15,193.51,0.613,43.98,79.06,24954.77,24950.75,4.01,1260.16,82.35
2313807,Uruburetama,CE,-3.62316,-39.5107,21331.0,10345.84,162.21,1.568,49.7,89.54,9263.21,9263.21,0.0,123.66,90.62
2313906,Uruoca,CE,-3.30819,-40.5628,14308.0,69769.04,187.87,0.269,53.17,87.28,60892.99,60892.99,0.0,932.53,88.46
2313955,Varjota,CE,-4.19387,-40.4741,18708.0,17923.89,375.11,2.093,151.18,65.14,11676.17,11675.1,1.07,1049.07,69.19
2314003,Várzea Alegre,CE,-6.78264,-39.2942,40878.0,82999.46,520.92,0.628,304.29,69.67,57822.38,57822.38,0.0,1172.14,70.66
2314102,Viçosa do Ceará,CE,-3.5667,-41.0916,62972.0,131089.25,1192.81,0.91,69.41,90.19,118223.42,118223.42,0.0,88.43,90.25
2400109,Acari,RN,-6.4282,-36.6347,10855.0,60849.37,286.63,0.471,147.26,81.31,49477.04,48519.48,957.55,423.91,81.88
2400208,Açu,RN,-5.58362,-36.914,59099.0,130345.96,1292.29,0.991,59.77,56.61,73785.96,73040.23,745.73,2993.42,57.94
2400307,Afonso Bezerra,RN,-5.49229,-36.5075,11158.0,57621.56,197.85,0.343,44.71,52.25,30109.41,30089.04,20.38,173.08,52.41
2400406,Água Nova,RN,-6.20351,-38.2941,3029.0,5066.21,37.69,0.744,188.75,69.6,3526.07,3526.07,0.0,21.07,69.89
2400505,Alexandria,RN,-6.40533,-38.0142,14058.0,38119.2,223.38,0.586,189.25,49.68,18938.72,18935.52,3.2,229.43,49.98
2400604,Almino Afonso,RN,-6.1475,-37.7636,4802.0,12805.72,103.65,0.809,151.16,79.37,10163.93,10163.93,0.0,158.51,80.36
2400703,Alto do Rodrigues,RN,-5.28186,-36.75,12874.0,19133.15,355.11,1.856,22.49,59.73,11427.97,11413.02,14.96,467.82,61.23
2400802,Angicos,RN,-5.65792,-36.6094,11985.0,74158.57,371.1,0.5,62.04,44.66,33118.69,30902.13,2216.56,827.98,45.16
2400901,Antônio Martins,RN,-6.21367,-37.8834,6730.0,24485.67,107.55,0.439,163.7,56.84,13918.75,13918.75,0.0,179.73,57.26
2401008,Apodi,RN,-5.65349,-37.7946,37486.0,156921.68,637.95,0.407,106.59,51.65,81046.1,81037.73,8.37,2985.86,52.65
2401107,Areia Branca,RN,-4.95254,-37.1252,24607.0,33844.49,833.27,2.462,2.71,60.49,20472.25,20150.6,321.64,916.97,62.17
2401206,Arês,RN,-6.18831,-35.1608,13681.0,11539.99,218.05,1.889,7.53,21.32,2460.54,2356.98,103.56,594.22,22.48
2401305,Augusto Severo (Campo Grande),RN,-5.86206,-37.3135,10071.0,89095.21,133.24,0.15,104.99,53.58,47739.68,47688.71,50.97,3572.81,55.82
2401404,Baía Formosa,RN,-6.37161,-35.0033,9115.0,24687.02,287.53,1.165,0.44,32.94,8130.85,7004.65,1126.2,500.02,33.62
2401453,Baraúna,RN,-5.06977,-37.6129,28415.0,82567.17,485.27,0.588,49.28,58.23,48077.85,48077.85,0.0,0.89,58.23
2401503,Barcelona,RN,-5.94284,-35.9247,4108.0,15262.26,63.85,0.418,83.35,59.61,9098.19,9098.19,0.0,8.54,59.65
2401602,Bento Fernandes,RN,-5.69906,-35.813,4911.0,30107.29,69.84,0.232,63.99,61.85,18620.19,18618.94,1.25,75.27,62.0
2401651,Bodó,RN,-5.98027,-36.4167,2360.0,25348.27,86.78,0.342,98.36,74.05,18769.94,18164.61,605.33,30.68,74.14
2401701,Bom Jesus,RN,-5.98648,-35.5792,10308.0,12205.42,166.55,1.365,47.78,16.14,1969.97,1969.97,0.0,74.51,16.24
2401800,Brejinho,RN,-6.18566,-35.3591,12638.0,6155.23,245.87,3.994,29.42,6.87,423.0,423.0,0.0,23.73,6.9
2401859,Caiçara do Norte,RN,-5.07091,-36.0717,6479.0,22563.83,156.56,0.694,0.01,77.5,17487.59,17192.9,294.69,63.59,77.72
2401909,Caiçara do Rio do Vento,RN,-5.76541,-35.9938,3360.0,26116.32,71.52,0.274,75.61,75.68,19764.23,19764.23,0.0,7.12,75.7
2402006,Caicó,RN,-6.45441,-37.1067,63338.0,122857.32,1604.72,1.306,158.02,52.73,64777.39,61817.64,2959.75,1286.08,53.28
2402105,Campo Redondo,RN,-6.23829,-36.1888,10510.0,21371.92,132.61,0.621,120.41,68.44,14627.11,14624.53,2.58,114.92,68.81
2402204,Canguaretama,RN,-6.37193,-35.1281,30789.0,24540.85,813.09,3.313,11.96,16.8,4122.1,3696.48,425.62,518.34,17.16
2402303,Caraúbas,RN,-5.78387,-37.5586,20182.0,109449.41,461.33,0.421,105.18,52.9,57898.21,57898.21,0.0,2144.94,53.96
2402402,Carnaúba dos Dantas,RN,-6.55015,-36.5868,8296.0,24632.16,314.01,1.275,160.71,83.52,20572.44,20548.28,24.16,45.22,83.67
2402501,Carnaubais,RN,-5.34181,-36.8335,10026.0,51781.0,272.5,0.526,31.59,51.66,26749.6,26731.17,18.43,1173.73,52.86
2402600,Ceará-Mirim,RN,-5.64323,-35.4247,83543.0,72427.37,2124.3,2.933,22.56,21.11,15290.5,13121.7,2168.8,571.93,21.28
2402709,Cerro Corá,RN,-6.03503,-36.3503,11334.0,39361.42,417.17,1.06,103.81,83.89,33021.94,33019.45,2.49,134.81,84.18
2402808,Coronel Ezequiel,RN,-6.3748,-36.2223,5233.0,18573.66,71.09,0.383,126.72,82.72,15364.64,15364.64,0.0,28.7,82.85
2402907,Coronel João Pessoa,RN,-6.24974,-38.4441,4297.0,11712.96,98.3,0.839,203.68,79.0,9252.99,9252.99,0.0,41.5,79.28
2403004,Cruzeta,RN,-6.40894,-36.7782,8245.0,29583.32,241.15,0.815,146.13,73.52,21749.23,20408.42,1340.81,570.21,74.96
2403103,Currais Novos,RN,-6.25484,-36.5146,42922.0,86435.26,1167.34,1.351,128.4,78.18,67579.25,64100.47,3478.78,591.08,78.72
2403202,Doutor Severiano,RN,-6.08082,-38.3794,7262.0,11374.16,62.32,0.548,185.33,79.96,9094.26,9094.26,0.0,36.01,80.21
2403251,Parnamirim,RN,-5.91116,-35.271,271713.0,12361.51,6009.81,48.617,13.0,30.61,3784.36,2808.31,976.05,58.78,30.76
2403301,Encanto,RN,-6.10691,-38.3033,6289.0,12575.24,71.21,0.566,181.49,68.08,8561.84,8561.84,0.0,142.42,68.86
2403400,Equador,RN,-6.93835,-36.717,5461.0,26498.07,151.51,0.572,196.5,83.99,22255.75,22193.16,62.58,50.68,84.15
2403509,Espírito Santo,RN,-6.33563,-35.3052,10951.0,13585.26,100.86,0.742,28.27,20.97,2848.67,2810.54,38.12,113.14,21.14
2403608,Extremoz,RN,-5.70143,-35.3048,68584.0,13983.52,2817.56,20.149,11.34,27.78,3884.84,2628.52,1256.32,437.63,28.68
2403707,Felipe Guerra,RN,-5.59274,-37.6875,6472.0,29217.27,122.8,0.42,93.98,58.33,17041.52,17041.52,0.0,239.55,58.81
2403756,Fernando Pedroza,RN,-5.69096,-36.5282,3035.0,32265.88,70.02,0.217,66.17,58.99,19032.6,18599.35,433.25,95.99,59.16
2403806,Florânia,RN,-6.12264,-36.8226,10556.0,50789.42,165.18,0.325,115.18,81.45,41368.4,41301.83,66.57,243.99,81.84
2403905,Francisco Dantas,RN,-6.07234,-38.1212,2758.0,18157.32,36.54,0.201,165.34,52.06,9452.74,9452.74,0.0,262.37,52.82
2404002,Frutuoso Gomes,RN,-6.15669,-37.8375,4230.0,6328.6,64.98,1.027,155.74,78.35,4958.52,4958.52,0.0,215.76,81.12
2404101,Galinhos,RN,-5.0909,-36.2754,2159.0,34034.78,95.02,0.279,0.13,64.79,22051.05,21742.31,308.74,1474.34,67.72
2404200,Goianinha,RN,-6.26486,-35.1943,28422.0,19226.28,566.59,2.947,13.79,19.63,3774.82,3624.0,150.82,153.67,19.79
2404309,Governador Dix-Sept Rosado,RN,-5.44887,-37.5183,12231.0,110936.2,237.02,0.214,70.24,81.59,90513.17,90513.17,0.0,113.05,81.67
2404408,Grossos,RN,-4.98068,-37.1621,10281.0,12390.62,535.24,4.32,6.21,36.55,4528.68,4528.68,0.0,470.47,37.99
2404507,Guamaré,RN,-5.10619,-36.3222,16076.0,25807.18,596.61,2.312,1.25,52.22,13475.29,13448.84,26.45,841.27,53.97
2404606,Ielmo Marinho,RN,-5.82447,-35.55,11889.0,31203.88,146.51,0.47,40.0,31.76,9911.3,9911.3,0.0,161.72,31.93
2404705,Ipanguaçu,RN,-5.48984,-36.8501,14560.0,37423.68,304.27,0.813,47.95,44.7,16729.21,16715.06,14.15,883.39,45.78
2404804,Ipueira,RN,-6.80596,-37.2045,2090.0,12735.14,37.64,0.296,198.36,61.52,7835.0,7286.89,548.11,112.41,62.07
2404853,Itajá,RN,-5.63894,-36.8712,7551.0,20365.39,295.4,1.451,64.2,21.58,4393.98,4295.67,98.31,2450.69,24.53
2404903,Itaú,RN,-5.8363,-37.9912,5447.0,13298.79,135.82,1.021,136.1,40.38,5369.85,5369.85,0.0,292.1,41.29
2405009,Jaçanã,RN,-6.41856,-36.2031,8053.0,5455.95,315.33,5.78,125.53,53.42,2914.58,2909.87,4.71,3.73,53.46
2405108,Jandaíra,RN,-5.35211,-36.1278,6752.0,44275.3,135.93,0.307,28.36,54.93,24319.51,24315.95,3.56,3.65,54.93
2405207,Janduís,RN,-6.01474,-37.4048,4813.0,30341.57,109.9,0.362,123.63,68.94,20916.68,20915.61,1.07,976.72,71.23
2405306,Januário Cicco (Boa Saúde),RN,-6.16566,-35.6219,8843.0,16702.89,105.61,0.632,58.1,22.02,3678.34,3678.34,0.0,53.07,22.09
2405405,Japi,RN,-6.46544,-35.9346,5219.0,18899.46,129.09,0.683,98.11,33.24,6282.75,6282.75,0.0,4.44,33.25
2405504,Jardim de Angicos,RN,-5.64999,-35.9713,2488.0,25401.95,29.18,0.115,63.75,70.79,17981.8,17962.85,18.95,23.67,70.86
2405603,Jardim de Piranhas,RN,-6.37665,-37.3496,14446.0,33053.4,261.6,0.791,159.05,33.53,11081.46,10826.47,254.99,723.06,34.28
2405702,Jardim do Seridó,RN,-6.58047,-36.7736,11942.0,36763.26,321.45,0.874,165.02,66.81,24563.14,21180.08,3383.05,244.0,67.26
2405801,João Câmara,RN,-5.54094,-35.8122,34849.0,71499.87,823.38,1.152,50.08,63.37,45306.91,45306.91,0.0,142.38,63.49
2405900,João Dias,RN,-6.27215,-37.7885,2073.0,8818.08,29.77,0.338,164.85,90.16,7950.49,7950.49,0.0,28.71,90.46
2406007,José da Penha,RN,-6.31095,-38.2823,5966.0,11765.3,73.49,0.625,197.1,39.52,4649.75,4649.75,0.0,310.33,40.59
2406106,Jucurutu,RN,-6.0306,-37.009,18304.0,93369.08,375.39,0.402,110.12,58.41,54534.32,52456.53,2077.8,3087.31,60.4
2406155,Jundiá,RN,-6.26866,-35.3495,3868.0,4463.6,33.24,0.745,29.83,5.49,245.13,239.27,5.87,27.46,5.53
2406205,Lagoa d'Anta,RN,-6.39493,-35.5949,6756.0,10404.54,95.61,0.919,60.11,9.53,991.22,991.22,0.0,47.54,9.57
2406304,Lagoa de Pedras,RN,-6.15082,-35.4299,7597.0,11796.91,105.52,0.894,37.04,12.46,1469.72,1469.72,0.0,133.78,12.6
2406403,Lagoa de Velhos,RN,-6.0119,-35.8729,2631.0,11160.24,70.25,0.629,79.86,53.31,5949.18,5949.18,0.0,4.45,53.33
2406502,Lagoa Nova,RN,-6.09339,-36.4703,16203.0,17627.57,1186.71,6.732,111.13,33.29,5868.63,5868.63,0.0,7.82,33.31
2406601,Lagoa Salgada,RN,-6.12295,-35.4724,8657.0,7913.09,133.17,1.683,40.93,11.62,919.28,919.28,0.0,43.03,11.68
2406700,Lajes,RN,-5.69322,-36.247,10094.0,67662.17,351.25,0.519,66.26,53.55,36235.13,36092.61,142.52,199.56,53.71
2406809,Lajes Pintadas,RN,-6.14943,-36.1171,4950.0,13020.56,65.07,0.5,109.98,72.89,9490.74,9490.74,0.0,31.03,73.06
2406908,Lucrécia,RN,-6.10525,-37.8134,3576.0,3092.0,72.99,2.361,149.47,66.64,2060.37,2060.37,0.0,145.53,69.93
2407005,Luís Gomes,RN,-6.40588,-38.3899,9271.0,16664.74,117.37,0.704,212.72,81.03,13503.12,13503.12,0.0,117.82,81.61
2407104,Macaíba,RN,-5.85229,-35.3552,87056.0,51007.92,2718.99,5.331,20.38,27.38,13963.7,13963.7,0.0,941.99,27.89
2407203,Macau,RN,-5.10795,-36.6318,28350.0,77404.81,1008.39,1.303,1.82,46.15,35724.24,35287.19,437.05,6430.52,50.33
2407252,Major Sales,RN,-6.39949,-38.324,4086.0,3196.71,67.0,2.096,207.65,30.16,964.25,964.25,0.0,75.35,30.89
2407302,Marcelino Vieira,RN,-6.2846,-38.1642,8083.0,34568.72,98.91,0.286,186.9,47.97,16581.18,16581.18,0.0,541.67,48.73
2407401,Martins,RN,-6.08279,-37.908,8415.0,16947.99,305.93,1.805,152.56,95.13,16123.28,16123.28,0.0,56.19,95.45
2407500,Maxaranguape,RN,-5.52181,-35.2631,10534.0,13149.26,580.91,4.418,0.95,27.08,3560.62,1265.24,2295.38,638.71,28.46
2407609,Messias Targino,RN,-6.07194,-37.5158,4410.0,14263.16,119.94,0.841,133.09,73.81,10527.98,10526.56,1.42,243.69,75.1
2407708,Montanhas,RN,-6.48522,-35.2842,11785.0,8220.29,145.25,1.767,32.81,7.7,633.31,633.31,0.0,50.02,7.75
2407807,Monte Alegre,RN,-6.07063,-35.3253,23953.0,21126.93,417.68,1.977,23.94,14.63,3090.44,3087.33,3.11,121.54,14.71
2407906,Monte das Gameleiras,RN,-6.43698,-35.7831,2345.0,7193.92,54.38,0.756,81.23,45.65,3284.31,3284.31,0.0,4.18,45.68
2408003,Mossoró,RN,-5.18374,-37.3474,278587.0,209933.13,6545.55,3.118,35.34,62.99,132230.57,132230.57,0.0,3252.22,63.98
2408102,Natal,RN,-5.79357,-35.1986,784249.0,16687.66,10694.63,64.087,2.39,17.51,2922.64,2542.38,380.26,906.28,18.52
2408201,Nísia Floresta,RN,-6.09329,-35.1991,34325.0,30724.6,2260.55,7.357,10.93,31.86,9787.38,6328.97,3458.41,1859.05,33.91
2408300,Nova Cruz,RN,-6.47511,-35.4286,35523.0,27732.13,397.57,1.434,47.1,6.01,1666.47,1666.47,0.0,186.58,6.05
2408409,Olho-d'Água do Borges,RN,-5.9486,-37.7047,3736.0,13638.96,75.23,0.552,128.55,46.81,6384.97,6384.97,0.0,124.23,47.24
2408508,Ouro Branco,RN,-6.6958,-36.9428,5084.0,25321.0,127.35,0.503,179.85,61.82,15653.99,11302.48,4351.51,227.69,62.38
2408607,Paraná,RN,-6.47565,-38.3057,4048.0,8138.78,58.37,0.717,213.19,49.71,4045.85,4042.29,3.55,157.26,50.69
2408706,Paraú,RN,-5.76893,-37.1032,3650.0,38319.77,92.96,0.243,86.62,28.96,11095.7,9897.15,1198.54,803.44,29.58
2408805,Parazinho,RN,-5.22276,-35.8398,4945.0,23103.42,84.94,0.368,16.25,62.6,14463.57,14463.57,0.0,1.6,62.61
2408904,Parelhas,RN,-6.68491,-36.6566,22242.0,51350.04,641.99,1.25,181.56,74.76,38388.29,38213.43,174.85,434.43,75.4
2408953,Rio do Fogo,RN,-5.2765,-35.3794,10692.0,15080.66,634.89,4.21,0.66,22.02,3321.41,877.6,2443.81,323.65,22.51
2409100,Passa e Fica,RN,-6.43018,-35.6442,11407.0,4411.21,167.21,3.791,66.65,4.39,193.6,193.6,0.0,59.35,4.45
2409209,Passagem,RN,-6.27268,-35.37,3233.0,4121.74,44.17,1.072,32.12,9.97,411.04,411.04,0.0,25.06,10.03
2409308,Patu,RN,-6.10656,-37.6356,11215.0,31911.69,283.52,0.888,141.3,61.7,19690.19,19690.19,0.0,383.1,62.45
2409332,Santa Maria,RN,-5.83802,-35.6914,5000.0,21955.19,82.81,0.377,55.69,33.22,7293.33,7293.33,0.0,173.37,33.48
2409407,Pau dos Ferros,RN,-6.10498,-38.2077,32123.0,25995.55,585.15,2.251,174.25,20.26,5266.05,5266.05,0.0,865.15,20.95
2409506,Pedra Grande,RN,-5.14988,-35.876,3736.0,22115.83,165.19,0.747,9.08,61.99,13710.05,13349.2,360.85,326.74,62.92
2409605,Pedra Preta,RN,-5.57352,-36.1084,2495.0,29496.37,84.63,0.287,52.9,58.05,17123.43,17114.62,8.81,58.73,58.17
2409704,Pedro Avelino,RN,-5.5161,-36.3867,6312.0,95264.5,174.0,0.183,47.07,44.87,42747.96,42719.76,28.21,294.28,45.01
2409803,Pedro Velho,RN,-6.4356,-35.2195,14197.0,19269.02,140.11,0.727,23.94,15.89,3062.67,2944.14,118.52,26.12,15.92
2409902,Pendências,RN,-5.2564,-36.7095,12499.0,41915.6,403.67,0.963,18.59,67.38,28242.96,28066.4,176.56,2102.73,70.94
2410009,Pilões,RN,-6.26364,-38.0461,2992.0,8268.85,50.66,0.613,177.64,31.62,2614.82,2614.82,0.0,116.25,32.07
2410108,Poço Branco,RN,-5.62233,-35.6635,12565.0,23036.79,238.65,1.036,45.72,38.21,8802.5,8802.5,0.0,473.54,39.01
2410207,Portalegre,RN,-6.02064,-37.9865,7859.0,11004.9,169.3,1.538,151.72,91.37,10055.1,10055.1,0.0,18.67,91.52
2410256,Porto do Mangue,RN,-5.05441,-36.7887,5351.0,35999.13,254.26,0.706,0.24,35.0,12601.19,11704.09,897.1,2248.55,37.34
2410306,Serra Caiada,RN,-6.10478,-35.7113,11203.0,23004.4,142.6,0.62,65.54,39.3,9041.68,9041.68,0.0,86.23,39.45
2410405,Pureza,RN,-5.46393,-35.5554,9752.0,50429.55,176.51,0.35,25.87,25.16,12689.69,12682.83,6.85,4.72,25.17
2410504,Rafael Fernandes,RN,-6.18987,-38.2211,5682.0,7823.48,81.69,1.044,182.4,35.68,2791.38,2791.38,0.0,382.49,37.51
2410603,Rafael Godeiro,RN,-6.07244,-37.716,3005.0,10008.3,46.59,0.465,141.4,66.76,6681.37,6681.37,0.0,164.22,67.87
2410702,Riacho da Cruz,RN,-5.92654,-37.949,2724.0,12723.62,69.01,0.542,140.89,60.57,7707.01,7707.01,0.0,316.95,62.12
2410801,Riacho de Santana,RN,-6.25139,-38.3116,4245.0,12812.15,42.04,0.328,194.04,71.5,9160.94,9160.94,0.0,79.9,71.95
2410900,Riachuelo,RN,-5.82156,-35.8215,7646.0,26294.54,122.31,0.465,69.74,64.13,16863.23,16863.23,0.0,100.61,64.38
2411007,Rodolfo Fernandes,RN,-5.78393,-38.0579,4345.0,15485.15,76.32,0.493,136.93,38.98,6036.25,6036.25,0.0,598.15,40.55
2411056,Tibau,RN,-4.83729,-37.2554,5748.0,16887.26,833.3,4.935,2.26,41.93,7080.86,7080.86,0.0,195.26,42.42
2411106,Ruy Barbosa,RN,-5.88745,-35.933,3253.0,12578.71,32.91,0.262,82.98,75.1,9446.7,9446.7,0.0,9.52,75.16
2411205,Santa Cruz,RN,-6.22475,-36.0193,39101.0,62437.38,695.34,1.114,102.07,43.92,27421.24,27421.24,0.0,243.9,44.09
2411403,Santana do Matos,RN,-5.94605,-36.6578,12722.0,142229.68,209.95,0.148,94.1,65.47,93123.48,86730.28,6393.2,844.2,65.86
2411429,Santana do Seridó,RN,-6.76643,-36.7312,2796.0,18841.12,72.46,0.385,192.23,59.86,11278.74,10972.9,305.83,58.17,60.05
2411502,Santo Antônio,RN,-6.31195,-35.4739,22793.0,30108.73,201.2,0.668,44.39,6.98,2101.58,2101.58,0.0,123.79,7.01
2411601,São Bento do Norte,RN,-5.09259,-35.9587,3442.0,28873.04,107.13,0.371,4.37,68.9,19893.31,19687.94,205.37,218.9,69.43
2411700,São Bento do Trairí,RN,-6.33798,-36.0863,3890.0,19081.27,42.21,0.221,111.22,41.97,8008.22,8008.22,0.0,58.65,42.1
2411809,São Fernando,RN,-6.37975,-37.1864,3606.0,40442.02,59.89,0.148,152.81,37.91,15333.03,13828.14,1504.89,740.01,38.62
2411908,São Francisco do Oeste,RN,-5.97472,-38.1519,4319.0,7558.38,70.07,0.927,159.38,59.02,4460.7,4460.7,0.0,98.71,59.8
2412005,São Gonçalo do Amarante,RN,-5.79068,-35.3257,124495.0,24977.89,2770.73,11.093,14.92,26.83,6701.79,6659.27,42.52,675.15,27.58
2412104,São João do Sabugi,RN,-6.71387,-37.2027,6136.0,27700.98,105.41,0.381,188.58,56.2,15568.99,14710.07,858.91,591.02,57.43
2412203,São José de Mipibu,RN,-6.0773,-35.2417,50053.0,28997.19,2073.55,7.151,14.9,15.61,4525.76,4510.56,15.2,81.71,15.65
2412302,São José do Campestre,RN,-6.31087,-35.7067,11298.0,34110.66,123.44,0.362,69.33,30.01,10236.27,10236.27,0.0,68.16,30.07
2412401,São José do Seridó,RN,-6.44002,-36.8746,4733.0,17450.65,136.11,0.78,150.74,60.56,10567.61,8600.99,1966.63,102.52,60.92
2412500,São Miguel,RN,-6.20283,-38.4947,24422.0,16623.93,348.08,2.094,203.88,74.8,12434.64,12434.64,0.0,117.6,75.33
2412559,São Miguel do Gostoso,RN,-5.12302,-35.6354,10636.0,43131.5,528.06,1.224,1.03,57.02,24591.54,24584.77,6.77,520.14,57.71
2412609,São Paulo do Potengi,RN,-5.8994,-35.7642,17371.0,24041.92,239.15,0.995,64.95,45.46,10928.52,10928.52,0.0,300.61,46.03
2412708,São Pedro,RN,-5.90559,-35.6317,5890.0,19523.24,52.47,0.269,51.02,36.98,7220.35,7220.35,0.0,49.98,37.08
2412807,São Rafael,RN,-5.79791,-36.8778,7889.0,46911.03,191.6,0.408,81.21,38.84,18219.58,17448.43,771.15,7589.97,46.34
2412906,São Tomé,RN,-5.96404,-36.0798,10161.0,86257.57,128.14,0.149,100.6,78.07,67337.79,67331.48,6.31,61.45,78.12
2413003,São Vicente,RN,-6.21893,-36.6827,6530.0,19782.2,149.96,0.758,124.39,74.95,14827.33,14557.68,269.66,162.92,75.58
2413102,Senador Elói de Souza,RN,-6.03334,-35.6978,6027.0,14355.94,67.66,0.471,61.87,27.98,4016.35,4016.35,0.0,49.08,28.07
2413201,Senador Georgino Avelino,RN,-6.1576,-35.1299,4202.0,2593.88,94.59,3.646,3.92,21.05,546.0,374.7,171.31,641.81,27.97
2413300,Serra de São Bento,RN,-6.41762,-35.7033,5866.0,9658.56,65.04,0.673,72.2,30.53,2949.06,2949.06,0.0,7.55,30.56
2413359,Serra do Mel,RN,-5.17725,-37.0242,13819.0,62009.53,842.97,1.359,26.45,23.93,14838.33,14838.33,0.0,0.27,23.93
2413409,Serra Negra do Norte,RN,-6.66031,-37.3996,7800.0,56238.4,99.82,0.178,190.07,66.47,37380.16,37269.31,110.85,1316.38,68.06
2413508,Serrinha,RN,-6.28181,-35.5,6608.0,19336.34,108.61,0.562,46.29,13.28,2567.53,2567.53,0.0,42.57,13.31
2413557,Serrinha dos Pintos,RN,-6.11087,-37.9548,4810.0,12239.5,125.62,1.026,157.96,64.58,7903.97,7903.97,0.0,51.38,64.85
2413607,Severiano Melo,RN,-5.77666,-37.957,5616.0,15785.64,110.66,0.701,128.66,34.22,5401.15,5401.15,0.0,394.43,35.09
2413706,Sítio Novo,RN,-6.11132,-35.909,4746.0,21345.25,56.54,0.265,86.86,63.56,13566.46,13566.46,0.0,0.98,63.56
2413805,Taboleiro Grande,RN,-5.91948,-38.0367,2409.0,12407.11,51.49,0.415,146.36,67.77,8408.0,8408.0,0.0,240.39,69.11
2413904,Taipu,RN,-5.63058,-35.5918,11708.0,35284.19,159.45,0.452,39.26,26.42,9322.95,9322.95,0.0,129.29,26.52
2414001,Tangará,RN,-6.19649,-35.7989,13583.0,33950.23,192.71,0.568,78.09,36.69,12455.09,12455.09,0.0,154.03,36.85
2414100,Tenente Ananias,RN,-6.45823,-38.182,10610.0,22369.05,159.83,0.715,203.87,62.48,13976.6,13976.6,0.0,211.46,63.08
2414159,Tenente Laurentino Cruz,RN,-6.1378,-36.7135,6152.0,6855.77,306.16,4.466,115.75,57.33,3930.72,3927.61,3.11,3.47,57.36
2414209,Tibau do Sul,RN,-6.19176,-35.0866,18080.0,10208.32,607.07,5.947,0.43,25.72,2625.73,2212.18,413.56,443.46,26.89
2414308,Timbaúba dos Batistas,RN,-6.45768,-37.2745,2424.0,13545.99,46.29,0.342,164.17,26.68,3614.07,3376.85,237.22,389.39,27.47
2414407,Touros,RN,-5.20182,-35.4621,34767.0,75296.81,1462.22,1.942,0.96,30.34,22842.41,19939.01,2903.4,1094.4,30.78
2414456,Triunfo Potiguar,RN,-5.85408,-37.1786,3477.0,26874.14,75.24,0.28,98.66,59.99,16121.02,16042.66,78.35,182.67,60.4
2414506,Umarizal,RN,-5.98238,-37.818,10655.0,24959.37,325.99,1.306,137.89,74.12,18499.4,18499.4,0.0,283.38,74.97
2414605,Upanema,RN,-5.63761,-37.2635,14048.0,87306.73,279.75,0.32,79.58,61.85,54001.25,53916.47,84.79,922.06,62.51
2414704,Várzea,RN,-6.34641,-35.3732,5387.0,7267.42,50.3,0.692,35.55,9.81,712.82,712.82,0.0,35.72,9.86
2414753,Venha-Ver,RN,-6.32016,-38.4896,3005.0,7163.07,34.84,0.486,212.8,71.97,5155.53,5155.53,0.0,39.55,72.37
2414803,Vera Cruz,RN,-6.04399,-35.428,11053.0,8414.1,369.97,4.397,33.7,16.65,1401.12,1401.12,0.0,33.79,16.72
2414902,Viçosa,RN,-5.98253,-37.9462,1900.0,3790.16,54.06,1.426,145.69,83.23,3154.71,3154.71,0.0,5.6,83.36
2415008,Vila Flor,RN,-6.31287,-35.067,3304.0,4767.07,59.36,1.245,4.67,18.65,889.08,661.83,227.25,19.02,18.73
2500106,Água Branca,PB,-7.51144,-37.6357,9580.0,24165.09,92.29,0.382,287.32,63.68,15388.33,15388.33,0.0,180.24,64.16
2500205,Aguiar,PB,-7.0918,-38.1681,5026.0,35161.24,41.08,0.117,264.72,78.49,27599.13,27566.74,32.39,241.89,79.04
2500304,Alagoa Grande,PB,-7.03943,-35.6206,26655.0,32208.36,244.3,0.759,80.17,40.52,13049.67,13049.67,0.0,134.97,40.69
2500403,Alagoa Nova,PB,-7.05377,-35.7591,21823.0,12824.14,115.89,0.904,95.42,49.18,6307.42,6307.42,0.0,52.89,49.39
2500502,Alagoinha,PB,-6.94657,-35.5332,14140.0,11136.01,129.05,1.159,68.27,29.3,3262.71,3262.71,0.0,106.78,29.58
2500536,Alcantil,PB,-7.73668,-36.0511,5806.0,30988.93,89.67,0.289,127.87,64.98,20136.17,20136.17,0.0,15.6,65.01
2500577,Algodão de Jandaíra,PB,-6.89292,-36.0129,3143.0,22273.03,69.33,0.311,119.18,40.72,9069.58,9048.01,21.57,17.66,40.75
2500601,Alhandra,PB,-7.42977,-34.9057,23065.0,18398.0,487.55,2.65,10.2,19.2,3531.92,2782.52,749.4,638.67,19.89
2500700,São João do Rio do Peixe,PB,-6.72195,-38.4468,18500.0,47623.92,523.28,1.099,244.43,42.22,20108.7,20079.49,29.21,300.5,42.49
2500734,Amparo,PB,-7.55502,-37.0628,2328.0,12209.21,24.73,0.203,240.62,73.01,8913.67,8913.67,0.0,4.88,73.04
2500775,Aparecida,PB,-6.78466,-38.0803,8257.0,29145.1,149.87,0.514,229.84,65.83,19186.07,19169.11,16.96,144.54,66.16
2500809,Araçagi,PB,-6.84374,-35.3737,16991.0,23219.69,147.81,0.637,48.46,11.84,2748.14,2748.14,0.0,292.24,11.99
2500908,Arara,PB,-6.82813,-35.7552,12482.0,9131.2,118.25,1.295,90.13,32.05,2926.95,2926.95,0.0,32.94,32.17
2501005,Araruna,PB,-6.54848,-35.7498,17360.0,24672.1,191.17,0.775,82.77,33.73,8321.72,8321.72,0.0,32.51,33.77
2501104,Areia,PB,-6.96396,-35.6977,23031.0,26911.05,205.74,0.765,86.3,47.27,12719.52,12719.52,0.0,134.91,47.5
2501153,Areia de Baraúnas,PB,-7.11702,-36.9404,2027.0,11409.08,50.31,0.441,224.2,82.11,9367.66,8618.57,749.09,24.93,82.29
2501203,Areial,PB,-7.04789,-35.9313,7434.0,3580.82,81.64,2.28,113.64,6.19,221.59,221.59,0.0,14.73,6.21
2501302,Aroeiras,PB,-7.54473,-35.7066,19142.0,37611.18,155.04,0.412,93.09,59.18,22257.64,22257.64,0.0,612.88,60.16
2501351,Assunção,PB,-7.07231,-36.725,4383.0,13212.21,71.52,0.541,199.91,67.34,8897.69,8889.53,8.16,55.46,67.63
2501401,Baía da Traição,PB,-6.69209,-34.9381,9741.0,10270.57,202.03,1.967,0.41,33.0,3389.15,2185.27,1203.88,20.16,33.06
2501500,Bananeiras,PB,-6.74775,-35.6246,24134.0,25562.51,391.86,1.533,73.93,43.95,11234.7,11234.7,0.0,120.15,44.16
2501534,Baraúna,PB,-6.63484,-36.2601,5010.0,5004.05,90.94,1.817,138.3,19.27,964.46,962.95,1.51,1.33,19.28
2501575,Barra de Santana,PB,-7.51809,-35.9913,8247.0,37516.34,99.1,0.264,124.3,54.57,20473.15,20473.15,0.0,16.31,54.6
2501609,Barra de Santa Rosa,PB,-6.71816,-36.0671,13024.0,78118.73,199.89,0.256,121.98,48.87,38180.29,38171.24,9.06,87.91,48.93
2501708,Barra de São Miguel,PB,-7.74603,-36.3209,6123.0,60967.59,138.76,0.228,157.58,61.89,37729.94,37632.81,97.13,305.72,62.2
2501807,Bayeux,PB,-7.1238,-34.9293,83862.0,2768.55,1025.91,37.056,10.95,39.79,1101.53,1087.34,14.2,131.67,41.77
2501906,Belém,PB,-6.74261,-35.5166,16710.0,9961.65,159.93,1.605,62.13,35.77,3563.74,3563.74,0.0,21.85,35.85
2502003,Belém do Brejo do Cruz,PB,-6.18515,-37.5348,6272.0,60156.02,139.2,0.231,145.65,65.71,39529.64,38236.07,1293.57,1733.19,67.66
2502052,Bernardino Batista,PB,-6.44572,-38.5521,3677.0,5744.92,42.11,0.733,227.72,69.18,3974.11,3974.11,0.0,30.83,69.55
2502102,Boa Ventura,PB,-7.40982,-38.2113,5246.0,16866.32,60.38,0.358,298.84,77.64,13095.52,13095.52,0.0,28.46,77.77
2502151,Boa Vista,PB,-7.26365,-36.2357,6592.0,46891.52,264.5,0.564,152.29,55.67,26104.48,26085.23,19.25,142.35,55.84
2502201,Bom Jesus,PB,-6.81601,-38.6453,2328.0,4737.28,44.39,0.937,265.83,51.84,2455.95,2454.89,1.07,275.85,55.05
2502300,Bom Sucesso,PB,-6.44176,-37.9234,4720.0,18608.13,90.98,0.489,188.15,46.27,8609.86,8589.07,20.79,62.1,46.42
2502409,Bonito de Santa Fé,PB,-7.31341,-38.5133,10433.0,22680.68,108.82,0.48,303.82,63.64,14434.74,14434.74,0.0,226.17,64.28
2502508,Boqueirão,PB,-7.487,-36.1309,18216.0,37307.68,277.13,0.743,140.09,59.18,22077.78,22072.46,5.32,1729.88,62.05
2502607,Igaracy,PB,-7.17184,-38.1478,5719.0,19705.09,61.66,0.313,271.93,55.19,10875.04,10849.94,25.11,253.4,55.91
2502706,Borborema,PB,-6.80199,-35.6187,4185.0,2611.47,49.72,1.904,74.89,66.64,1740.39,1740.39,0.0,39.42,67.67
2502805,Brejo do Cruz,PB,-6.34185,-37.4943,14095.0,40130.55,232.65,0.58,161.13,58.9,23635.47,23616.63,18.84,1059.66,60.49
2502904,Brejo dos Santos,PB,-6.37065,-37.8253,5816.0,9385.53,101.03,1.076,176.47,63.11,5922.75,5915.11,7.64,23.99,63.27
2503001,Caaporã,PB,-7.51351,-34.9055,21942.0,15102.47,337.5,2.235,9.59,18.88,2850.75,2402.4,448.35,109.74,19.01
2503100,Cabaceiras,PB,-7.48899,-36.287,5537.0,46920.23,241.34,0.514,156.9,67.12,31493.56,31417.66,75.89,497.85,67.84
2503209,Cabedelo,PB,-6.98731,-34.8284,70734.0,2926.85,1641.67,56.09,0.31,31.17,912.38,781.03,131.35,215.55,33.65
2503308,Cachoeira dos Índios,PB,-6.91353,-38.676,9335.0,19322.24,103.41,0.535,276.46,56.87,10989.3,10989.3,0.0,144.14,57.3
2503407,Cacimba de Areia,PB,-7.12128,-37.1563,3344.0,21302.62,49.24,0.231,230.65,66.0,14059.95,13378.73,681.22,246.22,66.77
2503506,Cacimba de Dentro,PB,-6.6386,-35.7778,16332.0,16509.38,175.77,1.065,89.52,27.09,4471.61,4471.61,0.0,42.27,27.15
2503555,Cacimbas,PB,-7.20721,-37.0604,7513.0,12405.04,56.86,0.458,239.08,79.52,9864.53,9864.53,0.0,10.11,79.59
2503605,Caiçara,PB,-6.62115,-35.4581,6684.0,12368.84,69.37,0.561,54.14,12.86,1591.04,1591.04,0.0,64.58,12.93
2503704,Cajazeiras,PB,-6.88004,-38.5577,66585.0,56272.77,1216.14,2.161,265.78,64.79,36460.0,36458.94,1.07,872.35,65.81
2503753,Cajazeirinhas,PB,-6.96016,-37.8009,2760.0,28271.38,26.89,0.095,236.25,78.25,22121.36,22120.12,1.24,405.27,79.38
2503803,Caldas Brandão,PB,-7.1025,-35.3272,5942.0,5596.14,61.13,1.092,52.44,12.2,682.84,682.84,0.0,107.0,12.44
2503902,Camalaú,PB,-7.88503,-36.8242,6327.0,54187.06,219.4,0.405,212.17,55.86,30269.41,28609.12,1660.29,622.18,56.51
2504009,Campina Grande,PB,-7.22196,-35.8731,443911.0,59165.1,6774.68,11.45,112.85,32.04,18956.24,18956.24,0.0,265.73,32.18
2504033,Capim,PB,-6.91624,-35.1673,7446.0,7985.84,291.15,3.646,28.28,17.85,1425.38,1359.43,65.95,148.68,18.19
2504074,Caraúbas,PB,-7.72049,-36.492,4067.0,48664.57,150.89,0.31,176.54,47.04,22891.58,22084.76,806.82,153.55,47.19
2504108,Carrapateira,PB,-7.03414,-38.3399,2365.0,5906.66,15.26,0.258,267.52,75.82,4478.48,4478.48,0.0,16.42,76.03
2504157,Casserengue,PB,-6.77954,-35.8179,7052.0,20275.07,115.87,0.571,95.58,34.88,7071.66,7071.66,0.0,49.02,34.96
2504207,Catingueira,PB,-7.12008,-37.6064,4556.0,52739.86,65.39,0.124,245.79,85.9,45302.36,45134.04,168.32,767.8,87.17
2504306,Catolé do Rocha,PB,-6.34062,-37.747,32288.0,55173.04,611.57,1.108,169.95,75.72,41774.55,41753.93,20.62,467.25,76.36
2504355,Caturité,PB,-7.41659,-36.0306,5544.0,11781.6,75.63,0.642,131.37,44.59,5253.52,5253.52,0.0,4.61,44.61
2504405,Conceição,PB,-7.55106,-38.5014,18731.0,58063.48,262.91,0.453,326.43,76.49,44415.15,44358.69,56.46,344.95,76.95
2504504,Condado,PB,-6.89831,-37.606,6629.0,26545.36,148.06,0.558,223.3,72.23,19172.75,19163.7,9.05,445.95,73.46
2504603,Conde,PB,-7.25746,-34.8999,30007.0,17087.99,1702.61,9.964,10.5,29.23,4994.39,4458.56,535.83,48.69,29.31
2504702,Congo,PB,-7.79078,-36.6581,5124.0,32468.17,220.59,0.679,194.66,44.01,14290.71,11984.11,2306.6,372.61,44.53
2504801,Coremas,PB,-7.00712,-37.9346,14987.0,37201.24,208.82,0.561,246.07,50.89,18932.55,18882.51,50.05,5964.78,60.61
2504850,Coxixola,PB,-7.62365,-36.6064,1888.0,17395.79,69.13,0.397,189.77,57.61,10021.94,9774.78,247.16,49.98,57.78
2504900,Cruz do Espírito Santo,PB,-7.13902,-35.0857,17821.0,19251.28,159.16,0.827,28.28,22.26,4285.6,4026.54,259.06,196.16,22.49
2505006,Cubati,PB,-6.86686,-36.3619,7842.0,16357.83,170.44,1.042,156.47,43.75,7156.49,7154.81,1.69,54.42,43.9
2505105,Cuité,PB,-6.47647,-36.1515,20208.0,73384.92,386.19,0.526,121.45,52.12,38250.71,38237.56,13.15,110.87,52.2
2505204,Cuitegi,PB,-6.89058,-35.5215,6890.0,4207.39,69.24,1.646,65.48,42.24,1777.04,1777.04,0.0,43.67,42.68
2505238,Cuité de Mamanguape,PB,-6.91292,-35.2502,6441.0,10768.92,50.42,0.468,37.15,11.78,1268.18,1251.58,16.6,156.68,11.95
2505279,Curral de Cima,PB,-6.72325,-35.2639,5415.0,8643.16,27.35,0.316,34.61,8.1,700.19,700.19,0.0,60.03,8.16
2505303,Curral Velho,PB,-7.53075,-38.1962,2316.0,21762.0,29.25,0.134,310.54,85.6,18628.89,18608.68,20.21,169.66,86.28
2505352,Damião,PB,-6.63161,-35.9101,5141.0,18618.79,48.32,0.259,103.09,31.59,5882.21,5882.21,0.0,0.8,31.59
2505402,Desterro,PB,-7.287,-37.0925,8314.0,18201.11,133.49,0.733,244.45,76.81,13979.49,13979.49,0.0,20.31,76.89
2505501,Vista Serrana,PB,-6.7303,-37.5704,3772.0,6040.85,69.53,1.151,204.84,72.4,4373.84,4366.56,7.28,41.64,72.91
2505600,Diamante,PB,-7.41738,-38.2615,6416.0,27179.73,80.6,0.297,301.84,87.93,23898.93,23898.93,0.0,107.29,88.28
2505709,Dona Inês,PB,-6.61566,-35.6205,10638.0,17367.69,94.68,0.545,72.09,38.03,6605.31,6605.31,0.0,57.2,38.16
2505808,Duas Estradas,PB,-6.68499,-35.418,3360.0,2700.21,39.78,1.473,50.25,7.55,203.8,203.8,0.0,22.47,7.61
2505907,Emas,PB,-7.09964,-37.7163,3036.0,24821.89,47.74,0.192,248.64,83.07,20619.34,20530.88,88.46,310.66,84.12
2506004,Esperança,PB,-7.02278,-35.8597,32599.0,15785.45,342.56,2.17,105.27,23.35,3685.33,3685.33,0.0,33.64,23.4
2506103,Fagundes,PB,-7.34454,-35.7931,11307.0,18508.55,54.45,0.294,108.61,53.17,9841.11,9841.11,0.0,45.58,53.3
2506202,Frei Martinho,PB,-6.39759,-36.4526,2911.0,23866.71,80.15,0.336,144.66,66.9,15965.95,14541.19,1424.77,117.47,67.23
2506251,Gado Bravo,PB,-7.58279,-35.7899,8398.0,19243.1,56.73,0.295,101.07,56.96,10961.47,10961.47,0.0,7.0,56.98
2506301,Guarabira,PB,-6.85064,-35.485,60057.0,16238.83,744.64,4.586,60.73,19.42,3153.63,3153.63,0.0,126.32,19.57
2506400,Gurinhém,PB,-7.1233,-35.4222,14141.0,34041.63,133.61,0.393,62.81,25.64,8728.41,8728.41,0.0,163.07,25.76
2506509,Gurjão,PB,-7.24833,-36.4923,3352.0,34450.69,67.41,0.196,179.19,35.18,12118.58,12061.56,57.03,37.07,35.21
2506608,Ibiara,PB,-7.47957,-38.4059,5713.0,24035.3,69.5,0.289,314.69,78.3,18818.9,18784.33,34.57,204.08,78.97
2506707,Imaculada,PB,-7.3889,-37.5079,10497.0,31780.7,102.78,0.323,269.93,68.92,21902.73,21898.83,3.9,76.62,69.08
2506806,Ingá,PB,-7.28144,-35.605,18234.0,26217.7,160.01,0.61,87.45,31.43,8240.35,8240.35,0.0,74.68,31.52
2506905,Itabaiana,PB,-7.33167,-35.3317,23558.0,21055.21,292.67,1.39,58.18,24.95,5253.18,5240.15,13.04,91.7,25.06
2507002,Itaporanga,PB,-7.30202,-38.1504,24766.0,46019.12,303.85,0.66,285.24,67.83,31214.67,31133.43,81.24,386.98,68.41
2507101,Itapororoca,PB,-6.82374,-35.2406,19165.0,14580.29,221.95,1.522,33.59,9.68,1411.02,1411.02,0.0,146.76,9.78
2507200,Itatuba,PB,-7.38115,-35.638,10840.0,25173.61,109.96,0.437,91.19,31.34,7889.79,7889.79,0.0,430.73,31.89
2507309,Jacaraú,PB,-6.61453,-35.289,14969.0,25682.2,177.28,0.69,35.43,16.54,4248.45,4199.6,48.85,30.56,16.56
2507408,Jericó,PB,-6.54577,-37.8036,7728.0,17736.4,108.37,0.611,193.29,51.1,9063.08,9011.74,51.35,632.33,52.99
2507507,João Pessoa,PB,-7.11509,-34.8641,897633.0,20955.76,10578.16,50.479,3.69,24.56,5146.54,4718.24,428.3,334.76,24.96
2507606,Juarez Távora,PB,-7.1713,-35.5686,8088.0,7567.46,57.75,0.763,79.65,29.4,2224.91,2224.91,0.0,13.57,29.45
2507705,Juazeirinho,PB,-7.06092,-36.5793,17520.0,47461.18,282.18,0.595,183.83,57.35,27220.1,27217.7,2.4,139.23,57.52
2507804,Junco do Seridó,PB,-6.99269,-36.7166,7019.0,18040.38,116.62,0.646,197.71,78.6,14178.85,14172.02,6.83,62.66,78.87
2507903,Juripiranga,PB,-7.36176,-35.2321,10255.0,7871.18,107.57,1.367,46.91,5.8,456.55,452.56,3.99,146.5,5.91
2508000,Juru,PB,-7.52983,-37.815,9380.0,39509.77,105.66,0.267,296.49,73.84,29172.83,29167.42,5.41,153.53,74.13
2508109,Lagoa,PB,-6.58572,-37.9127,4489.0,17664.12,58.62,0.332,202.14,70.81,12507.1,12493.06,14.03,52.23,71.02
2508208,Lagoa de Dentro,PB,-6.67213,-35.3706,8123.0,8351.22,86.94,1.041,44.86,9.9,827.15,827.15,0.0,80.55,10.0
2508307,Lagoa Seca,PB,-7.15535,-35.8491,29209.0,10822.33,235.9,2.18,107.95,31.48,3407.12,3407.12,0.0,36.2,31.59
2508406,Lastro,PB,-6.50603,-38.1742,3316.0,10742.36,44.06,0.41,207.86,58.15,6247.19,6238.04,9.15,123.83,58.83
2508505,Livramento,PB,-7.37113,-36.9491,7041.0,26694.83,94.97,0.356,231.14,45.02,12018.03,12018.03,0.0,34.14,45.08
2508554,Logradouro,PB,-6.61191,-35.4384,5107.0,4289.0,64.05,1.493,51.96,4.71,201.9,201.9,0.0,24.52,4.73
2508604,Lucena,PB,-6.90258,-34.8748,13088.0,9333.68,889.76,9.533,0.04,25.34,2365.48,1597.31,768.17,135.0,25.72
2508703,Mãe d'Água,PB,-7.25201,-37.4322,3599.0,22868.0,40.54,0.177,253.07,85.49,19550.57,19550.57,0.0,132.54,85.99
2508802,Malta,PB,-6.89719,-37.5221,6288.0,17200.45,115.31,0.67,219.45,76.23,13111.57,13107.67,3.91,186.69,77.06
2508901,Mamanguape,PB,-6.8337,-35.1213,46966.0,33745.71,930.75,2.758,21.1,23.19,7826.21,7491.94,334.28,219.83,23.34
2509008,Manaíra,PB,-7.70331,-38.1523,10699.0,35204.07,111.83,0.318,326.61,71.77,25264.99,25176.29,88.7,112.8,72.0
2509057,Marcação,PB,-6.76535,-35.0087,9537.0,12255.98,162.67,1.327,7.34,24.84,3044.73,2577.49,467.24,308.28,25.48
2509107,Mari,PB,-7.05942,-35.318,22170.0,15525.56,308.72,1.988,49.33,14.96,2322.12,2322.12,0.0,115.98,15.07
2509156,Marizópolis,PB,-6.82748,-38.3528,7001.0,6995.44,151.19,2.161,248.48,55.89,3910.03,3902.66,7.37,290.3,58.31
2509206,Massaranduba,PB,-7.18995,-35.7848,14756.0,20940.51,84.45,0.403,102.48,55.75,11674.99,11674.99,0.0,100.78,56.02
2509305,Mataraca,PB,-6.59673,-35.0531,8650.0,18241.7,164.32,0.901,9.55,20.64,3765.82,2711.68,1054.14,39.8,20.69
2509339,Matinhas,PB,-7.12486,-35.7669,4759.0,3652.35,15.53,0.425,98.28,64.23,2345.85,2345.85,0.0,1.15,64.25
2509370,Mato Grosso,PB,-6.54018,-37.7279,2584.0,8526.86,48.77,0.572,189.7,59.19,5046.73,5045.05,1.69,92.83,59.84
2509396,Maturéia,PB,-7.26188,-37.351,6717.0,8305.14,96.42,1.161,251.31,71.81,5964.32,5964.32,0.0,9.22,71.89
2509404,Mogeiro,PB,-7.28517,-35.4832,14435.0,21410.23,95.34,0.445,74.38,30.1,6443.59,6443.59,0.0,173.3,30.34
2509503,Montadas,PB,-7.08848,-35.9592,6144.0,3178.73,79.77,2.51,117.83,4.97,157.94,157.94,0.0,10.38,4.98
2509602,Monte Horebe,PB,-7.20402,-38.5838,4429.0,11685.24,36.9,0.316,297.32,69.99,8178.01,8178.01,0.0,79.84,70.47
2509701,Monteiro,PB,-7.88363,-37.1184,33886.0,99253.6,973.4,0.981,241.35,63.0,62530.07,62454.08,75.99,937.71,63.6
2509800,Mulungu,PB,-7.02525,-35.46,8909.0,18725.13,75.97,0.406,62.64,8.74,1637.32,1637.32,0.0,85.82,8.78
2509909,Natuba,PB,-7.63514,-35.5586,8935.0,20219.61,41.83,0.207,74.91,53.12,10741.45,10740.39,1.06,440.88,54.31
2510006,Nazarezinho,PB,-6.9114,-38.322,7394.0,19321.16,73.67,0.381,254.72,60.11,11613.3,11610.82,2.49,146.37,60.57
2510105,Nova Floresta,PB,-6.45056,-36.2057,9840.0,4755.45,361.52,7.602,126.57,45.06,2142.59,2140.82,1.78,27.81,45.32
2510204,Nova Olinda,PB,-7.47232,-38.0382,5897.0,8148.84,72.26,0.887,298.31,48.52,3953.61,3932.25,21.37,43.18,48.78
2510303,Nova Palmeira,PB,-6.67122,-36.422,4359.0,31474.66,99.55,0.316,156.49,62.13,19553.81,19444.75,109.06,104.08,62.33
2510402,Olho d'Água,PB,-7.22118,-37.7406,6059.0,58044.68,78.42,0.135,261.96,87.62,50858.99,50710.32,148.67,691.67,88.68
2510501,Olivedos,PB,-6.98434,-36.241,3675.0,31463.82,100.29,0.319,145.56,59.39,18686.96,18639.91,47.05,106.68,59.59
2510600,Ouro Velho,PB,-7.61604,-37.1519,3000.0,12809.3,51.32,0.401,249.85,68.97,8834.02,8831.54,2.48,15.95,69.05
2510659,Parari,PB,-7.30975,-36.6522,1745.0,20783.39,63.15,0.304,197.97,34.13,7093.74,6908.21,185.54,52.94,34.22
2510709,Passagem,PB,-7.13467,-37.0433,2580.0,12342.77,82.6,0.669,235.73,71.12,8777.95,8111.63,666.32,59.89,71.46
2510808,Patos,PB,-7.01743,-37.2747,108104.0,47288.45,2202.79,4.658,222.99,57.5,27191.42,26858.25,333.17,822.55,58.52
2510907,Paulista,PB,-6.59138,-37.6185,12172.0,57737.77,177.64,0.308,191.35,56.91,32860.06,32738.11,121.95,770.48,57.68
2511004,Pedra Branca,PB,-7.42169,-38.0689,3851.0,11689.96,65.44,0.56,294.21,68.74,8036.22,8022.92,13.3,392.46,71.13
2511103,Pedra Lavrada,PB,-6.74997,-36.4758,6980.0,33563.56,116.23,0.346,165.15,60.27,20228.37,20217.45,10.92,113.3,60.47
2511202,Pedras de Fogo,PB,-7.39107,-35.1065,31356.0,40670.6,354.44,0.871,32.74,13.03,5300.88,4828.44,472.43,211.61,13.1
2511301,Piancó,PB,-7.19282,-37.9289,17088.0,57700.17,187.0,0.324,265.15,66.62,38438.54,38263.6,174.94,1177.98,68.01
2511400,Picuí,PB,-6.50845,-36.3497,18862.0,66767.62,508.61,0.762,143.56,60.66,40501.18,38731.63,1769.55,126.51,60.78
2511509,Pilar,PB,-7.26403,-35.2523,12889.0,10329.99,126.22,1.222,49.16,20.01,2066.83,2066.83,0.0,74.5,20.15
2511608,Pilões,PB,-6.86827,-35.613,6974.0,6558.43,42.34,0.646,75.01,61.52,4034.88,4034.88,0.0,1.86,61.54
2511707,Pilõezinhos,PB,-6.84277,-35.531,5539.0,4090.58,29.39,0.718,65.64,65.06,2661.53,2661.53,0.0,2.13,65.1
2511806,Pirpirituba,PB,-6.77922,-35.4906,9411.0,8068.43,90.74,1.125,60.36,43.14,3480.95,3480.95,0.0,15.36,43.23
2511905,Pitimbu,PB,-7.4664,-34.8151,17166.0,13467.93,654.72,4.861,0.06,27.0,3636.3,2778.8,857.5,172.79,27.35
2512002,Pocinhos,PB,-7.06658,-36.0668,18038.0,62397.26,429.38,0.688,128.63,41.05,25614.44,25609.47,4.97,40.91,41.08
2512036,Poço Dantas,PB,-6.39876,-38.4909,3934.0,9775.15,64.69,0.662,219.34,76.88,7515.0,7515.0,0.0,35.54,77.16
2512077,Poço de José de Moura,PB,-6.56401,-38.5111,4126.0,9464.41,68.93,0.728,234.75,28.68,2714.63,2709.83,4.8,39.08,28.8
2512101,Pombal,PB,-6.76606,-37.8003,33866.0,89412.1,657.67,0.736,215.92,67.27,60149.06,60011.07,137.99,948.7,67.99
2512200,Prata,PB,-7.68826,-37.0801,4032.0,20180.37,74.17,0.368,241.51,71.77,14483.28,14483.28,0.0,10.63,71.81
2512309,Princesa Isabel,PB,-7.73175,-37.9886,21674.0,36857.47,286.9,0.778,325.75,70.91,26135.23,26132.22,3.01,167.85,71.23
2512408,Puxinanã,PB,-7.15479,-35.9543,14942.0,7111.43,186.58,2.624,119.08,17.75,1262.38,1262.38,0.0,11.89,17.78
2512507,Queimadas,PB,-7.35029,-35.9031,50698.0,40275.84,672.58,1.67,120.42,42.57,17144.68,17144.68,0.0,160.24,42.74
2512606,Quixabá,PB,-7.0224,-37.1458,1803.0,14714.18,28.49,0.194,219.74,77.81,11448.81,11237.7,211.12,53.07,78.09
2512705,Remígio,PB,-6.94992,-35.8011,18399.0,18345.56,266.8,1.454,97.07,37.08,6802.11,6800.51,1.6,36.12,37.15
2512721,Pedro Régis,PB,-6.63323,-35.2966,5932.0,7420.42,74.69,1.007,36.32,25.34,1880.45,1880.45,0.0,43.87,25.49
2512747,Riachão,PB,-6.54269,-35.661,2945.0,8528.39,48.95,0.574,73.85,28.91,2465.57,2465.57,0.0,7.46,28.94
2512754,Riachão do Bacamarte,PB,-7.25347,-35.6693,4911.0,4027.15,49.14,1.22,93.92,41.84,1685.12,1685.12,0.0,3.37,41.88
2512762,Riachão do Poço,PB,-7.14173,-35.2914,4989.0,4046.33,25.99,0.642,50.88,16.45,665.5,665.5,0.0,56.6,16.68
2512788,Riacho de Santo Antônio,PB,-7.68023,-36.157,2063.0,9365.22,62.92,0.672,139.85,58.77,5503.82,5503.82,0.0,2.66,58.79
2512804,Riacho dos Cavalos,PB,-6.44067,-37.6483,8788.0,26252.4,95.69,0.365,176.41,57.59,15117.66,15072.35,45.31,393.75,58.46
2512903,Rio Tinto,PB,-6.80383,-35.0776,25500.0,46488.41,617.07,1.327,15.51,29.42,13676.92,12142.73,1534.19,562.19,29.78
2513000,Salgadinho,PB,-7.10098,-36.8458,3435.0,17900.2,50.31,0.281,213.6,73.8,13211.16,12990.49,220.66,20.76,73.89
2513109,Salgado de São Félix,PB,-7.35337,-35.4305,11741.0,20408.93,79.1,0.388,68.75,47.66,9725.95,9724.8,1.15,37.24,47.74
2513158,Santa Cecília,PB,-7.7389,-35.8764,8113.0,21757.05,131.49,0.604,108.6,54.91,11945.81,11945.81,0.0,5.14,54.92
2513208,Santa Cruz,PB,-6.5237,-38.0617,6013.0,21767.7,99.13,0.455,203.24,66.92,14566.9,14549.93,16.97,139.37,67.35
2513307,Santa Helena,PB,-6.7176,-38.6427,6023.0,21112.64,93.5,0.443,257.11,36.38,7681.48,7660.88,20.6,100.25,36.56
2513356,Santa Inês,PB,-7.621,-38.554,3256.0,32764.41,37.76,0.115,335.96,85.73,28089.38,28081.31,8.06,186.29,86.22
2513406,Santa Luzia,PB,-6.86092,-36.9178,15418.0,44076.46,363.52,0.825,197.49,58.73,25884.13,25034.29,849.84,217.49,59.02
2513505,Santana de Mangueira,PB,-7.54705,-38.3236,5090.0,40517.72,40.07,0.099,317.73,84.91,34405.19,34270.48,134.71,137.11,85.2
2513604,Santana dos Garrotes,PB,-7.38162,-37.9819,6618.0,36149.5,116.25,0.322,286.8,73.48,26562.19,26486.01,76.17,347.16,74.19
2513653,Joca Claudino,PB,-6.48362,-38.4764,2607.0,7178.88,41.4,0.577,225.43,71.33,5120.67,5120.67,0.0,80.66,72.14
2513703,Santa Rita,PB,-7.11724,-34.9753,160852.0,71860.58,2270.28,3.159,15.87,28.38,20397.47,18536.94,1860.53,1111.47,28.83
2513802,Santa Teresinha,PB,-7.07964,-37.4435,4492.0,35947.37,50.4,0.14,235.23,74.24,26686.12,26605.46,80.66,212.51,74.68
2513851,Santo André,PB,-7.22016,-36.6213,2708.0,19778.51,66.44,0.336,192.4,36.29,7178.04,7148.15,29.89,45.69,36.38
2513901,São Bento,PB,-6.48529,-37.4488,33845.0,24587.8,635.3,2.584,174.59,44.18,10863.95,10846.27,17.68,598.29,45.29
2513927,São Bentinho,PB,-6.88596,-37.7243,4490.0,19962.41,76.16,0.382,225.9,66.56,13287.24,13281.47,5.77,335.38,67.7
2513943,São Domingos do Cariri,PB,-7.63273,-36.4374,2688.0,23382.88,178.05,0.761,171.11,70.33,16444.56,16408.4,36.16,191.7,70.91
2513968,São Domingos,PB,-6.80313,-37.9488,2624.0,17037.14,32.05,0.188,225.75,69.3,11806.06,11795.67,10.39,176.15,70.02
2513984,São Francisco,PB,-6.60773,-38.0968,3176.0,9072.23,48.49,0.535,213.26,69.35,6291.66,6275.23,16.43,113.16,70.23
2514008,São João do Cariri,PB,-7.38168,-36.5345,4345.0,61302.01,135.23,0.221,186.12,50.3,30833.35,30321.28,512.07,115.09,50.39
2514107,São João do Tigre,PB,-8.07703,-36.8547,4359.0,81261.7,76.94,0.095,206.64,71.81,58353.39,57589.2,764.19,46.39,71.85
2514206,São José da Lagoa Tapada,PB,-6.93646,-38.1622,7251.0,33373.16,69.05,0.207,248.9,68.53,22869.35,22864.91,4.44,395.86,69.35
2514305,São José de Caiana,PB,-7.24636,-38.2989,4966.0,18326.23,41.69,0.227,286.32,79.04,14485.0,14485.0,0.0,115.04,79.54
2514404,São José de Espinharas,PB,-6.83974,-37.3214,4056.0,72676.15,44.39,0.061,205.8,69.76,50697.73,50313.58,384.15,898.15,70.63
2514453,São José dos Ramos,PB,-7.25238,-35.3725,6137.0,10063.91,34.06,0.338,61.66,19.63,1976.02,1976.02,0.0,27.41,19.69
2514503,São José de Piranhas,PB,-7.1187,-38.502,19561.0,68689.33,210.55,0.307,284.57,60.52,41573.6,41554.62,18.99,3103.29,63.39
2514552,São José de Princesa,PB,-7.73633,-38.0894,3323.0,15803.0,21.0,0.133,327.75,74.48,11769.88,11769.88,0.0,0.71,74.48
2514602,São José do Bonfim,PB,-7.1607,-37.3036,3337.0,15363.26,59.09,0.385,239.08,69.32,10649.3,10391.91,257.39,115.52,69.84
2514651,São José do Brejo do Cruz,PB,-6.21054,-37.3601,1750.0,25379.73,33.42,0.132,142.9,60.11,15256.73,15139.76,116.97,1070.8,62.76
2514701,São José do Sabugi,PB,-6.76295,-36.7972,4283.0,21356.29,53.19,0.249,185.33,46.15,9855.44,9636.75,218.69,68.37,46.3
2514800,São José dos Cordeiros,PB,-7.38775,-36.8085,3462.0,37662.95,50.72,0.135,215.55,66.68,25112.49,25106.37,6.12,43.01,66.75
2514909,São Mamede,PB,-6.92386,-37.0954,7629.0,53344.85,169.27,0.317,207.86,65.89,35146.65,33113.32,2033.33,292.22,66.25
2515005,São Miguel de Taipu,PB,-7.24764,-35.2016,7307.0,9242.46,124.19,1.344,43.28,16.12,1489.63,1479.61,10.02,90.3,16.28
2515104,São Sebastião de Lagoa de Roça,PB,-7.11034,-35.8678,11387.0,4636.79,71.96,1.552,108.57,23.32,1081.18,1081.18,0.0,20.94,23.42
2515203,São Sebastião do Umbuzeiro,PB,-8.15289,-37.0138,3382.0,46435.9,118.97,0.256,215.58,87.44,40602.99,40509.24,93.75,349.42,88.1
2515302,Sapé,PB,-7.09359,-35.228,53457.0,31369.84,571.54,1.822,42.47,12.44,3902.54,3764.72,137.82,782.33,12.76
2515401,São Vicente do Seridó,PB,-6.85426,-36.4122,10652.0,26274.06,163.32,0.622,161.73,56.33,14799.51,14796.13,3.37,35.06,56.4
2515500,Serra Branca,PB,-7.48034,-36.666,14131.0,69808.23,300.62,0.431,198.25,49.11,34281.08,33934.83,346.25,228.29,49.27
2515609,Serra da Raiz,PB,-6.68527,-35.4379,3156.0,3168.29,40.23,1.27,52.43,42.03,1331.66,1331.66,0.0,10.03,42.16
2515708,Serra Grande,PB,-7.20957,-38.3647,3056.0,6435.51,30.69,0.477,285.93,74.33,4783.72,4783.72,0.0,35.75,74.75
2515807,Serra Redonda,PB,-7.18622,-35.6842,6975.0,5518.88,30.25,0.548,91.99,38.34,2115.82,2115.82,0.0,6.48,38.38
2515906,Serraria,PB,-6.81569,-35.6282,4754.0,6506.01,38.18,0.587,76.03,51.68,3362.52,3362.52,0.0,7.28,51.74
2515930,Sertãozinho,PB,-6.75127,-35.4372,5332.0,3244.41,55.58,1.713,53.84,16.4,532.06,532.06,0.0,31.61,16.56
2515971,Sobrado,PB,-7.14429,-35.2357,8646.0,6195.33,68.67,1.108,44.79,11.98,741.93,741.93,0.0,17.3,12.01
2516003,Solânea,PB,-6.75161,-35.6636,27748.0,23304.48,330.4,1.418,78.25,41.16,9592.51,9592.51,0.0,53.37,41.26
2516102,Soledade,PB,-7.05829,-36.3668,14409.0,57816.04,363.38,0.629,160.71,51.09,29537.0,29537.0,0.0,176.41,51.24
2516151,Sossêgo,PB,-6.77067,-36.2538,3476.0,14725.26,51.05,0.347,143.11,56.48,8316.22,8316.22,0.0,45.91,56.65
2516201,Sousa,PB,-6.75148,-38.2311,70066.0,72848.25,1772.25,2.433,234.38,58.67,42743.36,42666.73,76.63,490.57,59.07
2516300,Sumé,PB,-7.66206,-36.884,17852.0,83330.21,342.07,0.41,220.03,73.2,61000.78,60487.88,512.9,367.31,73.53
2516409,Tacima,PB,-6.48759,-35.6367,7794.0,24521.41,80.57,0.329,68.57,18.46,4527.64,4527.64,0.0,160.87,18.59
2516508,Taperoá,PB,-7.20629,-36.8245,14358.0,62836.39,281.83,0.449,213.59,55.33,34764.94,34693.98,70.97,179.01,55.48
2516607,Tavares,PB,-7.62697,-37.8712,14473.0,23950.49,185.76,0.776,308.81,52.12,12483.14,12483.14,0.0,119.65,52.38
2516706,Teixeira,PB,-7.22104,-37.2525,15129.0,15545.92,188.23,1.211,243.95,77.68,12075.72,12075.72,0.0,23.15,77.79
2516755,Tenório,PB,-6.93855,-36.6273,3082.0,8746.54,73.23,0.837,186.75,66.39,5806.82,5800.16,6.66,21.66,66.55
2516805,Triunfo,PB,-6.5713,-38.5986,10315.0,22433.11,147.0,0.655,241.56,29.92,6711.56,6705.61,5.95,108.71,30.06
2516904,Uiraúna,PB,-6.51504,-38.4128,15431.0,29318.43,245.19,0.836,223.77,56.87,16673.54,16669.99,3.55,229.29,57.32
2517001,Umbuzeiro,PB,-7.69199,-35.6582,9274.0,18558.71,45.64,0.246,84.9,70.24,13036.42,13036.42,0.0,3.72,70.26
2517100,Várzea,PB,-6.76189,-36.9913,2777.0,19128.88,53.9,0.282,187.98,62.87,12026.42,10497.82,1528.6,65.88,63.09
2517209,Vieirópolis,PB,-6.50684,-38.2567,4967.0,14709.06,50.81,0.345,212.91,57.96,8525.34,8524.1,1.24,152.78,58.57
2517407,Zabelê,PB,-8.07901,-37.1057,2323.0,10680.14,80.92,0.758,228.59,71.91,7680.16,7622.69,57.46,17.44,72.03
2600054,Abreu e Lima,PE,-7.90072,-34.8984,104248.0,12635.94,921.92,7.296,8.37,65.62,8291.44,8286.12,5.31,46.06,65.86
2600104,Afogados da Ingazeira,PE,-7.74312,-37.631,42672.0,37804.77,671.07,1.775,299.7,63.67,24072.18,24063.32,8.86,204.06,64.02
2600203,Afrânio,PE,-8.51136,-41.0095,19409.0,149059.66,399.25,0.268,512.3,52.76,78640.52,78639.2,1.33,456.14,52.92
2600302,Agrestina,PE,-8.45966,-35.9447,24680.0,20037.27,237.67,1.186,97.81,7.68,1538.19,1538.19,0.0,101.46,7.72
2600401,Água Preta,PE,-8.70609,-35.5263,26981.0,53190.56,247.6,0.465,45.23,16.73,8901.39,8833.85,67.54,235.47,16.81
2600500,Águas Belas,PE,-9.11125,-37.1226,43822.0,88600.26,562.69,0.635,156.47,35.35,31316.21,31316.21,0.0,51.22,35.37
2600609,Alagoinha,PE,-8.4665,-36.7788,14460.0,20811.42,274.71,1.32,174.05,58.94,12266.51,12266.51,0.0,11.23,58.97
2600708,Aliança,PE,-7.60398,-35.2227,37349.0,27274.41,325.2,1.192,40.46,4.48,1222.39,1187.2,35.19,151.55,4.51
2600807,Altinho,PE,-8.48482,-36.0644,21134.0,45017.48,150.8,0.335,109.1,22.29,10034.24,10034.24,0.0,68.73,22.32
2600906,Amaraji,PE,-8.37691,-35.4501,18335.0,23322.85,133.32,0.572,51.37,20.8,4850.59,4835.99,14.6,103.43,20.89
2601003,Angelim,PE,-8.88429,-36.2902,10591.0,11878.42,85.52,0.72,103.73,16.02,1903.22,1899.95,3.27,15.55,16.04
2601052,Araçoiaba,PE,-7.78391,-35.0809,19996.0,9636.77,179.67,1.864,20.73,24.32,2343.33,2326.41,16.92,132.79,24.66
2601102,Araripina,PE,-7.57073,-40.494,90504.0,203736.05,2419.16,1.187,456.64,45.07,91815.26,91815.26,0.0,481.92,45.17
2601201,Arcoverde,PE,-8.41519,-37.0577,82487.0,34387.94,1445.7,4.204,199.4,67.53,23223.26,23223.26,0.0,94.84,67.72
2601300,Barra de Guabiraba,PE,-8.42075,-35.6585,12601.0,11865.19,79.44,0.669,70.01,19.17,2274.88,2237.82,37.06,23.8,19.21
2601409,Barreiros,PE,-8.81605,-35.1832,42083.0,23282.62,390.77,1.678,5.58,19.44,4526.42,4454.13,72.29,370.27,19.76
2601508,Belém de Maria,PE,-8.62504,-35.8335,10798.0,7590.16,75.16,0.99,80.19,20.05,1521.84,1518.48,3.36,96.65,20.31
2601607,Belém do São Francisco,PE,-8.75046,-38.9623,18648.0,183084.28,559.87,0.306,317.96,78.99,144610.39,92166.74,52443.65,7159.21,82.2
2601706,Belo Jardim,PE,-8.3313,-36.4258,84033.0,64744.63,1289.93,1.992,152.3,76.66,49631.21,49631.21,0.0,668.72,77.46
2601805,Betânia,PE,-8.26787,-38.0345,11961.0,125610.58,200.73,0.16,292.54,83.43,104802.12,103176.12,1626.0,299.8,83.63
2601904,Bezerros,PE,-8.2328,-35.796,65007.0,49717.63,1190.59,2.395,92.63,41.86,20809.93,20806.03,3.89,218.22,42.04
2602001,Bodocó,PE,-7.77759,-39.9338,36145.0,162175.2,487.63,0.301,434.9,52.13,84535.7,84535.7,0.0,267.56,52.21
2602100,Bom Conselho,PE,-9.16919,-36.6857,46202.0,79074.9,505.42,0.639,113.89,37.48,29637.56,29625.64,11.92,191.09,37.57
2602209,Bom Jardim,PE,-7.79695,-35.5784,39289.0,22661.59,235.39,1.039,75.57,34.83,7893.11,7889.92,3.19,51.21,34.91
2602308,Bonito,PE,-8.47163,-35.7292,39212.0,39260.96,344.59,0.878,75.2,25.59,10047.14,9982.22,64.92,483.05,25.91
2602407,Brejão,PE,-9.02915,-36.566,9417.0,15977.51,73.22,0.458,113.31,34.08,5445.51,5432.79,12.72,61.47,34.21
2602506,Brejinho,PE,-7.34694,-37.2865,8033.0,10607.34,101.36,0.956,266.83,60.24,6390.32,6390.32,0.0,8.96,60.3
2602605,Brejo da Madre de Deus,PE,-8.14933,-36.3741,51308.0,76181.21,927.79,1.218,154.28,72.01,54856.58,54856.58,0.0,236.85,72.23
2602704,Buenos Aires,PE,-7.72449,-35.3182,13276.0,9319.83,84.09,0.902,47.22,12.55,1169.39,1162.48,6.91,28.97,12.59
2602803,Buíque,PE,-8.61954,-37.1606,53489.0,133650.52,336.61,0.252,192.53,51.46,68776.4,68762.24,14.15,110.25,51.5
2602902,Cabo de Santo Agostinho,PE,-8.28218,-35.0253,218049.0,44435.03,4031.53,9.073,9.37,24.29,10794.72,10555.44,239.28,1188.08,24.96
2603009,Cabrobó,PE,-8.50548,-39.3094,31762.0,165857.81,592.82,0.357,364.22,75.22,124754.94,123122.08,1632.86,3597.02,76.89
2603108,Cachoeirinha,PE,-8.48668,-36.2402,20673.0,17926.87,304.43,1.698,127.47,20.5,3674.33,3674.33,0.0,14.15,20.51
2603207,Caetés,PE,-8.7803,-36.6268,30571.0,29496.95,395.75,1.342,138.35,24.27,7158.58,7158.58,0.0,51.52,24.31
2603306,Calçado,PE,-8.73108,-36.3366,11453.0,12143.48,147.35,1.213,117.45,6.23,756.47,756.47,0.0,9.19,6.23
2603405,Calumbi,PE,-7.93551,-38.1482,5354.0,17933.77,70.22,0.392,324.85,80.77,14484.9,14393.07,91.83,10.63,80.82
2603454,Camaragibe,PE,-8.02351,-34.9782,156112.0,5132.99,1406.23,27.396,12.76,31.1,1596.55,1595.4,1.15,2.66,31.12
2603504,Camocim de São Félix,PE,-8.35865,-35.7653,18018.0,7201.94,144.83,2.011,83.66,9.53,686.66,641.09,45.56,88.21,9.65
2603603,Camutanga,PE,-7.40545,-35.2664,7962.0,3912.65,104.72,2.676,50.09,32.29,1263.22,1261.71,1.51,50.27,32.71
2603702,Canhotinho,PE,-8.87652,-36.1979,25103.0,42280.64,200.21,0.474,95.67,16.58,7010.43,6977.12,33.31,119.89,16.63
2603801,Capoeiras,PE,-8.73423,-36.6306,18854.0,33709.01,146.11,0.433,141.99,39.47,13305.54,13305.54,0.0,104.31,39.59
2603900,Carnaíba,PE,-7.79342,-37.7946,19533.0,43211.64,251.07,0.581,305.47,63.37,27385.04,27376.8,8.24,73.62,63.48
2603926,Carnaubeira da Penha,PE,-8.31799,-38.7512,12712.0,100429.24,57.33,0.057,339.14,85.1,85469.84,83621.73,1848.11,153.91,85.24
2604007,Carpina,PE,-7.84566,-35.2514,83482.0,14649.57,1164.96,7.952,39.86,4.31,630.75,615.25,15.5,32.95,4.32
2604106,Caruaru,PE,-8.28455,-35.9699,405408.0,91910.43,6130.75,6.67,107.47,49.37,45376.41,45376.41,0.0,335.45,49.55
2604155,Casinhas,PE,-7.74084,-35.7206,13468.0,11685.27,60.16,0.515,91.42,21.93,2562.69,2562.69,0.0,6.2,21.94
2604205,Catende,PE,-8.67509,-35.7024,33086.0,20859.32,288.91,1.385,64.79,27.94,5827.26,5743.81,83.45,193.98,28.2
2604304,Cedro,PE,-7.71179,-39.2367,10843.0,14873.74,239.06,1.607,384.25,25.65,3814.66,3808.1,6.56,79.12,25.78
2604403,Chã de Alegria,PE,-8.00679,-35.204,13496.0,4932.53,103.07,2.09,36.78,4.7,231.83,225.1,6.73,20.72,4.72
2604502,Chã Grande,PE,-8.23827,-35.4571,21258.0,8478.86,157.44,1.857,57.19,20.82,1765.39,1758.31,7.08,31.51,20.9
2604601,Condado,PE,-7.58787,-35.0999,25416.0,8967.25,257.93,2.876,28.78,8.82,790.95,780.14,10.81,17.46,8.84
2604700,Correntes,PE,-9.12117,-36.3244,17670.0,31780.6,86.97,0.274,87.23,10.87,3455.07,3430.43,24.63,28.87,10.88
2604809,Cortês,PE,-8.47443,-35.5468,10426.0,10342.67,102.42,0.99,56.36,19.93,2061.16,2042.14,19.02,6.72,19.94
2604908,Cumaru,PE,-8.00827,-35.6957,16215.0,29143.22,144.85,0.497,88.05,50.76,14793.57,14793.57,0.0,61.81,50.87
2605004,Cupira,PE,-8.62432,-35.9518,24343.0,9517.02,289.65,3.044,92.78,8.41,800.22,800.22,0.0,38.91,8.44
2605103,Custódia,PE,-8.08546,-37.6443,39609.0,138205.2,681.58,0.493,271.37,70.99,98108.22,98028.22,80.0,658.56,71.33
2605152,Dormentes,PE,-8.44116,-40.7662,17850.0,153904.99,547.4,0.356,494.15,43.11,66350.69,66350.69,0.0,292.69,43.19
2605202,Escada,PE,-8.35672,-35.2241,62174.0,34215.75,747.22,2.184,28.65,8.53,2920.24,2878.13,42.11,35.48,8.54
2605301,Exu,PE,-7.50364,-39.7238,33486.0,133681.13,388.28,0.29,396.76,70.04,93634.82,93634.82,0.0,102.39,70.1
2605400,Feira Nova,PE,-7.94704,-35.3801,22222.0,10772.31,243.46,2.26,56.11,10.1,1088.4,1064.49,23.91,292.45,10.39
2605459,Fernando de Noronha,PE,-3.8396,-32.4107,3341.0,,,,0.15,,,,,,
2605509,Ferreiros,PE,-7.44666,-35.2373,15955.0,9250.84,171.91,1.858,46.43,5.67,524.94,515.99,8.95,46.99,5.7
2605608,Flores,PE,-7.85842,-37.9715,20776.0,99554.77,263.39,0.265,315.07,76.23,75895.52,75632.33,263.19,69.08,76.29
2605707,Floresta,PE,-8.60307,-38.5687,31702.0,363722.34,602.05,0.166,301.83,81.92,297944.21,259991.32,37952.89,17725.25,86.11
2605806,Frei Miguelinho,PE,-7.93918,-35.9113,14055.0,21372.63,260.12,1.217,113.35,14.83,3170.03,3170.03,0.0,16.03,14.84
2605905,Gameleira,PE,-8.5798,-35.3846,17583.0,25777.58,160.84,0.624,35.43,13.77,3548.71,3533.41,15.3,54.82,13.8
2606002,Garanhuns,PE,-8.88243,-36.4966,151803.0,45897.85,2476.98,5.397,120.12,29.2,13400.69,13383.29,17.4,363.79,29.43
2606101,Glória do Goitá,PE,-8.00568,-35.2904,30420.0,23447.44,290.53,1.239,46.11,17.54,4113.85,4103.93,9.92,64.02,17.59
2606200,Goiana,PE,-7.5606,-34.9959,85497.0,44474.45,2158.99,4.854,17.9,26.48,11774.69,11271.15,503.54,2246.23,27.88
2606309,Granito,PE,-7.70711,-39.615,7217.0,52170.94,126.8,0.243,410.01,52.26,27264.72,27264.72,0.0,61.93,52.32
2606408,Gravatá,PE,-8.21118,-35.5675,92429.0,50737.21,1877.32,3.7,69.59,40.21,20403.27,20373.72,29.56,161.35,40.34
2606507,Iati,PE,-9.04559,-36.8498,17570.0,63515.13,266.01,0.419,136.53,41.0,26039.72,26039.72,0.0,53.06,41.03
2606606,Ibimirim,PE,-8.54026,-37.7032,28825.0,192928.37,446.3,0.231,245.38,51.1,98586.4,97895.72,690.68,3032.09,51.92
2606705,Ibirajuba,PE,-8.57633,-36.1812,7334.0,18958.55,60.04,0.317,116.71,25.48,4830.79,4830.79,0.0,18.39,25.51
2606804,Igarassu,PE,-7.82881,-34.9013,123017.0,30688.24,1570.08,5.116,2.49,35.19,10800.33,10747.45,52.89,735.35,36.06
2606903,Iguaracy,PE,-7.83222,-37.5082,11347.0,83605.78,180.71,0.216,283.59,75.34,62989.81,62945.7,44.12,239.02,75.56
2607000,Inajá,PE,-8.90206,-37.8351,27758.0,124103.98,375.78,0.303,228.92,54.97,68221.9,68012.92,208.97,6.45,54.97
2607109,Ingazeira,PE,-7.66909,-37.4576,4975.0,24384.39,51.04,0.209,283.21,63.57,15500.3,15494.63,5.67,324.58,64.42
2607208,Ipojuca,PE,-8.39303,-35.0609,106539.0,51925.05,3056.73,5.887,10.36,22.79,11834.01,10257.66,1576.35,1316.44,23.38
2607307,Ipubi,PE,-7.64505,-40.1476,30720.0,69388.14,582.79,0.84,437.54,56.37,39111.42,39111.42,0.0,69.94,56.42
2607406,Itacuruba,PE,-8.82231,-38.6975,4491.0,43654.51,108.1,0.248,292.08,55.35,24162.12,4802.86,19359.26,11504.27,75.15
2607505,Itaíba,PE,-8.94569,-37.4173,33995.0,103405.16,217.92,0.211,193.56,25.86,26742.47,26593.72,148.75,166.42,25.9
2607604,Ilha de Itamaracá,PE,-7.74766,-34.8303,25658.0,6578.06,814.15,12.377,0.88,45.64,3002.24,2967.78,34.47,820.79,52.15
2607653,Itambé,PE,-7.41403,-35.0963,36652.0,30400.44,373.66,1.229,31.3,8.38,2548.53,2500.83,47.7,428.67,8.5
2607703,Itapetim,PE,-7.37178,-37.1863,14236.0,41187.2,220.1,0.534,256.88,69.4,28582.09,28578.28,3.81,84.95,69.54
2607752,Itapissuma,PE,-7.76798,-34.8971,29669.0,7398.39,363.52,4.913,0.53,20.64,1526.92,1446.65,80.28,868.93,23.39
2607802,Itaquitinga,PE,-7.66373,-35.1002,17142.0,16275.3,128.05,0.787,25.44,16.18,2633.5,2625.71,7.8,14.53,16.2
2607901,Jaboatão dos Guararapes,PE,-8.11298,-35.015,684293.0,25789.89,6360.11,24.661,13.69,19.6,5055.57,4942.46,113.11,648.11,20.11
2607950,Jaqueira,PE,-8.72618,-35.7942,10440.0,8721.13,64.88,0.744,71.33,18.04,1573.36,1553.65,19.71,14.5,18.07
2608008,Jataúba,PE,-7.97668,-36.4943,16328.0,71461.68,198.18,0.277,174.51,68.23,48759.4,48756.3,3.1,22.76,68.25
2608057,Jatobá,PE,-9.17476,-38.2607,14477.0,27785.25,330.44,1.189,231.11,24.08,6690.56,6552.67,137.9,2360.52,26.32
2608107,João Alfredo,PE,-7.86565,-35.5787,28842.0,13413.96,144.56,1.078,75.97,39.89,5351.09,5350.02,1.06,17.27,39.94
2608206,Joaquim Nabuco,PE,-8.62281,-35.5288,13416.0,12260.71,124.49,1.015,48.64,14.43,1769.56,1705.45,64.11,14.94,14.45
2608255,Jucati,PE,-8.70195,-36.4871,12023.0,12016.41,225.83,1.879,132.84,9.88,1187.27,1187.27,0.0,22.01,9.9
2608305,Jupi,PE,-8.70904,-36.4126,16022.0,10482.9,256.79,2.45,125.65,9.85,1032.43,1032.43,0.0,17.5,9.87
2608404,Jurema,PE,-8.70714,-36.1347,14002.0,14824.42,195.25,1.317,102.32,7.08,1049.27,1036.9,12.37,85.9,7.12
2608453,Lagoa do Carro,PE,-7.84383,-35.3108,18804.0,6925.12,186.91,2.699,46.34,5.4,373.63,346.62,27.02,149.16,5.51
2608503,Lagoa de Itaenga,PE,-7.93005,-35.2874,19863.0,5730.36,204.15,3.563,45.8,7.21,413.09,401.13,11.96,190.96,7.46
2608602,Lagoa do Ouro,PE,-9.12567,-36.4584,12367.0,19999.45,77.7,0.389,97.37,21.4,4279.38,4270.2,9.18,37.97,21.44
2608701,Lagoa dos Gatos,PE,-8.6602,-35.904,14333.0,22494.0,96.72,0.43,85.45,23.1,5197.1,5178.18,18.92,93.26,23.2
2608750,Lagoa Grande,PE,-8.99452,-40.2767,24951.0,185008.44,772.69,0.418,415.61,78.56,145348.52,145348.52,0.0,2109.34,79.47
2608800,Lajedo,PE,-8.65791,-36.3293,41960.0,18909.68,936.72,4.954,121.86,9.08,1717.37,1717.37,0.0,43.67,9.1
2608909,Limoeiro,PE,-7.8726,-35.4402,59236.0,27372.11,692.14,2.529,60.89,15.71,4299.72,4208.84,90.88,506.9,16.0
2609006,Macaparana,PE,-7.55564,-35.4425,24642.0,10804.7,166.56,1.542,64.93,18.89,2040.89,2032.21,8.69,36.7,18.95
2609105,Machados,PE,-7.68827,-35.5114,11387.0,5831.28,73.2,1.255,68.84,32.95,1921.56,1921.56,0.0,25.61,33.1
2609154,Manari,PE,-8.9649,-37.6313,27046.0,38658.12,80.83,0.209,207.61,37.43,14469.15,14469.15,0.0,53.18,37.48
2609204,Maraial,PE,-8.79062,-35.8266,9322.0,19987.6,88.64,0.443,71.29,24.59,4913.98,4903.81,10.16,2.3,24.59
2609303,Mirandiba,PE,-8.12113,-38.7388,14605.0,82167.0,201.05,0.245,355.62,84.81,69689.35,69682.44,6.9,55.95,84.87
2609402,Moreno,PE,-8.10871,-35.0835,57654.0,19420.34,627.2,3.23,21.18,16.12,3131.42,3124.51,6.9,71.7,16.18
2609501,Nazaré da Mata,PE,-7.74149,-35.2193,32187.0,13056.5,352.9,2.703,36.19,4.66,608.45,540.23,68.23,64.42,4.68
2609600,Olinda,PE,-8.01017,-34.8545,364717.0,4107.21,3312.63,80.654,1.84,4.98,204.64,201.01,3.63,23.38,5.01
2609709,Orobó,PE,-7.74553,-35.5956,22412.0,13834.47,114.66,0.829,77.62,29.52,4083.49,4083.49,0.0,5.76,29.53
2609808,Orocó,PE,-8.61026,-39.6026,14129.0,55481.19,414.1,0.746,380.76,67.79,37609.33,37609.33,0.0,2267.93,70.68
2609907,Ouricuri,PE,-7.87918,-40.08,68489.0,238156.09,1384.37,0.581,453.37,54.72,130319.06,130319.06,0.0,853.7,54.92
2610004,Palmares,PE,-8.68423,-35.589,56475.0,33939.19,675.73,1.991,52.54,21.28,7222.17,7047.21,174.96,287.36,21.46
2610103,Palmeirina,PE,-9.0109,-36.3242,7104.0,16897.97,57.85,0.342,96.47,14.82,2504.8,2503.47,1.32,5.83,14.83
2610202,Panelas,PE,-8.66121,-36.0125,23337.0,38042.6,196.88,0.518,95.91,19.53,7430.65,7398.21,32.44,61.17,19.56
2610301,Paranatama,PE,-8.91875,-36.6549,12778.0,18533.1,490.87,2.649,128.75,37.36,6923.58,6923.58,0.0,18.91,37.4
2610400,Parnamirim,PE,-8.08729,-39.5795,18960.0,260950.44,552.08,0.212,417.89,77.92,203330.72,203319.83,10.89,850.01,78.17
2610509,Passira,PE,-7.9971,-35.5813,29744.0,32720.27,143.28,0.438,76.53,28.23,9238.16,9229.12,9.03,74.29,28.3
2610608,Paudalho,PE,-7.90287,-35.1716,59924.0,26964.34,665.79,2.469,32.73,21.81,5880.82,5835.2,45.61,364.19,22.11
2610707,Paulista,PE,-7.93401,-34.8684,365144.0,9651.52,3770.92,39.071,5.57,33.69,3251.52,3167.11,84.41,289.55,34.73
2610806,Pedra,PE,-8.49641,-36.94,23671.0,92245.16,222.99,0.242,183.95,47.93,44217.31,44217.31,0.0,311.87,48.1
2610905,Pesqueira,PE,-8.35797,-36.6978,65481.0,97048.3,1039.09,1.071,174.26,66.08,64132.61,64132.61,0.0,274.7,66.27
2611002,Petrolândia,PE,-9.06863,-38.3027,36104.0,105659.59,749.87,0.71,243.1,54.7,57800.95,46989.08,10811.87,16929.74,65.14
2611101,Petrolina,PE,-9.38866,-40.5027,418444.0,456183.0,11296.47,2.476,411.54,60.26,274891.91,274888.82,3.09,7123.97,61.22
2611200,Poção,PE,-8.18726,-36.7111,10792.0,20511.46,109.93,0.536,187.79,68.61,14072.54,14072.54,0.0,71.06,68.85
2611309,Pombos,PE,-8.13982,-35.3967,26942.0,20310.58,388.34,1.912,52.43,21.41,4348.92,4313.87,35.05,77.98,21.49
2611408,Primavera,PE,-8.32999,-35.3544,14380.0,11357.36,113.51,0.999,43.17,13.92,1581.07,1554.61,26.46,9.02,13.93
2611507,Quipapá,PE,-8.81175,-36.0137,17731.0,23061.35,129.64,0.562,84.71,12.59,2903.2,2897.1,6.1,56.55,12.62
2611533,Quixaba,PE,-7.70734,-37.8446,6753.0,21072.04,63.62,0.302,316.07,64.67,13626.87,13626.87,0.0,21.27,64.73
2611606,Recife,PE,-8.04666,-34.8771,1588376.0,21757.73,12432.49,57.141,2.98,25.17,5477.12,5440.47,36.66,734.41,26.05
2611705,Riacho das Almas,PE,-8.13742,-35.8648,21490.0,31359.26,578.95,1.846,103.12,40.3,12637.08,12637.08,0.0,110.6,40.44
2611804,Ribeirão,PE,-8.50957,-35.3698,33843.0,28956.26,406.47,1.404,37.14,11.22,3250.06,3223.7,26.36,48.11,11.24
2611903,Rio Formoso,PE,-8.6592,-35.1532,20388.0,22746.37,198.91,0.874,8.48,20.44,4649.01,4607.02,41.99,239.21,20.66
2612000,Sairé,PE,-8.32864,-35.6967,11213.0,19042.01,272.4,1.431,78.32,18.51,3523.75,3504.46,19.29,158.12,18.66
2612109,Salgadinho,PE,-7.9269,-35.6503,5478.0,8721.65,29.23,0.335,84.69,44.97,3921.81,3921.81,0.0,13.82,45.04
2612208,Salgueiro,PE,-8.07373,-39.1247,65946.0,167858.1,1578.6,0.94,385.56,78.76,132208.03,132179.44,28.59,1340.7,79.4
2612307,Saloá,PE,-8.9723,-36.691,14125.0,25157.17,145.3,0.578,127.83,51.18,12874.48,12874.48,0.0,19.78,51.22
2612406,Sanharó,PE,-8.36097,-36.5696,18812.0,26808.19,326.99,1.22,166.23,46.77,12538.72,12538.72,0.0,36.45,46.84
2612455,Santa Cruz,PE,-8.24153,-40.3434,14342.0,124597.67,249.57,0.2,470.16,71.13,88630.31,88630.31,0.0,137.61,71.21
2612471,Santa Cruz da Baixa Verde,PE,-7.81339,-38.1476,11934.0,11493.78,127.92,1.113,333.15,76.81,8827.99,8827.99,0.0,1.77,76.82
2612505,Santa Cruz do Capibaribe,PE,-7.94802,-36.2061,104854.0,33530.26,1881.07,5.61,144.13,64.32,21566.72,21542.8,23.92,38.53,64.39
2612554,Santa Filomena,PE,-8.16688,-40.6079,12360.0,100535.61,194.47,0.193,498.24,62.98,63314.82,63313.67,1.15,204.34,63.11
2612604,Santa Maria da Boa Vista,PE,-8.79766,-39.8241,42782.0,300079.86,1206.41,0.402,387.39,75.07,225269.5,225269.5,0.0,6261.9,76.67
2612703,Santa Maria do Cambucá,PE,-7.83676,-35.8941,14586.0,9214.83,492.35,5.343,110.48,18.92,1743.29,1743.29,0.0,9.74,18.94
2612802,Santa Terezinha,PE,-7.37696,-37.4787,10487.0,20032.54,135.85,0.678,267.81,64.89,12999.58,12999.58,0.0,82.72,65.16
2612901,São Benedito do Sul,PE,-8.8166,-35.9453,13456.0,16047.76,73.61,0.459,79.1,21.9,3515.23,3507.01,8.22,12.99,21.92
2613008,São Bento do Una,PE,-8.52637,-36.4465,51165.0,71923.13,826.42,1.149,141.21,37.88,27243.36,27243.36,0.0,140.27,37.95
2613107,São Caetano,PE,-8.33763,-36.2869,39243.0,38249.57,532.56,1.392,138.25,41.47,15860.93,15860.93,0.0,87.15,41.56
2613206,São João,PE,-8.87576,-36.3653,24895.0,25843.23,431.89,1.671,109.96,17.38,4491.87,4438.87,53.0,128.36,17.47
2613305,São Joaquim do Monte,PE,-8.43196,-35.8035,20438.0,22461.08,147.01,0.654,84.36,13.1,2941.86,2915.32,26.54,336.82,13.3
2613404,São José da Coroa Grande,PE,-8.88937,-35.1515,19511.0,6880.76,477.28,6.936,0.99,29.93,2059.44,1925.66,133.77,63.09,30.21
2613503,São José do Belmonte,PE,-7.85723,-38.7577,36890.0,147406.94,456.34,0.31,369.53,71.16,104888.04,104866.78,21.26,164.7,71.24
2613602,São José do Egito,PE,-7.46945,-37.274,32508.0,77406.09,432.64,0.559,264.85,69.17,53540.48,53529.76,10.72,486.42,69.61
2613701,São Lourenço da Mata,PE,-8.00684,-35.0124,118258.0,26368.86,1157.35,4.389,16.95,19.76,5209.33,5193.21,16.12,943.16,20.49
2613800,São Vicente Ferrer,PE,-7.58969,-35.4808,17177.0,11247.65,131.53,1.169,67.75,27.5,3092.63,3088.82,3.81,57.97,27.64
2613909,Serra Talhada,PE,-7.98178,-38.289,98816.0,297997.28,1699.06,0.57,333.88,77.19,230028.2,227929.36,2098.84,3528.25,78.12
2614006,Serrita,PE,-7.94041,-39.2951,18764.0,153518.34,346.73,0.226,408.89,69.92,107346.23,107312.92,33.31,671.28,70.23
2614105,Sertânia,PE,-8.06847,-37.2684,34271.0,240954.34,683.13,0.284,243.54,79.35,191208.84,190773.57,435.27,632.44,79.56
2614204,Sirinhaém,PE,-8.58778,-35.1126,39171.0,37367.34,493.64,1.321,7.92,24.25,9061.56,8915.95,145.61,764.12,24.76
2614303,Moreilândia,PE,-7.61931,-39.546,10839.0,40428.31,174.07,0.431,397.69,66.83,27020.05,27020.05,0.0,50.69,66.92
2614402,Solidão,PE,-7.59472,-37.6445,5386.0,13859.75,46.35,0.334,304.24,74.82,10369.83,10369.83,0.0,25.0,74.95
2614501,Surubim,PE,-7.84746,-35.7481,67821.0,25330.24,1324.4,5.229,94.45,19.96,5055.79,5055.79,0.0,122.57,20.06
2614600,Tabira,PE,-7.58366,-37.5377,29180.0,38846.96,413.92,1.066,292.57,57.04,22157.07,22157.07,0.0,139.33,57.24
2614709,Tacaimbó,PE,-8.30867,-36.3,14330.0,22758.57,154.75,0.68,140.56,50.16,11414.91,11414.91,0.0,60.25,50.29
2614808,Tacaratu,PE,-9.09798,-38.1504,24898.0,126446.32,351.2,0.278,230.42,68.56,86695.31,83498.43,3196.88,101.49,68.62
2614857,Tamandaré,PE,-8.75665,-35.1033,24670.0,21310.43,771.35,3.62,0.91,22.67,4830.79,4749.74,81.05,204.88,22.89
2615003,Taquaritinga do Norte,PE,-7.89446,-36.0423,25511.0,47517.92,748.03,1.574,127.18,52.8,25087.74,25087.74,0.0,64.57,52.87
2615102,Terezinha,PE,-9.05621,-36.6272,6853.0,15161.84,45.04,0.297,116.54,17.77,2693.63,2688.15,5.47,26.93,17.8
2615201,Terra Nova,PE,-8.22244,-39.3825,9231.0,31872.58,180.75,0.567,392.05,75.91,24194.42,24191.06,3.36,322.8,76.69
2615300,Timbaúba,PE,-7.50484,-35.3119,47312.0,28768.91,510.19,1.773,53.21,28.68,8250.5,8235.07,15.42,192.36,28.87
2615409,Toritama,PE,-8.00955,-36.0637,43921.0,2570.8,563.18,21.907,127.33,35.72,918.28,918.28,0.0,7.53,35.82
2615508,Tracunhaém,PE,-7.80228,-35.2314,14439.0,13731.74,148.57,1.082,37.31,4.01,550.28,512.36,37.92,62.19,4.03
2615607,Trindade,PE,-7.759,-40.2647,32257.0,29576.22,776.24,2.625,455.48,54.07,15991.72,15991.72,0.0,10.28,54.09
2615706,Triunfo,PE,-7.83272,-38.0978,15141.0,19153.09,165.74,0.865,327.55,85.79,16432.06,16430.64,1.42,11.07,85.84
2615805,Tupanatinga,PE,-8.74798,-37.3445,28141.0,84779.77,153.44,0.181,199.86,56.25,47687.46,47681.45,6.01,35.35,56.27
2615904,Tuparetama,PE,-7.6003,-37.3165,8261.0,18842.03,173.27,0.92,268.09,64.57,12166.77,12161.1,5.67,56.1,64.77
2616001,Venturosa,PE,-8.57885,-36.8742,17563.0,33197.55,249.53,0.752,172.35,66.18,21968.71,21968.71,0.0,82.93,66.34
2616100,Verdejante,PE,-7.92235,-38.9701,9483.0,47602.39,182.35,0.383,388.63,80.92,38521.22,38514.31,6.91,441.33,81.68
2616183,Vertente do Lério,PE,-7.77084,-35.8491,7776.0,7363.55,81.77,1.111,105.47,37.21,2740.23,2740.23,0.0,11.78,37.27
2616209,Vertentes,PE,-7.90158,-35.9681,23127.0,19631.79,465.29,2.37,119.1,33.83,6641.67,6641.67,0.0,28.61,33.88
2616308,Vicência,PE,-7.65655,-35.3139,27151.0,22790.65,258.68,1.135,48.03,18.21,4150.42,4123.75,26.68,172.45,18.35
2616407,Vitória de Santo Antão,PE,-8.12819,-35.2976,144243.0,37331.2,1846.19,4.945,42.21,17.82,6652.86,6610.9,41.96,296.58,17.96
2616506,Xexéu,PE,-8.8046,-35.6212,11699.0,11080.9,209.61,1.892,50.56,14.71,1630.11,1630.11,0.0,41.09,14.77
2700102,Água Branca,AL,-9.262,-37.938,19550.0,47382.91,116.15,0.245,201.9,34.97,16571.73,16554.34,17.39,14.3,34.98
2700201,Anadia,AL,-9.68489,-36.3078,14167.0,18607.38,145.99,0.785,46.8,5.93,1103.22,1047.25,55.98,26.89,5.94
2700300,Arapiraca,AL,-9.75487,-36.6615,243906.0,34618.67,4294.19,12.404,70.8,10.24,3546.19,3501.33,44.86,346.54,10.35
2700409,Atalaia,AL,-9.5119,-36.0086,38480.0,53330.0,442.86,0.83,32.06,8.92,4758.97,4632.57,126.39,321.49,8.98
2700508,Barra de Santo Antônio,AL,-9.4023,-35.5101,16756.0,13111.26,322.29,2.458,1.65,38.74,5079.2,4470.09,609.1,203.28,39.35
2700607,Barra de São Miguel,AL,-9.83842,-35.9057,8123.0,7433.17,599.39,8.064,3.0,25.3,1880.3,1660.79,219.52,447.47,26.92
2700706,Batalha,AL,-9.6742,-37.133,17103.0,33174.72,211.93,0.639,115.03,29.85,9902.75,9902.75,0.0,94.5,29.94
2700805,Belém,AL,-9.57047,-36.4904,4819.0,6662.07,33.95,0.51,70.5,17.53,1168.17,1164.29,3.88,7.14,17.55
2700904,Belo Monte,AL,-9.82272,-37.277,5895.0,32289.52,34.28,0.106,109.32,43.17,13940.14,13940.14,0.0,1151.49,44.77
2701001,Boca da Mata,AL,-9.64308,-36.2125,21479.0,19296.03,273.76,1.419,41.97,9.98,1926.39,1883.28,43.11,117.7,10.04
2701100,Branquinha,AL,-9.23342,-36.0162,9779.0,16835.26,71.94,0.427,54.86,23.97,4036.1,4017.92,18.18,108.21,24.13
2701209,Cacimbinhas,AL,-9.40121,-36.9911,10705.0,28200.57,110.55,0.392,124.02,24.11,6799.39,6799.39,0.0,74.28,24.17
2701308,Cajueiro,AL,-9.3994,-36.1559,16572.0,10715.3,169.49,1.582,52.43,14.49,1552.41,1517.74,34.67,28.59,14.53
2701357,Campestre,AL,-8.84723,-35.5685,6808.0,6502.38,55.84,0.859,43.14,1.8,116.88,110.79,6.1,3.62,1.8
2701407,Campo Alegre,AL,-9.78451,-36.3525,32558.0,31273.73,553.85,1.771,44.96,7.46,2332.77,2288.62,44.15,254.16,7.52
2701506,Campo Grande,AL,-9.95542,-36.7926,8285.0,17015.1,47.13,0.277,66.65,10.85,1845.61,1845.61,0.0,86.94,10.9
2701605,Canapi,AL,-9.11932,-37.5967,15730.0,60087.82,136.42,0.227,193.37,30.97,18610.6,18489.58,121.02,20.75,30.98
2701704,Capela,AL,-9.41504,-36.0826,15051.0,25316.67,122.73,0.485,45.35,11.0,2784.91,2718.82,66.09,79.59,11.03
2701803,Carneiros,AL,-9.48476,-37.3773,9206.0,11168.93,65.89,0.59,147.01,9.96,1111.95,1111.95,0.0,10.76,9.97
2701902,Chã Preta,AL,-9.2556,-36.2983,6000.0,15783.62,32.3,0.205,74.68,11.21,1769.79,1768.73,1.06,6.62,11.22
2702009,Coité do Nóia,AL,-9.63348,-36.5845,11036.0,8831.55,82.0,0.928,74.41,19.55,1726.14,1726.14,0.0,3.79,19.55
2702108,Colônia Leopoldina,AL,-8.91806,-35.7214,15915.0,20147.85,123.33,0.612,54.19,23.05,4644.01,4638.53,5.48,5.83,23.06
2702207,Coqueiro Seco,AL,-9.63715,-35.7994,5701.0,3958.11,70.89,1.791,6.97,25.19,996.98,922.31,74.68,1071.28,34.54
2702306,Coruripe,AL,-10.1276,-36.1717,51784.0,89653.97,1145.73,1.278,4.8,14.37,12881.5,11449.68,1431.82,1235.73,14.57
2702355,Craíbas,AL,-9.6178,-36.7697,26144.0,27761.41,243.51,0.877,90.07,15.27,4239.98,4239.98,0.0,243.68,15.41
2702405,Delmiro Gouveia,AL,-9.38534,-37.9987,52845.0,62851.27,851.19,1.354,194.96,40.33,25350.01,25313.13,36.88,2764.37,42.19
2702504,Dois Riachos,AL,-9.38465,-37.0965,9898.0,14235.99,83.38,0.586,133.15,21.59,3074.12,3074.12,0.0,48.35,21.67
2702553,Estrela de Alagoas,AL,-9.39089,-36.7644,15688.0,26059.93,113.73,0.436,106.55,20.05,5224.53,5224.53,0.0,68.91,20.1
2702603,Feira Grande,AL,-9.89859,-36.6815,23204.0,17589.51,132.78,0.755,60.97,9.36,1645.79,1644.73,1.06,50.13,9.38
2702702,Feliz Deserto,AL,-10.2935,-36.3028,4035.0,10963.63,83.16,0.758,1.6,24.21,2654.62,470.99,2183.63,840.52,26.22
2702801,Flexeiras,AL,-9.27281,-35.7139,9745.0,33374.69,71.31,0.214,27.57,19.45,6492.07,6471.68,20.39,35.57,19.47
2702900,Girau do Ponciano,AL,-9.88404,-36.8316,37337.0,51784.59,278.26,0.537,74.63,13.7,7096.33,7096.33,0.0,180.91,13.75
2703007,Ibateguara,AL,-8.97823,-35.9373,13982.0,26532.53,105.29,0.397,66.07,25.21,6688.19,6670.7,17.49,44.17,25.25
2703106,Igaci,AL,-9.53768,-36.6372,24445.0,33435.53,196.32,0.587,86.19,11.83,3954.49,3954.49,0.0,183.89,11.89
2703205,Igreja Nova,AL,-10.1235,-36.6597,22113.0,42803.24,229.6,0.536,44.95,7.97,3412.66,3171.39,241.27,1386.7,8.24
2703304,Inhapi,AL,-9.22594,-37.7509,15396.0,37200.96,101.78,0.274,192.91,17.24,6412.83,6405.77,7.06,31.42,17.25
2703403,Jacaré dos Homens,AL,-9.63545,-37.2076,5180.0,14934.56,51.76,0.347,124.19,15.27,2280.92,2280.92,0.0,75.64,15.35
2703502,Jacuípe,AL,-8.83951,-35.4591,5419.0,20968.16,39.76,0.19,33.83,9.94,2083.97,2076.37,7.6,21.29,9.95
2703601,Japaratinga,AL,-9.08746,-35.2634,9457.0,8515.78,167.33,1.965,1.44,19.49,1660.11,1369.87,290.24,68.43,19.65
2703700,Jaramataia,AL,-9.66224,-37.0046,5069.0,10541.38,63.21,0.6,104.78,20.32,2141.61,2141.61,0.0,351.59,21.02
2703759,Jequiá da Praia,AL,-10.0133,-36.0142,9607.0,33456.12,129.66,0.388,0.31,15.19,5081.47,4876.96,204.51,2126.52,16.22
2703809,Joaquim Gomes,AL,-9.1328,-35.7474,17342.0,30085.12,116.46,0.387,39.1,25.21,7584.9,7573.16,11.74,7.15,25.22
2703908,Jundiá,AL,-8.93297,-35.5669,4175.0,8878.52,41.08,0.463,38.86,5.06,449.62,448.39,1.24,7.24,5.07
2704005,Junqueiro,AL,-9.90696,-36.4803,24382.0,24696.54,391.87,1.587,45.18,6.77,1671.6,1592.2,79.39,207.24,6.83
2704104,Lagoa da Canoa,AL,-9.83291,-36.7413,18836.0,8363.01,176.78,2.114,70.69,7.62,637.41,637.41,0.0,42.13,7.66
2704203,Limoeiro de Anadia,AL,-9.74098,-36.5121,25184.0,30917.87,250.4,0.81,60.53,6.98,2157.02,2090.56,66.46,142.98,7.01
2704302,Maceió,AL,-9.66599,-35.735,994952.0,50752.06,10857.27,21.393,1.45,30.0,15227.41,14858.77,368.64,2074.97,31.28
2704401,Major Isidoro,AL,-9.53009,-36.992,17828.0,43759.9,173.3,0.396,113.65,21.48,9397.66,9397.66,0.0,167.74,21.56
2704500,Maragogi,AL,-9.00744,-35.2267,33269.0,33273.02,657.54,1.976,2.2,23.99,7982.27,7610.76,371.51,40.72,24.02
2704609,Maravilha,AL,-9.23045,-37.3524,9709.0,33404.02,92.24,0.276,165.16,21.78,7276.9,7257.92,18.98,31.25,21.8
2704708,Marechal Deodoro,AL,-9.70971,-35.8967,62477.0,34071.0,2428.36,7.127,9.36,19.63,6686.91,5502.31,1184.6,3400.13,21.8
2704807,Maribondo,AL,-9.58353,-36.3045,13970.0,18008.93,113.76,0.632,53.91,9.87,1776.65,1773.04,3.62,15.87,9.87
2704906,Mar Vermelho,AL,-9.44739,-36.3881,3208.0,9172.3,16.94,0.185,69.38,15.57,1427.84,1426.43,1.41,8.2,15.58
2705002,Mata Grande,AL,-9.11824,-37.7323,22126.0,90955.44,105.52,0.116,201.94,38.94,35419.96,35227.86,192.1,93.54,38.98
2705101,Matriz de Camaragibe,AL,-9.15437,-35.5243,24331.0,23809.87,216.57,0.91,21.74,13.43,3196.63,3169.26,27.37,39.91,13.45
2705200,Messias,AL,-9.39384,-35.8392,15706.0,11414.7,190.67,1.67,28.55,12.53,1430.38,1426.32,4.06,27.44,12.56
2705309,Minador do Negrão,AL,-9.31236,-36.8696,4935.0,16747.16,32.83,0.196,120.97,23.95,4011.25,4011.25,0.0,29.3,23.99
2705408,Monteirópolis,AL,-9.60357,-37.2505,7344.0,8659.99,43.74,0.505,128.21,8.82,763.89,763.89,0.0,8.11,8.83
2705507,Murici,AL,-9.30682,-35.9428,25926.0,41801.95,288.84,0.691,43.42,24.74,10343.28,10287.33,55.95,171.82,24.85
2705606,Novo Lino,AL,-8.94191,-35.664,10285.0,21930.92,123.15,0.562,47.39,9.82,2154.52,2151.43,3.09,11.92,9.83
2705705,Olho d'Água das Flores,AL,-9.53686,-37.2971,21135.0,18838.79,204.52,1.086,138.53,21.15,3983.53,3983.53,0.0,11.38,21.16
2705804,Olho d'Água do Casado,AL,-9.50357,-37.8301,8522.0,32767.6,80.97,0.247,173.39,33.83,11085.3,11085.3,0.0,643.99,34.51
2705903,Olho d'Água Grande,AL,-10.0572,-36.8101,4381.0,11551.26,17.88,0.155,60.35,16.84,1945.54,1945.54,0.0,25.98,16.88
2706000,Olivença,AL,-9.51954,-37.1954,11047.0,17419.23,64.56,0.371,130.94,12.19,2124.19,2124.19,0.0,48.95,12.23
2706109,Ouro Branco,AL,-9.15884,-37.3556,11706.0,19635.26,171.01,0.871,170.93,12.09,2373.57,2372.07,1.5,26.31,12.1
2706208,Palestina,AL,-9.67493,-37.339,4408.0,3818.73,42.41,1.11,126.8,13.98,533.85,533.85,0.0,44.08,14.14
2706307,Palmeira dos Índios,AL,-9.40568,-36.6328,73621.0,45099.77,1006.11,2.231,93.76,23.11,10424.07,10422.21,1.85,150.16,23.19
2706406,Pão de Açúcar,AL,-9.74032,-37.4403,24291.0,68888.18,198.15,0.288,126.71,47.77,32909.47,32904.27,5.2,1816.68,49.07
2706422,Pariconha,AL,-9.25634,-37.9988,10807.0,25472.33,117.74,0.462,206.4,33.28,8477.82,8466.78,11.04,34.6,33.33
2706448,Paripueira,AL,-9.46313,-35.552,14199.0,9247.2,420.25,4.545,1.71,39.46,3648.72,3580.79,67.93,65.37,39.74
2706505,Passo de Camaragibe,AL,-9.24511,-35.4745,14070.0,25043.61,168.75,0.674,10.03,29.81,7465.45,7013.07,452.39,192.75,30.04
2706604,Paulo Jacinto,AL,-9.36792,-36.3672,6691.0,11846.93,62.38,0.527,73.33,14.53,1721.51,1704.13,17.38,8.12,14.54
2706703,Penedo,AL,-10.2874,-36.5819,60185.0,68869.13,928.42,1.348,27.9,13.5,9298.9,5874.73,3424.17,2822.0,14.08
2706802,Piaçabuçu,AL,-10.406,-36.434,16192.0,24233.49,309.75,1.278,8.72,59.17,14339.61,1617.22,12722.39,2303.61,65.39
2706901,Pilar,AL,-9.60135,-35.9543,36525.0,25964.75,647.42,2.493,21.21,14.03,3642.02,3569.28,72.74,1881.15,15.12
2707008,Pindoba,AL,-9.47382,-36.2918,2786.0,11758.53,14.03,0.119,59.06,3.51,412.82,409.3,3.53,8.47,3.51
2707107,Piranhas,AL,-9.624,-37.757,23053.0,40399.52,397.44,0.984,157.91,35.94,14521.03,14517.5,3.53,813.78,36.68
2707206,Poço das Trincheiras,AL,-9.30742,-37.2889,12965.0,28453.04,75.46,0.265,154.25,32.19,9159.6,9159.6,0.0,28.95,32.22
2707305,Porto Calvo,AL,-9.05195,-35.3987,24509.0,31369.97,207.36,0.661,16.34,12.45,3905.11,3708.91,196.2,67.73,12.48
2707404,Porto de Pedras,AL,-9.16006,-35.3049,9517.0,25597.09,111.94,0.437,1.32,23.68,6061.24,5701.64,359.6,147.26,23.82
2707503,Porto Real do Colégio,AL,-10.1849,-36.8376,20273.0,23701.0,264.1,1.114,49.56,9.61,2277.78,2193.9,83.89,941.36,10.01
2707602,Quebrangulo,AL,-9.32001,-36.4692,11303.0,31983.05,90.37,0.283,84.87,29.82,9536.72,9504.42,32.3,133.53,29.94
2707701,Rio Largo,AL,-9.47783,-35.8394,97658.0,29383.35,1778.99,6.054,22.8,20.67,6074.83,6051.54,23.29,425.91,20.98
2707800,Roteiro,AL,-9.83503,-35.9782,6606.0,12863.26,74.63,0.58,8.78,15.49,1992.83,1930.1,62.73,465.86,16.07
2707909,Santa Luzia do Norte,AL,-9.6037,-35.8232,7066.0,2885.8,80.95,2.805,11.5,33.87,977.5,912.42,65.07,112.69,35.25
2708006,Santana do Ipanema,AL,-9.36999,-37.248,47418.0,43609.78,416.38,0.955,146.27,34.66,15115.69,15115.69,0.0,117.09,34.75
2708105,Santana do Mundaú,AL,-9.17141,-36.2176,11572.0,23218.08,76.37,0.329,76.23,16.88,3918.45,3895.68,22.78,6.98,16.88
2708204,São Brás,AL,-10.1141,-36.8522,6557.0,13895.51,74.13,0.533,56.99,37.21,5170.27,5170.27,0.0,1164.78,40.61
2708303,São José da Laje,AL,-9.01278,-36.0515,21180.0,25657.39,206.5,0.805,73.93,19.58,5024.93,5005.32,19.61,125.08,19.68
2708402,São José da Tapera,AL,-9.55768,-37.3831,31569.0,49088.96,252.22,0.514,140.38,19.59,9614.94,9614.94,0.0,77.34,19.62
2708501,São Luís do Quitunde,AL,-9.31816,-35.5606,31785.0,39726.11,246.4,0.62,10.28,16.46,6537.52,6301.2,236.32,21.0,16.47
2708600,São Miguel dos Campos,AL,-9.78301,-36.0971,53380.0,33569.08,719.31,2.143,21.75,10.83,3634.32,3603.74,30.58,60.28,10.85
2708709,São Miguel dos Milagres,AL,-9.26493,-35.3763,8700.0,7625.93,192.42,2.523,1.37,33.54,2557.97,2462.2,95.77,9.27,33.58
2708808,São Sebastião,AL,-9.93043,-36.559,32707.0,31274.24,485.37,1.552,48.75,9.98,3122.34,3032.04,90.3,83.15,10.01
2708907,Satuba,AL,-9.56911,-35.8227,25105.0,4126.39,243.14,5.892,14.72,12.95,534.48,466.93,67.55,47.0,13.1
2708956,Senador Rui Palmeira,AL,-9.46986,-37.4576,12545.0,33856.92,74.19,0.219,152.95,10.72,3628.0,3628.0,0.0,8.82,10.72
2709004,Tanque d'Arca,AL,-9.53379,-36.4366,5906.0,12463.41,32.89,0.264,68.04,15.15,1888.56,1867.74,20.81,19.67,15.18
2709103,Taquarana,AL,-9.64529,-36.4928,19428.0,15383.13,184.8,1.201,66.6,5.01,770.64,734.14,36.5,48.94,5.03
2709152,Teotônio Vilela,AL,-9.91656,-36.3492,39143.0,29922.64,596.25,1.993,34.44,11.07,3312.08,3253.15,58.93,526.16,11.27
2709202,Traipu,AL,-9.96262,-37.0071,24106.0,67999.02,150.12,0.221,80.37,28.8,19581.35,19581.35,0.0,1641.61,29.51
2709301,União dos Palmares,AL,-9.15921,-36.0223,60860.0,42008.44,588.27,1.4,61.28,19.55,8210.57,8195.56,15.01,128.37,19.6
2709400,Viçosa,AL,-9.36763,-36.2431,24414.0,36514.25,179.29,0.491,62.08,9.42,3439.02,3352.46,86.56,46.41,9.43
2800100,Amparo de São Francisco,SE,-10.1348,-36.935,2202.0,3567.62,17.61,0.494,60.16,33.25,1186.13,1186.13,0.0,300.74,36.31
2800209,Aquidabã,SE,-10.278,-37.0148,20556.0,35953.79,185.15,0.515,51.35,16.53,5944.58,5944.58,0.0,22.79,16.54
2800308,Aracaju,SE,-10.9091,-37.0677,630932.0,17875.46,9621.88,53.827,5.11,21.96,3925.48,2022.83,1902.64,2395.03,25.36
2800407,Arauá,SE,-11.2614,-37.6201,10464.0,19896.3,96.49,0.485,34.2,11.31,2250.38,2250.38,0.0,36.49,11.33
2800506,Areia Branca,SE,-10.758,-37.3251,18626.0,14814.07,230.38,1.555,37.72,47.73,7070.62,4933.44,2137.17,120.91,48.12
2800605,Barra dos Coqueiros,SE,-10.8996,-37.0323,45175.0,8912.58,1470.55,16.5,3.07,44.72,3985.35,1215.48,2769.88,1114.48,51.11
2800670,Boquim,SE,-11.1397,-37.6195,25007.0,20546.38,298.63,1.453,41.38,3.66,751.63,751.63,0.0,6.32,3.66
2800704,Brejo Grande,SE,-10.4297,-36.4611,8025.0,14108.29,86.37,0.612,9.49,49.35,6962.49,1998.57,4963.92,1896.05,57.01
2801009,Campo do Brito,SE,-10.7392,-37.4954,18719.0,20153.13,196.04,0.973,55.01,15.78,3180.72,2529.0,651.72,144.44,15.9
2801108,Canhoba,SE,-10.1365,-36.9806,3850.0,17158.55,28.35,0.165,62.65,24.26,4162.69,4162.69,0.0,520.53,25.02
2801207,Canindé de São Francisco,SE,-9.64882,-37.7923,33641.0,108005.79,388.87,0.36,158.03,40.21,43433.94,43385.19,48.75,2691.46,41.24
2801306,Capela,SE,-10.5069,-37.0628,32783.0,44221.15,354.92,0.803,34.04,12.1,5351.12,5335.99,15.12,37.02,12.11
2801405,Carira,SE,-10.3524,-37.7002,20314.0,63887.98,346.81,0.543,97.79,10.47,6687.87,6638.44,49.43,154.66,10.49
2801504,Carmópolis,SE,-10.6449,-36.9887,14203.0,4641.84,281.97,6.075,16.96,7.2,334.17,211.21,122.96,5.98,7.21
2801603,Cedro de São João,SE,-10.2534,-36.8856,5474.0,8370.64,88.8,1.061,46.15,17.06,1428.2,1428.2,0.0,227.41,17.54
2801702,Cristinápolis,SE,-11.4668,-37.7585,17594.0,22857.68,229.31,1.003,36.78,14.03,3206.42,3205.11,1.31,13.06,14.04
2801900,Cumbe,SE,-10.352,-37.1846,3872.0,12839.73,57.62,0.449,55.77,5.15,661.03,661.03,0.0,43.64,5.17
2802007,Divina Pastora,SE,-10.6782,-37.1506,4436.0,9051.31,56.6,0.625,27.85,14.66,1326.54,1301.93,24.61,29.0,14.7
2802106,Estância,SE,-11.2659,-37.4484,67060.0,64551.01,2264.1,3.507,18.64,31.71,20467.96,10693.86,9774.1,4158.66,33.89
2802205,Feira Nova,SE,-10.2616,-37.3147,6358.0,18522.56,72.69,0.392,72.34,10.56,1955.59,1955.59,0.0,27.63,10.57
2802304,Frei Paulo,SE,-10.5513,-37.5279,14921.0,39919.28,195.38,0.489,69.15,9.21,3675.8,3657.77,18.03,76.24,9.23
2802403,Gararu,SE,-9.9722,-37.0869,11294.0,66160.79,71.6,0.108,84.25,29.3,19386.84,19386.84,0.0,1493.68,29.98
2802502,General Maynard,SE,-10.6835,-36.9838,3118.0,1978.83,39.11,1.976,13.28,9.1,180.08,107.75,72.33,4.22,9.12
2802601,Gracho Cardoso,SE,-10.2252,-37.2006,5910.0,24379.06,50.34,0.207,68.05,13.72,3343.8,3343.8,0.0,155.01,13.8
2802700,Ilha das Flores,SE,-10.4425,-36.5479,8499.0,5270.68,91.12,1.729,10.51,24.02,1265.83,27.35,1238.48,338.03,25.66
2802809,Indiaroba,SE,-11.5157,-37.515,16991.0,31630.02,318.11,1.006,10.58,30.78,9736.52,8321.82,1414.7,1793.01,32.63
2802908,Itabaiana,SE,-10.6826,-37.4273,109250.0,33734.38,1617.17,4.794,51.65,16.14,5446.32,4943.02,503.29,313.83,16.3
2803005,Itabaianinha,SE,-11.2693,-37.7875,42230.0,50185.56,501.13,0.999,50.04,18.2,9133.12,8994.52,138.6,50.0,18.22
2803104,Itabi,SE,-10.1248,-37.1056,4816.0,18343.14,45.16,0.246,71.0,22.09,4051.14,4051.14,0.0,9.16,22.1
2803203,Itaporanga d'Ajuda,SE,-10.99,-37.3078,36074.0,73808.07,1074.29,1.456,22.79,31.17,23006.18,13925.38,9080.79,3917.84,32.92
2803302,Japaratuba,SE,-10.5849,-36.9418,16451.0,36565.46,272.35,0.745,19.18,14.54,5315.63,3891.37,1424.26,22.5,14.55
2803401,Japoatã,SE,-10.3477,-36.8045,13723.0,40236.12,162.47,0.404,32.59,6.08,2447.39,2286.22,161.16,9.15,6.08
2803500,Lagarto,SE,-10.9136,-37.6689,105957.0,96892.46,1169.4,1.207,59.8,25.62,24828.45,24598.19,230.26,261.41,25.69
2803609,Laranjeiras,SE,-10.7981,-37.1731,24047.0,16225.5,373.39,2.301,21.89,19.68,3193.4,3163.44,29.96,619.73,20.46
2803708,Macambira,SE,-10.6619,-37.5413,7048.0,13749.85,49.84,0.362,63.43,19.87,2732.08,2711.16,20.92,10.9,19.89
2803807,Malhada dos Bois,SE,-10.3418,-36.9252,3674.0,6319.99,59.21,0.937,40.16,24.84,1570.14,1570.14,0.0,5.63,24.87
2803906,Malhador,SE,-10.6649,-37.3004,11712.0,10189.33,106.26,1.043,42.52,22.65,2307.37,2094.76,212.61,80.58,22.83
2804003,Maruim,SE,-10.7308,-37.0856,15956.0,9553.87,191.47,2.004,18.66,13.23,1264.41,1263.35,1.05,418.05,13.84
2804102,Moita Bonita,SE,-10.5769,-37.3512,11297.0,9539.68,122.2,1.281,52.22,14.3,1364.55,1331.67,32.88,16.97,14.33
2804201,Monte Alegre de Sergipe,SE,-10.0256,-37.5616,14781.0,38735.23,139.58,0.36,109.72,16.68,6460.23,6460.23,0.0,67.01,16.71
2804300,Muribeca,SE,-10.4271,-36.9588,8059.0,7430.34,91.93,1.237,34.23,13.38,994.46,987.77,6.69,30.08,13.44
2804409,Neópolis,SE,-10.3215,-36.585,16473.0,27131.25,205.8,0.759,24.45,10.49,2845.41,2240.74,604.67,873.22,10.84
2804458,Nossa Senhora Aparecida,SE,-10.3944,-37.4517,9534.0,34087.33,96.15,0.282,73.16,5.73,1953.78,1942.43,11.35,19.44,5.73
2804508,Nossa Senhora da Glória,SE,-10.2158,-37.4211,43686.0,75496.87,619.39,0.82,83.76,13.33,10064.13,10061.93,2.2,192.52,13.36
2804607,Nossa Senhora das Dores,SE,-10.4854,-37.1963,25569.0,48238.78,378.16,0.784,45.2,6.96,3357.98,3295.12,62.86,101.24,6.98
2804706,Nossa Senhora de Lourdes,SE,-10.0772,-37.0615,6409.0,8378.92,62.17,0.742,72.91,16.27,1363.41,1363.41,0.0,235.3,16.74
2804805,Nossa Senhora do Socorro,SE,-10.8468,-37.1231,204081.0,15501.93,2647.12,17.076,14.2,16.16,2505.09,2183.54,321.55,1166.36,17.47
2804904,Pacatuba,SE,-10.4538,-36.6531,12690.0,37988.35,152.41,0.401,13.61,44.18,16781.84,3936.55,12845.29,1586.26,46.1
2805000,Pedra Mole,SE,-10.6134,-37.6922,2811.0,8214.44,25.76,0.314,80.49,21.8,1790.7,1790.7,0.0,9.32,21.82
2805109,Pedrinhas,SE,-11.1902,-37.6775,7355.0,3334.04,117.66,3.529,43.89,3.59,119.76,119.76,0.0,0.7,3.59
2805208,Pinhão,SE,-10.5677,-37.7242,5759.0,15640.71,56.53,0.361,85.98,24.22,3788.02,3783.36,4.66,20.75,24.25
2805307,Pirambu,SE,-10.7215,-36.8544,8021.0,20676.74,220.84,1.068,1.34,37.98,7852.07,2335.45,5516.62,262.81,38.46
2805406,Poço Redondo,SE,-9.80616,-37.6833,29238.0,107457.86,257.56,0.24,136.92,21.69,23312.82,23311.67,1.15,816.65,21.86
2805505,Poço Verde,SE,-10.7151,-38.1813,22217.0,44133.04,241.22,0.547,117.89,9.49,4186.28,4184.44,1.84,47.28,9.5
2805604,Porto da Folha,SE,-9.91626,-37.2842,27348.0,87801.26,240.6,0.274,100.96,28.25,24799.52,24799.52,0.0,1436.75,28.71
2805703,Propriá,SE,-10.2138,-36.8442,27213.0,9633.96,371.07,3.852,47.4,1.46,140.2,122.15,18.04,972.28,1.62
2805802,Riachão do Dantas,SE,-11.0729,-37.731,18541.0,53060.66,108.23,0.204,55.56,29.1,15440.47,15173.83,266.65,12.82,29.11
2805901,Riachuelo,SE,-10.735,-37.1966,8853.0,7832.92,61.95,0.791,28.95,20.5,1605.76,1605.76,0.0,32.86,20.59
2806008,Ribeirópolis,SE,-10.5357,-37.438,17365.0,25906.24,257.01,0.992,62.67,6.57,1701.89,1667.41,34.48,51.0,6.58
2806107,Rosário do Catete,SE,-10.6904,-37.0357,9507.0,10268.64,205.31,1.999,17.07,11.85,1216.43,1068.07,148.36,24.87,11.87
2806206,Salgado,SE,-11.0288,-37.4804,20825.0,24757.34,245.02,0.99,36.06,16.41,4062.21,3954.74,107.47,22.38,16.42
2806305,Santa Luzia do Itanhy,SE,-11.3536,-37.4586,14003.0,32526.12,161.09,0.495,13.93,33.93,11035.56,10931.04,104.52,1097.21,35.11
2806404,Santana do São Francisco,SE,-10.2922,-36.6105,7549.0,4402.46,61.51,1.397,28.5,8.82,388.42,259.5,128.92,431.03,9.78
2806503,Santa Rosa de Lima,SE,-10.6434,-37.1931,4049.0,6764.91,28.13,0.416,33.88,20.62,1394.73,1281.59,113.14,0.0,20.62
2806602,Santo Amaro das Brotas,SE,-10.7892,-37.0564,11289.0,23696.25,109.12,0.461,12.51,42.5,10070.0,4632.89,5437.11,1695.52,45.77
2806701,São Cristóvão,SE,-11.0084,-37.2044,101213.0,43803.64,1692.43,3.864,13.74,30.13,13196.81,10379.99,2816.82,2623.75,32.05
2806800,São Domingos,SE,-10.7916,-37.5685,10559.0,10198.65,124.23,1.218,58.67,32.74,3338.8,1798.71,1540.09,0.0,32.74
2806909,São Francisco,SE,-10.3442,-36.8869,3330.0,8397.63,57.71,0.687,37.71,2.15,180.9,180.9,0.0,12.14,2.16
2807006,São Miguel do Aleixo,SE,-10.3847,-37.3836,3471.0,13994.35,44.78,0.32,67.9,12.42,1738.77,1447.83,290.94,4.4,12.43
2807105,Simão Dias,SE,-10.7387,-37.8097,44503.0,56019.23,421.42,0.752,83.51,21.64,12121.47,12097.22,24.25,71.1,21.67
2807204,Siriri,SE,-10.5965,-37.1131,7981.0,16834.69,112.8,0.67,30.16,17.42,2932.31,2831.65,100.66,44.13,17.46
2807303,Telha,SE,-10.2064,-36.8818,3389.0,4785.83,38.55,0.806,50.35,11.01,527.01,527.01,0.0,256.69,11.64
2807402,Tobias Barreto,SE,-11.1798,-37.9995,52783.0,102466.46,527.56,0.515,75.22,25.41,26034.46,26007.78,26.68,80.58,25.43
2807501,Tomar do Geru,SE,-11.3694,-37.8433,12094.0,30482.77,109.0,0.358,49.77,23.26,7090.26,6866.36,223.9,31.83,23.28
2807600,Umbaúba,SE,-11.3809,-37.6623,24618.0,11745.92,303.57,2.584,32.29,10.2,1197.74,1194.93,2.81,32.79,10.23
2900108,Abaíra,BA,-13.2488,-41.6619,7407.0,53865.03,137.66,0.256,281.81,82.77,44585.9,35541.42,9044.48,5.05,82.78
2900207,Abaré,BA,-8.72073,-39.1162,18269.0,160496.8,448.27,0.279,332.41,69.24,111121.86,66366.21,44755.64,410.95,69.41
2900306,Acajutiba,BA,-11.6575,-38.0197,14200.0,18147.4,335.86,1.851,54.03,14.15,2567.22,2567.22,0.0,25.66,14.17
2900355,Adustina,BA,-10.5437,-38.1113,14510.0,62909.78,177.52,0.282,122.93,22.67,14263.24,14263.24,0.0,396.86,22.82
2900405,Água Fria,BA,-11.8618,-38.7639,14833.0,74279.47,164.68,0.222,84.03,31.69,23536.43,22314.53,1221.9,13.83,31.69
2900504,Érico Cardoso,BA,-13.4215,-42.1352,10947.0,73527.34,203.03,0.276,332.18,87.74,64511.9,51658.96,12852.94,1.57,87.74
2900603,Aiquara,BA,-14.1269,-39.8937,4583.0,16786.66,35.92,0.214,92.14,37.21,6247.03,6247.03,0.0,71.25,37.37
2900702,Alagoinhas,BA,-12.1335,-38.4208,161196.0,70787.18,2956.11,4.176,61.29,16.72,11833.97,11759.36,74.61,25.72,16.72
2900801,Alcobaça,BA,-17.5195,-39.2036,25601.0,147658.37,587.96,0.398,1.72,30.88,45595.44,24683.44,20912.0,483.17,30.98
2900900,Almadina,BA,-14.7089,-39.6415,5296.0,24523.25,53.4,0.218,61.99,57.36,14066.47,14066.47,0.0,10.21,57.38
2901007,Amargosa,BA,-13.0215,-39.602,38585.0,43164.19,520.07,1.205,71.22,23.28,10050.53,10014.81,35.73,23.88,23.3
2901106,Amélia Rodrigues,BA,-12.3914,-38.7563,24830.0,16688.99,525.15,3.147,25.82,18.19,3036.41,3036.41,0.0,8.65,18.2
2901155,América Dourada,BA,-11.4429,-41.439,15572.0,82237.99,361.77,0.44,323.76,22.16,18220.03,18220.03,0.0,6.14,22.16
2901205,Anagé,BA,-14.6151,-41.1356,26745.0,189966.7,331.53,0.175,222.94,60.89,115663.11,115641.98,21.13,908.66,61.18
2901304,Andaraí,BA,-12.8049,-41.3297,13545.0,158980.51,351.66,0.221,254.53,75.9,120666.2,109689.06,10977.13,271.34,76.03
2901353,Andorinha,BA,-10.3482,-39.8391,15491.0,136238.35,256.58,0.188,279.93,54.76,74607.44,74590.28,17.17,176.15,54.83
2901403,Angical,BA,-12.0063,-44.7003,14178.0,153060.41,263.26,0.172,631.43,55.23,84539.37,84530.54,8.83,353.94,55.36
2901502,Anguera,BA,-12.1462,-39.2462,11490.0,18782.62,169.54,0.903,78.22,7.93,1489.51,1488.2,1.31,26.41,7.94
2901601,Antas,BA,-10.3856,-38.3401,14984.0,32636.51,149.02,0.457,153.45,29.69,9688.98,9688.98,0.0,5.01,29.69
2901700,Antônio Cardoso,BA,-12.4335,-39.1176,11498.0,29352.81,162.77,0.555,48.27,9.48,2782.48,2782.48,0.0,1615.87,10.03
2901809,Antônio Gonçalves,BA,-10.5767,-40.2785,11248.0,34529.99,136.98,0.397,283.43,87.08,30067.98,30067.98,0.0,26.46,87.14
2901908,Aporá,BA,-11.6577,-38.0814,16361.0,47925.75,142.69,0.298,60.28,9.36,4483.83,4483.83,0.0,29.52,9.36
2901957,Apuarema,BA,-13.8542,-39.7501,7101.0,15082.52,76.35,0.506,73.5,44.4,6696.11,6691.07,5.04,2.52,44.4
2902005,Aracatu,BA,-14.428,-41.4648,14440.0,148979.67,230.25,0.155,259.8,43.84,65313.86,64781.0,532.86,181.59,43.89
2902054,Araças,BA,-12.22,-38.2027,11953.0,47457.5,177.05,0.373,40.02,36.75,17440.67,17032.74,407.93,37.25,36.78
2902104,Araci,BA,-11.3253,-38.9584,50308.0,149622.37,702.99,0.47,145.78,39.46,59046.03,59046.03,0.0,1725.84,39.92
2902203,Aramari,BA,-12.0884,-38.4969,10106.0,36895.26,141.96,0.385,62.59,6.45,2380.14,2082.3,297.84,8.22,6.45
2902252,Arataca,BA,-15.2651,-39.419,10433.0,43600.95,66.9,0.153,44.98,92.32,40251.42,40236.83,14.59,7.34,92.33
2902302,Aratuípe,BA,-13.0716,-39.0038,8993.0,17402.15,67.8,0.39,11.83,32.18,5599.83,5599.83,0.0,110.58,32.38
2902401,Aurelino Leal,BA,-14.321,-39.329,11339.0,44537.93,104.81,0.235,35.25,41.11,18308.55,18308.55,0.0,173.3,41.27
2902500,Baianópolis,BA,-12.3016,-44.5388,14138.0,332177.6,203.47,0.061,606.73,65.26,216786.92,214901.68,1885.23,190.06,65.3
2902609,Baixa Grande,BA,-11.9519,-40.169,18628.0,96750.44,225.07,0.233,174.46,43.53,42114.88,42114.88,0.0,62.2,43.56
2902658,Banzaê,BA,-10.5788,-38.6212,12288.0,40950.4,217.75,0.532,167.11,61.28,25092.48,25092.48,0.0,0.79,61.28
2902708,Barra,BA,-11.0859,-43.1459,53642.0,1142841.39,1387.31,0.121,511.43,87.74,1002756.08,999537.55,3218.54,8937.3,88.43
2902807,Barra da Estiva,BA,-13.6237,-41.3347,27743.0,165740.76,1093.45,0.66,246.22,65.17,108014.05,96720.26,11293.79,389.99,65.32
2902906,Barra do Choça,BA,-14.8654,-40.5791,38581.0,76593.64,609.16,0.795,164.15,29.53,22615.84,22602.61,13.23,240.83,29.62
2903003,Barra do Mendes,BA,-11.81,-42.059,14376.0,143636.25,341.88,0.238,369.65,83.69,120203.98,119398.97,805.0,71.09,83.73
2903102,Barra do Rocha,BA,-14.2,-39.5991,5898.0,21438.34,53.34,0.249,65.03,69.55,14910.36,14910.36,0.0,76.59,69.8
2903201,Barreiras,BA,-12.1439,-44.9968,171634.0,805925.94,4194.87,0.521,659.16,45.83,369335.35,350947.26,18388.1,733.34,45.87
2903235,Barro Alto,BA,-11.7605,-41.9054,13922.0,41450.59,305.36,0.737,357.95,29.18,12096.37,12096.37,0.0,24.61,29.2
2903276,Barrocas,BA,-11.5272,-39.0776,15780.0,20728.55,211.2,1.019,127.41,22.59,4682.2,4682.2,0.0,9.64,22.6
2903300,Barro Preto,BA,-14.7948,-39.476,5936.0,20157.49,49.83,0.247,45.57,76.69,15459.38,15459.38,0.0,13.15,76.74
2903409,Belmonte,BA,-15.8608,-38.8758,20527.0,191828.92,383.43,0.2,1.21,54.04,103657.78,79817.76,23840.02,4773.13,55.42
2903508,Belo Campo,BA,-15.0334,-41.2652,19074.0,77274.64,500.84,0.648,239.85,44.76,34587.7,34584.24,3.46,519.25,45.06
2903607,Biritinga,BA,-11.6072,-38.8051,15603.0,55374.21,113.28,0.205,112.49,40.68,22524.06,22524.06,0.0,101.63,40.75
2903706,Boa Nova,BA,-14.3598,-40.2064,14008.0,84886.76,370.7,0.437,127.15,59.78,50747.98,50422.12,325.86,30.94,59.8
2903805,Boa Vista do Tupim,BA,-12.6498,-40.6064,17262.0,297211.9,474.45,0.16,186.61,66.14,196561.69,196201.05,360.65,1601.56,66.49
2903904,Bom Jesus da Lapa,BA,-13.2506,-43.4108,68866.0,411455.11,1431.12,0.348,470.94,58.56,240931.78,240758.05,173.72,5050.75,59.28
2903953,Bom Jesus da Serra,BA,-14.3663,-40.5126,10018.0,46787.29,168.83,0.361,159.22,61.29,28674.3,28669.54,4.77,63.96,61.37
2904001,Boninal,BA,-12.7069,-41.8286,14125.0,89689.1,336.72,0.375,309.67,65.88,59083.92,57380.73,1703.19,4.1,65.88
2904050,Bonito,BA,-11.9668,-41.2647,16425.0,79126.87,429.18,0.542,284.54,72.1,57047.38,57030.76,16.62,48.03,72.14
2904100,Boquira,BA,-12.8205,-42.7324,19782.0,142622.29,342.03,0.24,403.08,54.18,77267.22,76896.03,371.2,156.99,54.24
2904209,Botuporã,BA,-13.3772,-42.5163,11427.0,62759.67,178.34,0.284,373.55,45.99,28862.29,28862.29,0.0,26.9,46.01
2904308,Brejões,BA,-13.1039,-39.7988,13224.0,51856.9,584.93,1.128,86.13,35.35,18333.05,18192.06,140.98,86.61,35.41
2904407,Brejolândia,BA,-12.4815,-43.9679,9363.0,224721.16,180.87,0.08,541.9,56.77,127571.76,127556.38,15.38,32.13,56.78
2904506,Brotas de Macaúbas,BA,-11.9915,-42.6326,12180.0,252080.18,255.05,0.101,417.77,87.7,221067.44,217912.34,3155.1,10.23,87.7
2904605,Brumado,BA,-14.2021,-41.6696,74368.0,220762.48,1825.54,0.827,282.59,43.96,97049.24,96292.02,757.21,393.78,44.04
2904704,Buerarema,BA,-14.9595,-39.3028,14950.0,21947.23,149.2,0.68,30.81,72.51,15914.99,15913.7,1.3,9.33,72.55
2904753,Buritirama,BA,-10.7171,-43.6302,20221.0,404678.54,583.32,0.144,575.51,92.45,374124.47,374118.58,5.89,245.64,92.51
2904803,Caatiba,BA,-14.9699,-40.4092,6128.0,51242.64,41.92,0.082,147.78,41.91,21474.22,21473.88,0.35,5.79,41.91
2904852,Cabaceiras do Paraguaçu,BA,-12.5317,-39.1902,17024.0,22202.12,1364.67,6.147,51.81,5.64,1251.98,1239.33,12.66,2828.55,6.46
2904902,Cachoeira,BA,-12.5994,-38.9587,30498.0,39489.1,365.53,0.926,25.87,51.5,20336.76,20313.18,23.57,3836.36,57.04
2905008,Caculé,BA,-14.5003,-42.2229,23293.0,61099.44,464.14,0.76,340.6,44.41,27132.0,27121.08,10.91,258.27,44.59
2905107,Caém,BA,-11.0677,-40.432,10733.0,54090.61,129.18,0.239,254.16,62.5,33807.42,33807.42,0.0,189.88,62.72
2905156,Caetanos,BA,-14.3347,-40.9175,11432.0,76715.43,172.58,0.225,202.76,46.38,35579.29,35212.01,367.28,61.21,46.42
2905206,Caetité,BA,-14.0684,-42.4861,54730.0,265148.87,1199.31,0.452,369.38,76.03,201591.26,201458.33,132.93,326.83,76.12
2905305,Cafarnaum,BA,-11.6914,-41.4688,18057.0,64364.32,379.37,0.589,316.52,33.49,21555.01,21555.01,0.0,10.25,33.49
2905404,Cairu,BA,-13.4904,-39.0465,18578.0,44704.87,309.54,0.692,0.76,71.85,32122.36,27157.56,4964.8,6881.65,84.93
2905503,Caldeirão Grande,BA,-11.0208,-40.2956,13597.0,45830.8,173.37,0.378,247.16,57.16,26198.37,26198.37,0.0,40.03,57.21
2905602,Camacan,BA,-15.4142,-39.4919,22485.0,58481.52,272.95,0.467,55.57,75.19,43972.94,43970.44,2.5,94.74,75.31
2905701,Camaçari,BA,-12.6996,-38.3263,321636.0,78254.8,13444.67,17.181,17.89,29.94,23427.49,17131.84,6295.65,2219.26,30.81
2905800,Camamu,BA,-13.9398,-39.1071,31694.0,83920.87,315.67,0.376,4.7,64.31,53966.7,53913.41,53.29,9097.19,72.13
2905909,Campo Alegre de Lourdes,BA,-9.52221,-43.0126,32500.0,291452.69,635.76,0.218,581.35,79.87,232785.71,232782.72,3.0,208.14,79.93
2906006,Campo Formoso,BA,-10.5105,-40.32,75112.0,716190.62,1488.03,0.208,292.02,67.46,483129.02,482104.64,1024.38,134.71,67.47
2906105,Canápolis,BA,-13.0725,-44.201,10641.0,46037.54,159.03,0.345,557.76,61.54,28330.79,28313.19,17.6,6.53,61.55
2906204,Canarana,BA,-11.6858,-41.7677,25007.0,57972.31,537.59,0.927,346.83,19.29,11184.57,11184.57,0.0,24.79,19.3
2906303,Canavieiras,BA,-15.6722,-38.9536,34392.0,133334.44,594.61,0.446,2.56,44.79,59726.2,52360.12,7366.09,2591.67,45.68
2906402,Candeal,BA,-11.8049,-39.1203,7940.0,44757.83,120.9,0.27,100.68,16.99,7606.11,7604.71,1.4,23.2,17.0
2906501,Candeias,BA,-12.6716,-38.5472,74854.0,25180.99,1767.39,7.019,4.58,15.63,3936.88,3932.25,4.62,1972.29,16.96
2906600,Candiba,BA,-14.4097,-42.8667,13417.0,43365.65,417.71,0.963,410.55,27.3,11838.16,11838.16,0.0,65.87,27.34
2906709,Cândido Sales,BA,-15.4993,-41.2414,26469.0,116982.1,699.8,0.598,242.28,60.22,70451.04,70443.36,7.68,47.03,60.25
2906808,Cansanção,BA,-10.6647,-39.4944,39725.0,135192.71,636.31,0.471,232.67,47.04,63588.15,63588.15,0.0,755.92,47.3
2906824,Canudos,BA,-9.90014,-39.1471,16693.0,356538.24,565.49,0.159,256.89,75.75,270087.6,269570.31,517.3,1818.69,76.14
2906857,Capela do Alto Alegre,BA,-11.6658,-39.8349,11035.0,62959.99,200.76,0.319,161.44,10.81,6804.18,6804.18,0.0,47.99,10.82
2906873,Capim Grosso,BA,-11.3797,-40.0089,35437.0,46476.63,863.74,1.858,196.91,23.81,11065.16,11065.16,0.0,364.88,24.0
2906899,Caraíbas,BA,-14.7177,-41.2603,10259.0,80567.96,142.3,0.177,236.27,48.65,39197.76,39180.27,17.49,821.67,49.15
2906907,Caravelas,BA,-17.7268,-39.2597,21384.0,237699.59,662.16,0.279,7.23,26.61,63255.48,37994.18,25261.31,5468.25,27.24
2907004,Cardeal da Silva,BA,-11.9472,-37.9469,8633.0,29346.96,166.52,0.567,32.5,36.23,10631.03,10618.52,12.51,15.75,36.24
2907103,Carinhanha,BA,-14.2985,-43.7724,30439.0,252552.01,721.32,0.286,508.94,55.07,139072.75,139072.75,0.0,2377.25,55.59
2907202,Casa Nova,BA,-9.16408,-40.974,76131.0,964703.35,1626.07,0.169,455.41,65.46,631466.82,631464.52,2.3,107657.78,73.68
2907301,Castro Alves,BA,-12.7579,-39.4248,25470.0,71381.11,392.19,0.549,67.64,13.49,9632.62,9577.2,55.42,68.17,13.51
2907400,Catolândia,BA,-12.31,-44.8648,3567.0,70254.84,36.88,0.052,641.25,74.24,52159.58,52120.68,38.89,1.31,74.24
2907509,Catu,BA,-12.3513,-38.3791,50109.0,42699.29,643.73,1.508,43.59,25.85,11038.27,11038.27,0.0,17.48,25.86
2907558,Caturama,BA,-13.3239,-42.2904,9108.0,71625.34,117.44,0.164,349.29,40.21,28797.3,28238.83,558.47,26.22,40.22
2907608,Central,BA,-11.1376,-42.1116,16847.0,56696.8,665.11,1.173,404.58,43.7,24776.88,24776.88,0.0,2.46,43.7
2907707,Chorrochó,BA,-8.9695,-39.0979,10933.0,300528.0,330.43,0.11,312.64,84.07,252664.86,182764.44,69900.43,582.03,84.24
2907806,Cícero Dantas,BA,-10.5897,-38.3794,32292.0,81702.48,465.71,0.57,143.62,40.77,33308.29,33308.29,0.0,32.35,40.78
2907905,Cipó,BA,-11.1032,-38.5179,17875.0,16831.57,347.65,2.065,128.97,32.67,5498.88,5498.88,0.0,26.15,32.72
2908002,Coaraci,BA,-14.637,-39.5556,17557.0,27454.28,178.59,0.651,52.79,58.62,16093.23,16093.23,0.0,11.0,58.64
2908101,Cocos,BA,-14.1814,-44.5352,19865.0,1013826.82,328.1,0.032,590.96,81.91,830403.06,651770.15,178632.91,190.18,81.92
2908200,Conceição da Feira,BA,-12.5078,-38.9978,21529.0,16478.95,322.69,1.958,32.96,16.0,2636.08,2575.2,60.88,2517.86,18.88
2908309,Conceição do Almeida,BA,-12.7836,-39.1715,16134.0,28484.19,181.53,0.637,40.64,5.42,1544.69,1544.69,0.0,12.38,5.43
2908408,Conceição do Coité,BA,-11.56,-39.2808,71601.0,101524.9,1193.56,1.176,132.77,35.64,36187.58,36187.58,0.0,233.12,35.73
2908507,Conceição do Jacuípe,BA,-12.3268,-38.7684,37622.0,11487.12,1093.1,9.516,33.09,12.24,1406.46,1403.67,2.8,18.61,12.26
2908606,Conde,BA,-11.8179,-37.6131,24460.0,92635.35,611.24,0.66,6.27,44.55,41269.25,34126.17,7143.08,675.62,44.88
2908705,Condeúba,BA,-14.9022,-41.9718,17567.0,134806.25,307.7,0.228,313.73,63.23,85241.15,85048.9,192.25,203.76,63.33
2908804,Contendas do Sincorá,BA,-13.7537,-41.048,4499.0,97744.64,138.84,0.142,214.27,71.57,69953.31,69332.22,621.09,167.71,71.69
2908903,Coração de Maria,BA,-12.2333,-38.7487,28408.0,37841.62,288.15,0.761,42.97,15.47,5852.63,5845.72,6.91,27.46,15.48
2909000,Cordeiros,BA,-15.0356,-41.9308,7748.0,52362.59,188.9,0.361,310.77,62.2,32571.44,32379.25,192.19,107.42,62.33
2909109,Coribe,BA,-13.8232,-44.4586,14463.0,266512.21,477.88,0.179,582.38,72.44,193071.14,189636.62,3434.52,61.09,72.46
2909208,Coronel João Sá,BA,-10.2847,-37.9198,17598.0,79740.97,212.78,0.267,121.15,24.04,19168.02,19165.73,2.29,613.1,24.22
2909307,Correntina,BA,-13.3477,-44.6333,34266.0,1150430.08,1079.75,0.094,602.88,55.24,635447.93,593805.27,41642.66,167.75,55.24
2909406,Cotegipe,BA,-12.0228,-44.2566,13463.0,428306.14,242.95,0.057,584.32,71.94,308126.23,308057.29,68.94,1871.12,72.26
2909505,Cravolândia,BA,-13.3531,-39.8031,4491.0,18250.68,185.22,1.015,80.19,46.32,8454.07,8423.7,30.37,24.62,46.38
2909604,Crisópolis,BA,-11.5059,-38.1515,20346.0,63659.63,242.88,0.382,74.11,22.82,14529.61,14529.61,0.0,36.9,22.84
2909703,Cristópolis,BA,-12.2249,-44.4214,14549.0,105284.53,367.81,0.349,596.13,71.59,75374.65,75183.55,191.1,20.63,71.61
2909802,Cruz das Almas,BA,-12.6675,-39.1008,63326.0,13911.41,1310.48,9.42,37.29,7.0,973.18,966.9,6.28,29.15,7.01
2909901,Curaçá,BA,-8.98458,-39.8997,36127.0,595057.05,964.64,0.162,381.53,81.68,486069.65,334621.41,151448.24,2328.69,82.01
2910008,Dário Meira,BA,-14.4229,-39.9031,11054.0,41360.21,70.53,0.171,93.7,49.47,20461.24,20394.17,67.07,53.56,49.53
2910057,Dias d'Ávila,BA,-12.6187,-38.2926,75296.0,18377.46,2173.39,11.826,20.52,17.89,3288.11,3038.36,249.76,1529.57,19.52
2910107,Dom Basílio,BA,-13.7565,-41.7677,12329.0,68948.92,244.26,0.354,291.91,43.76,30168.86,29256.64,912.23,170.8,43.86
2910206,Dom Macedo Costa,BA,-12.9016,-39.1923,4608.0,9478.55,27.73,0.293,37.82,6.77,641.76,641.76,0.0,1.31,6.77
2910305,Elísio Medrado,BA,-12.9417,-39.5191,8069.0,17933.16,88.93,0.496,69.46,18.71,3355.35,3345.58,9.77,13.08,18.72
2910404,Encruzilhada,BA,-15.5302,-40.9124,19450.0,189016.2,357.76,0.189,207.76,57.29,108292.54,108247.63,44.91,173.91,57.35
2910503,Entre Rios,BA,-11.9392,-38.0871,39890.0,118588.95,1445.54,1.219,45.77,28.22,33469.65,31517.94,1951.71,241.89,28.28
2910602,Esplanada,BA,-11.7942,-37.9432,34163.0,129706.39,665.26,0.513,40.69,35.69,46297.32,43094.75,3202.57,257.1,35.76
2910701,Euclides da Cunha,BA,-10.5078,-39.0153,64768.0,202533.85,876.18,0.433,207.9,49.51,100277.93,100277.93,0.0,52.23,49.52
2910727,Eunápolis,BA,-16.3715,-39.5821,121067.0,142601.36,2435.5,1.708,56.98,23.32,33249.36,29222.88,4026.48,608.75,23.42
2910750,Fátima,BA,-10.616,-38.2239,18480.0,36833.49,229.27,0.622,127.86,5.06,1863.66,1863.66,0.0,33.49,5.06
2910776,Feira da Mata,BA,-14.2044,-44.2744,5831.0,117650.48,132.29,0.112,562.95,56.95,67007.67,67007.67,0.0,201.18,57.05
2910800,Feira de Santana,BA,-12.2664,-38.9663,660806.0,130445.24,14338.27,10.992,48.03,16.77,21882.02,21849.4,32.63,1519.56,16.97
2910859,Filadélfia,BA,-10.7405,-40.1437,18637.0,57969.26,237.78,0.41,260.09,32.67,18937.52,18937.52,0.0,352.66,32.87
2910909,Firmino Alves,BA,-14.9823,-39.9269,4993.0,17236.48,80.74,0.468,97.27,19.41,3345.75,3345.75,0.0,12.88,19.43
2911006,Floresta Azul,BA,-14.8629,-39.6579,11455.0,32098.21,88.39,0.275,66.11,34.58,11100.61,11100.61,0.0,48.86,34.64
2911105,Formosa do Rio Preto,BA,-11.0328,-45.193,27567.0,1563427.24,817.7,0.052,716.49,53.33,833708.42,781729.76,51978.67,191.96,53.33
2911204,Gandu,BA,-13.7441,-39.4747,34051.0,22964.99,252.62,1.1,46.67,60.37,13864.19,13864.19,0.0,8.43,60.39
2911253,Gavião,BA,-11.4688,-39.7757,4489.0,38459.48,113.34,0.295,172.19,7.78,2992.97,2989.46,3.51,27.0,7.79
2911303,Gentio do Ouro,BA,-11.4342,-42.5077,11276.0,381797.49,403.82,0.106,432.13,92.06,351464.53,348160.01,3304.52,288.46,92.12
2911402,Glória,BA,-9.34382,-38.2544,16107.0,156646.51,393.55,0.251,216.65,57.23,89654.93,85811.53,3843.4,15506.27,63.52
2911501,Gongogi,BA,-14.3195,-39.469,5479.0,20218.2,57.31,0.283,50.2,33.7,6813.97,6812.67,1.3,148.53,33.95
2911600,Governador Mangabeira,BA,-12.5994,-39.0412,21353.0,10684.64,503.12,4.709,34.0,16.43,1755.92,1620.08,135.84,911.97,17.97
2911659,Guajeru,BA,-14.5467,-41.9381,8177.0,87285.35,78.55,0.09,309.66,43.31,37801.71,37784.48,17.23,27.54,43.32
2911709,Guanambi,BA,-14.2231,-42.7799,93488.0,127236.07,4076.09,3.204,402.11,24.14,30713.27,30697.74,15.53,1221.74,24.37
2911808,Guaratinga,BA,-16.5833,-39.7847,19413.0,218940.16,225.5,0.103,73.17,30.74,67309.51,59220.21,8089.31,305.99,30.79
2911857,Heliópolis,BA,-10.6825,-38.2907,13055.0,31457.03,161.63,0.514,129.97,5.43,1706.56,1706.56,0.0,14.76,5.43
2911907,Iaçu,BA,-12.7666,-40.2056,25315.0,234249.25,868.76,0.371,141.96,39.51,92544.62,89221.56,3323.06,589.8,39.61
2912004,Ibiassucê,BA,-14.2711,-42.257,10746.0,48327.09,209.14,0.433,346.44,54.85,26506.31,26503.63,2.69,134.82,55.0
2912103,Ibicaraí,BA,-14.8579,-39.5914,22131.0,23099.51,284.96,1.234,58.98,50.53,11672.75,11672.75,0.0,33.3,50.61
2912202,Ibicoara,BA,-13.4059,-41.284,21827.0,81735.42,737.27,0.902,240.03,65.21,53296.38,45129.41,8166.97,157.98,65.33
2912301,Ibicuí,BA,-14.845,-39.9879,14264.0,113938.92,198.43,0.174,100.86,21.71,24739.43,24739.43,0.0,70.58,21.73
2912400,Ibipeba,BA,-11.6438,-42.0195,17134.0,138197.27,473.95,0.343,374.09,74.1,102405.86,102400.16,5.69,142.35,74.18
2912509,Ibipitanga,BA,-12.8804,-42.4856,14317.0,95437.28,227.96,0.239,375.57,30.69,29290.96,29222.33,68.63,93.5,30.72
2912608,Ibiquera,BA,-12.6444,-40.9338,3833.0,69824.44,62.32,0.089,219.38,68.98,48166.87,48070.38,96.49,52.29,69.03
2912707,Ibirapitanga,BA,-14.1649,-39.3787,26917.0,47266.91,157.23,0.333,42.3,73.44,34714.27,34710.53,3.73,122.25,73.63
2912806,Ibirapuã,BA,-17.6832,-40.1129,9297.0,77108.39,174.64,0.226,74.04,10.79,8316.38,6529.2,1787.18,125.51,10.8
2912905,Ibirataia,BA,-14.0643,-39.6459,19377.0,31815.19,184.08,0.579,64.5,66.82,21258.62,21254.1,4.51,74.83,66.98
2913002,Ibitiara,BA,-12.6502,-42.2179,15049.0,183396.92,395.11,0.215,352.19,60.3,110580.35,110087.29,493.06,99.27,60.33
2913101,Ibititá,BA,-11.5414,-41.9748,17517.0,57302.15,491.91,0.858,374.08,18.29,10479.99,10479.99,0.0,89.63,18.32
2913200,Ibotirama,BA,-12.1779,-43.2167,27723.0,174014.41,870.77,0.5,470.87,79.73,138739.57,133518.06,5221.51,5418.73,82.29
2913309,Ichu,BA,-11.7431,-39.1905,6428.0,13802.91,156.85,1.136,110.26,25.21,3479.48,3479.48,0.0,8.32,25.22
2913408,Igaporã,BA,-13.774,-42.7155,16069.0,83658.16,363.62,0.435,394.18,61.01,51038.77,50917.12,121.65,146.21,61.12
2913457,Igrapiúna,BA,-13.8295,-39.1361,13501.0,59110.12,105.11,0.178,9.72,64.36,38044.79,37537.28,507.51,6018.28,71.66
2913507,Iguaí,BA,-14.7528,-40.0894,21763.0,86023.58,178.26,0.207,110.44,32.44,27904.84,27596.22,308.62,17.75,32.45
2913606,Ilhéus,BA,-14.793,-39.046,189149.0,158627.13,2962.83,1.868,1.3,74.33,117907.0,117630.95,276.05,1674.96,75.12
2913705,Inhambupe,BA,-11.781,-38.355,35390.0,108228.7,348.66,0.322,79.78,11.79,12763.17,12634.59,128.57,35.73,11.8
2913804,Ipecaetá,BA,-12.3028,-39.3069,14016.0,37254.33,160.72,0.431,73.26,16.31,6076.26,6070.75,5.51,22.55,16.32
2913903,Ipiaú,BA,-14.1226,-39.7353,42429.0,28044.54,508.43,1.813,75.51,57.31,16071.93,16069.68,2.26,90.76,57.49
2914000,Ipirá,BA,-12.1561,-39.7359,59222.0,310526.45,998.24,0.321,122.17,14.9,46276.73,44969.66,1307.07,354.08,14.92
2914109,Ipupiara,BA,-11.8219,-42.6179,10349.0,105573.85,444.59,0.421,423.68,85.38,90136.77,89610.15,526.62,6.48,85.38
2914208,Irajuba,BA,-13.2563,-40.0848,6232.0,45903.95,228.5,0.498,111.89,45.71,20982.93,20953.5,29.43,118.0,45.83
2914307,Iramaia,BA,-13.2902,-40.9595,11038.0,170814.54,186.93,0.109,205.57,62.11,106099.76,104742.93,1356.83,230.13,62.2
2914406,Iraquara,BA,-12.2429,-41.6155,24833.0,99183.09,499.16,0.503,305.04,61.08,60578.9,58664.63,1914.27,24.12,61.09
2914505,Irará,BA,-12.0504,-38.7631,29572.0,26785.19,364.17,1.36,63.25,13.21,3538.55,3532.16,6.39,8.84,13.22
2914604,Irecê,BA,-11.3033,-41.8535,78781.0,31916.05,2085.81,6.535,371.38,20.22,6453.99,6453.99,0.0,21.31,20.24
2914653,Itabela,BA,-16.5732,-39.5593,29588.0,92486.47,482.6,0.522,50.44,32.07,29656.55,27899.56,1756.99,230.74,32.15
2914703,Itaberaba,BA,-12.5242,-40.3059,68425.0,238644.36,1669.55,0.7,165.13,37.67,89908.73,86892.47,3016.26,465.87,37.75
2914802,Itabuna,BA,-14.7876,-39.2781,196344.0,40100.63,2218.13,5.531,24.4,52.14,20909.53,20909.53,0.0,124.81,52.31
2914901,Itacaré,BA,-14.2784,-38.9959,29496.0,72614.97,211.2,0.291,0.68,78.59,57067.03,56712.21,354.82,834.87,79.5
2915007,Itaeté,BA,-12.9831,-40.9677,13775.0,133177.88,305.64,0.229,211.62,77.79,103601.55,99622.25,3979.3,1017.22,78.39
2915106,Itagi,BA,-14.1615,-40.0131,14347.0,31063.4,117.2,0.377,105.58,63.01,19572.46,19429.04,143.41,19.43,63.05
2915205,Itagibá,BA,-14.2782,-39.8449,15796.0,81100.75,170.24,0.21,90.68,32.23,26142.64,26142.47,0.17,114.23,32.28
2915304,Itagimirim,BA,-16.0819,-39.6133,6490.0,87679.73,110.14,0.126,68.45,13.45,11791.94,10707.9,1084.04,1779.11,13.73
2915353,Itaguaçu da Bahia,BA,-11.0147,-42.3997,12669.0,431025.41,453.42,0.105,438.87,70.22,302652.4,302622.92,29.47,460.41,70.29
2915403,Itaju do Colônia,BA,-15.1366,-39.7283,6118.0,122525.41,94.32,0.077,77.78,37.1,45459.57,45457.07,2.5,111.68,37.14
2915502,Itajuípe,BA,-14.6788,-39.3698,19191.0,27074.3,179.6,0.663,32.62,82.61,22366.98,22366.98,0.0,15.58,82.66
2915601,Itamaraju,BA,-17.0378,-39.5386,61999.0,236061.59,953.4,0.404,37.7,28.9,68213.91,61818.33,6395.57,448.78,28.95
2915700,Itamari,BA,-13.7782,-39.683,7187.0,14348.23,72.21,0.503,67.39,59.03,8469.66,8469.66,0.0,5.39,59.05
2915809,Itambé,BA,-15.2429,-40.63,25088.0,153454.24,290.44,0.189,174.9,34.23,52521.37,52521.37,0.0,81.76,34.24
2915908,Itanagra,BA,-12.2614,-38.0436,6078.0,53363.52,220.53,0.413,23.05,30.91,16495.83,16432.57,63.26,55.4,30.94
2916005,Itanhém,BA,-17.1642,-40.3321,18203.0,139416.88,275.84,0.198,119.26,14.6,20355.49,19126.57,1228.92,76.89,14.61
2916104,Itaparica,BA,-12.8932,-38.68,20353.0,12139.74,642.99,5.297,1.0,5.41,656.48,656.48,0.0,9628.98,26.15
2916203,Itapé,BA,-14.8876,-39.4239,10649.0,45315.66,105.06,0.232,42.39,19.45,8813.25,8807.28,5.97,442.29,19.64
2916302,Itapebi,BA,-15.9551,-39.5329,9464.0,103187.39,147.64,0.143,64.16,29.89,30842.37,30752.5,89.87,3938.04,31.08
2916401,Itapetinga,BA,-15.2475,-40.2482,68724.0,165115.38,1088.72,0.659,133.9,26.53,43800.86,43783.68,17.18,394.79,26.59
2916500,Itapicuru,BA,-11.3088,-38.2262,33284.0,155761.51,283.96,0.182,90.4,34.97,54463.0,54323.91,139.09,71.4,34.98
2916609,Itapitanga,BA,-14.4139,-39.5657,10640.0,42065.76,63.86,0.152,58.44,24.07,10125.42,10125.42,0.0,10.92,24.08
2916708,Itaquara,BA,-13.4459,-39.9378,8464.0,34408.75,253.29,0.736,94.21,31.98,11003.29,10894.88,108.41,47.24,32.02
2916807,Itarantim,BA,-15.6528,-40.065,17485.0,167403.43,200.33,0.12,120.07,17.64,29523.78,29498.48,25.3,1295.65,17.77
2916856,Itatim,BA,-12.7099,-39.6952,16454.0,54753.59,704.92,1.287,96.07,33.05,18094.66,18094.66,0.0,135.63,33.13
2916906,Itiruçu,BA,-13.529,-40.1472,11211.0,32226.25,210.33,0.653,117.28,27.5,8862.1,8843.92,18.18,37.75,27.53
2917003,Itiúba,BA,-10.6948,-39.8446,35490.0,165058.47,421.49,0.255,246.34,40.64,67085.27,67085.27,0.0,555.95,40.78
2917102,Itororó,BA,-15.11,-40.0684,16849.0,31384.3,203.44,0.648,114.26,38.84,12190.77,12190.77,0.0,13.05,38.86
2917201,Ituaçu,BA,-13.8107,-41.3003,18506.0,119940.58,383.29,0.32,241.12,64.29,77114.4,72161.61,4952.79,168.99,64.38
2917300,Ituberá,BA,-13.7249,-39.1481,22154.0,41489.04,265.23,0.639,16.91,69.12,28677.45,25325.48,3351.97,2668.67,73.87
2917334,Iuiú,BA,-14.4054,-43.5595,11559.0,153272.18,267.99,0.175,485.09,24.93,38208.16,38208.16,0.0,120.95,24.95
2917359,Jaborandi,BA,-13.6071,-44.4255,9600.0,995513.41,147.21,0.015,579.9,54.21,539628.23,460662.56,78965.66,292.42,54.22
2917409,Jacaraci,BA,-14.8541,-42.4329,14910.0,133240.05,287.97,0.216,362.94,64.44,85864.38,85488.54,375.84,76.38,64.48
2917508,Jacobina,BA,-11.1812,-40.5117,86896.0,219287.64,2094.75,0.955,252.44,63.87,140059.85,140054.76,5.09,192.29,63.93
2917607,Jaguaquara,BA,-13.5248,-39.964,47624.0,92451.74,1242.09,1.344,97.48,40.75,37672.15,37372.4,299.75,145.94,40.81
2917706,Jaguarari,BA,-10.2569,-40.1999,34528.0,246598.31,780.1,0.316,307.86,81.0,199755.44,176802.01,22953.44,225.22,81.08
2917805,Jaguaripe,BA,-13.1109,-38.8939,18349.0,86329.21,391.31,0.453,0.03,55.77,48141.51,38566.55,9574.96,5033.38,59.22
2917904,Jandaíra,BA,-11.5616,-37.7853,9508.0,63617.24,221.62,0.348,34.91,45.66,29049.56,23067.62,5981.94,1664.88,46.89
2918001,Jequié,BA,-13.8509,-40.0877,169201.0,296903.83,3251.17,1.095,109.96,73.44,218042.75,217407.87,634.88,4577.7,74.59
2918100,Jeremoabo,BA,-10.0685,-38.3471,39539.0,426746.59,679.7,0.159,173.14,73.18,312308.26,312298.84,9.43,131.92,73.21
2918209,Jiquiriçá,BA,-13.2621,-39.5737,14063.0,23866.3,119.03,0.499,57.46,45.75,10918.9,10892.0,26.89,11.93,45.77
2918308,Jitaúna,BA,-14.0131,-39.8969,14824.0,26205.14,126.91,0.484,90.05,65.76,17232.53,17155.08,77.46,49.14,65.88
2918357,João Dourado,BA,-11.3486,-41.6548,25892.0,91326.13,566.91,0.621,349.52,15.97,14584.41,14584.41,0.0,7.46,15.97
2918407,Juazeiro,BA,-9.41622,-40.5033,256122.0,672124.87,6973.21,1.037,410.04,67.68,454903.13,309077.69,145825.43,5381.74,68.23
2918456,Jucuruçu,BA,-16.8488,-40.1641,9930.0,145767.36,112.22,0.077,107.5,28.59,41679.24,39101.76,2577.48,186.44,28.63
2918506,Jussara,BA,-11.0431,-41.9702,17007.0,135521.35,551.88,0.407,395.17,32.63,44224.61,44224.61,0.0,23.98,32.64
2918555,Jussari,BA,-15.192,-39.491,6048.0,32918.7,64.16,0.195,52.43,46.93,15448.02,15448.02,0.0,9.42,46.94
2918605,Jussiape,BA,-13.5155,-41.5882,7567.0,58975.75,141.27,0.24,273.02,67.57,39848.33,34458.08,5390.26,110.73,67.69
2918704,Lafaiete Coutinho,BA,-13.6541,-40.2119,4228.0,49810.89,77.11,0.155,126.05,43.45,21640.9,21631.16,9.74,64.94,43.5
2918753,Lagoa Real,BA,-14.0334,-42.1328,14550.0,91224.82,135.56,0.149,331.09,63.75,58158.36,57996.27,162.09,202.8,63.89
2918803,Laje,BA,-13.1673,-39.4213,21705.0,44978.09,157.06,0.349,46.05,17.79,8002.07,8002.07,0.0,105.41,17.83
2918902,Lajedão,BA,-17.6056,-40.3383,3994.0,62437.05,68.25,0.109,98.78,2.76,1720.93,549.38,1171.55,122.7,2.76
2919009,Lajedinho,BA,-12.3529,-40.9048,3610.0,84670.62,66.84,0.079,230.61,45.36,38404.13,38125.22,278.9,38.79,45.38
2919058,Lajedo do Tabocal,BA,-13.4663,-40.2204,7683.0,38292.52,277.91,0.726,124.84,38.74,14833.83,14830.61,3.22,90.76,38.83
2919108,Lamarão,BA,-11.773,-38.887,9303.0,18925.84,78.19,0.413,95.69,16.01,3029.72,3029.72,0.0,4.82,16.01
2919157,Lapão,BA,-11.3851,-41.8286,27014.0,64291.76,708.62,1.102,365.33,16.36,10519.0,10519.0,0.0,9.46,16.36
2919207,Lauro de Freitas,BA,-12.8978,-38.321,219564.0,5782.49,3197.16,55.29,2.44,18.17,1050.9,1050.9,0.0,56.52,18.35
2919306,Lençóis,BA,-12.5616,-41.3928,11194.0,128299.5,200.25,0.156,269.24,95.31,122288.16,111800.58,10487.58,18.61,95.33
2919405,Licínio de Almeida,BA,-14.6842,-42.5095,12202.0,85665.06,346.26,0.404,370.79,70.3,60220.3,60052.95,167.34,133.35,70.41
2919504,Livramento de Nossa Senhora,BA,-13.6369,-41.8432,46376.0,195252.37,1131.28,0.579,301.11,42.72,83420.1,79821.86,3598.24,329.37,42.8
2919553,Luís Eduardo Magalhães,BA,-12.0956,-45.7866,118382.0,403310.69,5849.9,1.45,744.29,26.52,106956.05,87801.99,19154.06,346.24,26.54
2919603,Macajuba,BA,-12.1326,-40.3571,10740.0,70113.52,172.01,0.245,186.17,46.79,32804.03,32768.52,35.51,42.33,46.82
2919702,Macarani,BA,-15.5646,-40.4209,22768.0,121011.52,255.16,0.211,156.29,29.82,36087.69,36082.78,4.92,127.38,29.85
2919801,Macaúbas,BA,-13.0186,-42.6945,43653.0,245916.08,840.79,0.342,395.8,61.59,151464.7,150336.57,1128.13,403.19,61.69
2919900,Macururé,BA,-9.16226,-39.0518,7435.0,254585.48,201.94,0.079,295.37,70.85,180377.41,131912.7,48464.71,136.2,70.89
2919926,Madre de Deus,BA,-12.7446,-38.6153,19224.0,3301.65,263.85,7.992,3.58,3.45,113.78,113.78,0.0,2873.93,26.6
2919959,Maetinga,BA,-14.6623,-41.4915,7218.0,61483.61,89.07,0.145,261.16,58.95,36244.52,36176.2,68.31,95.11,59.04
2920007,Maiquinique,BA,-15.624,-40.2587,9009.0,58830.61,132.28,0.225,139.94,20.89,12287.01,12256.1,30.91,25.07,20.89
2920106,Mairi,BA,-11.7107,-40.1437,18130.0,90668.67,237.18,0.262,185.25,43.62,39552.7,39552.7,0.0,20.58,43.63
2920205,Malhada,BA,-14.3371,-43.7686,15814.0,197164.71,355.4,0.18,508.16,48.58,95790.03,95790.03,0.0,5504.08,49.98
2920304,Malhada de Pedras,BA,-14.3847,-41.8842,8982.0,55053.73,112.84,0.205,305.28,31.01,17071.32,16866.54,204.79,44.72,31.03
2920403,Manoel Vitorino,BA,-14.1476,-40.2399,14287.0,220177.83,316.74,0.144,129.12,54.52,120030.02,119410.88,619.14,2220.06,55.07
2920452,Mansidão,BA,-10.7227,-44.0428,14542.0,312955.55,250.89,0.08,617.33,89.58,280347.56,280315.71,31.85,551.0,89.74
2920502,Maracás,BA,-13.4355,-40.4323,29330.0,241321.55,866.75,0.359,147.76,58.34,140798.19,140202.49,595.7,2059.92,58.85
2920601,Maragogipe,BA,-12.776,-38.9175,37041.0,43761.08,573.71,1.311,14.11,39.04,17083.81,17060.18,23.63,3580.08,42.52
2920700,Maraú,BA,-14.1035,-39.0137,25804.0,84816.85,747.5,0.881,6.2,71.79,60893.51,55134.86,5758.64,5372.83,76.65
2920809,Marcionílio Souza,BA,-13.0064,-40.5295,9475.0,109932.6,287.67,0.262,164.88,40.57,44594.46,44556.82,37.63,288.19,40.67
2920908,Mascote,BA,-15.5542,-39.3016,13918.0,74268.91,144.01,0.194,37.57,46.87,34807.04,34737.69,69.35,221.93,47.01
2921005,Mata de São João,BA,-12.5307,-38.3009,44962.0,60331.12,1701.83,2.821,27.58,38.84,23434.85,23258.94,175.91,1298.52,39.7
2921054,Matina,BA,-13.9109,-42.8439,10611.0,77328.84,230.92,0.299,407.7,37.66,29122.08,29122.08,0.0,109.88,37.71
2921104,Medeiros Neto,BA,-17.3707,-40.2238,22801.0,131171.98,455.0,0.347,104.02,4.06,5325.17,3719.41,1605.76,262.21,4.07
2921203,Miguel Calmon,BA,-11.4299,-40.6031,25263.0,159967.46,408.56,0.255,244.18,72.21,115511.38,115511.38,0.0,188.44,72.29
2921302,Milagres,BA,-12.8646,-39.8611,11436.0,42034.29,414.31,0.986,104.25,48.44,20361.91,20313.51,48.4,65.41,48.52
2921401,Mirangaba,BA,-10.961,-40.574,16167.0,175181.1,281.46,0.161,273.57,63.51,111265.05,111229.67,35.39,35.21,63.53
2921450,Mirante,BA,-14.2385,-40.7718,10526.0,117285.76,169.91,0.145,187.38,45.53,53399.51,52812.49,587.02,409.37,45.69
2921500,Monte Santo,BA,-10.4374,-39.3321,49807.0,303420.79,655.78,0.216,242.1,43.33,131479.99,131479.99,0.0,187.35,43.36
2921609,Morpará,BA,-11.5569,-43.2766,8220.0,209380.84,193.37,0.092,501.2,83.31,174441.66,174269.18,172.48,385.32,83.47
2921708,Morro do Chapéu,BA,-11.5488,-41.1565,35235.0,574491.28,1080.33,0.188,290.85,71.61,411379.39,409520.16,1859.23,74.62,71.62
2921807,Mortugaba,BA,-15.0225,-42.3727,11477.0,52821.15,184.42,0.349,357.84,58.92,31120.88,31118.11,2.76,29.22,58.95
2921906,Mucugê,BA,-13.0053,-41.3703,12712.0,246266.94,423.74,0.172,253.95,70.05,172516.12,115533.72,56982.4,1415.74,70.46
2922003,Mucuri,BA,-18.0754,-39.5565,40114.0,178695.31,1472.86,0.824,0.93,21.26,37987.18,28118.13,9869.06,1586.53,21.45
2922052,Mulungu do Morro,BA,-11.9648,-41.6374,13648.0,64661.45,240.72,0.372,321.15,55.21,35698.55,35664.33,34.21,7.7,55.21
2922102,Mundo Novo,BA,-11.8541,-40.4714,17197.0,149199.12,237.13,0.159,208.88,67.81,101173.67,101170.87,2.8,72.2,67.84
2922201,Muniz Ferreira,BA,-13.0092,-39.1092,7453.0,10454.07,47.16,0.451,24.58,19.21,2008.26,2008.26,0.0,2.44,19.21
2922250,Muquém de São Francisco,BA,-12.065,-43.5497,10803.0,385194.22,250.11,0.065,509.19,66.48,256091.37,255976.11,115.27,3731.56,67.13
2922300,Muritiba,BA,-12.6329,-38.9921,30180.0,8629.78,696.77,8.074,27.74,9.73,839.66,817.05,22.61,40.16,9.78
2922409,Mutuípe,BA,-13.2284,-39.5044,20590.0,27586.68,138.55,0.502,51.42,25.1,6922.98,6921.85,1.13,11.15,25.11
2922508,Nazaré,BA,-13.0235,-39.0108,28427.0,27863.25,236.88,0.85,14.08,42.17,11749.19,11722.77,26.41,222.86,42.51
2922607,Nilo Peçanha,BA,-13.604,-39.1091,12399.0,38837.1,106.94,0.275,11.74,76.67,29775.42,28245.88,1529.54,705.99,78.09
2922656,Nordestina,BA,-10.8192,-39.4297,19711.0,46540.62,184.4,0.396,214.17,45.93,21377.11,21377.11,0.0,84.15,46.02
2922706,Nova Canaã,BA,-14.7912,-40.1458,13970.0,80459.79,100.42,0.125,116.88,26.78,21549.93,21523.28,26.65,19.2,26.79
2922730,Nova Fátima,BA,-11.6031,-39.6302,8283.0,34679.89,217.37,0.627,150.55,7.46,2587.96,2587.96,0.0,24.7,7.47
2922755,Nova Ibiá,BA,-13.812,-39.6182,6696.0,20320.19,50.04,0.246,59.84,64.88,13183.6,13182.21,1.39,3.39,64.89
2922805,Nova Itarana,BA,-13.0241,-40.0653,8073.0,47538.55,595.98,1.254,116.3,31.37,14914.75,14897.85,16.9,52.73,31.41
2922854,Nova Redenção,BA,-12.815,-41.0748,7670.0,56535.37,99.27,0.176,227.61,56.46,31919.97,31901.74,18.23,37.16,56.5
2922904,Nova Soure,BA,-11.2329,-38.4871,24865.0,96695.01,276.49,0.286,119.73,36.16,34963.76,34963.76,0.0,97.6,36.2
2923001,Nova Viçosa,BA,-17.8926,-39.3743,41629.0,131483.74,1633.86,1.243,0.99,24.25,31887.33,21552.97,10334.35,1380.87,24.51
2923035,Novo Horizonte,BA,-12.8083,-42.1682,11586.0,62749.71,364.72,0.581,343.09,82.31,51652.36,51368.81,283.55,85.31,82.43
2923050,Novo Triunfo,BA,-10.3182,-38.4014,11060.0,29912.37,87.19,0.291,163.16,43.65,13056.58,13056.58,0.0,4.49,43.66
2923100,Olindina,BA,-11.3497,-38.3379,22956.0,63732.78,340.03,0.534,99.45,15.74,10029.34,10029.34,0.0,31.74,15.74
2923209,Oliveira dos Brejinhos,BA,-12.3132,-42.8969,21323.0,331345.96,536.08,0.162,433.23,64.77,214600.42,208343.66,6256.77,209.88,64.81
2923308,Ouriçangas,BA,-12.0175,-38.6166,7925.0,15699.58,82.68,0.527,67.15,6.56,1029.29,988.25,41.04,2.8,6.56
2923357,Ourolândia,BA,-10.9578,-41.0756,20141.0,154500.63,427.92,0.277,316.32,35.97,55566.61,55565.73,0.88,15.9,35.97
2923407,Palmas de Monte Alto,BA,-14.2676,-43.1609,20666.0,256001.93,448.7,0.175,443.49,35.35,90503.58,90502.45,1.13,384.16,35.41
2923506,Palmeiras,BA,-12.5059,-41.5809,10894.0,73777.62,232.79,0.316,290.56,87.36,64450.51,55156.38,9294.13,12.66,87.37
2923605,Paramirim,BA,-13.4388,-42.2395,21025.0,108706.78,550.93,0.507,343.46,57.18,62156.71,60321.97,1834.74,551.41,57.47
2923704,Paratinga,BA,-12.687,-43.1798,30680.0,262494.99,516.34,0.197,453.5,73.17,192069.6,189152.09,2917.52,1957.88,73.72
2923803,Paripiranga,BA,-10.6859,-37.8626,27860.0,44220.92,202.85,0.459,91.53,16.24,7183.1,7170.53,12.57,51.8,16.26
2923902,Pau Brasil,BA,-15.4572,-39.6458,9537.0,62631.7,64.08,0.102,72.38,55.27,34615.96,34612.26,3.71,86.02,55.35
2924009,Paulo Afonso,BA,-9.3983,-38.2216,119418.0,154442.16,2620.33,1.697,209.79,50.29,77663.33,77520.44,142.89,3424.08,51.43
2924058,Pé de Serra,BA,-11.8313,-39.611,13677.0,59675.26,276.97,0.464,131.04,7.1,4237.57,4237.57,0.0,56.37,7.11
2924108,Pedrão,BA,-12.1491,-38.6487,6403.0,15848.3,28.07,0.177,52.28,6.74,1067.66,1067.66,0.0,50.55,6.76
2924207,Pedro Alexandre,BA,-10.012,-37.8932,14226.0,88958.39,169.75,0.191,137.26,21.93,19512.68,19512.68,0.0,208.61,21.99
2924306,Piatã,BA,-13.1465,-41.7702,20938.0,182583.9,514.25,0.282,294.59,84.81,154857.63,129096.05,25761.58,45.15,84.84
2924405,Pilão Arcado,BA,-10.0051,-42.4936,37388.0,1159768.17,758.56,0.065,503.87,80.81,937242.55,937219.31,23.25,23864.42,82.51
2924504,Pindaí,BA,-14.4921,-42.686,15125.0,62845.0,401.36,0.639,390.48,36.97,23231.14,23215.02,16.11,46.78,36.99
2924603,Pindobaçu,BA,-10.7433,-40.3675,19601.0,49582.6,231.38,0.467,275.16,78.36,38854.79,38854.79,0.0,197.24,78.68
2924652,Pintadas,BA,-11.8117,-39.9009,10654.0,64714.5,145.85,0.225,157.08,16.28,10534.23,10534.23,0.0,66.44,16.29
2924678,Piraí do Norte,BA,-13.759,-39.3836,11481.0,19334.44,38.32,0.198,36.91,58.4,11291.93,11291.93,0.0,21.72,58.47
2924702,Piripá,BA,-14.9444,-41.7168,9143.0,50437.83,220.01,0.436,286.79,75.69,38178.43,38172.47,5.96,53.15,75.77
2924801,Piritiba,BA,-11.73,-40.5587,17697.0,98032.68,411.29,0.42,223.4,60.25,59062.35,59057.71,4.64,281.08,60.42
2924900,Planaltino,BA,-13.2618,-40.3695,8239.0,95545.73,331.52,0.347,142.35,48.16,46011.04,46005.64,5.4,120.27,48.22
2925006,Planalto,BA,-14.6654,-40.4718,24026.0,76901.41,570.55,0.742,151.32,35.25,27111.56,27036.19,75.37,119.08,35.31
2925105,Poções,BA,-14.5234,-40.3634,50773.0,93786.43,1418.96,1.513,140.6,51.06,47883.67,47771.44,112.23,214.75,51.17
2925204,Pojuca,BA,-12.4303,-38.3374,33573.0,31491.1,659.84,2.095,37.84,25.96,8173.74,8156.26,17.48,36.7,25.99
2925253,Ponto Novo,BA,-10.8653,-40.1311,18763.0,53012.61,352.42,0.665,248.3,36.03,19101.77,19101.77,0.0,342.67,36.27
2925303,Porto Seguro,BA,-16.4435,-39.0643,182630.0,228476.39,3185.2,1.394,1.42,50.62,115644.66,99478.06,16166.61,702.15,50.77
2925402,Potiraguá,BA,-15.5943,-39.8638,10651.0,111156.12,138.31,0.124,97.68,25.77,28647.29,28643.07,4.22,258.73,25.83
2925501,Prado,BA,-17.3364,-39.2227,37533.0,169053.68,1585.26,0.938,0.98,45.71,77280.25,59134.4,18145.86,692.28,45.9
2925600,Presidente Dutra,BA,-11.2923,-41.9843,15677.0,23207.15,685.53,2.954,384.97,28.89,6703.94,6703.94,0.0,1.32,28.89
2925709,Presidente Jânio Quadros,BA,-14.6885,-41.6798,12963.0,120853.89,167.92,0.139,281.42,52.68,63663.6,63473.28,190.32,86.37,52.72
2925758,Presidente Tancredo Neves,BA,-13.4471,-39.4203,29489.0,44180.67,212.56,0.481,38.18,35.72,15783.42,15776.38,7.05,29.59,35.75
2925808,Queimadas,BA,-10.9736,-39.6293,27429.0,201105.92,458.28,0.228,207.92,25.13,50545.49,50540.84,4.65,266.18,25.17
2925907,Quijingue,BA,-10.7505,-39.2137,26443.0,138082.94,302.27,0.219,214.38,45.16,62353.44,62353.44,0.0,81.43,45.18
2925931,Quixabeira,BA,-11.4031,-40.12,9839.0,36637.24,188.5,0.515,203.99,24.04,8806.37,8806.37,0.0,231.38,24.19
2925956,Rafael Jambeiro,BA,-12.4053,-39.5007,20081.0,109053.68,516.6,0.474,88.24,25.06,27326.85,27307.46,19.39,213.93,25.11
2926004,Remanso,BA,-9.61944,-42.0848,42855.0,457366.16,1200.65,0.263,495.83,54.68,250084.32,250084.32,0.0,67589.38,64.16
2926103,Retirolândia,BA,-11.4832,-39.4234,14174.0,24231.31,302.49,1.248,147.84,21.05,5101.73,5101.73,0.0,11.13,21.06
2926202,Riachão das Neves,BA,-11.7508,-44.9143,22329.0,596910.32,470.76,0.079,661.52,54.58,325790.69,321628.98,4161.71,730.47,54.65
2926301,Riachão do Jacuípe,BA,-11.8067,-39.3818,35188.0,115539.84,818.56,0.708,115.88,6.28,7258.66,7217.79,40.87,133.08,6.29
2926400,Riacho de Santana,BA,-13.6059,-42.9397,32060.0,318384.55,449.43,0.141,419.54,61.99,197362.83,195338.18,2024.65,360.58,62.06
2926509,Ribeira do Amparo,BA,-11.0421,-38.4242,14528.0,66613.27,154.37,0.232,122.77,33.28,22169.25,22164.86,4.39,6.94,33.28
2926608,Ribeira do Pombal,BA,-10.8373,-38.5382,56316.0,122815.62,787.05,0.641,144.62,32.3,39669.62,39669.62,0.0,13.44,32.3
2926657,Ribeirão do Largo,BA,-15.4508,-40.7441,10029.0,136372.18,122.46,0.09,188.65,42.3,57684.11,57567.19,116.92,43.14,42.31
2926707,Rio de Contas,BA,-13.5852,-41.8048,13634.0,111527.06,474.91,0.426,296.73,72.84,81233.42,58819.03,22414.4,744.37,73.33
2926806,Rio do Antônio,BA,-14.4071,-42.0721,13495.0,77789.63,243.81,0.313,325.2,40.37,31401.35,31374.64,26.7,30.52,40.38
2926905,Rio do Pires,BA,-13.1185,-42.2902,10781.0,65623.65,192.75,0.294,350.97,71.73,47070.34,44607.22,2463.12,15.77,71.74
2927002,Rio Real,BA,-11.4814,-37.9332,36966.0,73978.71,567.37,0.767,53.3,17.93,13267.11,13195.5,71.61,250.72,17.99
2927101,Rodelas,BA,-8.85021,-38.78,10884.0,220728.15,347.33,0.157,296.02,75.94,167614.02,144032.66,23581.36,14461.95,81.26
2927200,Ruy Barbosa,BA,-12.2816,-40.4931,29590.0,199175.89,553.26,0.278,193.77,57.91,115343.21,115229.84,113.37,233.15,57.98
2927309,Salinas da Margarida,BA,-12.873,-38.7562,15629.0,15057.63,480.66,3.192,0.94,20.69,3114.98,2834.55,280.42,9110.32,52.38
2927408,Salvador,BA,-12.9718,-38.5011,2564204.0,69129.97,20403.87,29.515,1.96,6.59,4558.6,4554.5,4.1,39275.93,15.27
2927507,Santa Bárbara,BA,-11.9515,-38.9681,21787.0,34701.26,575.23,1.658,79.18,22.0,7634.65,7630.98,3.67,36.93,22.02
2927606,Santa Brígida,BA,-9.73227,-38.1209,15417.0,93444.99,151.78,0.162,176.22,48.17,45009.6,44879.58,130.01,31.19,48.18
2927705,Santa Cruz Cabrália,BA,-16.2825,-39.0295,31007.0,146101.81,1025.75,0.702,2.49,54.1,79046.44,73839.6,5206.85,295.73,54.21
2927804,Santa Cruz da Vitória,BA,-14.964,-39.8115,4663.0,28408.6,53.68,0.189,84.75,30.17,8571.94,8571.94,0.0,14.01,30.19
2927903,Santa Inês,BA,-13.2793,-39.814,10625.0,37453.24,348.95,0.932,82.51,55.55,20805.0,20752.84,52.16,67.04,55.65
2928000,Santaluz,BA,-11.2508,-39.375,40066.0,162344.32,771.01,0.475,167.96,32.44,52657.88,52656.82,1.05,333.75,32.5
2928059,Santa Luzia,BA,-15.4342,-39.3287,14392.0,82446.64,83.32,0.101,38.25,62.36,51414.39,50257.59,1156.8,200.04,62.51
2928109,Santa Maria da Vitória,BA,-13.3859,-44.2011,40474.0,198491.3,800.15,0.403,555.97,68.91,136775.14,136690.11,85.03,177.04,68.97
2928208,Santana,BA,-12.9792,-44.0506,25521.0,190931.99,579.98,0.304,542.47,62.77,119838.47,119837.07,1.39,447.32,62.91
2928307,Santanópolis,BA,-12.0311,-38.8694,9035.0,22268.74,75.86,0.341,67.47,15.73,3502.95,3502.95,0.0,16.98,15.74
2928406,Santa Rita de Cássia,BA,-11.0063,-44.5255,28890.0,603052.28,781.61,0.13,650.54,74.57,449671.18,449586.48,84.71,415.32,74.62
2928505,Santa Teresinha,BA,-12.7697,-39.5215,10882.0,71922.94,239.5,0.333,76.21,25.95,18661.88,18520.1,141.78,116.94,25.99
2928604,Santo Amaro,BA,-12.5472,-38.7137,58398.0,49448.58,813.04,1.644,8.03,32.59,16116.63,16059.89,56.74,4692.28,36.01
2928703,Santo Antônio de Jesus,BA,-12.9614,-39.2584,109791.0,26173.83,1536.45,5.87,41.61,15.27,3995.44,3992.3,3.14,52.82,15.3
2928802,Santo Estêvão,BA,-12.428,-39.2505,55146.0,36034.3,1499.31,4.161,61.71,22.83,8225.55,8224.76,0.79,1953.66,24.14
2928901,São Desidério,BA,-12.3572,-44.9769,34982.0,1515865.83,1276.36,0.084,652.2,42.46,643653.8,594295.07,49358.73,387.27,42.47
2928950,São Domingos,BA,-11.4649,-39.5268,8690.0,28997.25,205.12,0.707,155.69,22.87,6631.87,6631.87,0.0,38.66,22.9
2929008,São Félix,BA,-12.6104,-38.9727,11102.0,10324.04,85.46,0.828,26.65,16.07,1658.78,1658.25,0.52,212.62,16.4
2929057,São Félix do Coribe,BA,-13.4019,-44.1837,15780.0,175167.06,321.28,0.183,554.05,65.79,115240.28,115240.28,0.0,255.7,65.88
2929107,São Felipe,BA,-12.8394,-39.0893,20923.0,22240.3,221.27,0.995,31.3,9.39,2089.4,2089.4,0.0,15.61,9.4
2929206,São Francisco do Conde,BA,-12.6183,-38.6786,41110.0,26971.99,1013.77,3.759,1.03,17.34,4676.02,4673.66,2.36,8004.41,24.65
2929255,São Gabriel,BA,-11.2175,-41.8843,19229.0,114604.91,816.55,0.712,378.33,36.11,41379.84,41378.7,1.14,44.0,36.12
2929305,São Gonçalo dos Campos,BA,-12.4331,-38.9663,42171.0,29477.04,1186.9,4.027,34.4,25.16,7416.38,7396.56,19.83,1329.44,26.35
2929354,São José da Vitória,BA,-15.0787,-39.3437,5432.0,12792.53,45.19,0.353,36.29,72.87,9321.91,9321.91,0.0,2.76,72.89
2929370,São José do Jacuípe,BA,-11.4137,-39.8669,10576.0,36236.78,236.43,0.652,183.41,19.67,7126.55,7126.55,0.0,202.11,19.78
2929404,São Miguel das Matas,BA,-13.0434,-39.4578,10615.0,23090.66,68.06,0.295,57.2,15.38,3551.58,3549.14,2.44,107.8,15.45
2929503,São Sebastião do Passé,BA,-12.5123,-38.4905,42944.0,53668.51,507.47,0.946,22.5,16.89,9063.12,9063.12,0.0,57.98,16.91
2929602,Sapeaçu,BA,-12.7208,-39.1824,18656.0,13122.66,315.7,2.406,43.27,4.2,550.95,526.87,24.09,19.98,4.2
2929701,Sátiro Dias,BA,-11.5929,-38.5938,16476.0,94927.79,151.14,0.159,112.83,28.7,27246.85,27246.85,0.0,34.08,28.71
2929750,Saubara,BA,-12.7387,-38.7625,11859.0,16643.24,553.01,3.323,2.12,33.23,5530.93,5493.5,37.43,8285.11,66.17
2929800,Saúde,BA,-10.9428,-40.4155,10661.0,50910.49,146.12,0.287,262.48,80.77,41120.79,41120.79,0.0,105.34,80.94
2929909,Seabra,BA,-12.4169,-41.7722,48721.0,240217.67,1314.28,0.547,313.47,71.73,172296.23,171722.98,573.25,22.36,71.73
2930006,Sebastião Laranjeiras,BA,-14.571,-42.9434,9581.0,198449.61,242.61,0.122,417.79,52.47,104126.83,104080.41,46.42,195.49,52.52
2930105,Senhor do Bonfim,BA,-10.4594,-40.1865,78090.0,78937.33,1355.66,1.717,288.22,53.21,42002.22,42002.22,0.0,211.5,53.35
2930154,Serra do Ramalho,BA,-13.5659,-43.5929,36252.0,234167.84,1431.92,0.611,490.09,42.57,99676.29,99676.29,0.0,2871.78,43.09
2930204,Sento Sé,BA,-9.74138,-41.8786,40232.0,1198009.23,1034.88,0.086,470.06,77.9,933304.64,933295.58,9.06,105327.83,85.41
2930303,Serra Dourada,BA,-12.759,-43.9504,17574.0,159228.07,341.09,0.214,534.76,41.19,65589.17,65589.17,0.0,75.89,41.21
2930402,Serra Preta,BA,-12.156,-39.3305,18754.0,59532.98,314.77,0.529,84.5,11.83,7042.74,6896.37,146.37,101.36,11.85
2930501,Serrinha,BA,-11.6584,-39.01,84690.0,58333.54,1345.69,2.307,111.34,25.68,14981.98,14981.98,0.0,96.28,25.73
2930600,Serrolândia,BA,-11.4085,-40.2983,13863.0,32202.83,254.52,0.79,218.52,28.28,9108.08,9108.08,0.0,15.69,28.3
2930709,Simões Filho,BA,-12.7866,-38.4029,120419.0,20152.51,2921.63,14.498,10.49,25.76,5191.59,5190.45,1.13,1305.9,27.55
2930758,Sítio do Mato,BA,-13.0801,-43.4689,13982.0,162785.09,346.86,0.213,478.59,48.53,79004.77,79004.77,0.0,2697.65,49.35
2930766,Sítio do Quinto,BA,-10.3545,-38.2213,14435.0,65683.23,144.54,0.22,145.1,24.99,16411.5,16411.5,0.0,197.12,25.06
2930774,Sobradinho,BA,-9.45024,-40.8145,27097.0,135595.44,895.16,0.66,419.31,64.62,87617.47,87617.47,0.0,10140.32,69.84
2930808,Souto Soares,BA,-12.088,-41.6427,17724.0,102663.58,362.15,0.353,315.2,67.25,69036.77,68931.02,105.75,2.54,67.25
2930907,Tabocas do Brejo Velho,BA,-12.7026,-44.0075,12368.0,143717.06,169.07,0.118,541.86,72.43,104095.68,102765.34,1330.34,16.67,72.44
2931004,Tanhaçu,BA,-14.0197,-41.2473,21787.0,127750.88,446.67,0.35,235.47,30.61,39098.95,38651.09,447.86,447.07,30.71
2931053,Tanque Novo,BA,-13.5485,-42.4934,17812.0,72952.32,361.03,0.495,371.06,51.12,37290.97,37144.53,146.44,70.27,51.17
2931103,Tanquinho,BA,-11.968,-39.1033,7991.0,24382.09,151.65,0.622,83.91,19.65,4790.2,4769.29,20.91,27.65,19.67
2931202,Taperoá,BA,-13.5321,-39.1009,18556.0,45408.37,110.29,0.243,7.77,62.48,28373.1,28348.66,24.44,493.68,63.17
2931301,Tapiramutá,BA,-11.8475,-40.7927,16226.0,71469.45,226.21,0.317,241.43,60.35,43135.01,43027.69,107.33,104.78,60.44
2931350,Teixeira de Freitas,BA,-17.5399,-39.74,153738.0,116560.02,3170.79,2.72,54.3,10.57,12325.17,9526.6,2798.58,312.03,10.6
2931400,Teodoro Sampaio,BA,-12.295,-38.6347,7280.0,24460.12,90.12,0.368,36.51,11.38,2783.87,2783.87,0.0,14.69,11.39
2931509,Teofilândia,BA,-11.4827,-38.9913,21825.0,35188.85,268.06,0.762,129.53,15.43,5429.43,5429.43,0.0,44.7,15.45
2931608,Teolândia,BA,-13.5896,-39.484,15978.0,28980.56,71.31,0.246,47.73,50.4,14606.26,14605.13,1.13,5.57,50.41
2931707,Terra Nova,BA,-12.3888,-38.6238,10976.0,19323.34,140.39,0.727,26.69,7.71,1490.22,1490.22,0.0,4.11,7.71
2931806,Tremedal,BA,-14.9736,-41.4142,16646.0,201768.18,267.26,0.132,254.79,66.61,134398.2,134375.03,23.17,398.48,66.74
2931905,Tucano,BA,-10.9584,-38.7894,51016.0,219827.39,1063.58,0.484,162.62,38.53,84694.33,84694.33,0.0,221.27,38.57
2932002,Uauá,BA,-9.83325,-39.4794,25449.0,306011.02,883.49,0.289,290.29,65.66,200938.75,196273.91,4664.84,217.59,65.71
2932101,Ubaíra,BA,-13.2714,-39.666,19142.0,66389.31,167.53,0.252,66.92,52.47,34834.65,34769.97,64.68,36.05,52.5
2932200,Ubaitaba,BA,-14.303,-39.3222,17878.0,18108.46,160.65,0.887,34.72,59.65,10801.35,10801.35,0.0,337.11,60.78
2932309,Ubatã,BA,-14.2063,-39.5207,15839.0,17765.48,196.79,1.108,57.12,63.24,11235.07,11233.94,1.13,67.4,63.48
2932408,Uibaí,BA,-11.3394,-42.1354,13886.0,54530.88,760.63,1.395,398.28,65.09,35496.67,35496.67,0.0,20.96,65.12
2932457,Umburanas,BA,-10.7339,-41.3234,13785.0,177561.43,292.28,0.165,352.82,75.45,133962.1,133929.64,32.46,9.32,75.45
2932507,Una,BA,-15.2791,-39.0765,18254.0,112443.26,376.66,0.335,9.0,77.75,87426.14,85968.62,1457.52,1032.16,78.47
2932606,Urandi,BA,-14.7678,-42.6498,15776.0,90240.25,440.76,0.488,385.96,48.04,43351.75,42993.19,358.56,1518.65,48.86
2932705,Uruçuca,BA,-14.5963,-39.2851,22155.0,50971.27,230.55,0.452,24.52,84.51,43076.84,43025.56,51.28,70.51,84.63
2932804,Utinga,BA,-12.0783,-41.0954,16645.0,63376.68,304.41,0.48,263.07,58.51,37079.28,36715.31,363.97,11.55,58.52
2932903,Valença,BA,-13.3669,-39.073,90053.0,112339.83,1104.61,0.983,2.32,51.51,57861.44,55330.05,2531.39,2670.34,52.76
2933000,Valente,BA,-11.4062,-39.457,25132.0,39488.44,523.87,1.327,157.03,37.01,14613.08,14613.08,0.0,78.65,37.08
2933059,Várzea da Roça,BA,-11.6005,-40.1328,14294.0,46843.37,218.87,0.467,191.27,17.57,8232.21,8232.21,0.0,636.7,17.82
2933109,Várzea do Poço,BA,-11.5273,-40.3149,8334.0,20648.14,178.08,0.862,212.1,30.62,6322.53,6322.53,0.0,20.86,30.65
2933158,Várzea Nova,BA,-11.2557,-40.9432,13866.0,122589.42,376.2,0.307,285.83,47.14,57791.48,57791.48,0.0,15.09,47.15
2933174,Varzedo,BA,-12.9672,-39.3919,10328.0,22140.52,110.36,0.498,55.38,20.99,4647.46,4644.84,2.62,71.46,21.06
2933208,Vera Cruz,BA,-12.9568,-38.6153,45191.0,29722.96,2374.4,7.988,1.73,32.24,9582.19,9389.94,192.25,12442.26,55.45
2933257,Vereda,BA,-17.2183,-40.0974,6157.0,78214.41,100.5,0.128,93.94,17.1,13373.65,11081.37,2292.29,164.02,17.13
2933307,Vitória da Conquista,BA,-14.8615,-40.8442,396613.0,325424.7,11124.37,3.418,192.45,41.69,135670.83,135413.79,257.04,669.66,41.78
2933406,Wagner,BA,-12.2819,-41.1715,9866.0,52237.51,202.25,0.387,259.82,67.44,35230.65,35214.39,16.26,3.58,67.45
2933455,Wanderley,BA,-12.1144,-43.8958,13460.0,292050.74,201.29,0.069,543.76,60.52,176756.78,176697.19,59.59,653.18,60.66
2933505,Wenceslau Guimarães,BA,-13.6908,-39.4762,25535.0,65507.4,153.0,0.234,49.17,57.33,37558.0,37467.81,90.19,26.17,57.36
2933604,Xique-Xique,BA,-10.823,-42.7245,47019.0,507968.02,1121.15,0.221,479.99,72.03,365906.5,365867.21,39.28,12796.7,73.89
3100104,Abadia dos Dourados,MG,-18.4831,-47.3916,6345.0,88043.75,173.46,0.197,579.74,29.93,26349.21,24345.37,2003.84,2565.85,30.83
3100203,Abaeté,MG,-19.1551,-45.4444,23173.0,181706.59,621.54,0.342,433.26,26.29,47762.78,39468.15,8294.63,7816.26,27.47
3100302,Abre Campo,MG,-20.2996,-42.4743,14354.0,47054.63,271.51,0.577,187.95,20.65,9717.48,8995.99,721.49,292.41,20.78
3100401,Acaiaca,MG,-20.359,-43.1439,3998.0,10189.35,75.3,0.739,248.11,29.1,2964.76,2881.34,83.42,33.33,29.19
3100500,Açucena,MG,-19.0671,-42.5419,8926.0,81543.29,103.29,0.127,264.04,39.86,32503.95,32127.09,376.85,603.87,40.16
3100609,Água Boa,MG,-17.9914,-42.3806,12391.0,132034.12,137.72,0.104,286.87,45.67,60294.43,60149.35,145.08,238.44,45.75
3100708,Água Comprida,MG,-20.0576,-48.1069,2171.0,49217.45,62.24,0.126,461.27,8.22,4043.47,3908.81,134.66,5216.24,9.19
3100807,Aguanil,MG,-20.9439,-45.3915,4509.0,23209.28,145.02,0.625,243.68,17.65,4096.86,3915.38,181.47,1914.49,19.24
3100906,Águas Formosas,MG,-17.0802,-40.9384,18850.0,82006.81,258.37,0.315,184.27,41.95,34403.72,34004.7,399.01,38.08,41.97
3101003,Águas Vermelhas,MG,-15.7431,-41.4571,14567.0,125654.37,373.56,0.297,268.96,66.2,83182.18,83158.08,24.11,1062.55,66.76
3101102,Aimorés,MG,-19.5007,-41.0746,26212.0,134896.25,506.06,0.375,110.59,18.86,25443.95,21882.61,3561.34,2316.85,19.19
3101201,Aiuruoca,MG,-21.9736,-44.6042,6389.0,64969.63,75.17,0.116,109.53,47.37,30775.52,19322.93,11452.59,13.46,47.38
3101300,Alagoa,MG,-22.171,-44.6413,2820.0,16136.08,30.94,0.192,89.05,57.52,9281.22,6925.58,2355.64,0.08,57.52
3101409,Albertina,MG,-22.2018,-46.6139,3027.0,5801.52,87.08,1.501,187.06,20.0,1160.53,1159.12,1.41,3.4,20.02
3101508,Além Paraíba,MG,-21.8797,-42.7176,31159.0,51024.19,507.79,0.995,106.27,34.27,17484.64,16764.33,720.31,720.26,34.76
3101607,Alfenas,MG,-21.4256,-45.9477,82303.0,85045.58,2058.64,2.421,223.29,8.69,7394.19,7010.41,383.78,13259.26,10.3
3101631,Alfredo Vasconcelos,MG,-21.1535,-43.7718,7236.0,13080.27,247.56,1.893,194.1,30.08,3933.99,3299.11,634.88,9.1,30.1
3101706,Almenara,MG,-16.1785,-40.6942,42019.0,229442.44,755.16,0.329,177.72,63.74,146243.55,145825.59,417.96,1598.39,64.19
3101805,Alpercata,MG,-18.974,-41.97,7019.0,16697.55,201.42,1.206,220.25,5.88,981.31,935.17,46.13,664.03,6.12
3101904,Alpinópolis,MG,-20.8631,-46.3878,18673.0,46067.42,490.04,1.064,300.55,24.81,11430.91,11166.38,264.53,188.14,24.92
3102001,Alterosa,MG,-21.2488,-46.1387,14272.0,36200.34,357.84,0.988,250.84,11.6,4200.93,4067.63,133.3,1148.62,11.98
3102050,Alto Caparaó,MG,-20.431,-41.8738,6014.0,10368.12,113.27,1.092,124.78,52.13,5405.35,3201.76,2203.59,3.1,52.15
3102100,Alto Rio Doce,MG,-21.0281,-43.4067,10931.0,51804.26,173.71,0.335,212.66,28.42,14724.3,14228.08,496.22,7.52,28.43
3102209,Alvarenga,MG,-19.4174,-41.7317,3983.0,27818.05,70.17,0.252,171.04,27.38,7617.16,5408.42,2208.74,50.57,27.43
3102308,Alvinópolis,MG,-20.1098,-43.0535,15358.0,59944.22,216.42,0.361,251.95,33.0,19783.35,19342.21,441.14,18.92,33.01
3102407,Alvorada de Minas,MG,-18.7334,-43.3638,4359.0,37399.5,52.73,0.141,357.69,62.28,23293.88,20735.09,2558.78,121.0,62.49
3102506,Amparo do Serra,MG,-20.5051,-42.8009,4574.0,13618.07,48.39,0.355,208.84,24.7,3363.64,3273.81,89.82,3.44,24.71
3102605,Andradas,MG,-22.0695,-46.5724,42501.0,46938.14,895.18,1.907,199.42,19.26,9042.04,8673.04,369.0,335.57,19.4
3102704,Cachoeira de Pajeú,MG,-15.9688,-41.4948,9347.0,69569.9,182.67,0.263,266.34,68.59,47717.01,47486.97,230.05,129.83,68.72
3102803,Andrelândia,MG,-21.7411,-44.3117,12163.0,100531.12,275.29,0.274,133.75,53.54,53826.81,20196.73,33630.08,84.9,53.59
3102852,Angelândia,MG,-17.7279,-42.2641,7849.0,18521.31,156.2,0.843,282.17,39.51,7318.65,7315.58,3.07,98.16,39.73
3102902,Antônio Carlos,MG,-21.321,-43.7451,11350.0,52991.04,248.29,0.469,175.77,42.43,22485.72,18364.63,4121.09,26.68,42.45
3103009,Antônio Dias,MG,-19.6491,-42.8732,9375.0,78708.82,267.36,0.34,258.8,49.39,38875.9,38234.12,641.78,319.12,49.59
3103108,Antônio Prado de Minas,MG,-21.0192,-42.1109,1552.0,8379.67,21.32,0.254,120.86,27.85,2333.82,2157.45,176.37,5.6,27.87
3103207,Araçaí,MG,-19.1955,-44.2493,2222.0,18752.59,76.09,0.406,408.72,36.51,6845.85,6233.47,612.38,30.09,36.56
3103306,Aracitaba,MG,-21.3446,-43.3736,2095.0,10659.16,37.95,0.356,177.44,19.1,2035.46,1962.64,72.82,1.67,19.1
3103405,Araçuaí,MG,-16.8523,-42.0637,35185.0,223625.6,1186.14,0.53,298.44,62.65,140101.83,139592.45,509.38,1756.21,63.15
3103504,Araguari,MG,-18.6456,-48.1934,123432.0,272974.4,3518.69,1.289,610.42,24.81,67738.41,65426.76,2311.65,13259.73,26.08
3103603,Arantina,MG,-21.9102,-44.2555,2998.0,8942.1,87.99,0.984,115.64,50.18,4487.1,1718.71,2768.39,0.25,50.18
3103702,Araponga,MG,-20.6686,-42.5178,8218.0,30380.3,80.44,0.265,174.65,39.18,11901.78,10038.06,1863.72,6.37,39.18
3103751,Araporã,MG,-18.4357,-49.1847,9069.0,29436.58,391.16,1.329,671.35,9.24,2719.33,2719.33,0.0,4088.42,10.73
3103801,Arapuá,MG,-19.0268,-46.1484,2668.0,17390.74,56.45,0.325,469.98,19.53,3396.42,3396.42,0.0,5.75,19.54
3103900,Araújos,MG,-19.9405,-45.1671,9634.0,24554.53,251.43,1.024,341.9,20.19,4956.61,4913.08,43.54,160.82,20.32
3104007,Araxá,MG,-19.5902,-46.9438,118786.0,116405.72,2880.97,2.475,450.08,28.62,33313.53,31669.56,1643.97,404.58,28.72
3104106,Arceburgo,MG,-21.359,-46.9401,9335.0,16286.78,297.66,1.828,286.28,15.77,2568.34,2508.13,60.21,57.55,15.83
3104205,Arcos,MG,-20.2863,-45.5373,43653.0,50988.98,1440.32,2.825,316.72,22.03,11232.79,10684.82,547.96,166.81,22.1
3104304,Areado,MG,-21.3572,-46.1421,14229.0,28312.12,349.38,1.234,241.62,8.99,2545.8,2439.36,106.44,2916.51,10.02
3104403,Argirita,MG,-21.6083,-42.8292,2715.0,15936.21,47.46,0.298,136.29,33.1,5274.41,5061.97,212.44,13.07,33.12
3104452,Aricanduva,MG,-17.8666,-42.5533,4820.0,24332.47,74.71,0.307,307.82,41.4,10073.64,10056.27,17.37,28.62,41.45
3104502,Arinos,MG,-15.9187,-46.1043,17586.0,527946.85,467.43,0.089,733.7,64.1,338412.13,300728.48,37683.65,1644.75,64.3
3104601,Astolfo Dutra,MG,-21.3184,-42.8572,14633.0,15889.33,339.25,2.135,160.53,18.57,2950.05,2654.32,295.73,259.65,18.87
3104700,Ataléia,MG,-18.0438,-41.1149,13936.0,183689.76,163.52,0.089,155.48,14.24,26163.33,21136.44,5026.89,184.56,14.26
3104809,Augusto de Lima,MG,-18.0997,-44.2655,4572.0,125483.96,253.57,0.202,475.14,36.54,45848.16,29752.11,16096.06,236.88,36.61
3104908,Baependi,MG,-21.957,-44.8874,18782.0,75057.46,373.96,0.498,119.95,43.39,32568.08,20141.38,12426.7,15.96,43.4
3105004,Baldim,MG,-19.2832,-43.9613,7595.0,55628.56,227.12,0.408,377.53,46.86,26068.57,24576.83,1491.74,184.44,47.02
3105103,Bambuí,MG,-20.0166,-45.9754,24203.0,145583.46,727.19,0.499,361.97,19.76,28764.34,26782.92,1981.42,548.29,19.83
3105202,Bandeira,MG,-15.8783,-40.5622,4811.0,48377.5,47.08,0.097,172.27,56.84,27497.46,27497.46,0.0,5.16,56.85
3105301,Bandeira do Sul,MG,-21.7308,-46.3833,6183.0,4726.8,145.51,3.078,229.49,20.81,983.48,983.48,0.0,19.63,20.89
3105400,Barão de Cocais,MG,-19.9389,-43.4755,32264.0,34012.61,889.91,2.616,299.97,58.9,20033.08,17676.27,2356.82,51.71,58.99
3105509,Barão de Monte Alto,MG,-21.2444,-42.2372,4952.0,19830.3,80.04,0.404,124.79,24.11,4780.53,4701.65,78.87,61.51,24.18
3105608,Barbacena,MG,-21.2214,-43.7703,129695.0,75918.04,2723.71,3.588,186.6,37.73,28647.01,17817.15,10829.87,48.58,37.76
3105707,Barra Longa,MG,-20.2869,-43.0402,5717.0,38363.25,65.26,0.17,241.64,27.2,10436.56,10143.94,292.62,244.22,27.38
3105905,Barroso,MG,-21.1907,-43.972,20604.0,8207.91,640.53,7.804,189.95,29.23,2399.53,1577.67,821.86,8.35,29.26
3106002,Bela Vista de Minas,MG,-19.8302,-43.0922,10427.0,10927.84,244.43,2.237,268.49,57.82,6318.84,6128.3,190.54,49.2,58.08
3106101,Belmiro Braga,MG,-21.944,-43.4084,3292.0,39307.0,59.97,0.153,112.95,40.15,15781.51,15141.42,640.09,408.98,40.57
3106200,Belo Horizonte,MG,-19.9102,-43.9266,2415872.0,33134.33,27449.76,82.844,331.5,11.04,3658.42,2002.26,1656.17,257.61,11.13
3106309,Belo Oriente,MG,-19.2199,-42.4828,24546.0,33490.02,680.04,2.031,250.51,34.78,11646.93,11570.61,76.32,656.27,35.47
3106408,Belo Vale,MG,-20.4077,-44.0275,9012.0,36591.35,140.32,0.383,276.83,24.44,8943.93,7650.47,1293.46,265.29,24.62
3106507,Berilo,MG,-16.9567,-42.4606,9638.0,58710.18,248.2,0.423,330.64,57.71,33882.14,33794.07,88.07,963.3,58.67
3106606,Bertópolis,MG,-17.059,-40.58,4546.0,42782.47,68.37,0.16,146.4,17.4,7443.51,7275.87,167.64,10.95,17.4
3106655,Berizal,MG,-15.61,-41.7432,4270.0,48878.15,117.37,0.24,297.22,67.22,32858.25,32751.19,107.06,205.67,67.51
3106705,Betim,MG,-19.9668,-44.2008,431433.0,34404.65,9619.93,27.961,326.93,26.23,9024.7,8614.71,409.99,415.4,26.55
3106804,Bias Fortes,MG,-21.602,-43.7574,3367.0,28352.1,34.22,0.121,144.65,39.83,11292.27,10318.66,973.6,4.33,39.83
3106903,Bicas,MG,-21.7232,-43.056,14358.0,14008.22,340.79,2.433,133.93,17.24,2414.75,2221.58,193.17,31.7,17.28
3107000,Biquinhas,MG,-18.7754,-45.4974,2397.0,45894.24,94.59,0.206,475.4,34.93,16032.34,11859.52,4172.83,262.13,35.13
3107109,Boa Esperança,MG,-21.0927,-45.5612,41443.0,86069.72,974.13,1.132,235.39,20.45,17602.97,14114.37,3488.6,10375.88,23.26
3107208,Bocaina de Minas,MG,-22.1697,-44.3972,5530.0,50375.54,42.54,0.084,85.95,66.77,33637.9,29944.18,3693.72,1.82,66.78
3107307,Bocaiúva,MG,-17.1135,-43.8104,49797.0,320684.82,1262.25,0.394,458.69,48.1,154262.19,134833.18,19429.01,766.73,48.22
3107406,Bom Despacho,MG,-19.7386,-45.2622,54377.0,121354.4,1586.12,1.307,365.96,23.68,28734.02,27639.29,1094.74,631.89,23.8
3107505,Bom Jardim de Minas,MG,-21.9479,-44.1885,6988.0,41206.97,250.22,0.607,110.29,66.53,27416.73,16618.57,10798.16,6.65,66.54
3107604,Bom Jesus da Penha,MG,-21.0148,-46.5174,4677.0,20834.27,125.72,0.603,295.67,16.33,3401.83,3400.33,1.5,16.22,16.34
3107703,Bom Jesus do Amparo,MG,-19.7054,-43.4782,5786.0,19562.87,200.4,1.024,310.82,34.74,6796.0,6715.92,80.08,99.69,34.92
3107802,Bom Jesus do Galho,MG,-19.836,-42.3165,14719.0,59229.74,265.99,0.449,198.66,23.07,13663.4,13432.04,231.36,1104.99,23.51
3107901,Bom Repouso,MG,-22.4675,-46.144,13312.0,22984.88,175.89,0.765,145.6,17.88,4110.1,4096.52,13.57,3.31,17.88
3108008,Bom Sucesso,MG,-21.0329,-44.7537,17515.0,70505.54,501.77,0.712,214.8,24.13,17012.5,14030.92,2981.58,744.82,24.39
3108107,Bonfim,MG,-20.3302,-44.2366,7710.0,30187.8,227.29,0.753,287.39,13.8,4165.9,4087.97,77.93,111.21,13.85
3108206,Bonfinópolis de Minas,MG,-16.568,-45.9839,5600.0,185047.37,225.34,0.122,697.9,39.96,73942.8,59662.41,14280.38,488.18,40.06
3108255,Bonito de Minas,MG,-15.3231,-44.7543,10525.0,393645.14,126.86,0.032,615.84,95.59,376276.16,361573.45,14702.72,51.1,95.6
3108305,Borda da Mata,MG,-22.2707,-46.1653,17837.0,30107.67,377.73,1.255,167.42,16.78,5051.07,5016.0,35.07,27.27,16.79
3108404,Botelhos,MG,-21.6412,-46.391,15141.0,33408.65,310.09,0.928,236.6,17.0,5680.86,5677.78,3.08,320.98,17.17
3108503,Botumirim,MG,-16.8657,-43.0086,5806.0,156891.36,175.79,0.112,388.12,68.37,107259.45,104748.74,2510.7,2387.48,69.42
3108552,Brasilândia de Minas,MG,-16.9999,-46.0081,15485.0,250973.43,628.02,0.25,679.15,55.41,139076.03,121695.49,17380.54,1092.13,55.66
3108602,Brasília de Minas,MG,-16.2104,-44.4299,33262.0,139944.29,735.78,0.526,556.16,57.72,80778.19,80615.03,163.16,58.2,57.75
3108701,Brás Pires,MG,-20.8419,-43.2406,4296.0,22336.12,68.95,0.309,226.3,31.64,7067.03,6855.39,211.64,47.78,31.71
3108800,Braúnas,MG,-19.0562,-42.7099,4445.0,37830.75,37.91,0.1,280.09,44.87,16975.45,16917.9,57.56,386.33,45.34
3108909,Brazópolis,MG,-22.4743,-45.6166,14491.0,36766.87,183.82,0.5,116.58,22.0,8087.49,7928.71,158.78,14.24,22.01
3109006,Brumadinho,MG,-20.151,-44.2007,41090.0,63943.2,1242.5,1.943,306.65,52.44,33533.79,27589.72,5944.07,970.94,53.25
3109105,Bueno Brandão,MG,-22.4383,-46.3491,11168.0,35614.32,127.24,0.357,153.65,14.68,5229.34,5192.19,37.15,22.02,14.69
3109204,Buenópolis,MG,-17.8744,-44.1775,9171.0,159985.91,238.36,0.149,476.41,42.6,68146.07,41853.93,26292.14,26.33,42.6
3109253,Bugre,MG,-19.4231,-42.2552,4159.0,16148.65,72.29,0.448,219.15,22.07,3564.29,3434.06,130.24,237.59,22.4
3109303,Buritis,MG,-15.6218,-46.4221,24779.0,522512.86,803.23,0.154,777.71,55.74,291262.2,248496.95,42765.25,1101.46,55.86
3109402,Buritizeiro,MG,-17.3656,-44.9606,23908.0,721836.48,853.13,0.118,569.16,57.23,413124.23,357548.73,55575.49,6634.35,57.76
3109451,Cabeceira Grande,MG,-16.0335,-47.0862,6811.0,103306.11,328.89,0.318,815.02,27.08,27972.66,26340.98,1631.68,2238.33,27.68
3109501,Cabo Verde,MG,-21.4699,-46.3919,11269.0,36820.32,237.05,0.644,249.72,18.05,6646.48,6598.14,48.34,69.08,18.09
3109600,Cachoeira da Prata,MG,-19.521,-44.4544,3785.0,6143.88,143.11,2.329,379.23,44.18,2714.07,2660.23,53.84,22.53,44.34
3109709,Cachoeira de Minas,MG,-22.3511,-45.7809,12302.0,30424.66,231.53,0.761,138.25,15.41,4689.18,4610.56,78.62,108.61,15.47
3109808,Cachoeira Dourada,MG,-18.5161,-49.5039,2337.0,20307.15,68.5,0.337,678.49,12.0,2437.7,2437.7,0.0,2544.61,13.72
3109907,Caetanópolis,MG,-19.2971,-44.4189,11906.0,15605.25,905.95,5.805,403.28,28.25,4408.99,2386.31,2022.68,44.27,28.33
3110004,Caeté,MG,-19.8826,-43.6704,39775.0,54254.98,979.57,1.805,321.24,62.57,33949.6,29757.03,4192.57,67.86,62.65
3110103,Caiana,MG,-20.6956,-41.9292,5484.0,10646.9,64.25,0.603,118.08,15.42,1641.87,1625.03,16.83,12.98,15.44
3110202,Cajuri,MG,-20.7903,-42.7925,4191.0,8305.22,83.22,1.002,195.93,21.24,1764.36,1679.21,85.15,1.76,21.25
3110301,Caldas,MG,-21.9183,-46.3843,14628.0,71138.95,363.94,0.512,210.41,22.35,15900.29,14659.47,1240.81,141.83,22.4
3110400,Camacho,MG,-20.6294,-45.1593,2851.0,22298.47,56.49,0.253,267.94,21.5,4793.34,4151.38,641.96,30.25,21.53
3110509,Camanducaia,MG,-22.7515,-46.1494,27860.0,52872.1,591.28,1.118,115.04,39.39,20828.77,20488.41,340.36,26.6,39.41
3110608,Cambuí,MG,-22.6115,-46.0572,31066.0,24456.81,729.22,2.982,128.34,16.05,3924.75,3891.0,33.74,28.03,16.07
3110707,Cambuquira,MG,-21.854,-45.2896,12551.0,24638.46,317.88,1.29,147.04,20.08,4948.63,4782.55,166.08,20.95,20.1
3110806,Campanário,MG,-18.2427,-41.7355,2884.0,44243.08,74.22,0.168,214.68,33.4,14776.5,14439.64,336.86,74.8,33.45
3110905,Campanha,MG,-21.836,-45.4004,16372.0,33559.14,534.47,1.593,154.19,19.02,6383.92,5702.18,681.73,171.96,19.12
3111002,Campestre,MG,-21.7079,-46.2381,21155.0,57785.1,422.79,0.732,219.94,16.75,9681.54,9468.93,212.61,250.43,16.83
3111101,Campina Verde,MG,-19.5382,-49.4862,18188.0,365072.58,629.94,0.173,579.97,18.68,68202.49,63167.74,5034.75,520.17,18.71
3111150,Campo Azul,MG,-16.5028,-44.8096,3806.0,50594.53,98.76,0.195,581.28,42.68,21591.58,21453.0,138.58,60.56,42.73
3111200,Campo Belo,MG,-20.8932,-45.2699,54027.0,52825.17,1297.83,2.457,243.99,12.0,6338.57,6201.28,137.29,954.25,12.22
3111309,Campo do Meio,MG,-21.1127,-45.8273,11625.0,27541.51,241.11,0.875,245.67,13.33,3671.78,3363.51,308.26,5091.18,16.36
3111408,Campo Florido,MG,-19.7631,-48.5716,8931.0,126427.37,285.8,0.226,510.96,17.22,21768.78,19463.07,2305.72,118.48,17.23
3111507,Campos Altos,MG,-19.6914,-46.1725,13076.0,71066.48,395.52,0.557,403.12,38.67,27480.02,25823.17,1656.84,96.46,38.72
3111606,Campos Gerais,MG,-21.237,-45.7569,26749.0,76947.82,519.8,0.676,230.1,13.45,10351.73,10027.24,324.49,6237.18,14.64
3111705,Canaã,MG,-20.6869,-42.6167,4839.0,17490.81,56.97,0.326,183.58,21.57,3773.61,3359.71,413.9,11.73,21.59
3111804,Canápolis,MG,-18.7212,-49.2035,10716.0,84357.47,307.42,0.364,643.78,15.15,12779.75,11970.94,808.81,989.69,15.33
3111903,Cana Verde,MG,-21.0232,-45.1801,5342.0,21272.12,140.85,0.662,227.23,12.95,2754.35,2667.35,87.0,1595.64,14.0
3112000,Candeias,MG,-20.7692,-45.2765,14211.0,72051.75,326.37,0.453,257.08,17.92,12914.22,11661.22,1253.0,397.8,18.02
3112059,Cantagalo,MG,-18.5248,-42.6223,4029.0,14186.97,75.46,0.532,304.19,31.16,4420.94,4420.94,0.0,14.01,31.19
3112109,Caparaó,MG,-20.5289,-41.9061,5138.0,13070.89,58.87,0.45,123.46,30.19,3946.03,3618.46,327.57,4.28,30.2
3112208,Capela Nova,MG,-20.9179,-43.622,4397.0,11106.86,56.21,0.506,221.42,25.59,2842.24,2784.7,57.55,1.42,25.59
3112307,Capelinha,MG,-17.6888,-42.5147,41858.0,96529.0,921.66,0.955,308.96,49.44,47725.32,47251.9,473.42,120.99,49.5
3112406,Capetinga,MG,-20.6163,-47.0571,6627.0,29793.08,150.34,0.505,365.88,20.63,6147.3,6139.68,7.62,35.19,20.66
3112505,Capim Branco,MG,-19.5471,-44.1304,11210.0,9534.78,485.65,5.093,372.59,19.29,1839.67,1829.2,10.46,49.51,19.39
3112604,Capinópolis,MG,-18.6862,-49.5706,14872.0,62070.58,426.63,0.687,665.33,11.29,7005.03,6888.23,116.8,1386.85,11.54
3112653,Capitão Andrade,MG,-19.0748,-41.8614,4634.0,27907.87,102.13,0.366,204.34,14.07,3925.45,3645.54,279.91,29.96,14.08
3112703,Capitão Enéas,MG,-16.3265,-43.7084,14403.0,97155.53,453.04,0.466,480.82,38.95,37844.33,37843.3,1.03,422.15,39.12
3112802,Capitólio,MG,-20.6164,-46.0493,10991.0,52184.0,625.73,1.199,304.98,37.26,19446.22,13535.17,5911.04,4838.51,41.07
3112901,Caputira,MG,-20.1703,-42.2683,9128.0,18769.35,86.07,0.459,174.7,19.84,3724.65,3538.19,186.46,8.15,19.85
3113008,Caraí,MG,-17.1862,-41.7004,19511.0,124236.67,255.82,0.206,246.76,58.38,72529.71,71943.54,586.17,77.46,58.42
3113107,Caranaíba,MG,-20.8707,-43.7417,2942.0,15994.74,35.06,0.219,225.54,33.66,5383.37,5375.93,7.45,7.19,33.67
3113206,Carandaí,MG,-20.9566,-43.811,24403.0,48726.13,628.9,1.291,215.71,28.78,14023.34,10886.5,3136.84,117.64,28.85
3113305,Carangola,MG,-20.7343,-42.0313,32134.0,35340.69,416.58,1.179,125.35,22.62,7993.7,7360.96,632.75,81.32,22.67
3113404,Caratinga,MG,-19.7868,-42.1292,90890.0,125842.46,1744.75,1.386,186.4,24.71,31100.75,28994.45,2106.29,1401.84,24.99
3113503,Carbonita,MG,-17.5255,-43.0137,8603.0,145610.27,367.06,0.252,364.81,65.68,95635.44,93916.73,1718.71,235.13,65.79
3113602,Careaçu,MG,-22.0424,-45.696,7062.0,18103.45,208.95,1.154,154.09,14.95,2706.23,2653.45,52.79,159.4,15.08
3113701,Carlos Chagas,MG,-17.6973,-40.7723,18783.0,320298.57,271.73,0.085,133.35,13.92,44600.61,42225.75,2374.86,1141.9,13.97
3113800,Carmésia,MG,-19.0877,-43.1382,2693.0,25910.0,22.76,0.088,317.43,65.75,17035.95,16869.86,166.09,35.53,65.84
3113909,Carmo da Cachoeira,MG,-21.4633,-45.2201,11767.0,50630.15,268.64,0.531,184.08,22.7,11494.21,9714.37,1779.84,67.51,22.73
3114006,Carmo da Mata,MG,-20.5575,-44.8735,11291.0,35720.91,268.96,0.753,268.79,21.28,7601.24,7510.02,91.23,70.09,21.32
3114105,Carmo de Minas,MG,-22.1204,-45.1307,14125.0,32230.18,212.07,0.658,113.33,26.22,8452.12,8405.22,46.91,64.67,26.28
3114204,Carmo do Cajuru,MG,-20.1912,-44.7664,24581.0,45582.84,792.15,1.738,307.26,27.61,12586.01,12283.61,302.4,751.48,28.07
3114303,Carmo do Paranaíba,MG,-18.991,-46.3167,29885.0,130786.17,771.85,0.59,480.57,17.73,23187.55,22730.33,457.22,622.81,17.81
3114402,Carmo do Rio Claro,MG,-20.9736,-46.1149,21506.0,106572.85,483.14,0.453,274.34,20.98,22361.42,18980.71,3380.71,19423.63,25.66
3114501,Carmópolis de Minas,MG,-20.5396,-44.6336,18561.0,39999.53,510.82,1.277,267.46,19.66,7864.66,7672.83,191.83,128.17,19.73
3114550,Carneirinho,MG,-19.6987,-50.6894,9633.0,206344.3,339.45,0.165,637.72,8.53,17594.08,15462.24,2131.84,22768.56,9.58
3114600,Carrancas,MG,-21.4898,-44.6446,4161.0,72789.51,112.92,0.155,163.06,47.11,34291.5,11498.72,22792.78,2807.0,49.0
3114709,Carvalhópolis,MG,-21.7735,-45.8421,3419.0,8107.47,68.86,0.849,186.32,20.51,1663.2,1658.37,4.82,12.81,20.55
3114808,Carvalhos,MG,-22.0,-44.4632,4503.0,28227.2,88.86,0.315,104.9,35.93,10141.44,7495.43,2646.01,7.81,35.94
3114907,Casa Grande,MG,-20.7925,-43.9343,2260.0,15771.72,62.53,0.396,233.86,19.87,3134.19,2766.2,367.99,12.72,19.89
3115003,Cascalho Rico,MG,-18.5772,-47.8716,2751.0,36733.11,73.21,0.199,597.15,16.42,6031.15,6003.76,27.39,6806.79,20.15
3115102,Cássia,MG,-20.5831,-46.9201,17491.0,66577.82,440.78,0.662,359.24,19.0,12653.06,12605.27,47.79,5201.84,20.62
3115201,Conceição da Barra de Minas,MG,-21.1316,-44.4729,3576.0,27301.09,61.4,0.225,201.01,26.64,7271.9,4418.51,2853.39,187.24,26.82
3115300,Cataguases,MG,-21.3924,-42.6896,67732.0,49175.84,1139.77,2.318,142.69,20.65,10153.25,9926.82,226.43,537.01,20.87
3115359,Catas Altas,MG,-20.0734,-43.4061,5706.0,24004.88,140.02,0.583,286.43,58.38,14014.49,10166.27,3848.22,43.65,58.49
3115409,Catas Altas da Noruega,MG,-20.6901,-43.4939,3124.0,14162.4,47.67,0.337,248.03,52.34,7412.61,7401.72,10.89,14.74,52.39
3115458,Catuji,MG,-17.3018,-41.5276,7248.0,41936.96,147.56,0.352,224.59,50.75,21283.56,21116.71,166.85,63.29,50.83
3115474,Catuti,MG,-15.3616,-42.9627,4788.0,28779.68,94.82,0.329,425.64,28.66,8247.93,8247.93,0.0,12.94,28.67
3115508,Caxambu,MG,-21.9753,-44.9319,21412.0,10048.69,515.28,5.128,120.05,22.62,2272.98,2046.39,226.58,18.19,22.66
3115607,Cedro do Abaeté,MG,-19.1458,-45.712,1084.0,28325.25,61.74,0.218,441.94,50.36,14264.42,12083.51,2180.91,127.25,50.59
3115706,Central de Minas,MG,-18.7612,-41.3143,6213.0,20432.91,169.43,0.829,165.61,12.59,2572.49,2535.01,37.48,18.39,12.6
3115805,Centralina,MG,-18.5852,-49.2014,10447.0,32240.75,401.83,1.246,657.18,13.69,4414.34,4286.21,128.12,381.2,13.86
3115904,Chácara,MG,-21.6733,-43.215,3194.0,15282.45,166.89,1.092,139.54,20.64,3154.42,2772.99,381.43,18.97,20.67
3116001,Chalé,MG,-20.0453,-41.6897,6289.0,21267.48,67.3,0.316,132.93,21.3,4529.6,3938.31,591.3,87.75,21.39
3116100,Chapada do Norte,MG,-17.0881,-42.5392,9763.0,83084.01,172.64,0.208,332.52,67.44,56035.64,56020.16,15.47,910.53,68.19
3116159,Chapada Gaúcha,MG,-15.3014,-45.6116,12904.0,325518.69,498.12,0.153,707.29,77.6,252602.88,220227.11,32375.77,779.08,77.79
3116209,Chiador,MG,-21.9996,-43.0617,2868.0,25282.1,62.85,0.249,103.34,30.71,7763.03,7446.79,316.23,890.9,31.83
3116308,Cipotânea,MG,-20.9026,-43.3629,5549.0,15348.35,60.57,0.395,225.88,23.59,3620.2,3469.81,150.39,24.68,23.62
3116407,Claraval,MG,-20.397,-47.2768,4786.0,22761.5,88.79,0.39,398.34,28.5,6487.67,6283.58,204.1,372.82,28.98
3116506,Claro dos Poções,MG,-17.082,-44.2061,7230.0,72043.13,228.08,0.317,500.07,42.67,30740.62,27241.38,3499.24,70.56,42.71
3116605,Cláudio,MG,-20.4437,-44.7673,31936.0,63069.64,790.39,1.253,279.53,26.43,16668.31,16392.44,275.87,1083.32,26.89
3116704,Coimbra,MG,-20.8535,-42.8008,7293.0,10686.03,156.41,1.464,194.06,15.15,1619.17,1521.17,98.0,32.39,15.2
3116803,Coluna,MG,-18.2311,-42.8352,8206.0,34850.83,69.8,0.2,330.11,48.77,16996.76,16987.15,9.61,20.49,48.8
3116902,Comendador Gomes,MG,-19.6973,-49.0789,2804.0,104102.81,95.01,0.091,542.51,21.02,21880.93,20392.55,1488.38,153.29,21.05
3117009,Comercinho,MG,-16.2963,-41.7945,6540.0,65498.49,99.74,0.152,289.21,61.79,40468.93,39745.43,723.5,74.39,61.86
3117108,Conceição da Aparecida,MG,-21.096,-46.2049,10705.0,35250.44,219.16,0.622,268.51,15.45,5446.13,5416.56,29.57,41.11,15.47
3117207,Conceição das Pedras,MG,-22.1576,-45.4562,2840.0,10219.37,45.71,0.447,128.1,29.92,3058.09,3046.56,11.53,0.41,29.93
3117306,Conceição das Alagoas,MG,-19.9172,-48.3839,30278.0,134026.29,676.03,0.504,487.13,9.84,13185.86,12475.44,710.43,7914.75,10.46
3117405,Conceição de Ipanema,MG,-19.9326,-41.6908,4503.0,25395.29,58.25,0.229,141.78,21.57,5477.78,5164.36,313.42,77.69,21.64
3117504,Conceição do Mato Dentro,MG,-19.0344,-43.4221,24559.0,172004.66,533.39,0.31,344.74,57.27,98502.93,79668.27,18834.66,414.22,57.41
3117603,Conceição do Pará,MG,-19.7456,-44.8945,5584.0,25029.83,221.6,0.885,357.91,34.72,8690.06,8624.84,65.22,227.34,35.04
3117702,Conceição do Rio Verde,MG,-21.8778,-45.087,12765.0,36967.04,245.76,0.665,136.49,20.72,7658.46,6872.77,785.69,223.81,20.84
3117801,Conceição dos Ouros,MG,-22.4078,-45.7996,11218.0,18022.26,293.95,1.631,136.38,24.32,4383.52,4287.73,95.79,18.46,24.35
3117836,Cônego Marinho,MG,-15.2892,-44.4181,7433.0,161050.97,109.23,0.068,579.54,95.87,154400.11,153920.23,479.87,7.09,95.87
3117876,Confins,MG,-19.6282,-43.9931,7758.0,4246.25,916.77,21.59,363.34,34.51,1465.58,1444.16,21.42,57.76,34.99
3117900,Congonhal,MG,-22.1488,-46.043,11444.0,20513.41,266.62,1.3,173.24,18.42,3778.61,3700.83,77.78,15.43,18.43
3118007,Congonhas,MG,-20.4958,-43.851,55272.0,30406.83,2166.58,7.125,266.64,52.44,15946.35,10629.39,5316.97,207.06,52.8
3118106,Congonhas do Norte,MG,-18.8021,-43.6767,4924.0,40567.54,134.65,0.332,381.61,41.9,16996.21,12438.23,4557.98,10.34,41.91
3118205,Conquista,MG,-19.9312,-47.5492,6878.0,61838.25,275.91,0.446,455.68,15.89,9824.85,9704.97,119.89,1583.46,16.31
3118304,Conselheiro Lafaiete,MG,-20.6634,-43.7846,138946.0,37022.88,3129.98,8.454,248.24,24.64,9121.48,7587.08,1534.39,107.91,24.71
3118403,Conselheiro Pena,MG,-19.1789,-41.4736,21052.0,148387.27,452.89,0.305,164.58,24.88,36925.95,31116.57,5809.37,1322.5,25.11
3118502,Consolação,MG,-22.5493,-45.9255,1569.0,8912.86,25.89,0.291,130.27,15.56,1387.18,1351.19,35.99,2.81,15.57
3118601,Contagem,MG,-19.9321,-44.0539,651718.0,19474.08,10885.27,55.896,329.55,19.55,3807.47,3733.96,73.51,326.35,19.88
3118700,Coqueiral,MG,-21.1858,-45.4366,9188.0,29616.03,183.45,0.619,220.93,14.96,4431.5,4156.06,275.44,516.6,15.23
3118809,Coração de Jesus,MG,-16.6841,-44.3635,26138.0,222526.09,672.05,0.302,529.67,51.97,115638.3,114943.07,695.23,96.9,51.99
3118908,Cordisburgo,MG,-19.1224,-44.3224,7535.0,82364.16,207.41,0.252,419.36,37.96,31262.06,27577.12,3684.94,378.31,38.13
3119005,Cordislândia,MG,-21.7891,-45.6999,3236.0,17953.98,76.76,0.428,175.7,15.64,2808.71,2607.74,200.97,200.7,15.82
3119104,Corinto,MG,-18.369,-44.4542,23988.0,252541.31,790.54,0.313,476.08,38.97,98411.5,73929.33,24482.17,1501.05,39.2
3119203,Coroaci,MG,-18.6156,-42.2791,11240.0,57624.77,84.58,0.147,267.49,38.99,22467.79,22065.65,402.14,41.98,39.02
3119302,Coromandel,MG,-18.4734,-47.1933,30114.0,331333.16,1001.42,0.302,570.83,36.9,122255.9,107476.62,14779.28,1546.62,37.07
3119401,Coronel Fabriciano,MG,-19.5179,-42.6276,108708.0,22124.09,1722.44,7.785,245.82,45.79,10130.65,9822.51,308.15,77.97,45.95
3119500,Coronel Murta,MG,-16.6148,-42.184,8237.0,81539.36,167.49,0.205,322.78,65.61,53496.35,53389.29,107.05,555.36,66.06
3119609,Coronel Pacheco,MG,-21.5898,-43.256,2789.0,13153.19,65.2,0.496,149.07,22.12,2909.06,2689.43,219.63,8.66,22.13
3119708,Coronel Xavier Chaves,MG,-21.0277,-44.2206,3599.0,14095.19,95.04,0.674,210.75,36.35,5123.14,2761.23,2361.91,14.21,36.38
3119807,Córrego Danta,MG,-19.8198,-45.9032,2956.0,65745.01,84.58,0.129,379.1,39.37,25885.56,25063.39,822.17,91.32,39.43
3119906,Córrego do Bom Jesus,MG,-22.6269,-46.0241,4462.0,12364.26,65.65,0.531,126.17,17.77,2197.4,2168.22,29.19,2.81,17.78
3119955,Córrego Fundo,MG,-20.4474,-45.5617,6333.0,10112.14,236.1,2.335,301.15,21.32,2155.41,2025.8,129.61,25.93,21.37
3120003,Córrego Novo,MG,-19.8361,-42.3988,2900.0,20537.75,62.07,0.302,205.76,26.23,5386.47,5188.99,197.48,463.87,26.83
3120102,Couto de Magalhães de Minas,MG,-18.0727,-43.4648,4351.0,48568.13,150.37,0.31,398.49,62.78,30491.38,24847.94,5643.44,27.84,62.82
3120151,Crisólita,MG,-17.2381,-40.9184,5256.0,96620.18,84.88,0.088,172.64,26.82,25913.17,25613.86,299.31,51.12,26.83
3120201,Cristais,MG,-20.8733,-45.5167,12634.0,62845.02,212.94,0.339,256.29,14.88,9354.07,8843.78,510.28,8568.78,17.23
3120300,Cristália,MG,-16.716,-42.8571,5133.0,84071.36,168.6,0.201,380.24,78.46,65960.5,65519.19,441.32,3631.86,82.0
3120409,Cristiano Otoni,MG,-20.8324,-43.8166,4719.0,13288.04,132.99,1.001,229.44,14.62,1942.29,1783.7,158.59,11.97,14.63
3120508,Cristina,MG,-22.208,-45.2673,10643.0,31134.44,135.42,0.435,111.92,27.01,8409.05,8392.38,16.67,5.31,27.01
3120607,Crucilândia,MG,-20.3923,-44.3334,5674.0,16717.1,113.31,0.678,282.07,10.06,1681.86,1655.59,26.27,13.01,10.07
3120706,Cruzeiro da Fortaleza,MG,-18.944,-46.6669,3616.0,18744.08,105.74,0.564,499.75,14.41,2701.39,2678.44,22.95,18.8,14.43
3120805,Cruzília,MG,-21.84,-44.8067,15831.0,52239.3,335.79,0.643,129.07,28.28,14773.63,9865.23,4908.41,30.12,28.3
3120839,Cuparaque,MG,-18.9648,-41.0986,3958.0,22676.73,121.14,0.534,143.16,20.31,4606.66,3504.05,1102.61,4.23,20.32
3120870,Curral de Dentro,MG,-15.9327,-41.8557,7662.0,57095.67,209.29,0.367,304.93,55.29,31567.48,31216.74,350.74,352.91,55.63
3120904,Curvelo,MG,-18.7527,-44.4303,84297.0,329621.79,2963.95,0.899,450.26,29.91,98582.4,74556.16,24026.24,2676.93,30.15
3121001,Datas,MG,-18.4478,-43.6591,5635.0,31011.58,176.61,0.569,400.33,38.62,11976.75,6020.87,5955.88,49.51,38.68
3121100,Delfim Moreira,MG,-22.5036,-45.2792,8133.0,40847.22,69.92,0.171,87.53,56.31,23000.46,21514.72,1485.73,12.24,56.33
3121209,Delfinópolis,MG,-20.3468,-46.8456,8851.0,137841.76,240.4,0.174,374.88,35.67,49172.29,33831.51,15340.78,12694.18,39.29
3121258,Delta,MG,-19.9721,-47.7841,11143.0,10278.31,392.41,3.818,458.42,8.37,860.67,701.21,159.46,250.84,8.58
3121308,Descoberto,MG,-21.46,-42.9618,5070.0,21316.27,113.61,0.533,157.52,28.03,5975.21,5761.53,213.68,150.6,28.23
3121407,Desterro de Entre Rios,MG,-20.665,-44.3334,7941.0,37716.77,191.04,0.507,252.34,22.91,8641.91,5953.41,2688.5,8.63,22.92
3121506,Desterro do Melo,MG,-21.143,-43.5178,3060.0,14226.76,37.5,0.264,198.07,22.7,3229.28,3097.73,131.55,1.25,22.7
3121605,Diamantina,MG,-18.2413,-43.6031,49493.0,389164.62,1372.86,0.353,407.36,56.44,219650.53,164394.43,55256.1,1293.59,56.63
3121704,Diogo de Vasconcelos,MG,-20.4879,-43.1953,3581.0,16511.69,30.79,0.186,247.8,38.45,6348.77,6216.57,132.21,34.31,38.53
3121803,Dionísio,MG,-19.8433,-42.7701,6689.0,33939.73,129.2,0.381,238.27,42.24,14337.78,14260.29,77.48,1385.09,44.04
3121902,Divinésia,MG,-20.9917,-43.0003,4481.0,11697.97,110.11,0.941,197.25,19.97,2335.92,2229.82,106.1,20.32,20.0
3122009,Divino,MG,-20.6134,-42.1438,21428.0,33777.19,286.4,0.848,141.98,20.88,7050.99,6061.95,989.04,22.21,20.89
3122108,Divino das Laranjeiras,MG,-18.7755,-41.4781,4147.0,34225.07,103.41,0.302,182.89,20.87,7143.09,6942.93,200.16,15.09,20.88
3122207,Divinolândia de Minas,MG,-18.8004,-42.6103,6583.0,13313.42,132.88,0.998,285.81,39.14,5211.41,5175.13,36.28,4.92,39.16
3122306,Divinópolis,MG,-20.1446,-44.8912,243583.0,70810.96,6209.9,8.77,314.17,23.67,16762.77,16445.56,317.21,657.09,23.89
3122355,Divisa Alegre,MG,-15.7221,-41.3463,6541.0,11779.17,276.76,2.35,256.88,74.91,8823.58,8817.38,6.2,5.0,74.94
3122405,Divisa Nova,MG,-21.5092,-46.1904,6002.0,21696.1,135.4,0.624,232.14,14.56,3159.61,3072.18,87.43,29.92,14.58
3122454,Divisópolis,MG,-15.7254,-40.9997,10659.0,57293.08,210.09,0.367,220.16,60.54,34687.99,34679.12,8.87,15.59,60.56
3122470,Dom Bosco,MG,-16.652,-46.2597,3763.0,81737.89,164.0,0.201,723.57,29.24,23900.35,22276.65,1623.71,282.99,29.34
3122504,Dom Cavati,MG,-19.3735,-42.1121,4967.0,5954.14,126.35,2.122,208.09,11.65,693.8,626.74,67.06,17.99,11.69
3122603,Dom Joaquim,MG,-18.961,-43.2544,5074.0,39880.74,78.4,0.197,336.01,60.76,24231.4,24214.31,17.09,48.19,60.83
3122702,Dom Silvério,MG,-20.1627,-42.9627,5355.0,19496.4,94.39,0.484,240.98,27.37,5336.01,4951.12,384.89,2.94,27.37
3122801,Dom Viçoso,MG,-22.2511,-45.1643,3184.0,11392.5,29.1,0.255,102.2,28.53,3250.04,3242.74,7.3,0.66,28.53
3122900,Dona Eusébia,MG,-21.319,-42.807,6250.0,7022.36,144.83,2.062,156.89,31.07,2181.64,2139.26,42.38,94.68,31.49
3123007,Dores de Campos,MG,-21.1139,-44.0207,10359.0,12486.33,188.22,1.507,198.76,32.14,4013.7,2631.49,1382.21,4.09,32.16
3123106,Dores de Guanhães,MG,-19.0516,-42.9254,5114.0,38210.67,48.57,0.127,300.48,43.67,16685.75,16603.07,82.67,711.05,44.5
3123205,Dores do Indaiá,MG,-19.4628,-45.5927,12730.0,111118.65,391.17,0.352,404.7,15.39,17106.53,16144.2,962.32,593.27,15.48
3123304,Dores do Turvo,MG,-20.9785,-43.1834,5192.0,23116.91,82.44,0.357,211.14,20.43,4722.39,4537.1,185.29,25.57,20.45
3123403,Doresópolis,MG,-20.2868,-45.9007,1498.0,15291.66,34.35,0.225,331.34,21.12,3230.3,3163.11,67.18,138.41,21.32
3123502,Douradoquara,MG,-18.4338,-47.5993,1869.0,31287.87,37.54,0.12,595.36,21.63,6766.71,6130.86,635.85,4056.33,24.85
3123528,Durandé,MG,-20.2058,-41.7977,8065.0,21742.14,74.3,0.342,130.73,23.86,5187.32,5067.02,120.3,9.5,23.87
3123601,Elói Mendes,MG,-21.6088,-45.5691,27429.0,49954.14,578.53,1.158,184.7,9.23,4608.43,4271.41,337.02,1810.41,9.57
3123700,Engenheiro Caldas,MG,-19.2065,-42.0503,14501.0,18704.49,185.02,0.989,211.83,7.9,1477.57,1438.15,39.41,37.3,7.92
3123809,Engenheiro Navarro,MG,-17.2831,-43.947,6373.0,60830.52,162.63,0.267,467.55,32.52,19779.44,18815.16,964.28,44.09,32.54
3123858,Entre Folhas,MG,-19.6218,-42.2306,5295.0,8539.47,91.92,1.076,206.39,16.53,1411.41,1398.17,13.24,11.8,16.55
3123908,Entre Rios de Minas,MG,-20.6706,-44.0654,15157.0,45682.5,352.88,0.772,248.05,27.35,12495.64,9746.98,2748.66,91.65,27.41
3124005,Ervália,MG,-20.8403,-42.6544,21091.0,35748.54,344.13,0.963,180.54,23.04,8236.46,7118.22,1118.24,41.84,23.07
3124104,Esmeraldas,MG,-19.764,-44.3065,93103.0,90974.35,3449.76,3.792,350.49,34.98,31824.22,29586.23,2237.99,783.97,35.29
3124203,Espera Feliz,MG,-20.6508,-41.9119,24844.0,31763.89,327.98,1.033,119.02,23.54,7476.08,6928.76,547.32,10.14,23.54
3124302,Espinosa,MG,-14.9249,-42.809,31375.0,186895.25,835.68,0.447,403.77,60.46,112997.26,112487.74,509.53,626.33,60.66
3124401,Espírito Santo do Dourado,MG,-22.0454,-45.9548,7132.0,26386.71,84.84,0.322,173.18,24.3,6411.64,5493.64,918.0,36.55,24.33
3124500,Estiva,MG,-22.4577,-46.0191,11880.0,24386.46,279.62,1.147,143.52,17.08,4164.94,4087.96,76.98,47.27,17.11
3124609,Estrela Dalva,MG,-21.7412,-42.4574,2189.0,13138.22,49.67,0.378,98.16,19.1,2509.05,2447.38,61.67,114.45,19.27
3124708,Estrela do Indaiá,MG,-19.5169,-45.7859,2711.0,63598.42,105.23,0.165,405.58,22.88,14553.25,13876.45,676.8,209.58,22.96
3124807,Estrela do Sul,MG,-18.7399,-47.6956,6897.0,82243.36,157.29,0.191,571.9,14.95,12299.34,9069.28,3230.07,324.34,15.01
3124906,Eugenópolis,MG,-21.1002,-42.1878,11096.0,30937.52,185.25,0.599,124.77,25.46,7877.84,7599.43,278.41,66.27,25.52
3125002,Ewbank da Câmara,MG,-21.5498,-43.5068,3986.0,10381.69,67.97,0.655,153.99,32.81,3406.39,2819.31,587.08,491.29,34.44
3125101,Extrema,MG,-22.854,-46.3178,59336.0,24456.39,1564.09,6.395,108.74,29.36,7180.78,7046.72,134.06,20.64,29.39
3125200,Fama,MG,-21.4089,-45.8286,2676.0,8603.25,128.15,1.49,217.74,8.78,755.31,709.55,45.75,1537.52,10.69
3125309,Faria Lemos,MG,-20.8097,-42.0213,3230.0,16521.56,38.51,0.233,120.88,26.33,4350.53,4200.24,150.29,28.13,26.38
3125408,Felício dos Santos,MG,-18.0755,-43.2422,5251.0,35762.02,115.47,0.323,375.11,73.33,26223.73,25122.33,1101.4,11.32,73.35
3125507,São Gonçalo do Rio Preto,MG,-18.0025,-43.3854,3099.0,31444.73,80.79,0.257,391.3,63.76,20049.72,18945.8,1103.92,10.38,63.78
3125606,Felisburgo,MG,-16.6348,-40.7605,6575.0,59622.43,175.18,0.294,174.23,50.22,29944.04,29630.93,313.11,21.7,50.24
3125705,Felixlândia,MG,-18.7507,-44.9004,14280.0,155461.27,1004.05,0.646,467.29,35.98,55938.8,47829.7,8109.11,12364.11,39.09
3125804,Fernandes Tourinho,MG,-19.1541,-42.0803,2814.0,15186.99,48.46,0.319,217.65,4.47,678.65,632.2,46.45,530.44,4.63
3125903,Ferros,MG,-19.2343,-43.0192,9603.0,108880.78,84.7,0.078,297.57,48.62,52939.74,52455.59,484.15,859.78,49.01
3125952,Fervedouro,MG,-20.726,-42.279,10705.0,35769.51,135.77,0.38,149.21,27.52,9845.0,8754.73,1090.27,30.08,27.55
3126000,Florestal,MG,-19.888,-44.4318,8469.0,19422.6,310.85,1.6,338.58,34.58,6715.51,6700.85,14.65,224.95,34.98
3126109,Formiga,MG,-20.4618,-45.4268,70897.0,150190.43,1935.09,1.288,294.44,19.45,29217.8,26418.82,2798.98,14509.36,21.53
3126208,Formoso,MG,-14.9446,-46.2371,8095.0,368599.27,289.68,0.079,772.37,74.55,274784.21,213309.78,61474.43,637.89,74.68
3126307,Fortaleza de Minas,MG,-20.8508,-46.712,3453.0,21878.88,59.0,0.27,322.62,26.42,5779.59,4401.77,1377.82,29.79,26.45
3126406,Fortuna de Minas,MG,-19.5578,-44.4472,3230.0,19865.22,101.83,0.513,375.15,32.27,6409.6,6124.96,284.64,258.26,32.69
3126505,Francisco Badaró,MG,-16.9883,-42.3568,7053.0,46147.07,231.84,0.502,319.14,48.52,22391.97,22389.83,2.14,183.26,48.72
3126604,Francisco Dumont,MG,-17.3107,-44.2317,4547.0,157612.26,159.43,0.101,495.88,49.91,78664.07,60436.35,18227.72,162.13,49.96
3126703,Francisco Sá,MG,-16.4827,-43.4896,23753.0,274727.25,586.84,0.214,452.26,45.93,126168.85,121554.01,4614.84,474.08,46.0
3126752,Franciscópolis,MG,-17.9578,-42.0094,5023.0,71709.28,43.0,0.06,249.5,41.0,29403.06,29392.08,10.98,175.2,41.1
3126802,Frei Gaspar,MG,-18.0709,-41.4325,5731.0,62667.98,63.57,0.101,187.24,38.63,24207.52,24057.32,150.2,33.43,38.65
3126901,Frei Inocêncio,MG,-18.5556,-41.9121,8301.0,46953.47,163.53,0.348,229.14,18.39,8633.15,8006.84,626.3,221.07,18.47
3126950,Frei Lagonegro,MG,-18.1751,-42.7617,3481.0,16746.54,17.35,0.104,323.24,43.48,7281.81,7281.81,0.0,6.55,43.5
3127008,Fronteira,MG,-20.2748,-49.1984,14946.0,19998.54,604.83,3.024,495.57,9.39,1877.47,1258.24,619.23,3004.81,11.05
3127057,Fronteira dos Vales,MG,-16.8898,-40.923,4389.0,32075.42,60.72,0.189,185.03,43.72,14022.92,13698.8,324.12,5.57,43.73
3127073,Fruta de Leite,MG,-16.1225,-42.5288,4538.0,76283.26,165.5,0.217,370.0,88.81,67746.3,67266.73,479.57,35.5,88.85
3127107,Frutal,MG,-20.0259,-48.9355,61275.0,242697.09,1927.13,0.794,503.57,8.55,20754.66,18120.61,2634.05,14459.72,9.09
3127206,Funilândia,MG,-19.3661,-44.061,4934.0,19978.86,323.37,1.619,382.36,36.13,7219.2,6812.96,406.25,117.07,36.35
3127305,Galiléia,MG,-19.0005,-41.5387,6244.0,72028.74,166.94,0.232,179.96,26.52,19101.69,18270.64,831.05,657.59,26.76
3127339,Gameleiras,MG,-15.0829,-43.125,4847.0,173318.46,115.34,0.067,439.0,55.37,95962.48,95592.11,370.37,69.84,55.39
3127354,Glaucilândia,MG,-16.8481,-43.692,2991.0,14587.82,75.54,0.518,456.25,14.92,2176.0,2176.0,0.0,28.44,14.95
3127370,Goiabeira,MG,-18.9807,-41.2235,2859.0,11243.75,75.17,0.669,152.79,22.97,2583.14,2311.08,272.06,1.44,22.98
3127388,Goianá,MG,-21.536,-43.1957,4214.0,15202.29,258.19,1.698,154.61,17.67,2686.11,2529.56,156.56,93.55,17.78
3127404,Gonçalves,MG,-22.6545,-45.8556,4922.0,18734.99,37.69,0.201,116.71,39.27,7358.15,7222.45,135.7,7.94,39.29
3127503,Gonzaga,MG,-18.8196,-42.4769,5235.0,20936.03,78.46,0.375,273.05,39.92,8358.26,8323.11,35.15,38.11,40.0
3127602,Gouveia,MG,-18.4519,-43.7423,11536.0,86658.6,340.64,0.393,407.73,39.59,34304.06,19963.39,14340.67,183.09,39.67
3127701,Governador Valadares,MG,-18.8545,-41.9555,266561.0,234238.99,4683.3,1.999,226.36,21.56,50509.37,49393.93,1115.44,3209.97,21.86
3127800,Grão Mogol,MG,-16.5662,-42.8923,14037.0,388526.68,352.79,0.091,391.09,71.81,279008.42,268971.01,10037.4,1949.31,72.17
3127909,Grupiara,MG,-18.5003,-47.7318,1428.0,19315.03,38.37,0.199,596.32,9.53,1841.33,1836.75,4.59,6627.99,14.51
3128006,Guanhães,MG,-18.7713,-42.9312,33517.0,107517.17,703.64,0.654,316.01,42.33,45513.89,45051.37,462.53,338.28,42.47
3128105,Guapé,MG,-20.7631,-45.9152,14076.0,93433.9,411.48,0.44,284.11,30.66,28650.58,23374.04,5276.54,18804.63,38.39
3128204,Guaraciaba,MG,-20.5716,-43.0094,9901.0,34854.32,76.04,0.218,226.42,39.79,13869.0,13407.41,461.6,566.44,40.45
3128253,Guaraciama,MG,-17.0142,-43.6675,5224.0,39025.66,96.62,0.248,447.57,44.29,17285.71,13720.41,3565.3,29.87,44.33
3128303,Guaranésia,MG,-21.3009,-46.7964,19646.0,29483.95,585.67,1.986,287.53,18.1,5337.84,5313.14,24.69,113.31,18.17
3128402,Guarani,MG,-21.3563,-43.0328,7731.0,26421.45,176.57,0.668,170.78,18.79,4965.34,4766.76,198.58,557.76,19.2
3128501,Guarará,MG,-21.7304,-43.0334,3091.0,8864.94,81.95,0.924,133.28,20.7,1834.82,1694.82,140.0,15.81,20.73
3128600,Guarda-Mor,MG,-17.7673,-47.0998,6687.0,206876.34,167.66,0.081,637.38,36.88,76285.96,67535.84,8750.11,314.08,36.93
3128709,Guaxupé,MG,-21.305,-46.7081,52744.0,28640.86,1688.04,5.894,284.49,23.53,6739.62,6733.44,6.18,90.03,23.61
3128808,Guidoval,MG,-21.155,-42.7887,7285.0,15837.69,200.45,1.266,169.23,15.2,2407.26,2131.2,276.06,50.03,15.25
3128907,Guimarânia,MG,-18.8425,-46.7901,8880.0,36678.81,204.86,0.559,515.39,21.14,7753.93,7003.71,750.22,14.57,21.15
3129004,Guiricema,MG,-21.0098,-42.7207,7803.0,29357.15,170.96,0.582,177.8,13.6,3993.25,3490.33,502.92,53.59,13.63
3129103,Gurinhatã,MG,-19.2143,-49.7876,5154.0,184917.54,143.7,0.078,627.32,20.74,38350.17,35365.65,2984.53,830.93,20.83
3129202,Heliodora,MG,-22.0644,-45.5453,6278.0,15394.94,107.16,0.696,141.91,23.73,3653.42,3567.58,85.84,11.21,23.75
3129301,Iapu,MG,-19.4387,-42.2147,12583.0,34098.06,228.57,0.67,214.57,15.76,5374.03,5136.78,237.25,523.62,16.01
3129400,Ibertioga,MG,-21.433,-43.9639,5346.0,34624.46,102.79,0.297,163.12,32.81,11361.05,6865.35,4495.7,8.92,32.82
3129509,Ibiá,MG,-19.4749,-46.5474,22554.0,270410.9,527.17,0.195,441.23,34.01,91961.42,84324.29,7637.13,702.95,34.1
3129608,Ibiaí,MG,-16.8591,-44.9046,6172.0,87475.64,227.16,0.26,578.39,42.63,37287.74,37264.78,22.96,1025.52,43.13
3129657,Ibiracatu,MG,-15.6605,-44.1667,5113.0,35322.79,145.44,0.412,552.42,71.76,25347.95,25339.94,8.01,8.79,71.78
3129707,Ibiraci,MG,-20.4611,-47.1222,10996.0,56209.02,341.03,0.607,383.23,29.71,16699.31,14892.14,1807.17,2921.37,31.34
3129806,Ibirité,MG,-20.0252,-44.0569,179582.0,7238.5,2612.41,36.09,319.28,37.07,2683.24,1688.19,995.05,14.97,37.15
3129905,Ibitiúra de Minas,MG,-22.0604,-46.4368,3440.0,6830.75,79.69,1.167,196.42,19.52,1333.31,1322.1,11.21,8.96,19.54
3130002,Ibituruna,MG,-21.1541,-44.7479,2733.0,15308.61,69.82,0.456,201.47,23.76,3637.59,3472.22,165.37,560.05,24.66
3130051,Icaraí de Minas,MG,-16.214,-44.9034,10914.0,62569.3,211.04,0.337,602.43,28.64,17917.68,17843.77,73.92,888.71,29.05
3130101,Igarapé,MG,-20.0707,-44.2994,49120.0,11100.34,1921.5,17.31,316.73,30.21,3352.87,2929.51,423.36,143.94,30.6
3130200,Igaratinga,MG,-19.9476,-44.7063,11345.0,21835.01,452.68,2.073,333.41,16.95,3701.16,3655.13,46.03,92.67,17.02
3130309,Iguatama,MG,-20.1776,-45.7111,6782.0,62820.85,254.56,0.405,334.75,17.7,11116.28,9661.48,1454.8,685.83,17.89
3130408,Ijaci,MG,-21.1738,-44.9233,7358.0,10525.04,323.51,3.074,203.25,19.25,2025.69,1288.69,737.0,1172.57,21.66
3130507,Ilicínea,MG,-20.9402,-45.8308,13248.0,37633.79,248.56,0.66,262.66,40.85,15374.89,13127.61,2247.28,20.24,40.88
3130556,Imbé de Minas,MG,-19.6017,-41.9695,7244.0,19674.6,107.7,0.547,183.73,14.29,2811.38,2738.33,73.05,18.97,14.3
3130606,Inconfidentes,MG,-22.3136,-46.3264,7537.0,14960.95,157.6,1.053,166.46,16.8,2514.14,2505.2,8.95,11.1,16.82
3130655,Indaiabira,MG,-15.4911,-42.2005,6328.0,100412.19,139.52,0.139,344.64,74.18,74487.54,74170.5,317.04,144.51,74.29
3130705,Indianópolis,MG,-19.0341,-47.9155,6311.0,82999.71,125.25,0.151,558.44,19.21,15948.3,12452.19,3496.11,2170.09,19.73
3130804,Ingaí,MG,-21.4024,-44.9152,2632.0,30561.9,58.62,0.192,178.67,34.02,10397.27,5972.96,4424.3,11.34,34.03
3130903,Inhapim,MG,-19.5476,-42.1147,22925.0,85804.63,379.6,0.442,200.09,18.41,15799.52,14219.3,1580.22,265.24,18.47
3131000,Inhaúma,MG,-19.4898,-44.3934,6465.0,24500.1,302.24,1.234,381.78,24.52,6007.65,5730.77,276.87,238.2,24.76
3131109,Inimutaba,MG,-18.7271,-44.3584,7615.0,52703.92,455.0,0.863,445.36,27.28,14377.3,11293.83,3083.47,323.79,27.45
3131158,Ipaba,MG,-19.4158,-42.4139,17587.0,11326.88,289.19,2.553,234.71,31.98,3622.35,3590.77,31.58,271.17,32.76
3131208,Ipanema,MG,-19.7992,-41.7164,20181.0,45665.98,353.9,0.775,151.09,25.19,11503.94,11159.78,344.16,348.62,25.39
3131307,Ipatinga,MG,-19.4703,-42.5476,235311.0,16489.46,3946.58,23.934,242.54,35.32,5823.99,5651.24,172.75,136.81,35.61
3131406,Ipiaçu,MG,-18.6927,-49.9436,3807.0,46603.31,109.56,0.235,684.76,8.11,3778.48,3778.48,0.0,5566.54,9.21
3131505,Ipuiúna,MG,-22.1013,-46.1915,9283.0,29820.26,155.77,0.522,186.35,21.81,6502.59,5371.0,1131.59,74.98,21.86
3131604,Iraí de Minas,MG,-18.9819,-47.461,7467.0,35625.44,262.08,0.736,535.99,18.94,6748.36,6151.26,597.1,5061.37,22.08
3131703,Itabira,MG,-19.6239,-43.2312,118053.0,125459.76,2347.79,1.871,292.25,44.11,55335.47,51615.06,3720.41,622.0,44.33
3131802,Itabirinha,MG,-18.5712,-41.234,10548.0,20906.71,195.96,0.937,157.62,15.54,3249.42,2458.68,790.74,11.12,15.55
3131901,Itabirito,MG,-20.2501,-43.8038,56369.0,54402.69,2000.55,3.677,293.92,72.41,39394.8,21051.16,18343.63,342.96,72.87
3132008,Itacambira,MG,-17.0625,-43.3069,4227.0,178844.68,32.17,0.018,409.55,64.33,115053.45,95064.06,19989.39,313.37,64.44
3132107,Itacarambi,MG,-15.089,-44.095,17502.0,122527.0,417.25,0.341,542.98,71.17,87205.86,87159.44,46.42,1952.27,72.33
3132206,Itaguara,MG,-20.3947,-44.4875,14415.0,41048.66,399.02,0.972,282.6,25.68,10542.4,9974.36,568.04,86.97,25.74
3132305,Itaipé,MG,-17.4014,-41.6697,10482.0,48082.78,176.54,0.367,233.81,51.11,24576.37,24395.26,181.12,65.6,51.18
3132404,Itajubá,MG,-22.4225,-45.4598,96855.0,29482.1,1650.05,5.597,107.27,25.57,7539.23,7412.65,126.58,23.77,25.59
3132503,Itamarandiba,MG,-17.8552,-42.8561,34210.0,273554.6,847.25,0.31,339.32,56.06,153355.67,149924.37,3431.3,95.67,56.08
3132602,Itamarati de Minas,MG,-21.4179,-42.813,3710.0,9456.99,52.53,0.555,149.52,33.31,3150.29,3076.59,73.7,179.8,33.96
3132701,Itambacuri,MG,-18.035,-41.683,21210.0,141920.3,314.49,0.222,213.89,32.88,46668.35,45154.08,1514.26,327.8,32.96
3132800,Itambé do Mato Dentro,MG,-19.4158,-43.3182,2168.0,38034.24,39.69,0.104,312.11,50.58,19239.3,12979.8,6259.5,9.29,50.6
3132909,Itamogi,MG,-21.0758,-47.046,11092.0,24371.5,247.34,1.015,319.5,19.01,4632.22,4574.24,57.99,38.94,19.04
3133006,Itamonte,MG,-22.2859,-44.868,15245.0,43179.0,291.41,0.675,86.52,68.29,29486.26,24069.01,5417.25,6.71,68.3
3133105,Itanhandu,MG,-22.2942,-44.9382,15751.0,14335.6,280.93,1.96,87.89,29.27,4195.34,3974.33,221.01,2.98,29.27
3133204,Itanhomi,MG,-19.1736,-41.863,11264.0,48886.13,186.96,0.382,197.74,12.24,5983.83,5668.86,314.98,221.94,12.3
3133303,Itaobim,MG,-16.5571,-41.5017,19263.0,67902.61,484.23,0.713,253.79,61.4,41691.07,41548.3,142.77,802.88,62.13
3133402,Itapagipe,MG,-19.9062,-49.3781,14014.0,180246.98,455.3,0.253,539.79,8.3,14955.25,12533.84,2421.41,6578.43,8.61
3133501,Itapecerica,MG,-20.4704,-45.127,21456.0,104049.14,493.76,0.475,283.96,26.57,27643.62,26046.32,1597.3,164.42,26.61
3133600,Itapeva,MG,-22.7665,-46.2241,13561.0,17729.03,306.06,1.726,115.24,22.75,4033.44,3982.88,50.56,17.02,22.77
3133709,Itatiaiuçu,MG,-20.1983,-44.4211,13779.0,29432.42,663.34,2.254,304.22,38.99,11475.43,9431.55,2043.88,41.17,39.04
3133758,Itaú de Minas,MG,-20.7375,-46.7525,14634.0,15342.35,367.96,2.398,334.92,27.67,4245.23,4242.97,2.26,56.36,27.77
3133808,Itaúna,MG,-20.0818,-44.5801,103272.0,49576.46,2598.47,5.241,317.62,24.34,12068.86,11649.14,419.72,494.87,24.59
3133907,Itaverava,MG,-20.6769,-43.6141,5747.0,28423.56,81.86,0.288,248.03,35.21,10007.92,9977.6,30.32,11.81,35.22
3134004,Itinga,MG,-16.61,-41.7672,13954.0,164961.77,293.46,0.178,279.4,65.75,108459.76,108188.85,270.91,913.39,66.11
3134103,Itueta,MG,-19.3999,-41.1746,6234.0,45263.18,100.24,0.221,125.1,27.69,12531.21,11845.38,685.83,1454.33,28.6
3134202,Ituiutaba,MG,-18.9772,-49.4639,106775.0,259802.45,3323.95,1.279,631.76,19.78,51391.8,48169.98,3221.82,2056.04,19.94
3134301,Itumirim,MG,-21.3171,-44.8724,6876.0,23480.43,180.39,0.768,186.56,30.8,7232.07,3068.79,4163.28,851.35,31.96
3134400,Iturama,MG,-19.7276,-50.1966,40259.0,140468.6,1455.75,1.036,605.48,7.35,10329.9,7444.39,2885.51,11689.21,8.02
3134509,Itutinga,MG,-21.3,-44.6567,4366.0,37200.31,136.42,0.367,184.04,36.41,13546.2,4851.91,8694.29,934.16,37.35
3134608,Jaboticatubas,MG,-19.5119,-43.7373,21407.0,111496.05,1617.12,1.45,344.76,44.59,49718.93,38711.21,11007.72,246.44,44.69
3134707,Jacinto,MG,-16.1428,-40.295,11115.0,139363.76,291.7,0.209,136.83,40.76,56810.07,53715.0,3095.07,1274.86,41.14
3134806,Jacuí,MG,-21.0137,-46.7359,7668.0,40925.44,227.21,0.555,310.87,18.7,7654.83,7616.38,38.45,29.6,18.72
3134905,Jacutinga,MG,-22.286,-46.6166,26888.0,34764.42,733.73,2.111,178.49,18.86,6557.61,6420.03,137.58,90.92,18.91
3135001,Jaguaraçu,MG,-19.647,-42.7498,3181.0,16374.38,93.2,0.569,248.0,56.75,9291.98,9109.99,181.99,91.27,57.07
3135050,Jaíba,MG,-15.3432,-43.6688,39639.0,263545.72,864.17,0.328,500.38,44.16,116372.39,116363.16,9.24,403.45,44.22
3135076,Jampruca,MG,-18.461,-41.809,4266.0,51710.91,53.83,0.104,219.25,25.73,13307.78,13236.61,71.17,21.49,25.75
3135100,Janaúba,MG,-15.8022,-43.3132,73555.0,218134.92,1858.07,0.852,459.89,37.08,80879.41,80813.33,66.09,1626.14,37.36
3135209,Januária,MG,-15.4802,-44.3639,67123.0,666160.06,1314.29,0.197,576.38,82.23,547781.48,516935.79,30845.69,4008.8,82.73
3135308,Japaraíba,MG,-20.1442,-45.5015,4706.0,17212.75,138.71,0.806,330.14,13.73,2363.48,2083.34,280.14,63.82,13.78
3135357,Japonvar,MG,-15.9891,-44.2758,8385.0,37519.01,236.57,0.631,551.78,63.18,23705.2,23666.66,38.54,7.66,63.19
3135407,Jeceaba,MG,-20.5339,-43.9894,6476.0,23625.81,143.89,0.609,262.67,21.2,5008.08,4514.73,493.35,69.43,21.26
3135456,Jenipapo de Minas,MG,-17.0831,-42.2589,6072.0,28446.77,166.22,0.584,305.29,59.18,16833.9,16833.9,0.0,137.42,59.46
3135506,Jequeri,MG,-20.4542,-42.6651,12636.0,54790.16,156.64,0.286,198.32,24.39,13362.48,12322.81,1039.68,168.32,24.46
3135605,Jequitaí,MG,-17.229,-44.4376,6379.0,126840.15,179.7,0.142,519.4,49.04,62206.81,59274.07,2932.74,406.49,49.2
3135704,Jequitibá,MG,-19.2345,-44.0304,6142.0,44503.45,194.93,0.438,386.5,41.7,18559.49,17509.92,1049.57,404.77,42.09
3135803,Jequitinhonha,MG,-16.4375,-41.0117,24516.0,351417.62,507.59,0.144,204.14,68.41,240417.44,237655.66,2761.78,3013.1,69.01
3135902,Jesuânia,MG,-21.9887,-45.2911,5320.0,15386.97,94.5,0.614,133.91,20.88,3213.4,3150.28,63.12,3.07,20.89
3136009,Joaíma,MG,-16.6522,-41.0229,14035.0,166420.31,206.18,0.124,201.38,53.46,88966.03,88552.08,413.96,45.94,53.47
3136108,Joanésia,MG,-19.1729,-42.6775,4246.0,23329.14,42.96,0.184,271.14,28.1,6554.47,6523.43,31.04,374.78,28.55
3136207,João Monlevade,MG,-19.8126,-43.1735,83791.0,9822.22,2028.11,20.648,276.95,50.55,4965.37,4676.24,289.13,33.94,50.73
3136306,João Pinheiro,MG,-17.7398,-46.1715,48725.0,1072704.31,1524.43,0.142,604.96,48.58,521142.02,422812.45,98329.58,4598.39,48.79
3136405,Joaquim Felício,MG,-17.758,-44.1643,3868.0,79094.4,94.88,0.12,477.29,50.18,39688.9,30880.13,8808.78,49.84,50.21
3136504,Jordânia,MG,-15.9009,-40.1841,10541.0,54673.12,106.29,0.194,132.74,30.82,16848.27,16793.53,54.74,31.92,30.83
3136520,José Gonçalves de Minas,MG,-16.9053,-42.6014,3963.0,38132.08,130.61,0.343,346.64,63.21,24103.41,24085.51,17.9,2067.84,66.83
3136553,José Raydan,MG,-18.2195,-42.4946,4349.0,18078.83,52.63,0.291,294.58,32.44,5864.19,5864.19,0.0,20.32,32.47
3136579,Josenópolis,MG,-16.5417,-42.5151,3557.0,54138.53,58.34,0.108,359.02,64.38,34856.55,34798.7,57.85,37.14,64.43
3136603,Nova União,MG,-19.6876,-43.583,6107.0,17211.54,179.62,1.044,321.55,40.34,6943.43,6073.59,869.84,19.22,40.39
3136652,Juatuba,MG,-19.9448,-44.3451,33249.0,9702.55,1864.73,19.219,331.2,32.82,3184.74,2740.99,443.75,285.79,33.82
3136702,Juiz de Fora,MG,-21.7595,-43.3398,567730.0,143574.29,9321.25,6.492,131.5,34.98,50228.49,42381.0,7847.48,800.42,35.18
3136801,Juramento,MG,-16.8473,-43.5865,3798.0,43162.47,148.69,0.344,445.79,35.7,15408.22,13791.72,1616.5,412.15,36.04
3136900,Juruaia,MG,-21.2493,-46.5735,11652.0,22035.0,215.01,0.976,280.34,20.18,4445.92,4445.92,0.0,9.43,20.19
3136959,Juvenília,MG,-14.2662,-44.1597,5937.0,106472.15,176.4,0.166,550.88,65.4,69632.79,69632.79,0.0,419.19,65.66
3137007,Ladainha,MG,-17.6279,-41.7488,14263.0,86630.16,99.89,0.115,232.6,62.79,54397.85,54363.13,34.72,109.54,62.87
3137106,Lagamar,MG,-18.1759,-46.8063,6622.0,147454.2,217.23,0.147,583.65,44.78,66032.13,58128.95,7903.18,233.53,44.85
3137205,Lagoa da Prata,MG,-20.0237,-45.5401,53927.0,44001.34,1761.57,4.003,344.06,17.19,7564.04,7096.78,467.26,648.71,17.45
3137304,Lagoa dos Patos,MG,-16.978,-44.5754,3237.0,60057.76,97.67,0.163,541.03,43.11,25888.23,25516.11,372.12,231.39,43.27
3137403,Lagoa Dourada,MG,-20.9139,-44.0797,13152.0,47669.13,259.23,0.544,221.34,24.41,11636.32,9622.13,2014.19,33.3,24.43
3137502,Lagoa Formosa,MG,-18.7715,-46.4012,19614.0,84092.12,612.58,0.728,506.39,14.32,12042.61,11770.72,271.9,204.95,14.36
3137536,Lagoa Grande,MG,-17.8323,-46.5165,9235.0,123634.04,271.56,0.22,607.24,27.11,33511.41,26721.01,6790.4,648.9,27.25
3137601,Lagoa Santa,MG,-19.6397,-43.8932,81299.0,22976.38,3476.2,15.129,353.26,40.42,9287.2,9175.39,111.81,413.39,41.16
3137700,Lajinha,MG,-20.1539,-41.6228,21502.0,43191.89,238.32,0.552,119.69,25.95,11207.0,9831.47,1375.53,24.97,25.96
3137809,Lambari,MG,-21.9671,-45.3498,21010.0,21310.25,435.56,2.044,139.01,22.72,4841.85,4802.97,38.88,77.82,22.8
3137908,Lamim,MG,-20.79,-43.4706,3213.0,11860.75,41.19,0.347,237.44,30.34,3598.9,3597.81,1.09,5.61,30.36
3138005,Laranjal,MG,-21.3715,-42.4732,6018.0,20488.53,102.51,0.5,130.25,18.13,3714.1,3635.43,78.67,476.95,18.56
3138104,Lassance,MG,-17.887,-44.5735,7398.0,320419.14,227.87,0.071,515.21,49.61,158964.97,104088.08,54876.89,1491.31,49.84
3138203,Lavras,MG,-21.248,-45.0009,110682.0,56473.35,2694.36,4.771,197.63,18.58,10491.71,7171.56,3320.15,730.52,18.82
3138302,Leandro Ferreira,MG,-19.7193,-45.0279,3272.0,35201.89,79.73,0.227,362.97,32.12,11306.32,11140.61,165.71,304.99,32.4
3138351,Leme do Prado,MG,-17.0793,-42.6936,4364.0,28005.1,135.85,0.485,348.03,75.29,21084.6,21077.58,7.01,622.81,77.0
3138401,Leopoldina,MG,-21.5296,-42.6421,52739.0,94308.34,932.07,0.988,128.22,24.92,23503.94,22882.68,621.27,802.83,25.14
3138500,Liberdade,MG,-22.0275,-44.3208,4744.0,40131.95,96.73,0.241,102.06,51.26,20571.72,13784.98,6786.74,16.36,51.28
3138609,Lima Duarte,MG,-21.8386,-43.7934,17782.0,84856.09,303.8,0.358,118.24,52.96,44940.64,28852.06,16088.58,32.77,52.98
3138625,Limeira do Oeste,MG,-19.5512,-50.5815,9191.0,131713.88,361.91,0.275,644.31,11.22,14777.16,12800.32,1976.83,3693.0,11.54
3138658,Lontra,MG,-15.9013,-44.306,8963.0,25894.99,216.54,0.836,559.11,65.53,16967.79,16943.27,24.53,10.76,65.55
3138674,Luisburgo,MG,-20.4468,-42.0976,7239.0,14543.32,58.06,0.399,145.38,26.35,3832.83,3562.68,270.15,4.61,26.36
3138682,Luislândia,MG,-16.1095,-44.5886,6323.0,41173.42,134.45,0.327,576.21,52.24,21508.59,21491.75,16.84,17.53,52.26
3138708,Luminárias,MG,-21.5145,-44.9034,5744.0,50015.79,118.82,0.238,166.45,40.88,20444.73,10251.99,10192.75,22.99,40.9
3138807,Luz,MG,-19.7911,-45.6794,18336.0,117160.72,560.3,0.478,373.24,14.22,16658.25,14934.19,1724.07,887.0,14.33
3138906,Machacalis,MG,-17.0723,-40.7245,6556.0,33235.12,108.83,0.327,161.62,12.75,4235.95,4062.78,173.18,11.04,12.75
3139003,Machado,MG,-21.6778,-45.9219,38809.0,58598.75,850.48,1.451,199.74,17.62,10326.12,10151.92,174.2,432.62,17.75
3139102,Madre de Deus de Minas,MG,-21.483,-44.3287,5360.0,49290.16,233.09,0.473,162.18,35.0,17253.53,7391.42,9862.12,1444.51,36.06
3139201,Malacacheta,MG,-17.8456,-42.0769,17691.0,72788.08,235.24,0.323,259.62,51.83,37729.17,37726.27,2.9,189.83,51.97
3139250,Mamonas,MG,-15.0479,-42.9469,6082.0,28439.03,140.16,0.493,419.58,38.34,10902.8,10775.69,127.11,8.12,38.35
3139300,Manga,MG,-14.7529,-43.9391,19148.0,195019.82,435.25,0.223,524.75,70.52,137522.1,137522.1,0.0,2469.09,71.42
3139409,Manhuaçu,MG,-20.2572,-42.028,97328.0,62830.41,1218.64,1.94,148.12,27.31,17160.53,15631.93,1528.6,73.43,27.34
3139508,Manhumirim,MG,-20.3591,-41.9589,20939.0,18289.37,327.32,1.79,136.33,30.9,5651.85,5469.43,182.41,4.79,30.91
3139607,Mantena,MG,-18.7761,-40.9874,27350.0,68521.69,562.57,0.821,131.16,19.62,13442.97,10887.02,2555.95,70.97,19.64
3139706,Maravilhas,MG,-19.5076,-44.6779,7532.0,26160.94,291.22,1.113,381.72,23.11,6045.96,5967.81,78.15,136.64,23.23
3139805,Mar de Espanha,MG,-21.8707,-43.0062,13180.0,37161.35,245.04,0.659,118.05,31.33,11640.97,10975.78,665.19,85.27,31.4
3139904,Maria da Fé,MG,-22.3044,-45.3773,14567.0,20289.38,188.77,0.93,110.47,30.04,6094.61,6088.65,5.97,2.24,30.04
3140001,Mariana,MG,-20.3765,-43.414,64506.0,119418.75,1194.07,1.0,273.49,63.82,76216.84,70233.59,5983.26,444.51,64.06
3140100,Marilac,MG,-18.5079,-42.0822,4323.0,15883.27,96.77,0.609,247.45,20.54,3262.99,3080.83,182.16,274.93,20.91
3140159,Mário Campos,MG,-20.0582,-44.1883,16705.0,3518.9,494.03,14.039,316.73,43.53,1531.71,1265.22,266.48,34.48,43.96
3140209,Maripá de Minas,MG,-21.6979,-42.9546,3567.0,7734.49,89.13,1.152,137.93,24.02,1857.69,1792.53,65.16,24.71,24.1
3140308,Marliéria,MG,-19.7096,-42.7327,4796.0,54579.74,102.19,0.187,242.75,73.68,40216.71,40073.25,143.46,2117.16,76.66
3140407,Marmelópolis,MG,-22.447,-45.1645,3314.0,10790.01,20.78,0.193,84.28,42.29,4563.41,4316.03,247.38,0.0,42.29
3140506,Martinho Campos,MG,-19.3306,-45.2434,14546.0,105842.93,522.49,0.494,409.55,22.38,23682.4,22775.55,906.85,1272.94,22.65
3140530,Martins Soares,MG,-20.2546,-41.8786,8797.0,11327.58,134.07,1.184,135.03,20.08,2274.74,2182.58,92.15,9.07,20.1
3140555,Mata Verde,MG,-15.6869,-40.7366,9532.0,22751.86,104.85,0.461,191.64,38.85,8839.4,8839.4,0.0,2.33,38.86
3140605,Materlândia,MG,-18.4699,-43.0579,3949.0,28052.25,51.2,0.183,345.46,60.7,17026.8,17022.56,4.24,10.1,60.72
3140704,Mateus Leme,MG,-19.9794,-44.4318,40814.0,30213.37,1771.0,5.862,328.46,37.79,11416.66,10796.94,619.72,511.28,38.44
3140803,Matias Barbosa,MG,-21.869,-43.3135,14547.0,15706.62,415.5,2.645,119.09,37.7,5920.93,5694.77,226.16,114.36,37.97
3140852,Matias Cardoso,MG,-14.8563,-43.9146,8922.0,194059.39,233.75,0.12,522.3,62.15,120617.32,120609.2,8.13,2154.29,62.85
3140902,Matipó,MG,-20.2873,-42.3401,19115.0,26698.9,284.35,1.065,175.6,17.5,4673.33,4391.37,281.97,64.84,17.55
3141009,Mato Verde,MG,-15.3944,-42.86,12210.0,47226.47,298.93,0.633,414.73,36.3,17140.91,16970.01,170.9,36.06,36.32
3141108,Matozinhos,MG,-19.5543,-44.0868,39529.0,25244.58,1286.65,5.097,371.5,31.97,8071.5,7943.92,127.59,203.4,32.23
3141207,Matutina,MG,-19.2179,-45.9664,3912.0,26095.23,117.08,0.449,443.25,25.91,6760.45,6717.41,43.04,4.99,25.91
3141306,Medeiros,MG,-19.9865,-46.2181,4068.0,94643.6,65.29,0.069,375.23,30.04,28432.75,22864.05,5568.7,53.58,30.06
3141405,Medina,MG,-16.2245,-41.4728,20455.0,143588.81,389.65,0.271,257.49,65.18,93591.83,91591.4,2000.43,298.1,65.32
3141504,Mendes Pimentel,MG,-18.6631,-41.4052,5614.0,30548.49,78.45,0.257,175.17,11.16,3409.32,3019.96,389.36,20.95,11.17
3141603,Mercês,MG,-21.1976,-43.3337,10615.0,34826.17,175.09,0.503,193.08,24.2,8429.52,8090.1,339.41,74.46,24.26
3141702,Mesquita,MG,-19.224,-42.6079,4984.0,27495.89,74.05,0.269,262.08,33.27,9147.65,9046.16,101.5,150.53,33.45
3141801,Minas Novas,MG,-17.2156,-42.5884,23843.0,181239.09,571.93,0.316,331.97,63.71,115459.97,115195.74,264.24,147.04,63.76
3141900,Minduri,MG,-21.6797,-44.6051,3811.0,21975.74,121.34,0.552,141.66,44.1,9691.72,7196.26,2495.46,25.96,44.15
3142007,Mirabela,MG,-16.256,-44.1602,14071.0,72329.08,386.64,0.535,527.8,58.65,42423.4,42370.05,53.35,21.22,58.67
3142106,Miradouro,MG,-20.8899,-42.3458,8961.0,30164.59,132.03,0.438,149.1,23.12,6974.12,6331.92,642.2,66.76,23.17
3142205,Miraí,MG,-21.2021,-42.6122,13921.0,32069.74,228.13,0.711,153.9,19.67,6309.23,5982.21,327.02,151.12,19.77
3142254,Miravânia,MG,-14.7348,-44.4092,3982.0,60211.27,98.99,0.164,575.36,83.38,50205.85,50189.41,16.44,1.9,83.39
3142304,Moeda,MG,-20.3399,-44.0509,5314.0,15512.06,58.44,0.377,284.46,46.49,7211.46,4693.38,2518.08,52.22,46.65
3142403,Moema,MG,-19.8387,-45.4127,7812.0,20270.42,256.44,1.265,359.39,18.79,3808.78,3247.21,561.57,421.87,19.19
3142502,Monjolos,MG,-18.3245,-44.118,2187.0,65092.79,44.53,0.068,449.27,34.17,22245.29,15778.6,6466.69,93.47,34.22
3142601,Monsenhor Paulo,MG,-21.7579,-45.5391,8565.0,21654.91,153.64,0.709,169.0,12.95,2805.11,2692.05,113.05,52.0,12.98
3142700,Montalvânia,MG,-14.4197,-44.3719,14068.0,150373.06,383.26,0.255,572.41,71.65,107737.92,107500.38,237.54,34.75,71.66
3142809,Monte Alegre de Minas,MG,-18.869,-48.881,20708.0,259598.8,646.2,0.249,614.36,17.47,45352.99,36193.89,9159.1,606.6,17.51
3142908,Monte Azul,MG,-15.1514,-42.8718,20497.0,100130.21,496.13,0.495,412.74,42.39,42447.28,41887.81,559.47,60.44,42.42
3143005,Monte Belo,MG,-21.3271,-46.3635,13347.0,42126.63,349.55,0.83,259.13,13.99,5895.4,5843.42,51.97,66.24,14.02
3143104,Monte Carmelo,MG,-18.7302,-47.4912,49500.0,134306.39,1552.44,1.156,561.34,20.09,26987.83,23860.41,3127.42,1238.02,20.28
3143153,Monte Formoso,MG,-16.8691,-41.2473,4437.0,38553.92,58.84,0.153,219.5,51.69,19930.1,19837.85,92.25,29.55,51.73
3143203,Monte Santo de Minas,MG,-21.1873,-46.9753,21294.0,59461.03,539.47,0.907,305.38,20.03,11907.23,11737.67,169.56,146.03,20.07
3143302,Montes Claros,MG,-16.7282,-43.8578,437601.0,358978.18,8688.44,2.42,477.52,50.15,180017.69,171065.61,8952.09,330.92,50.19
3143401,Monte Sião,MG,-22.4335,-46.573,25107.0,29160.35,540.75,1.854,161.67,13.51,3940.2,3817.67,122.53,161.47,13.59
3143450,Montezuma,MG,-15.1702,-42.4941,6951.0,113038.51,265.11,0.235,372.75,76.11,86035.54,85627.65,407.89,75.55,76.16
3143500,Morada Nova de Minas,MG,-18.5998,-45.3584,9414.0,208426.82,301.58,0.145,491.21,27.93,58220.06,44617.1,13602.96,44309.63,35.47
3143609,Morro da Garça,MG,-18.5356,-44.601,2426.0,41476.56,82.67,0.199,478.37,23.51,9749.46,8806.21,943.26,46.15,23.53
3143708,Morro do Pilar,MG,-19.2236,-43.3795,3161.0,47757.37,82.0,0.172,329.01,58.13,27762.47,23972.4,3790.07,29.17,58.17
3143807,Munhoz,MG,-22.6092,-46.362,7930.0,19159.89,251.25,1.311,135.88,23.62,4526.11,3938.52,587.59,84.74,23.73
3143906,Muriaé,MG,-21.13,-42.3693,108447.0,84171.52,1826.52,2.17,141.49,20.42,17191.49,16413.77,777.73,470.68,20.54
3144003,Mutum,MG,-19.8121,-41.4407,28749.0,125079.88,351.42,0.281,123.59,23.7,29648.34,24829.1,4819.24,210.83,23.74
3144102,Muzambinho,MG,-21.3692,-46.5213,22620.0,40994.26,518.92,1.266,267.09,13.45,5514.4,5514.4,0.0,52.88,13.47
3144201,Nacip Raydan,MG,-18.4544,-42.2481,2400.0,23350.97,41.1,0.176,265.44,35.01,8174.67,8090.2,84.47,91.05,35.14
3144300,Nanuque,MG,-17.8481,-40.3533,35263.0,151815.74,927.13,0.611,86.05,5.4,8200.36,6893.06,1307.3,767.46,5.43
3144359,Naque,MG,-19.2291,-42.3312,6443.0,12717.93,151.74,1.193,235.94,23.73,3017.82,2951.52,66.29,216.26,24.14
3144375,Natalândia,MG,-16.5021,-46.4874,3642.0,46864.95,87.61,0.187,751.52,41.79,19583.5,18841.56,741.93,195.63,41.96
3144409,Natércia,MG,-22.1158,-45.5123,4805.0,18872.93,71.03,0.376,135.37,22.66,4276.28,4230.39,45.89,1.91,22.66
3144508,Nazareno,MG,-21.2168,-44.6138,8407.0,34144.72,202.41,0.593,192.64,23.22,7926.78,5858.25,2068.53,866.57,23.82
3144607,Nepomuceno,MG,-21.2324,-45.235,25757.0,58253.7,521.71,0.896,207.88,16.21,9441.42,9139.4,302.02,1937.19,16.76
3144656,Ninheira,MG,-15.3148,-41.7564,10965.0,110826.56,257.77,0.233,296.02,57.29,63492.25,63492.25,0.0,1203.97,57.92
3144672,Nova Belém,MG,-18.4925,-41.1107,3126.0,14677.74,45.67,0.311,145.64,22.99,3373.93,2944.62,429.31,14.01,23.01
3144706,Nova Era,MG,-19.7577,-43.0333,17813.0,36183.7,523.53,1.447,266.88,47.72,17267.86,16875.26,392.6,306.35,48.13
3144805,Nova Lima,MG,-19.9758,-43.8509,120959.0,42931.74,3480.59,8.107,324.2,73.69,31637.92,17045.19,14592.73,586.71,74.71
3144904,Nova Módica,MG,-18.4417,-41.4984,3726.0,37594.95,66.41,0.177,186.97,14.4,5413.44,5397.23,16.21,14.86,14.41
3145000,Nova Ponte,MG,-19.1461,-47.6779,15220.0,111107.85,589.44,0.531,533.68,17.68,19642.98,12742.87,6900.11,4914.47,18.5
3145059,Nova Porteirinha,MG,-15.7993,-43.2941,6746.0,12095.31,214.71,1.775,457.99,33.75,4082.59,4079.74,2.84,21.63,33.81
3145109,Nova Resende,MG,-21.1286,-46.4157,16919.0,39015.96,417.52,1.07,279.23,16.38,6391.0,6341.45,49.54,47.53,16.4
3145208,Nova Serrana,MG,-19.8713,-44.9847,114791.0,28249.3,2807.34,9.938,345.62,26.86,7589.01,7540.92,48.09,166.75,27.02
3145307,Novo Cruzeiro,MG,-17.4654,-41.8826,27268.0,170294.31,363.42,0.213,252.03,68.3,116308.58,115999.28,309.3,141.42,68.36
3145356,Novo Oriente de Minas,MG,-17.4089,-41.2194,10503.0,75515.46,94.13,0.125,190.01,50.02,37775.45,37378.1,397.34,50.94,50.06
3145372,Novorizonte,MG,-16.0162,-42.4044,4612.0,27157.87,209.29,0.771,359.75,70.31,19095.31,19074.67,20.65,90.9,70.55
3145406,Olaria,MG,-21.8598,-43.9356,1986.0,17822.79,22.78,0.128,115.77,57.02,10163.35,8113.59,2049.76,0.25,57.03
3145455,Olhos d'Água,MG,-17.3982,-43.5719,5530.0,209200.74,113.51,0.054,425.72,58.14,121621.73,99259.0,22362.74,594.05,58.3
3145505,Olímpio Noronha,MG,-22.0685,-45.2657,2618.0,5462.95,63.75,1.167,124.93,26.56,1450.87,1439.09,11.79,5.31,26.58
3145604,Oliveira,MG,-20.6982,-44.829,40576.0,89728.19,1131.16,1.261,252.64,26.8,24043.89,15692.31,8351.57,310.59,26.89
3145703,Oliveira Fortes,MG,-21.3401,-43.4499,2058.0,11114.32,42.62,0.384,177.94,22.74,2527.04,2432.45,94.59,5.01,22.75
3145802,Onça de Pitangui,MG,-19.7276,-44.8058,3024.0,24699.05,82.08,0.332,358.71,43.74,10804.6,10252.79,551.81,34.97,43.81
3145851,Oratórios,MG,-20.4298,-42.7977,5102.0,8906.53,49.67,0.558,211.96,24.13,2149.54,2100.04,49.51,2.1,24.14
3145877,Orizânia,MG,-20.5142,-42.1991,8828.0,12180.7,110.62,0.908,152.79,21.13,2573.3,2215.54,357.76,2.85,21.13
3145901,Ouro Branco,MG,-20.5263,-43.6962,40638.0,25873.35,1113.24,4.303,263.89,65.08,16838.12,11392.3,5445.82,266.3,65.76
3146008,Ouro Fino,MG,-22.2779,-46.3716,33285.0,53371.99,820.29,1.537,171.42,19.67,10500.27,10391.62,108.65,153.0,19.73
3146107,Ouro Preto,MG,-20.3796,-43.512,77914.0,124587.77,2018.31,1.62,282.96,70.73,88125.91,59847.75,28278.17,585.6,71.07
3146206,Ouro Verde de Minas,MG,-18.0719,-41.2734,5847.0,17549.1,80.84,0.461,170.92,27.15,4764.54,3913.62,850.91,8.94,27.16
3146255,Padre Carvalho,MG,-16.3646,-42.5088,5045.0,44626.14,223.29,0.5,362.78,72.2,32219.63,31981.39,238.24,16.75,72.23
3146305,Padre Paraíso,MG,-17.0758,-41.4821,17463.0,54435.3,231.18,0.425,232.66,57.78,31450.26,31280.51,169.75,34.91,57.81
3146404,Paineiras,MG,-18.8993,-45.5321,4253.0,63732.68,152.11,0.239,462.97,25.66,16353.65,15451.79,901.87,3976.18,27.37
3146503,Pains,MG,-20.3705,-45.6627,8353.0,42186.7,194.66,0.461,313.17,25.25,10653.63,10542.57,111.06,49.86,25.28
3146552,Pai Pedro,MG,-15.5271,-43.07,5616.0,83980.57,78.29,0.093,437.98,41.41,34776.17,34759.77,16.39,30.71,41.42
3146602,Paiva,MG,-21.2913,-43.4088,1495.0,5843.44,34.8,0.595,183.82,24.6,1437.33,1421.06,16.27,1.75,24.6
3146701,Palma,MG,-21.3748,-42.3123,5699.0,31647.41,92.72,0.293,120.6,20.82,6589.89,6431.93,157.96,351.4,21.06
3146750,Palmópolis,MG,-16.7364,-40.4296,6342.0,43316.15,114.23,0.264,138.12,23.62,10232.78,9924.52,308.26,7.63,23.63
3146909,Papagaios,MG,-19.4419,-44.7468,14202.0,55355.32,473.09,0.855,389.55,22.62,12521.31,11760.73,760.58,585.84,22.86
3147006,Paracatu,MG,-17.2252,-46.8711,99005.0,823102.82,2241.32,0.272,683.51,42.06,346171.69,302263.41,43908.29,12918.24,42.73
3147105,Pará de Minas,MG,-19.8534,-44.6114,102844.0,55125.96,2881.51,5.227,343.05,24.25,13367.49,13125.1,242.39,212.66,24.34
3147204,Paraguaçu,MG,-21.5465,-45.7374,22452.0,42430.65,539.52,1.272,199.82,11.97,5080.85,4869.7,211.15,2241.11,12.64
3147303,Paraisópolis,MG,-22.5539,-45.7803,21076.0,33124.09,440.67,1.33,122.9,18.25,6043.49,5875.23,168.26,27.87,18.26
3147402,Paraopeba,MG,-19.2732,-44.4044,24899.0,62563.87,951.74,1.521,405.7,28.39,17764.78,13920.85,3843.93,456.89,28.6
3147501,Passabém,MG,-19.3509,-43.1383,1609.0,9418.02,20.36,0.216,300.12,28.57,2690.27,2656.06,34.21,0.0,28.57
3147600,Passa Quatro,MG,-22.3871,-44.9709,15847.0,27723.68,331.71,1.196,79.6,44.15,12239.64,11253.09,986.54,6.04,44.16
3147709,Passa Tempo,MG,-20.6539,-44.4926,8716.0,42916.39,208.14,0.485,253.93,26.87,11531.4,9521.25,2010.15,122.38,26.95
3147808,Passa-Vinte,MG,-22.2097,-44.2344,2311.0,24655.96,33.58,0.136,83.21,64.57,15919.27,15497.86,421.41,9.12,64.59
3147907,Passos,MG,-20.7193,-46.609,116951.0,133806.43,2434.33,1.819,327.12,17.94,24009.24,23449.42,559.82,4557.93,18.58
3147956,Patis,MG,-16.0773,-44.0787,4825.0,44420.32,110.93,0.25,528.56,51.67,22953.67,22941.98,11.69,24.42,51.7
3148004,Patos de Minas,MG,-18.5699,-46.5013,169173.0,319047.58,4490.4,1.407,531.07,26.01,82974.81,78866.83,4107.97,1199.51,26.11
3148103,Patrocínio,MG,-18.9379,-46.9934,94357.0,287438.09,2391.81,0.832,515.49,30.02,86296.96,78196.94,8100.01,8626.69,30.95
3148202,Patrocínio do Muriaé,MG,-21.1544,-42.2125,5754.0,10824.95,98.14,0.907,125.18,16.6,1797.12,1753.44,43.68,145.41,16.83
3148301,Paula Cândido,MG,-20.8754,-42.9752,8757.0,26832.47,126.94,0.473,205.5,29.81,7998.96,7741.69,257.27,42.08,29.86
3148400,Paulistas,MG,-18.4276,-42.8628,4402.0,22055.98,55.54,0.252,330.36,42.16,9299.38,9294.03,5.35,24.03,42.21
3148509,Pavão,MG,-17.4267,-41.0035,8143.0,60119.46,82.15,0.137,168.96,30.67,18437.78,18156.96,280.83,417.1,30.88
3148608,Peçanha,MG,-18.5441,-42.5583,17863.0,99663.61,185.19,0.186,297.31,42.87,42729.96,42417.78,312.17,235.39,42.98
3148707,Pedra Azul,MG,-16.0086,-41.2909,25045.0,159466.68,561.43,0.352,244.08,71.77,114447.91,112143.31,2304.6,179.71,71.85
3148756,Pedra Bonita,MG,-20.5219,-42.3304,7599.0,17392.81,74.89,0.431,163.91,22.58,3927.63,3016.46,911.17,4.11,22.59
3148806,Pedra do Anta,MG,-20.5968,-42.7123,3366.0,17312.26,51.89,0.3,196.43,20.51,3550.9,3345.13,205.78,37.48,20.56
3148905,Pedra do Indaiá,MG,-20.2563,-45.2107,4247.0,34792.93,111.12,0.319,309.13,18.08,6289.69,5786.23,503.47,19.32,18.09
3149002,Pedra Dourada,MG,-20.8266,-42.1515,2916.0,6999.94,40.17,0.574,132.77,32.04,2242.83,2163.98,78.85,6.86,32.07
3149101,Pedralva,MG,-22.2386,-45.4654,10891.0,21796.97,153.7,0.705,121.97,23.63,5150.01,5137.16,12.85,22.38,23.65
3149150,Pedras de Maria da Cruz,MG,-15.6032,-44.391,10601.0,152560.97,202.27,0.133,577.29,61.76,94224.2,94224.2,0.0,3348.58,63.15
3149200,Pedrinópolis,MG,-19.2241,-47.4579,3398.0,35786.69,109.64,0.306,513.39,22.19,7939.9,7880.81,59.09,5384.7,26.12
3149309,Pedro Leopoldo,MG,-19.6308,-44.0383,65174.0,29281.39,2054.97,7.018,362.78,31.02,9082.25,8952.57,129.68,243.55,31.28
3149408,Pedro Teixeira,MG,-21.7076,-43.743,1857.0,11296.24,21.72,0.192,133.14,37.09,4189.8,3953.67,236.13,3.91,37.1
3149507,Pequeri,MG,-21.8341,-43.1145,3461.0,9081.06,110.98,1.222,121.46,29.89,2713.97,2541.77,172.2,29.68,29.98
3149606,Pequi,MG,-19.6284,-44.6604,4265.0,20397.65,137.96,0.676,368.25,25.61,5224.74,5171.17,53.56,103.67,25.75
3149705,Perdigão,MG,-19.9411,-45.078,13118.0,24929.18,455.26,1.826,339.84,19.84,4946.71,4875.84,70.86,82.16,19.91
3149804,Perdizes,MG,-19.3434,-47.2963,17992.0,245109.34,446.87,0.182,492.98,28.32,69420.74,67912.23,1508.51,10314.96,29.57
3149903,Perdões,MG,-21.0932,-45.0896,22075.0,27064.59,651.55,2.407,216.79,12.35,3342.3,3246.87,95.42,588.99,12.62
3149952,Periquito,MG,-19.1573,-42.2333,6624.0,22888.74,215.55,0.942,231.02,25.15,5756.71,5582.52,174.19,903.41,26.18
3150000,Pescador,MG,-18.357,-41.6006,3559.0,31745.24,62.7,0.198,198.88,19.89,6312.61,6297.99,14.61,9.6,19.89
3150109,Piau,MG,-21.5096,-43.313,2854.0,19219.93,50.74,0.264,158.52,28.32,5442.51,5273.88,168.63,71.91,28.42
3150158,Piedade de Caratinga,MG,-19.7593,-42.0756,8966.0,10934.53,203.08,1.857,184.13,20.23,2212.18,2108.45,103.73,24.86,20.28
3150208,Piedade de Ponte Nova,MG,-20.2438,-42.7379,4054.0,8371.53,66.62,0.796,215.83,12.89,1079.05,1061.58,17.47,24.7,12.93
3150307,Piedade do Rio Grande,MG,-21.469,-44.1938,4694.0,32278.5,121.52,0.376,162.19,36.41,11753.96,5479.02,6274.94,77.33,36.5
3150406,Piedade dos Gerais,MG,-20.4715,-44.2243,5199.0,25962.39,107.38,0.414,271.71,15.28,3966.92,3476.93,490.0,37.5,15.3
3150505,Pimenta,MG,-20.4827,-45.8049,8817.0,41493.43,307.07,0.74,307.47,27.86,11560.48,10087.08,1473.4,3004.23,30.04
3150539,Pingo-d'Água,MG,-19.7287,-42.4095,4864.0,6658.25,109.31,1.642,213.51,25.74,1713.91,1684.33,29.58,92.27,26.1
3150570,Pintópolis,MG,-16.0572,-45.1402,7228.0,122874.51,105.7,0.086,632.59,62.98,77385.52,75383.77,2001.75,978.62,63.48
3150604,Piracema,MG,-20.5089,-44.4783,6905.0,28032.02,154.91,0.553,269.93,14.48,4059.43,4015.73,43.7,23.06,14.49
3150703,Pirajuba,MG,-19.9092,-48.7027,5814.0,33796.97,177.13,0.524,502.77,9.72,3286.38,2345.41,940.97,39.64,9.74
3150802,Piranga,MG,-20.6834,-43.2967,17358.0,65879.11,151.13,0.229,243.25,44.71,29453.74,29262.34,191.4,56.72,44.75
3150901,Piranguçu,MG,-22.5249,-45.4945,6320.0,20362.24,77.53,0.381,103.06,36.31,7393.64,7148.68,244.96,20.92,36.35
3151008,Piranguinho,MG,-22.395,-45.5324,9518.0,12479.69,193.38,1.55,114.93,12.53,1563.39,1509.04,54.35,145.99,12.68
3151107,Pirapetinga,MG,-21.6554,-42.3434,11454.0,19065.45,196.27,1.029,97.11,14.01,2671.88,2551.58,120.3,192.28,14.16
3151206,Pirapora,MG,-17.3392,-44.934,57713.0,54949.31,2247.34,4.09,567.12,41.05,22557.7,21775.34,782.36,1065.63,41.86
3151305,Piraúba,MG,-21.2825,-43.0172,12006.0,14428.35,295.09,2.045,175.2,14.97,2159.41,2138.71,20.7,127.17,15.1
3151404,Pitangui,MG,-19.6741,-44.8964,27834.0,56963.78,724.54,1.272,365.77,33.6,19140.61,18143.67,996.94,183.57,33.71
3151503,Piumhi,MG,-20.4762,-45.9589,38007.0,90245.49,999.99,1.108,314.64,20.92,18875.5,17007.44,1868.06,285.75,20.98
3151602,Planura,MG,-20.1376,-48.7,11533.0,31751.9,383.84,1.209,480.47,10.42,3309.47,2121.63,1187.84,2115.65,11.17
3151701,Poço Fundo,MG,-21.78,-45.9658,16824.0,47422.93,280.6,0.592,194.36,19.57,9282.84,9114.59,168.25,127.55,19.63
3151800,Poços de Caldas,MG,-21.78,-46.5692,172339.0,54696.98,4199.7,7.678,229.97,22.74,12440.15,11939.95,500.2,1456.77,23.37
3151909,Pocrane,MG,-19.6208,-41.6334,8438.0,69105.93,142.28,0.206,150.88,21.02,14526.82,12607.4,1919.42,623.85,21.21
3152006,Pompéu,MG,-19.2257,-45.0141,32441.0,255109.52,1303.76,0.511,416.67,28.25,72068.23,47234.57,24833.66,9670.18,29.36
3152105,Ponte Nova,MG,-20.4111,-42.8978,59638.0,47066.8,1023.6,2.175,222.3,25.0,11766.33,11494.9,271.43,655.01,25.35
3152131,Ponto Chique,MG,-16.6282,-45.0588,3797.0,60278.12,97.84,0.162,601.75,35.5,21397.17,21290.47,106.7,1157.62,36.19
3152170,Ponto dos Volantes,MG,-16.7473,-41.5025,11059.0,121243.63,201.86,0.166,248.62,61.25,74266.67,73827.88,438.79,79.93,61.29
3152204,Porteirinha,MG,-15.7404,-43.0281,38692.0,174970.4,656.82,0.375,432.23,45.68,79920.79,77743.25,2177.54,1938.15,46.19
3152303,Porto Firme,MG,-20.6642,-43.0834,10840.0,28480.47,138.33,0.486,229.29,35.23,10032.89,9791.17,241.73,254.9,35.55
3152402,Poté,MG,-17.8077,-41.786,13649.0,62509.13,192.94,0.309,230.91,50.96,31852.88,31842.23,10.65,94.86,51.03
3152501,Pouso Alegre,MG,-22.2266,-45.9389,162133.0,54280.08,4041.5,7.446,159.5,14.72,7991.4,7600.13,391.27,540.82,14.87
3152600,Pouso Alto,MG,-22.1964,-44.9748,6779.0,26304.66,121.07,0.46,99.36,24.93,6556.59,5925.87,630.72,11.28,24.94
3152709,Prados,MG,-21.0597,-44.0778,9369.0,26408.36,183.09,0.693,205.25,38.5,10167.35,5051.64,5115.71,30.32,38.54
3152808,Prata,MG,-19.3086,-48.9276,29745.0,484751.55,847.67,0.175,572.64,19.62,95131.16,81558.17,13572.99,751.74,19.66
3152907,Pratápolis,MG,-20.7411,-46.8624,8534.0,21552.84,184.9,0.858,342.06,14.76,3181.58,3181.58,0.0,26.54,14.78
3153004,Pratinha,MG,-19.739,-46.3755,3691.0,62247.65,64.89,0.104,407.05,40.55,25239.98,21589.1,3650.88,9.94,40.55
3153103,Presidente Bernardes,MG,-20.7656,-43.1895,4847.0,23678.38,44.54,0.188,229.06,38.39,9089.36,8757.46,331.89,214.52,38.74
3153202,Presidente Juscelino,MG,-18.6401,-44.06,3471.0,69587.05,71.59,0.103,424.77,31.38,21835.9,20783.96,1051.94,565.07,31.64
3153301,Presidente Kubitschek,MG,-18.6193,-43.5628,3162.0,18923.15,82.04,0.434,382.16,46.74,8845.46,5222.1,3623.35,1.61,46.75
3153400,Presidente Olegário,MG,-18.4096,-46.4165,19192.0,350387.13,591.77,0.169,543.91,47.51,166461.29,146755.61,19705.68,1098.1,47.66
3153509,Alto Jequitibá,MG,-20.4208,-41.967,8606.0,15226.57,125.02,0.821,134.03,32.11,4889.14,4661.9,227.23,0.25,32.11
3153608,Prudente de Morais,MG,-19.4742,-44.1591,12052.0,12417.6,414.51,3.338,380.86,30.18,3747.23,3690.94,56.3,76.98,30.37
3153707,Quartel Geral,MG,-19.2703,-45.5569,3232.0,55638.92,133.27,0.24,424.03,30.66,17057.63,15246.22,1811.41,262.9,30.8
3153806,Queluzito,MG,-20.7416,-43.8851,1796.0,15356.73,65.07,0.424,239.41,28.85,4429.93,4052.91,377.02,27.3,28.9
3153905,Raposos,MG,-19.9636,-43.8079,16796.0,7222.33,283.18,3.921,325.62,87.27,6303.01,3325.04,2977.96,29.37,87.63
3154002,Raul Soares,MG,-20.1061,-42.4502,23874.0,76338.99,345.28,0.452,194.8,19.06,14547.96,13788.7,759.26,426.13,19.16
3154101,Recreio,MG,-21.5289,-42.4676,11383.0,23430.71,199.7,0.852,116.11,15.1,3539.04,3398.77,140.26,298.15,15.3
3154150,Reduto,MG,-20.2401,-41.9848,8246.0,15188.89,91.07,0.6,145.23,23.85,3622.31,3450.24,172.08,26.13,23.89
3154200,Resende Costa,MG,-20.9171,-44.2407,11544.0,61831.47,289.93,0.469,223.17,32.84,20305.68,13584.77,6720.91,31.05,32.86
3154309,Resplendor,MG,-19.3194,-41.2462,17629.0,108180.89,308.4,0.285,136.07,21.21,22947.43,21996.38,951.05,1179.32,21.45
3154408,Ressaquinha,MG,-21.0642,-43.7598,4640.0,18307.34,130.45,0.713,204.04,30.14,5517.12,4699.55,817.57,7.44,30.15
3154457,Riachinho,MG,-16.2258,-45.9888,6830.0,171930.06,205.25,0.119,710.16,42.35,72815.46,66672.64,6142.82,1161.57,42.64
3154507,Riacho dos Machados,MG,-16.0091,-43.0488,8858.0,131552.46,156.11,0.119,427.04,73.6,96824.68,92514.49,4310.19,146.64,73.68
3154606,Ribeirão das Neves,MG,-19.7621,-44.0844,346971.0,15508.83,5756.89,37.12,348.52,21.78,3378.03,3264.61,113.41,25.95,21.82
3154705,Ribeirão Vermelho,MG,-21.1879,-45.0637,4217.0,4925.06,134.53,2.732,206.0,11.15,549.34,545.84,3.51,128.44,11.45
3154804,Rio Acima,MG,-20.0876,-43.7878,10698.0,22838.24,214.18,0.938,311.95,91.65,20930.22,11199.15,9731.06,50.2,91.85
3154903,Rio Casca,MG,-20.2285,-42.6462,12851.0,38442.57,247.8,0.645,207.55,21.91,8423.49,8312.62,110.86,732.08,22.34
3155009,Rio Doce,MG,-20.2412,-42.8995,2545.0,11208.32,53.26,0.475,230.94,22.7,2544.53,2492.27,52.26,329.12,23.39
3155108,Rio do Prado,MG,-16.6056,-40.5714,4649.0,47981.81,80.17,0.167,154.63,39.28,18846.8,18563.32,283.48,5.74,39.28
3155207,Rio Espera,MG,-20.855,-43.4721,5447.0,23859.56,53.73,0.225,230.3,26.23,6257.24,6117.69,139.55,2.51,26.23
3155306,Rio Manso,MG,-20.2666,-44.3069,5746.0,23153.52,276.35,1.194,295.38,28.58,6616.71,6332.01,284.7,523.34,29.24
3155405,Rio Novo,MG,-21.4649,-43.1168,8683.0,20929.69,243.35,1.163,162.33,14.75,3086.91,3016.82,70.1,151.27,14.86
3155504,Rio Paranaíba,MG,-19.1861,-46.2455,15297.0,135231.67,539.93,0.399,457.79,21.01,28412.38,26715.71,1696.66,274.01,21.05
3155603,Rio Pardo de Minas,MG,-15.616,-42.5405,29103.0,311772.15,448.93,0.144,382.2,75.28,234705.67,230811.17,3894.5,313.62,75.36
3155702,Rio Piracicaba,MG,-19.9284,-43.1829,15036.0,37301.19,457.16,1.226,272.28,34.96,13040.55,12385.98,654.57,102.1,35.06
3155801,Rio Pomba,MG,-21.2712,-43.1696,17885.0,25242.94,328.48,1.301,183.83,18.6,4694.6,4560.47,134.13,175.07,18.73
3155900,Rio Preto,MG,-22.0861,-43.8293,5235.0,34802.8,65.98,0.19,90.67,59.58,20734.4,16412.8,4321.6,133.88,59.81
3156007,Rio Vermelho,MG,-18.2922,-43.0018,12770.0,98653.78,122.4,0.124,346.66,63.5,62647.7,61873.45,774.25,22.27,63.52
3156106,Ritápolis,MG,-21.0276,-44.3204,5122.0,40480.28,131.74,0.325,212.59,44.35,17953.25,10854.99,7098.26,103.96,44.46
3156205,Rochedo de Minas,MG,-21.6284,-43.0165,2374.0,7941.16,57.28,0.721,144.68,15.11,1200.09,1155.72,44.37,5.74,15.12
3156304,Rodeiro,MG,-21.2035,-42.8586,9168.0,7268.27,231.37,3.183,169.95,11.0,799.72,772.51,27.21,63.45,11.1
3156403,Romaria,MG,-18.8838,-47.5782,3430.0,40754.73,115.88,0.284,551.8,15.16,6178.16,4568.54,1609.62,192.04,15.23
3156452,Rosário da Limeira,MG,-20.9812,-42.5112,4926.0,11115.07,61.03,0.549,160.87,26.07,2897.75,2647.41,250.35,21.16,26.12
3156502,Rubelita,MG,-16.4053,-42.261,5460.0,111031.61,105.45,0.095,336.34,60.57,67249.22,67137.47,111.75,151.14,60.65
3156601,Rubim,MG,-16.3775,-40.5397,10602.0,96517.73,151.79,0.157,156.94,39.53,38148.95,35533.93,2615.02,5.32,39.53
3156700,Sabará,MG,-19.884,-43.8263,134576.0,30242.76,2440.01,8.068,335.13,67.57,20436.16,15740.69,4695.46,77.13,67.75
3156809,Sabinópolis,MG,-18.6653,-43.0752,14309.0,91982.72,218.57,0.238,335.1,55.64,51179.21,51120.62,58.58,102.55,55.7
3156908,Sacramento,MG,-19.8622,-47.4508,28076.0,307326.78,794.73,0.259,456.09,33.09,101692.33,83305.22,18387.1,5709.94,33.72
3157005,Salinas,MG,-16.1753,-42.2964,41736.0,186214.87,1188.59,0.638,344.47,49.37,91925.16,91602.99,322.17,1955.08,49.89
3157104,Salto da Divisa,MG,-16.0063,-39.9391,6126.0,93798.45,158.11,0.169,104.21,17.16,16099.63,16090.26,9.37,1537.49,17.45
3157203,Santa Bárbara,MG,-19.9604,-43.4101,31916.0,68453.78,756.14,1.105,292.74,69.41,47516.44,39915.24,7601.2,386.76,69.81
3157252,Santa Bárbara do Leste,MG,-19.9753,-42.1457,8785.0,10741.83,99.13,0.923,175.18,20.75,2228.77,2088.21,140.56,4.97,20.76
3157278,Santa Bárbara do Monte Verde,MG,-21.9592,-43.7027,3218.0,41792.38,47.43,0.113,105.89,48.17,20130.56,17767.89,2362.67,82.1,48.26
3157302,Santa Bárbara do Tugúrio,MG,-21.2431,-43.5607,4245.0,19456.12,46.49,0.239,186.44,18.82,3661.78,3523.07,138.71,3.17,18.82
3157336,Santa Cruz de Minas,MG,-21.1241,-44.2202,8339.0,356.54,119.79,33.599,200.22,41.21,146.94,45.53,101.42,7.1,42.05
3157377,Santa Cruz de Salinas,MG,-16.0967,-41.7418,3919.0,58959.87,142.83,0.242,288.97,43.04,25378.3,24801.01,577.29,164.4,43.16
3157401,Santa Cruz do Escalvado,MG,-20.2372,-42.8169,4728.0,25869.88,63.93,0.247,223.8,17.4,4501.28,4435.34,65.94,356.43,17.64
3157500,Santa Efigênia de Minas,MG,-18.8235,-42.4388,4038.0,13194.95,69.4,0.526,269.54,26.54,3501.81,3428.78,73.03,24.32,26.59
3157609,Santa Fé de Minas,MG,-16.6859,-45.4102,3528.0,291749.62,103.47,0.035,635.53,65.79,191948.88,175291.85,16657.03,1139.45,66.05
3157658,Santa Helena de Minas,MG,-16.9707,-40.6727,6056.0,27645.75,83.31,0.301,157.3,29.39,8126.07,7655.47,470.6,3.42,29.4
3157708,Santa Juliana,MG,-19.3108,-47.5322,16820.0,72379.36,492.42,0.68,509.94,17.09,12369.33,11208.9,1160.43,1677.0,17.49
3157807,Santa Luzia,MG,-19.7548,-43.8497,230382.0,23507.92,3978.48,16.924,343.98,44.79,10528.33,10387.32,141.02,212.8,45.2
3157906,Santa Margarida,MG,-20.3839,-42.2519,16989.0,25572.48,185.81,0.727,162.92,18.9,4832.93,4203.84,629.08,12.34,18.91
3158003,Santa Maria de Itabira,MG,-19.4431,-43.1064,10718.0,59743.72,150.35,0.252,291.67,49.98,29860.68,29302.39,558.29,48.06,50.02
3158102,Santa Maria do Salto,MG,-16.2479,-40.1512,4777.0,44060.74,66.84,0.152,119.36,33.08,14576.78,13862.36,714.42,31.97,33.11
3158201,Santa Maria do Suaçuí,MG,-18.1896,-42.4139,12817.0,62406.46,197.97,0.317,286.55,46.96,29308.61,29144.2,164.41,273.4,47.17
3158300,Santana da Vargem,MG,-21.2449,-45.5005,6756.0,17243.87,157.67,0.914,217.42,16.68,2876.4,2817.81,58.59,23.79,16.7
3158409,Santana de Cataguases,MG,-21.2893,-42.5524,3548.0,16149.71,63.33,0.392,142.44,13.8,2229.23,2134.68,94.55,20.78,13.82
3158508,Santana de Pirapama,MG,-18.9962,-44.0409,7030.0,125585.27,127.65,0.102,401.18,40.25,50543.96,41345.35,9198.62,367.31,40.36
3158607,Santana do Deserto,MG,-21.9512,-43.1583,3815.0,18266.39,67.44,0.369,108.53,42.12,7692.96,7518.76,174.2,138.68,42.44
3158706,Santana do Garambéu,MG,-21.5983,-44.105,2171.0,20307.49,60.7,0.299,146.46,61.96,12582.13,3490.39,9091.73,29.97,62.05
3158805,Santana do Jacaré,MG,-20.9007,-45.1285,4246.0,10616.37,82.82,0.78,238.3,17.19,1825.07,1806.07,19.0,57.65,17.28
3158904,Santana do Manhuaçu,MG,-20.1031,-41.9278,9264.0,34735.68,89.56,0.258,148.37,18.36,6376.15,6037.67,338.48,295.32,18.51
3158953,Santana do Paraíso,MG,-19.3661,-42.5446,49025.0,27606.15,1175.96,4.26,249.5,36.59,10101.42,9954.64,146.78,394.59,37.12
3159001,Santana do Riacho,MG,-19.1662,-43.722,5654.0,67717.63,267.07,0.394,362.74,40.6,27491.87,16366.19,11125.68,253.45,40.75
3159100,Santana dos Montes,MG,-20.7868,-43.6949,3490.0,19657.31,49.65,0.253,235.14,30.21,5939.21,5923.55,15.66,20.76,30.25
3159209,Santa Rita de Caldas,MG,-22.0292,-46.3385,8561.0,50305.12,167.95,0.334,197.36,19.71,9917.25,8722.74,1194.51,71.84,19.74
3159308,Santa Rita de Jacutinga,MG,-22.1474,-44.0977,4826.0,42093.05,60.06,0.143,86.75,50.02,21056.79,19607.3,1449.49,42.22,50.07
3159357,Santa Rita de Minas,MG,-19.876,-42.1363,6969.0,6812.35,95.66,1.404,180.82,15.1,1028.86,921.42,107.44,8.08,15.12
3159407,Santa Rita de Ibitipoca,MG,-21.5658,-43.9163,3331.0,32426.1,52.8,0.163,148.22,43.55,14120.02,8863.14,5256.88,2.92,43.55
3159506,Santa Rita do Itueto,MG,-19.3576,-41.3821,5984.0,48507.43,53.21,0.11,145.68,35.97,17449.58,15219.45,2230.13,221.96,36.14
3159605,Santa Rita do Sapucaí,MG,-22.2461,-45.7034,42517.0,35297.97,856.13,2.425,139.03,20.31,7167.33,7041.16,126.17,243.13,20.45
3159704,Santa Rosa da Serra,MG,-19.5186,-45.9611,3487.0,28432.94,93.14,0.328,412.14,44.9,12767.26,12650.53,116.73,38.13,44.96
3159803,Santa Vitória,MG,-18.8414,-50.1208,21914.0,299837.03,1025.59,0.342,681.13,11.88,35610.87,30906.04,4704.83,21177.34,12.78
3159902,Santo Antônio do Amparo,MG,-20.943,-44.9176,17657.0,48889.08,448.75,0.918,227.9,27.36,13376.04,11922.02,1454.03,38.47,27.38
3160009,Santo Antônio do Aventureiro,MG,-21.7606,-42.8115,3896.0,20201.96,63.89,0.316,122.42,22.77,4599.89,4207.23,392.66,18.89,22.79
3160108,Santo Antônio do Grama,MG,-20.3185,-42.6047,4352.0,13022.58,68.94,0.529,199.89,22.29,2903.23,2628.56,274.67,43.24,22.37
3160207,Santo Antônio do Itambé,MG,-18.4609,-43.3006,3969.0,30574.35,37.44,0.122,367.3,60.82,18596.78,17645.64,951.14,10.95,60.85
3160306,Santo Antônio do Jacinto,MG,-16.5332,-40.1817,10324.0,50369.2,108.01,0.214,115.41,16.55,8337.51,7687.49,650.02,12.79,16.56
3160405,Santo Antônio do Monte,MG,-20.085,-45.2947,28456.0,112575.16,821.82,0.73,329.76,23.23,26149.45,24786.75,1362.7,173.59,23.26
3160454,Santo Antônio do Retiro,MG,-15.3393,-42.6171,6729.0,79629.78,159.3,0.2,388.48,87.15,69393.65,68516.25,877.4,36.07,87.18
3160504,Santo Antônio do Rio Abaixo,MG,-19.2374,-43.2604,1856.0,10727.42,20.29,0.189,317.81,33.5,3593.8,3570.04,23.76,86.48,33.77
3160603,Santo Hipólito,MG,-18.2968,-44.2229,2692.0,43060.84,102.73,0.239,460.47,22.66,9756.83,9441.55,315.28,529.93,22.94
3160702,Santos Dumont,MG,-21.4634,-43.5499,43218.0,63735.55,689.73,1.082,162.53,29.46,18776.91,17338.88,1438.03,882.32,29.87
3160801,São Bento Abade,MG,-21.5839,-45.0699,4846.0,8040.33,103.85,1.292,165.37,16.58,1333.45,1248.32,85.12,10.08,16.61
3160900,São Brás do Suaçuí,MG,-20.6242,-43.9515,4161.0,11000.98,215.39,1.958,252.53,23.25,2558.19,1895.76,662.43,17.94,23.29
3160959,São Domingos das Dores,MG,-19.5246,-42.0106,5793.0,6086.22,62.61,1.029,191.13,13.09,796.66,760.96,35.7,3.8,13.1
3161007,São Domingos do Prata,MG,-19.8678,-42.971,17783.0,74376.32,299.58,0.403,255.31,31.66,23549.77,22935.83,613.94,49.57,31.68
3161056,São Félix de Minas,MG,-18.5959,-41.4889,3244.0,16256.33,69.92,0.43,184.28,14.18,2304.64,1901.03,403.62,9.5,14.19
3161106,São Francisco,MG,-15.9514,-44.8593,54223.0,330806.9,1078.9,0.326,609.83,55.72,184319.36,182754.39,1564.97,4213.54,56.44
3161205,São Francisco de Paula,MG,-20.7036,-44.9838,6281.0,31683.52,155.29,0.49,255.28,25.49,8076.22,7419.26,656.95,133.31,25.6
3161304,São Francisco de Sales,MG,-19.8611,-49.7727,5858.0,112886.2,237.14,0.21,568.08,7.91,8931.94,6766.04,2165.91,10254.35,8.7
3161403,São Francisco do Glória,MG,-20.7923,-42.2673,4848.0,16462.81,84.98,0.516,145.39,14.31,2355.66,2002.24,353.43,39.77,14.34
3161502,São Geraldo,MG,-20.9252,-42.8364,10524.0,18558.75,271.61,1.463,192.4,16.3,3025.67,2661.78,363.89,27.85,16.33
3161601,São Geraldo da Piedade,MG,-18.8411,-42.2867,3200.0,15234.19,40.4,0.265,255.52,24.95,3801.33,3711.96,89.37,17.78,24.98
3161650,São Geraldo do Baixio,MG,-18.9097,-41.363,3158.0,28096.1,79.01,0.281,169.35,21.62,6075.4,5808.22,267.19,6.78,21.63
3161700,São Gonçalo do Abaeté,MG,-18.3315,-45.8265,7515.0,269254.59,298.05,0.111,531.75,54.59,146993.58,98660.21,48333.37,4008.01,55.42
3161809,São Gonçalo do Pará,MG,-19.9822,-44.8593,12275.0,26570.45,465.93,1.754,331.46,25.88,6876.58,6816.82,59.75,213.17,26.09
3161908,São Gonçalo do Rio Abaixo,MG,-19.8221,-43.366,12475.0,36380.67,439.79,1.209,294.62,42.12,15322.33,14782.42,539.92,342.14,42.52
3162005,São Gonçalo do Sapucaí,MG,-21.8932,-45.5893,24497.0,51667.26,649.42,1.257,159.61,19.78,10217.81,9606.6,611.22,461.51,19.95
3162104,São Gotardo,MG,-19.3087,-46.0465,43851.0,86612.85,924.7,1.068,437.04,33.44,28965.81,28318.97,646.84,235.5,33.53
3162203,São João Batista do Glória,MG,-20.635,-46.508,7959.0,54790.63,336.44,0.614,328.36,32.78,17962.29,8908.85,9053.44,979.14,33.38
3162252,São João da Lagoa,MG,-16.8455,-44.3507,4962.0,99801.22,93.28,0.093,522.51,55.77,55663.19,53280.44,2382.75,78.02,55.82
3162302,São João da Mata,MG,-21.928,-45.9297,3012.0,12055.84,61.15,0.507,180.05,19.91,2400.18,2294.97,105.21,17.86,19.94
3162401,São João da Ponte,MG,-15.9271,-44.0096,24197.0,185107.71,432.18,0.233,529.59,44.78,82893.78,82883.89,9.9,305.95,44.86
3162450,São João das Missões,MG,-14.8859,-44.0922,13547.0,67827.98,161.35,0.238,541.5,73.82,50068.51,50058.74,9.77,34.43,73.85
3162500,São João del Rei,MG,-21.1311,-44.2526,94468.0,145199.58,2476.51,1.706,200.08,39.35,57132.58,21063.76,36068.82,2012.34,39.9
3162559,São João do Manhuaçu,MG,-20.3933,-42.1533,11676.0,14308.52,135.63,0.948,153.02,24.05,3440.74,3030.35,410.39,7.3,24.06
3162575,São João do Manteninha,MG,-18.723,-41.1628,5479.0,13794.4,142.1,1.03,149.6,15.47,2133.71,1803.58,330.13,6.36,15.48
3162609,São João do Oriente,MG,-19.3384,-42.1575,7099.0,12009.65,140.14,1.167,214.13,11.7,1404.92,1262.44,142.48,22.55,11.72
3162658,São João do Pacuí,MG,-16.5373,-44.5134,4050.0,41591.19,73.95,0.178,550.36,40.17,16707.72,16530.67,177.05,3.95,40.18
3162708,São João do Paraíso,MG,-15.3168,-42.0213,24706.0,192559.4,598.96,0.311,324.46,56.44,108680.56,107621.91,1058.64,546.95,56.6
3162807,São João Evangelista,MG,-18.548,-42.7655,15613.0,47817.18,307.92,0.644,315.37,33.48,16007.87,15975.03,32.84,78.86,33.53
3162906,São João Nepomuceno,MG,-21.5381,-43.0069,26529.0,40743.77,555.89,1.364,154.17,22.59,9205.61,8878.17,327.45,143.28,22.67
3162922,São Joaquim de Bicas,MG,-20.048,-44.2749,37017.0,7177.5,1393.3,19.412,318.89,26.49,1901.67,1785.96,115.71,103.04,26.88
3162948,São José da Barra,MG,-20.7178,-46.313,8145.0,30830.85,392.49,1.273,309.33,26.71,8234.79,6366.36,1868.43,4912.64,31.77
3162955,São José da Lapa,MG,-19.6971,-43.9586,28087.0,4812.65,763.76,15.87,356.98,24.63,1185.29,1119.37,65.92,47.54,24.87
3163003,São José da Safira,MG,-18.3243,-42.1431,3849.0,21389.97,53.96,0.252,256.21,47.62,10186.55,9551.96,634.58,68.72,47.78
3163102,São José da Varginha,MG,-19.7006,-44.556,4698.0,20551.03,149.1,0.726,359.65,21.56,4431.13,4417.23,13.91,223.69,21.8
3163201,São José do Alegre,MG,-22.3243,-45.5258,4252.0,8881.23,70.67,0.796,119.61,13.47,1196.27,1134.8,61.47,34.21,13.52
3163300,São José do Divino,MG,-18.4793,-41.3907,3482.0,32871.22,63.34,0.193,175.16,13.6,4470.97,3796.95,674.02,12.06,13.61
3163409,São José do Goiabal,MG,-19.9214,-42.7035,5482.0,18959.04,72.73,0.384,227.89,25.63,4859.92,4844.77,15.15,243.5,25.97
3163508,São José do Jacuri,MG,-18.281,-42.6729,6282.0,34513.9,37.91,0.11,312.36,41.67,14380.76,14373.36,7.4,92.76,41.78
3163607,São José do Mantimento,MG,-20.0058,-41.7486,2844.0,5469.88,37.19,0.68,140.43,26.16,1430.66,1231.45,199.21,33.9,26.32
3163706,São Lourenço,MG,-22.1166,-45.0506,46868.0,5802.14,899.47,15.502,110.39,24.17,1402.3,1392.84,9.46,38.67,24.33
3163805,São Miguel do Anta,MG,-20.7067,-42.7174,6410.0,15213.71,84.94,0.558,192.73,22.03,3351.66,3066.6,285.07,15.24,22.05
3163904,São Pedro da União,MG,-21.131,-46.6123,4973.0,26082.69,168.4,0.646,292.61,16.35,4264.51,4264.51,0.0,38.75,16.37
3164001,São Pedro dos Ferros,MG,-20.1732,-42.5251,7132.0,40271.37,109.77,0.273,198.45,21.18,8527.65,8388.5,139.15,655.17,21.53
3164100,São Pedro do Suaçuí,MG,-18.3609,-42.5981,5143.0,30812.46,70.35,0.228,303.36,45.47,14009.43,14009.43,0.0,128.47,45.66
3164209,São Romão,MG,-16.3641,-45.0749,10562.0,243398.21,229.69,0.094,613.21,69.3,168675.24,148507.64,20167.6,2413.35,69.99
3164308,São Roque de Minas,MG,-20.249,-46.3639,7370.0,209888.0,202.37,0.096,356.43,49.1,103058.26,59321.41,43736.84,193.98,49.15
3164407,São Sebastião da Bela Vista,MG,-22.1583,-45.7546,6778.0,16743.38,208.04,1.243,149.41,17.75,2971.62,2853.41,118.21,213.79,17.98
3164431,São Sebastião da Vargem Alegre,MG,-19.7477,-43.3679,3239.0,7363.04,55.82,0.758,298.38,22.12,1628.39,1501.56,126.83,6.6,22.14
3164472,São Sebastião do Anta,MG,-19.5064,-41.985,6415.0,8063.48,134.36,1.666,189.56,16.02,1291.65,1203.87,87.78,3.46,16.03
3164506,São Sebastião do Maranhão,MG,-18.0873,-42.5659,10218.0,51783.52,67.31,0.13,304.15,38.21,19784.6,19777.79,6.81,34.13,38.23
3164605,São Sebastião do Oeste,MG,-20.2758,-45.0063,9527.0,40810.09,241.66,0.592,302.04,22.57,9209.73,9030.81,178.92,93.07,22.62
3164704,São Sebastião do Paraíso,MG,-20.9167,-46.9837,75179.0,81489.21,1969.06,2.416,333.98,18.62,15169.55,14715.4,454.15,108.57,18.64
3164803,São Sebastião do Rio Preto,MG,-19.2959,-43.1757,1229.0,12798.63,14.28,0.112,306.81,36.98,4733.12,4015.69,717.42,64.74,37.17
3164902,São Sebastião do Rio Verde,MG,-22.2183,-44.9761,2385.0,9083.55,51.33,0.565,97.13,20.68,1878.8,1827.81,50.99,5.47,20.7
3165008,São Tiago,MG,-20.9075,-44.5098,11559.0,57241.8,247.17,0.432,225.95,29.26,16746.23,9364.87,7381.35,140.15,29.33
3165107,São Tomás de Aquino,MG,-20.7791,-47.0962,6837.0,27796.99,131.28,0.472,352.18,16.31,4534.56,4495.39,39.17,36.0,16.33
3165206,São Thomé das Letras,MG,-21.7218,-44.9849,7107.0,36975.33,35.62,0.096,147.85,34.49,12752.74,7957.13,4795.61,12.9,34.5
3165305,São Vicente de Minas,MG,-21.7042,-44.4431,6928.0,39265.22,194.31,0.495,137.54,36.92,14497.77,9134.33,5363.44,266.39,37.17
3165404,Sapucaí-Mirim,MG,-22.7409,-45.738,6469.0,28507.14,126.8,0.445,102.65,61.6,17560.91,16745.54,815.37,5.04,61.61
3165503,Sardoá,MG,-18.7828,-42.3629,5140.0,14191.1,66.02,0.465,265.82,32.67,4636.38,4589.0,47.38,19.49,32.72
3165537,Sarzedo,MG,-20.0367,-44.1446,39974.0,6215.0,1011.19,16.27,318.67,42.64,2649.77,2090.2,559.58,13.37,42.73
3165552,Setubinha,MG,-17.6002,-42.1587,9985.0,53466.31,112.28,0.21,275.07,63.98,34206.25,34201.89,4.35,23.03,64.0
3165560,Sem-Peixe,MG,-20.1008,-42.8483,2420.0,17663.03,40.95,0.232,232.53,13.55,2392.84,2256.19,136.65,280.63,13.77
3165578,Senador Amaral,MG,-22.5869,-46.1763,6517.0,15110.39,139.53,0.923,133.4,24.55,3710.26,3588.51,121.75,39.37,24.62
3165602,Senador Cortes,MG,-21.7986,-42.9424,2335.0,9835.14,37.75,0.384,126.8,25.05,2463.8,2307.34,156.46,18.21,25.1
3165701,Senador Firmino,MG,-20.9158,-43.0904,7977.0,16649.99,151.24,0.908,209.75,22.29,3710.64,3588.91,121.73,28.11,22.32
3165800,Senador José Bento,MG,-22.1633,-46.1792,2149.0,9388.8,34.26,0.365,179.37,23.28,2185.33,2184.17,1.16,12.94,23.31
3165909,Senador Modestino Gonçalves,MG,-17.9465,-43.2172,4006.0,95204.89,88.65,0.093,374.78,75.52,71900.69,69255.71,2644.98,47.69,75.56
3166006,Senhora de Oliveira,MG,-20.7972,-43.3394,5577.0,17074.11,72.83,0.427,236.88,29.11,4970.43,4863.28,107.16,9.37,29.13
3166105,Senhora do Porto,MG,-18.8909,-43.0799,3066.0,38131.27,35.91,0.094,323.08,55.61,21203.59,21131.02,72.58,27.52,55.65
3166204,Senhora dos Remédios,MG,-21.0351,-43.5812,10657.0,23783.32,124.13,0.522,208.98,18.08,4299.93,4117.28,182.65,4.35,18.08
3166303,Sericita,MG,-20.4748,-42.4828,7552.0,16601.03,111.82,0.674,180.36,29.86,4956.52,4003.76,952.76,4.87,29.87
3166402,Seritinga,MG,-21.9134,-44.518,1866.0,11476.44,46.45,0.405,114.89,36.29,4165.09,2077.32,2087.77,6.15,36.31
3166501,Serra Azul de Minas,MG,-18.3602,-43.1675,3808.0,21859.89,46.81,0.214,363.14,56.69,12391.56,11801.04,590.52,12.15,56.72
3166600,Serra da Saudade,MG,-19.4447,-45.795,856.0,33567.41,22.29,0.066,413.42,31.32,10513.1,10109.1,404.0,122.2,31.43
3166709,Serra dos Aimorés,MG,-17.7872,-40.2453,6859.0,21358.36,224.33,1.05,79.56,7.46,1593.17,1098.64,494.53,345.62,7.58
3166808,Serra do Salitre,MG,-19.1083,-46.6961,12286.0,129530.04,346.14,0.267,484.57,26.39,34183.6,31075.11,3108.5,708.59,26.54
3166907,Serrania,MG,-21.5441,-46.0417,7811.0,20926.83,174.43,0.834,219.05,13.75,2876.89,2848.48,28.41,82.96,13.8
3166956,Serranópolis de Minas,MG,-15.8176,-42.8732,4497.0,55194.08,66.04,0.12,414.3,59.67,32934.35,32014.85,919.5,95.14,59.77
3167004,Serranos,MG,-21.8857,-44.5125,2036.0,21317.98,44.05,0.207,117.89,44.78,9547.24,5337.85,4209.39,8.98,44.8
3167103,Serro,MG,-18.5991,-43.3744,22624.0,121781.71,391.38,0.321,365.93,52.54,63985.34,54870.26,9115.09,70.67,52.57
3167202,Sete Lagoas,MG,-19.4569,-44.2413,238909.0,53691.84,6816.29,12.695,383.51,28.54,15321.07,10941.25,4379.82,456.53,28.78
3167301,Silveirânia,MG,-21.1615,-43.2128,2399.0,15744.0,49.19,0.312,196.12,26.95,4243.2,3965.21,277.99,20.97,26.99
3167400,Silvianópolis,MG,-22.0274,-45.8385,6348.0,31216.88,104.53,0.335,165.63,19.11,5965.19,5802.86,162.33,132.41,19.19
3167509,Simão Pereira,MG,-21.964,-43.3088,3084.0,13567.97,122.19,0.901,108.63,31.67,4297.45,4099.03,198.43,160.2,32.05
3167608,Simonésia,MG,-20.1341,-42.0091,20431.0,48653.01,163.09,0.335,153.6,23.5,11433.91,10766.44,667.47,90.99,23.54
3167707,Sobrália,MG,-19.2345,-42.0998,5140.0,20680.13,109.81,0.531,214.58,12.73,2632.94,2489.8,143.13,143.95,12.82
3167806,Soledade de Minas,MG,-22.0554,-45.0464,5733.0,19685.79,80.02,0.406,116.56,19.6,3858.63,3681.05,177.58,61.77,19.66
3167905,Tabuleiro,MG,-21.3632,-43.2381,4097.0,21108.72,69.64,0.33,173.95,15.3,3230.25,3120.66,109.58,44.37,15.34
3168002,Taiobeiras,MG,-15.8106,-42.2259,34537.0,122001.89,1000.65,0.82,346.56,56.96,69488.21,69371.23,116.98,673.45,57.27
3168051,Taparuba,MG,-19.7621,-41.608,3508.0,19307.63,67.41,0.349,141.91,19.74,3812.01,3631.7,180.31,181.96,19.93
3168101,Tapira,MG,-19.9166,-46.8264,4215.0,117924.3,100.85,0.086,412.92,47.88,56460.33,41903.84,14556.49,565.38,48.11
3168200,Tapiraí,MG,-19.8936,-46.0221,1698.0,40791.13,27.19,0.067,376.43,34.37,14021.42,13679.91,341.51,25.09,34.39
3168309,Taquaraçu de Minas,MG,-19.6652,-43.6922,4394.0,32928.66,144.96,0.44,332.95,50.78,16721.77,15926.18,795.59,47.98,50.86
3168408,Tarumirim,MG,-19.2835,-42.0097,15104.0,73174.99,206.85,0.283,203.67,16.21,11862.13,11223.27,638.86,312.44,16.28
3168507,Teixeiras,MG,-20.6561,-42.8564,12691.0,16676.29,210.65,1.263,208.25,26.23,4374.02,4301.28,72.74,14.33,26.25
3168606,Teófilo Otoni,MG,-17.8595,-41.5087,142851.0,324226.97,2030.12,0.626,201.03,38.18,123795.08,122371.54,1423.54,873.37,38.28
3168705,Timóteo,MG,-19.5811,-42.6471,84172.0,14437.31,1841.73,12.757,243.27,60.24,8696.77,8474.39,222.38,257.11,61.33
3168804,Tiradentes,MG,-21.1102,-44.1744,8056.0,8304.5,354.72,4.271,200.97,46.2,3836.52,2145.05,1691.47,23.23,46.33
3168903,Tiros,MG,-19.0037,-45.9626,8231.0,209175.55,229.87,0.11,465.32,48.16,100745.12,63178.83,37566.29,1242.47,48.45
3169000,Tocantins,MG,-21.1774,-43.0127,16603.0,17385.52,343.3,1.975,182.98,19.38,3369.52,3340.62,28.9,46.51,19.43
3169059,Tocos do Moji,MG,-22.3698,-46.0971,3894.0,11472.52,47.46,0.414,155.42,14.11,1618.72,1618.72,0.0,2.07,14.11
3169109,Toledo,MG,-22.7421,-46.3728,7625.0,13677.9,141.52,1.035,122.32,16.3,2228.9,2153.22,75.68,36.93,16.34
3169208,Tombos,MG,-20.9086,-42.0228,8653.0,28511.33,139.37,0.489,117.11,25.37,7232.41,6962.27,270.14,121.99,25.48
3169307,Três Corações,MG,-21.6921,-45.2511,78291.0,82805.88,2091.6,2.526,161.74,16.32,13510.58,12569.73,940.85,566.82,16.43
3169356,Três Marias,MG,-18.2048,-45.2473,29985.0,267830.94,1428.46,0.533,532.12,51.18,137063.68,80270.22,56793.46,20324.2,55.38
3169406,Três Pontas,MG,-21.3694,-45.5109,57209.0,68977.4,1328.69,1.926,205.32,15.7,10831.72,9847.0,984.72,1197.65,15.98
3169505,Tumiritinga,MG,-18.9844,-41.6527,5955.0,50006.34,164.83,0.33,191.41,12.86,6431.27,6295.39,135.88,1133.42,13.16
3169604,Tupaciguara,MG,-18.5866,-48.6985,26583.0,182251.31,919.75,0.505,635.53,16.2,29531.86,27475.69,2056.17,20075.52,18.21
3169703,Turmalina,MG,-17.2828,-42.7285,20769.0,115313.75,787.31,0.683,343.42,72.18,83229.84,83009.38,220.46,1412.07,73.07
3169802,Turvolândia,MG,-21.8733,-45.7859,5097.0,22099.9,122.76,0.555,174.17,20.5,4529.97,4296.84,233.14,206.46,20.69
3169901,Ubá,MG,-21.1204,-42.9359,107423.0,40747.13,2253.02,5.529,182.16,19.15,7801.59,7589.46,212.13,89.79,19.19
3170008,Ubaí,MG,-16.2885,-44.7783,11985.0,82050.12,226.4,0.276,586.89,40.23,33007.5,32951.42,56.07,337.7,40.39
3170057,Ubaporanga,MG,-19.6351,-42.1059,13485.0,18904.03,252.19,1.334,195.67,13.87,2621.07,2558.01,63.06,31.62,13.89
3170107,Uberaba,MG,-19.7472,-47.9381,356781.0,452390.5,8852.26,1.957,487.16,22.18,100361.88,71471.02,28890.86,4261.04,22.4
3170206,Uberlândia,MG,-18.9141,-48.2749,761835.0,411523.41,16920.81,4.112,585.89,21.87,90000.8,72252.9,17747.9,6220.93,22.21
3170305,Umburatiba,MG,-17.2548,-40.5779,2742.0,40581.71,70.34,0.173,141.47,17.12,6947.33,6944.51,2.82,17.86,17.13
3170404,Unaí,MG,-16.3592,-46.9022,91320.0,844539.93,2667.19,0.316,774.48,37.38,315674.02,284911.23,30762.79,6676.66,37.68
3170438,União de Minas,MG,-19.5299,-50.338,3818.0,114738.27,99.82,0.087,631.92,10.49,12031.2,9298.92,2732.28,113.25,10.5
3170479,Uruana de Minas,MG,-16.0634,-46.2443,3365.0,59822.08,138.18,0.231,741.97,48.19,28829.72,27178.56,1651.16,176.52,48.34
3170503,Urucânia,MG,-20.3521,-42.737,10899.0,13880.89,236.1,1.701,210.16,19.23,2669.73,2585.42,84.3,59.71,19.32
3170529,Urucuia,MG,-16.1244,-45.7352,18515.0,207694.87,239.58,0.115,688.62,68.72,142719.52,130233.58,12485.95,609.68,68.92
3170578,Vargem Alegre,MG,-19.5988,-42.2949,5800.0,11667.04,125.25,1.074,213.13,17.6,2053.78,1942.18,111.59,23.7,17.64
3170602,Vargem Bonita,MG,-20.3333,-46.3688,2207.0,40988.33,59.11,0.144,348.59,39.0,15987.46,14008.33,1979.14,53.79,39.06
3170651,Vargem Grande do Rio Pardo,MG,-15.3987,-42.3085,4724.0,49150.01,177.71,0.362,355.59,76.82,37757.35,37603.36,153.99,34.69,76.87
3170701,Varginha,MG,-21.5556,-45.4364,143676.0,39538.18,3438.51,8.697,183.39,13.94,5509.71,5356.13,153.58,839.53,14.24
3170750,Varjão de Minas,MG,-18.3741,-46.0313,7305.0,65147.75,207.78,0.319,533.56,26.75,17427.89,16363.18,1064.71,398.11,26.92
3170800,Várzea da Palma,MG,-17.5944,-44.7226,34555.0,222028.83,1199.4,0.54,538.92,36.22,80413.46,76562.39,3851.07,1797.38,36.51
3170909,Varzelândia,MG,-15.6992,-44.0278,19210.0,81499.28,387.51,0.475,536.94,57.77,47081.77,47081.77,0.0,30.23,57.79
3171006,Vazante,MG,-17.9827,-46.9088,20459.0,191341.06,759.85,0.397,607.56,44.18,84543.76,78459.45,6084.3,258.8,44.24
3171030,Verdelândia,MG,-15.5845,-43.6121,7737.0,157058.77,140.83,0.09,496.42,45.23,71035.25,71025.08,10.17,68.1,45.25
3171071,Veredinha,MG,-17.3974,-42.7307,5240.0,63170.88,240.89,0.381,339.7,66.97,42307.72,42277.51,30.22,86.22,67.07
3171105,Veríssimo,MG,-19.6657,-48.3118,3478.0,103180.3,123.82,0.12,509.57,28.18,29073.48,26438.99,2634.49,60.2,28.19
3171154,Vermelho Novo,MG,-20.0406,-42.2688,5048.0,11523.87,41.13,0.357,182.21,20.41,2351.7,2289.2,62.5,2.19,20.41
3171204,Vespasiano,MG,-19.6883,-43.9239,138583.0,7054.85,2664.72,37.771,354.03,17.98,1268.72,1217.98,50.74,17.36,18.03
3171303,Viçosa,MG,-20.7559,-42.8742,79517.0,29939.95,1402.47,4.684,205.25,26.87,8044.63,7682.77,361.86,41.2,26.91
3171402,Vieiras,MG,-20.867,-42.2401,3781.0,11269.81,58.74,0.521,139.96,16.15,1820.02,1664.09,155.94,43.82,16.21
3171501,Mathias Lobato,MG,-18.59,-41.9166,3053.0,17229.63,63.81,0.37,229.39,15.05,2592.96,2504.91,88.06,231.97,15.25
3171600,Virgem da Lapa,MG,-16.807,-42.3431,11774.0,86895.48,203.5,0.234,326.87,53.79,46739.57,46728.43,11.14,448.18,54.07
3171709,Virgínia,MG,-22.3264,-45.0965,9164.0,32650.16,131.32,0.402,91.48,26.06,8508.49,8450.58,57.91,9.28,26.07
3171808,Virginópolis,MG,-18.8154,-42.7015,10511.0,43986.93,200.67,0.456,292.91,37.57,16525.2,16364.76,160.44,70.75,37.63
3171907,Virgolândia,MG,-18.4738,-42.3067,4471.0,28099.72,67.76,0.241,271.4,34.88,9801.6,9792.18,9.42,164.97,35.09
3172004,Visconde do Rio Branco,MG,-21.0127,-42.8361,40711.0,24333.28,1044.54,4.293,184.62,10.61,2580.98,2398.81,182.17,96.98,10.65
3172103,Volta Grande,MG,-21.7671,-42.5375,4441.0,20554.25,152.04,0.74,102.44,27.02,5553.12,5364.43,188.69,156.84,27.22
3172202,Wenceslau Braz,MG,-22.5368,-45.3626,2377.0,10248.02,20.6,0.201,91.46,31.85,3264.29,3072.11,192.18,9.76,31.88
3200102,Afonso Cláudio,ES,-20.0778,-41.1261,32456.0,94123.58,348.46,0.37,82.81,29.02,27318.9,24879.51,2439.39,100.9,29.06
3200136,Águia Branca,ES,-18.9846,-40.7437,10143.0,45441.01,129.29,0.285,106.0,25.77,11712.38,8085.29,3627.09,212.89,25.9
3200169,Água Doce do Norte,ES,-18.5482,-40.9854,12585.0,47371.13,204.21,0.431,131.75,24.55,11631.61,9693.09,1938.52,84.11,24.6
3200201,Alegre,ES,-20.758,-41.5382,30702.0,75689.03,407.62,0.539,79.09,19.53,14780.2,12996.01,1784.19,517.41,19.66
3200300,Alfredo Chaves,ES,-20.6396,-40.7543,14376.0,61567.59,174.75,0.284,21.51,56.26,34637.96,34399.88,238.08,40.67,56.3
3200359,Alto Rio Novo,ES,-19.0618,-41.0209,7760.0,22761.94,101.3,0.445,130.23,19.47,4430.93,4230.93,200.0,50.78,19.51
3200409,Anchieta,ES,-20.7955,-40.6425,33017.0,40942.36,1358.59,3.318,2.25,31.05,12711.33,10221.69,2489.64,579.49,31.49
3200508,Apiacá,ES,-21.1523,-41.5693,7462.0,19397.52,120.61,0.622,64.24,20.74,4023.63,3762.28,261.35,56.38,20.8
3200607,Aracruz,ES,-19.82,-40.2764,103363.0,141977.55,3195.87,2.251,20.71,32.15,45652.2,34083.75,11568.44,2814.85,32.8
3200706,Atilio Vivacqua,ES,-20.913,-41.1986,11046.0,23284.87,214.03,0.919,40.97,25.56,5951.27,5451.62,499.65,21.16,25.58
3200805,Baixo Guandu,ES,-19.5213,-41.0109,32829.0,90903.36,789.82,0.869,103.6,25.58,23250.51,19362.01,3888.5,933.7,25.84
3200904,Barra de São Francisco,ES,-18.7548,-40.8965,45415.0,94451.43,758.02,0.803,121.55,18.47,17441.48,13791.29,3650.2,369.94,18.54
3201001,Boa Esperança,ES,-18.5395,-40.3025,14054.0,42870.35,289.78,0.676,60.3,10.57,4531.85,3787.5,744.34,846.05,10.78
3201100,Bom Jesus do Norte,ES,-21.1173,-41.6731,10820.0,8908.53,153.7,1.725,75.61,18.67,1663.62,1627.02,36.6,64.41,18.81
3201159,Brejetuba,ES,-20.1395,-41.2954,13718.0,35439.79,189.08,0.534,98.39,26.67,9450.26,8908.43,541.82,13.36,26.68
3201209,Cachoeiro de Itapemirim,ES,-20.8462,-41.1198,198342.0,86459.25,3717.84,4.3,34.5,25.53,22076.48,20064.5,2011.98,876.65,25.8
3201308,Cariacica,ES,-20.2632,-40.4165,376200.0,27973.18,6552.48,23.424,5.92,41.9,11721.41,10983.4,738.01,621.61,42.85
3201407,Castelo,ES,-20.6033,-41.2031,39575.0,66349.77,450.51,0.679,54.71,38.23,25363.03,23251.52,2111.51,91.03,38.28
3201506,Colatina,ES,-19.5493,-40.6269,129301.0,139825.69,2531.93,1.811,67.27,18.58,25975.71,23254.1,2721.61,3432.48,19.04
3201605,Conceição da Barra,ES,-18.5883,-39.7362,28923.0,118260.7,803.87,0.68,0.3,28.4,33584.5,23373.45,10211.05,1236.97,28.7
3201704,Conceição do Castelo,ES,-20.3639,-41.2417,12472.0,36979.81,184.6,0.499,74.82,43.89,16230.61,15335.4,895.22,21.15,43.92
3201803,Divino de São Lourenço,ES,-20.6229,-41.6937,5397.0,17403.73,52.13,0.3,99.05,34.53,6009.06,5851.81,157.25,7.04,34.54
3201902,Domingos Martins,ES,-20.3603,-40.6594,38236.0,122922.19,497.01,0.404,30.87,52.48,64513.02,63431.05,1081.97,180.61,52.56
3202009,Dores do Rio Preto,ES,-20.6931,-41.8405,6902.0,15929.63,94.35,0.592,110.24,35.73,5692.18,5059.0,633.18,8.63,35.75
3202108,Ecoporanga,ES,-18.3702,-40.836,22611.0,228536.77,378.75,0.166,118.54,7.92,18091.33,15755.93,2335.4,577.42,7.94
3202207,Fundão,ES,-19.937,-40.4078,18898.0,28682.09,824.01,2.873,26.89,32.37,9284.09,7785.52,1498.58,196.96,32.59
3202256,Governador Lindenberg,ES,-19.1864,-40.4473,11484.0,36001.69,192.15,0.534,77.33,21.08,7587.47,6998.07,589.4,347.09,21.28
3202306,Guaçuí,ES,-20.7668,-41.6734,31418.0,46816.88,384.97,0.822,91.1,20.63,9657.9,9298.11,359.78,227.09,20.73
3202405,Guarapari,ES,-20.6772,-40.5093,136311.0,58910.8,3945.29,6.697,0.74,48.08,28324.61,24908.27,3416.34,846.18,48.78
3202454,Ibatiba,ES,-20.2347,-41.5087,27543.0,24035.12,327.07,1.361,104.83,18.28,4394.41,3515.65,878.76,13.36,18.29
3202504,Ibiraçu,ES,-19.8366,-40.3732,12304.0,20131.24,275.93,1.371,28.17,36.1,7268.15,7048.92,219.23,48.26,36.19
3202553,Ibitirama,ES,-20.5466,-41.6667,10015.0,33088.23,114.4,0.346,99.75,39.04,12917.28,9554.93,3362.36,69.34,39.12
3202603,Iconha,ES,-20.7913,-40.8132,12790.0,20345.6,284.98,1.401,9.74,29.8,6062.85,5792.17,270.68,8.88,29.81
3202652,Irupi,ES,-20.3501,-41.6444,14647.0,18479.57,144.92,0.784,108.61,16.5,3049.03,2638.41,410.62,30.39,16.53
3202702,Itaguaçu,ES,-19.8018,-40.8601,14042.0,53501.12,183.08,0.342,72.08,30.14,16124.74,14143.55,1981.19,105.59,30.2
3202801,Itapemirim,ES,-21.0095,-40.8307,44020.0,55052.63,1518.78,2.759,2.16,16.05,8833.45,5395.44,3438.01,682.13,16.25
3202900,Itarana,ES,-19.875,-40.8753,10975.0,29515.03,116.7,0.395,68.22,36.11,10657.86,9913.5,744.36,36.45,36.15
3203007,Iúna,ES,-20.3531,-41.5334,30556.0,46053.81,344.22,0.747,98.74,32.3,14875.71,10781.57,4094.14,26.86,32.32
3203056,Jaguaré,ES,-18.907,-40.0759,31551.0,65971.56,684.02,1.037,35.28,31.29,20643.06,12175.56,8467.5,835.29,31.69
3203106,Jerônimo Monteiro,ES,-20.7994,-41.3948,12108.0,17734.51,184.34,1.039,63.49,19.42,3443.57,3084.55,359.01,153.83,19.59
3203130,João Neiva,ES,-19.7577,-40.386,14295.0,28482.14,411.58,1.445,33.96,24.45,6963.5,6168.66,794.84,43.75,24.49
3203163,Laranja da Terra,ES,-19.8994,-41.0621,11597.0,45837.88,136.57,0.298,83.53,26.0,11919.47,11661.21,258.26,226.92,26.13
3203205,Linhares,ES,-19.3946,-40.0643,183797.0,349573.07,4166.96,1.192,35.55,40.75,142434.71,81396.67,61038.04,22567.07,43.56
3203304,Mantenópolis,ES,-18.8594,-41.124,13131.0,32142.03,236.68,0.736,145.64,15.38,4944.8,4751.76,193.04,44.64,15.41
3203320,Marataízes,ES,-21.0398,-40.8384,45953.0,13008.09,1984.75,15.258,1.36,8.17,1062.21,191.28,870.94,171.35,8.27
3203346,Marechal Floriano,ES,-20.4159,-40.67,18964.0,28548.87,304.27,1.066,31.82,65.54,18710.71,18640.73,69.98,30.71,65.61
3203353,Marilândia,ES,-19.4114,-40.5456,13087.0,32760.54,205.79,0.628,67.04,27.11,8882.64,8196.31,686.33,941.65,27.92
3203403,Mimoso do Sul,ES,-21.0628,-41.3615,25088.0,86947.7,373.01,0.429,46.78,28.02,24359.14,22863.55,1495.6,477.56,28.17
3203502,Montanha,ES,-18.1303,-40.3668,19830.0,109907.27,413.34,0.376,76.43,5.42,5952.27,4101.6,1850.67,504.8,5.44
3203601,Mucurici,ES,-18.0965,-40.52,5653.0,54053.32,146.99,0.272,93.07,3.39,1833.28,1301.68,531.6,188.44,3.4
3203700,Muniz Freire,ES,-20.4652,-41.4156,18809.0,67880.32,190.59,0.281,81.61,30.5,20706.89,19383.31,1323.58,103.42,30.55
3203809,Muqui,ES,-20.9509,-41.346,14185.0,32725.87,166.26,0.508,51.4,33.38,10924.93,10204.49,720.44,18.07,33.4
3203908,Nova Venécia,ES,-18.715,-40.4053,52324.0,143956.4,1117.48,0.776,69.71,14.63,21056.88,16135.48,4921.4,1682.92,14.8
3204005,Pancas,ES,-19.2229,-40.8534,19120.0,83786.6,173.6,0.207,105.51,30.02,25150.69,19389.55,5761.14,230.2,30.1
3204054,Pedro Canário,ES,-18.3004,-39.9574,21923.0,43345.88,461.85,1.065,29.8,7.49,3244.69,2159.69,1085.0,176.3,7.52
3204104,Pinheiros,ES,-18.4141,-40.2171,24843.0,97313.49,437.28,0.449,53.29,8.51,8283.12,6360.33,1922.79,1149.69,8.61
3204203,Piúma,ES,-20.8334,-40.7268,23912.0,7373.67,614.39,8.332,0.98,24.43,1801.44,411.53,1389.91,54.4,24.61
3204252,Ponto Belo,ES,-18.1253,-40.5458,6671.0,36010.09,169.02,0.469,94.91,3.46,1244.9,674.54,570.36,196.31,3.48
3204302,Presidente Kennedy,ES,-21.0964,-41.0468,14852.0,59483.16,866.81,1.457,16.59,17.35,10322.95,4230.93,6092.01,503.15,17.5
3204351,Rio Bananal,ES,-19.2719,-40.3366,20350.0,64195.38,277.24,0.432,62.69,18.87,12113.35,10956.56,1156.79,1246.3,19.24
3204401,Rio Novo do Sul,ES,-20.8556,-40.9388,11471.0,20449.95,185.27,0.906,16.64,31.24,6388.77,5946.89,441.88,12.55,31.26
3204500,Santa Leopoldina,ES,-20.0999,-40.527,13813.0,71828.92,59.2,0.082,24.12,57.42,41246.55,40218.03,1028.52,144.35,57.54
3204559,Santa Maria de Jetibá,ES,-20.0253,-40.7439,45575.0,73518.45,749.54,1.02,47.59,49.08,36085.2,35895.11,190.09,338.37,49.31
3204609,Santa Teresa,ES,-19.9363,-40.5979,23872.0,68311.44,342.8,0.502,42.26,46.49,31760.59,30667.63,1092.96,99.02,46.56
3204658,São Domingos do Norte,ES,-19.1452,-40.6281,9051.0,29856.43,162.63,0.545,93.06,13.97,4170.81,3511.26,659.55,342.92,14.13
3204708,São Gabriel da Palha,ES,-19.0182,-40.5365,34272.0,43488.55,529.69,1.218,84.67,17.04,7411.66,6440.14,971.52,425.63,17.21
3204807,São José do Calçado,ES,-21.0274,-41.6636,11411.0,27347.33,169.95,0.621,77.5,22.73,6214.91,5870.73,344.18,132.66,22.84
3204906,São Mateus,ES,-18.7214,-39.8579,134423.0,234604.75,3729.49,1.59,11.99,22.91,53743.66,30395.68,23347.97,2770.0,23.18
3204955,São Roque do Canaã,ES,-19.7411,-40.6526,11256.0,34191.73,209.59,0.613,59.2,21.51,7353.8,6331.42,1022.38,98.53,21.57
3205002,Serra,ES,-20.121,-40.3074,579720.0,54763.8,10629.85,19.41,11.9,36.32,19890.17,13965.0,5925.16,983.67,36.98
3205010,Sooretama,ES,-19.1897,-40.0974,28668.0,58704.98,592.32,1.009,40.89,48.09,28229.91,27569.57,660.34,649.22,48.63
3205036,Vargem Alta,ES,-20.669,-41.0179,20390.0,41773.64,422.4,1.011,34.68,51.87,21669.95,21422.66,247.29,45.66,51.93
3205069,Venda Nova do Imigrante,ES,-20.327,-41.1355,25395.0,18592.0,630.24,3.39,70.97,45.58,8474.36,8306.87,167.49,81.27,45.78
3205101,Viana,ES,-20.3825,-40.4933,79043.0,31227.73,1806.79,5.786,15.23,45.77,14293.79,12689.02,1604.78,61.6,45.86
3205150,Vila Pavão,ES,-18.6091,-40.609,9319.0,43325.5,180.45,0.416,91.54,14.09,6105.56,4495.09,1610.47,341.52,14.2
3205176,Vila Valério,ES,-18.9958,-40.3849,14267.0,47036.81,209.51,0.445,68.53,16.45,7735.78,6826.0,909.77,569.92,16.65
3205200,Vila Velha,ES,-20.3417,-40.2875,506779.0,20993.68,6519.36,31.054,0.41,27.73,5822.14,2658.33,3163.81,310.91,28.15
3205309,Vitória,ES,-20.3155,-40.3128,343378.0,8505.84,4281.34,50.334,0.25,29.04,2470.26,2152.15,318.11,1275.99,34.17
3300100,Angra dos Reis,RJ,-23.0011,-44.3196,179142.0,80867.42,2606.53,3.223,0.92,87.71,70926.19,70621.47,304.72,581.41,88.34
3300159,Aperibé,RJ,-21.6252,-42.1017,11426.0,9453.8,236.44,2.501,85.49,7.79,736.25,486.86,249.39,318.97,8.06
3300209,Araruama,RJ,-22.8697,-42.3326,137906.0,63827.36,5827.6,9.13,7.8,10.33,6593.7,5409.83,1183.87,6684.96,11.54
3300225,Areal,RJ,-22.2283,-43.1118,12239.0,11072.6,229.58,2.073,77.82,39.0,4317.88,4270.13,47.75,97.1,39.34
3300233,Armação dos Búzios,RJ,-22.7528,-41.8846,42527.0,6963.36,1924.52,27.638,1.26,26.87,1870.84,1490.99,379.85,85.74,27.2
3300258,Arraial do Cabo,RJ,-22.9774,-42.0267,32822.0,15105.45,1319.48,8.735,0.1,13.05,1971.94,1143.63,828.31,8472.87,29.73
3300308,Barra do Piraí,RJ,-22.4715,-43.8269,98506.0,58459.65,1547.99,2.648,48.11,33.7,19698.33,18541.98,1156.35,621.95,34.06
3300407,Barra Mansa,RJ,-22.5481,-44.1752,181679.0,54713.96,2679.53,4.897,46.76,29.85,16334.83,12140.62,4194.21,359.7,30.05
3300456,Belford Roxo,RJ,-22.764,-43.3992,518384.0,7898.17,5686.84,72.002,27.45,5.53,436.38,307.81,128.57,16.61,5.54
3300506,Bom Jardim,RJ,-22.1545,-42.4251,29758.0,38243.07,366.78,0.959,63.44,41.23,15767.6,14682.61,1084.99,114.4,41.35
3300605,Bom Jesus do Itabapoana,RJ,-21.1449,-41.6822,37176.0,59665.62,584.29,0.979,74.85,13.51,8062.13,7125.73,936.4,390.43,13.6
3300704,Cabo Frio,RJ,-22.8894,-42.0286,238438.0,41203.43,5801.58,14.08,0.23,18.61,7666.71,3795.83,3870.89,3293.94,20.22
3300803,Cachoeiras de Macacu,RJ,-22.4658,-42.6523,59861.0,95473.81,857.47,0.898,52.54,63.62,60740.2,59188.37,1551.83,174.25,63.74
3300902,Cambuci,RJ,-21.5691,-41.9187,15069.0,55827.06,245.17,0.439,82.47,20.5,11444.29,10198.24,1246.05,484.97,20.68
3300936,Carapebus,RJ,-22.1821,-41.663,14329.0,30448.15,341.25,1.121,9.81,21.42,6522.18,2438.68,4083.5,823.59,22.02
3300951,Comendador Levy Gasparian,RJ,-22.0404,-43.214,9048.0,10864.01,260.45,2.397,98.99,26.82,2913.74,2716.48,197.26,231.4,27.4
3301009,Campos dos Goytacazes,RJ,-21.7622,-41.3181,519259.0,403174.04,11212.79,2.781,30.72,20.71,83491.66,43565.06,39926.59,25569.08,22.11
3301108,Cantagalo,RJ,-21.9797,-42.3664,19995.0,74721.32,318.49,0.426,73.22,30.59,22859.0,21473.11,1385.89,509.84,30.8
3301157,Cardoso Moreira,RJ,-21.4846,-41.6165,13407.0,52259.02,268.05,0.513,56.72,11.3,5902.77,4817.9,1084.87,1112.18,11.54
3301207,Carmo,RJ,-21.931,-42.6046,17741.0,30575.79,252.93,0.827,93.97,29.79,9109.46,8735.14,374.33,429.54,30.22
3301306,Casimiro de Abreu,RJ,-22.4812,-42.2066,48636.0,46280.61,1068.52,2.309,24.54,49.96,23123.1,20511.62,2611.48,343.25,50.34
3301405,Conceição de Macabu,RJ,-22.0834,-41.8719,21770.0,33826.84,286.08,0.846,30.08,32.7,11061.2,10932.09,129.11,36.66,32.73
3301504,Cordeiro,RJ,-22.0267,-42.3648,21448.0,11304.16,310.61,2.748,69.63,30.76,3477.53,3419.74,57.79,22.41,30.82
3301603,Duas Barras,RJ,-22.0536,-42.5232,11355.0,37961.79,123.6,0.326,78.45,42.11,15984.27,15100.31,883.96,43.67,42.15
3301702,Duque de Caxias,RJ,-22.7858,-43.3049,866225.0,46560.52,13181.26,28.31,23.46,46.28,21548.9,19049.0,2499.89,537.15,46.82
3301801,Engenheiro Paulo de Frontin,RJ,-22.5498,-43.6827,12644.0,13938.14,109.22,0.784,42.28,65.96,9193.52,9043.74,149.78,29.79,66.1
3301850,Guapimirim,RJ,-22.5347,-42.9895,54311.0,35833.6,1076.71,3.005,46.0,59.69,21388.47,16983.02,4405.45,236.31,60.08
3301876,Iguaba Grande,RJ,-22.8495,-42.2299,29616.0,5097.95,1049.05,20.578,10.78,5.11,260.73,253.22,7.51,1149.34,6.6
3301900,Itaboraí,RJ,-22.7565,-42.8639,240127.0,42989.97,6397.78,14.882,24.33,18.47,7938.27,5921.03,2017.24,159.07,18.53
3302007,Itaguaí,RJ,-22.8636,-43.7798,124021.0,28111.03,3104.56,11.044,6.46,44.4,12480.73,11043.37,1437.36,292.05,44.86
3302056,Italva,RJ,-21.4296,-41.7014,14518.0,29119.64,236.77,0.813,66.17,12.6,3667.98,2911.95,756.03,379.68,12.76
3302106,Itaocara,RJ,-21.6748,-42.0758,23645.0,43316.31,389.82,0.9,79.41,11.5,4983.35,3995.2,988.16,872.53,11.74
3302205,Itaperuna,RJ,-21.1997,-41.8799,107297.0,110669.92,1812.1,1.637,90.95,12.31,13628.63,11244.76,2383.87,1475.29,12.48
3302254,Itatiaia,RJ,-22.4897,-44.5675,32713.0,24104.68,1044.25,4.332,53.04,62.45,15053.19,13230.91,1822.29,694.89,64.3
3302270,Japeri,RJ,-22.6435,-43.6602,102171.0,8169.26,1524.78,18.665,33.49,12.61,1030.5,994.46,36.04,118.59,12.8
3302304,Laje do Muriaé,RJ,-21.2091,-42.1271,7584.0,25352.41,91.42,0.361,114.87,23.13,5863.4,5661.26,202.15,252.72,23.36
3302403,Macaé,RJ,-22.3768,-41.7848,264439.0,121651.03,5610.4,4.612,0.65,42.06,51165.49,45664.71,5500.78,638.33,42.28
3302452,Macuco,RJ,-21.9813,-42.2533,5602.0,7837.13,91.11,1.163,64.69,41.95,3287.63,3275.84,11.79,27.31,42.1
3302502,Magé,RJ,-22.6632,-43.0315,244142.0,38949.6,4401.48,11.3,31.13,57.29,22316.16,20820.01,1496.14,114.57,57.46
3302601,Mangaratiba,RJ,-22.9594,-44.0409,43660.0,36549.14,990.64,2.71,1.48,82.12,30013.38,29243.13,770.25,258.07,82.7
3302700,Maricá,RJ,-22.9354,-42.8246,212470.0,36126.34,7369.22,20.398,4.22,38.41,13876.16,12759.22,1116.94,3694.12,42.79
3302809,Mendes,RJ,-22.5245,-43.7312,18048.0,9533.21,245.57,2.576,43.61,57.33,5465.72,5132.36,333.35,8.03,57.38
3302858,Mesquita,RJ,-22.8028,-43.4601,178830.0,4116.46,1376.73,33.444,23.85,53.62,2207.36,2090.7,116.66,0.0,53.62
3302908,Miguel Pereira,RJ,-22.4572,-43.4803,28142.0,28793.34,618.51,2.148,59.5,54.81,15782.94,15665.61,117.33,34.09,54.88
3303005,Miracema,RJ,-21.4148,-42.1938,28416.0,30325.98,418.96,1.382,110.41,23.97,7269.68,7039.85,229.83,92.47,24.05
3303104,Natividade,RJ,-21.039,-41.9697,15551.0,38708.61,246.15,0.636,106.73,19.97,7730.36,6664.72,1065.64,182.41,20.07
3303203,Nilópolis,RJ,-22.8057,-43.4233,155500.0,1939.63,985.75,50.821,23.13,30.81,597.55,8.75,588.8,0.83,30.82
3303302,Niterói,RJ,-22.8832,-43.1034,516787.0,13172.75,5935.54,45.059,5.67,38.63,5088.0,4906.77,181.23,502.28,40.16
3303401,Nova Friburgo,RJ,-22.2932,-42.5377,203417.0,93541.13,2278.14,2.435,64.29,70.73,66158.42,65130.92,1027.5,16.24,70.74
3303500,Nova Iguaçu,RJ,-22.7556,-43.4603,843220.0,52058.01,10807.46,20.76,29.05,46.53,24222.2,23593.15,629.05,194.15,46.7
3303609,Paracambi,RJ,-22.6078,-43.7108,43627.0,19092.35,581.99,3.048,35.27,41.77,7975.2,7862.83,112.36,256.97,42.34
3303708,Paraíba do Sul,RJ,-22.1585,-43.304,44479.0,57112.74,766.17,1.342,87.37,27.67,15800.5,14802.64,997.86,457.94,27.89
3303807,Paraty,RJ,-23.2221,-44.7175,47668.0,92265.66,776.05,0.841,2.75,91.29,84230.9,83585.96,644.95,484.44,91.77
3303856,Paty do Alferes,RJ,-22.4309,-43.4285,31370.0,31433.08,437.85,1.393,63.09,21.34,6708.4,6651.57,56.83,38.35,21.37
3303906,Petrópolis,RJ,-22.52,-43.1926,294926.0,79116.08,3666.63,4.634,45.96,63.75,50439.59,46355.04,4084.55,76.32,63.82
3303955,Pinheiral,RJ,-22.5172,-44.0022,25096.0,8225.53,513.93,6.248,44.66,33.79,2779.14,2517.86,261.28,115.43,34.27
3304003,Piraí,RJ,-22.6215,-43.9081,29066.0,49026.66,578.43,1.18,31.43,45.89,22495.89,21977.88,518.01,881.57,46.73
3304102,Porciúncula,RJ,-20.9632,-42.0465,17832.0,29186.68,235.85,0.808,117.53,22.71,6628.89,6306.63,322.25,82.8,22.78
3304110,Porto Real,RJ,-22.4175,-44.2952,21089.0,5090.2,1103.82,21.685,59.44,10.52,535.6,330.94,204.66,117.58,10.77
3304128,Quatis,RJ,-22.4045,-44.2597,14165.0,28479.5,249.08,0.875,61.56,27.33,7783.92,6868.8,915.12,167.58,27.49
3304144,Queimados,RJ,-22.7102,-43.5518,149135.0,7593.32,2400.14,31.609,31.65,7.98,605.82,349.66,256.16,105.82,8.09
3304151,Quissamã,RJ,-22.1031,-41.4693,23142.0,71771.24,765.45,1.067,10.72,38.98,27974.63,3008.18,24966.45,9112.37,44.65
3304201,Resende,RJ,-22.4705,-44.4509,137697.0,109932.6,2937.46,2.672,52.83,42.08,46256.02,42222.16,4033.86,2878.92,43.21
3304300,Rio Bonito,RJ,-22.7181,-42.6276,59126.0,45947.47,1126.91,2.453,24.5,35.23,16186.75,15785.48,401.27,68.17,35.28
3304409,Rio Claro,RJ,-22.72,-44.1419,17951.0,84678.9,188.5,0.223,28.14,53.28,45114.59,44517.98,596.62,2609.55,54.97
3304508,Rio das Flores,RJ,-22.1692,-43.5856,9267.0,47877.19,136.03,0.284,85.47,28.49,13640.38,12793.91,846.47,364.46,28.71
3304524,Rio das Ostras,RJ,-22.5174,-41.9475,168455.0,22747.19,3518.53,15.468,0.99,26.39,6002.68,5348.37,654.31,170.71,26.59
3304557,Rio de Janeiro,RJ,-22.9129,-43.2003,6730729.0,119593.45,58755.38,49.129,6.17,30.7,36717.35,31234.61,5482.74,2321.32,31.31
3304607,Santa Maria Madalena,RJ,-21.9547,-42.0098,10580.0,81096.47,114.87,0.142,49.86,45.9,37224.21,36059.68,1164.53,334.55,46.09
3304706,Santo Antônio de Pádua,RJ,-21.541,-42.1832,43697.0,60365.81,795.32,1.317,97.88,15.64,9441.92,7982.94,1458.98,745.82,15.84
3304755,São Francisco de Itabapoana,RJ,-21.4702,-41.1091,47397.0,111679.22,3985.1,3.568,5.57,19.43,21693.82,4615.04,17078.78,2235.65,19.82
3304805,São Fidélis,RJ,-21.6551,-41.756,41212.0,103484.68,467.27,0.452,67.18,22.09,22859.31,18773.47,4085.84,2338.75,22.6
3304904,São Gonçalo,RJ,-22.8268,-43.0634,960196.0,24766.01,11906.18,48.075,13.0,19.98,4947.74,4366.53,581.21,64.58,20.03
3305000,São João da Barra,RJ,-21.638,-41.0446,38740.0,45218.68,3407.63,7.536,3.04,48.36,21865.81,1015.2,20850.61,1779.38,50.34
3305109,São João de Meriti,RJ,-22.8058,-43.3729,466503.0,3521.43,3502.43,99.46,22.56,0.36,12.55,0.0,12.55,1.82,0.36
3305133,São José de Ubá,RJ,-21.3661,-41.9511,7318.0,24970.37,94.08,0.377,92.88,16.01,3997.33,3011.68,985.65,66.8,16.05
3305158,São José do Vale do Rio Preto,RJ,-22.1525,-42.9327,22813.0,22018.04,302.27,1.373,88.44,53.86,11859.54,11304.32,555.23,76.81,54.05
3305208,São Pedro da Aldeia,RJ,-22.8429,-42.1026,110677.0,33247.92,3055.23,9.189,9.4,12.65,4205.12,3673.31,531.81,5613.14,15.22
3305307,São Sebastião do Alto,RJ,-21.9578,-42.1328,7993.0,39721.94,87.28,0.22,57.6,19.09,7581.23,5866.96,1714.27,322.97,19.24
3305406,Sapucaia,RJ,-21.9949,-42.9142,18291.0,54067.74,386.16,0.714,105.9,41.16,22256.76,20274.79,1981.97,336.8,41.42
3305505,Saquarema,RJ,-22.9292,-42.5099,95315.0,35208.83,4154.67,11.8,0.6,32.64,11491.79,9625.07,1866.73,3767.09,36.55
3305554,Seropédica,RJ,-22.7526,-43.7155,84794.0,26520.17,2365.05,8.918,20.38,18.53,4914.72,3185.64,1729.07,897.57,19.18
3305604,Silva Jardim,RJ,-22.6574,-42.3961,22028.0,93775.73,469.53,0.501,30.96,55.48,52031.43,46375.3,5656.13,2125.67,56.77
3305703,Sumidouro,RJ,-22.0485,-42.6761,15693.0,41342.42,152.29,0.368,90.92,38.01,15715.87,14849.98,865.89,28.21,38.04
3305752,Tanguá,RJ,-22.7423,-42.7202,32865.0,14302.22,619.87,4.334,23.35,25.14,3595.87,3578.85,17.02,4.46,25.15
3305802,Teresópolis,RJ,-22.4165,-42.9752,176735.0,77331.05,2467.53,3.191,59.0,62.44,48284.54,45918.21,2366.34,76.07,62.5
3305901,Trajano de Moraes,RJ,-22.0638,-42.0643,10654.0,59114.61,99.25,0.168,44.16,51.69,30556.29,29603.76,952.52,364.71,52.01
3306008,Três Rios,RJ,-22.1165,-43.2185,82319.0,32285.02,1515.44,4.694,90.65,27.7,8943.4,8119.04,824.35,1235.9,28.8
3306107,Valença,RJ,-22.2445,-43.7129,71449.0,130080.2,1015.27,0.78,74.44,27.86,36239.24,34072.64,2166.6,426.05,27.95
3306156,Varre-Sai,RJ,-20.9276,-41.8701,10563.0,20192.96,120.11,0.595,101.43,22.21,4483.96,4412.11,71.85,48.03,22.26
3306206,Vassouras,RJ,-22.4059,-43.6686,35907.0,53607.93,628.43,1.172,57.92,28.24,15139.92,14524.81,615.11,476.64,28.5
3306305,Volta Redonda,RJ,-22.5202,-44.0996,279971.0,18211.58,4220.4,23.174,46.7,34.83,6342.34,5016.12,1326.22,398.95,35.61
3500105,Adamantina,SP,-21.682,-51.0737,35673.0,41199.04,1100.39,2.671,482.72,3.96,1630.41,1193.93,436.47,77.91,3.96
3500204,Adolfo,SP,-21.2325,-49.6451,4505.0,21105.36,147.49,0.699,436.77,5.93,1251.24,1094.41,156.83,6368.82,8.49
3500303,Aguaí,SP,-22.0572,-46.9735,32886.0,47456.74,950.06,2.002,212.89,12.91,6128.97,5582.06,546.91,465.88,13.04
3500402,Águas da Prata,SP,-21.9319,-46.7176,7463.0,14266.51,269.12,1.886,218.8,39.14,5584.11,5457.8,126.31,18.03,39.19
3500501,Águas de Lindóia,SP,-22.4733,-46.6314,18257.0,6011.87,534.27,8.887,159.96,18.97,1140.74,1093.73,47.02,22.76,19.05
3500550,Águas de Santa Bárbara,SP,-22.8812,-49.2421,7460.0,40444.07,1171.86,2.897,264.48,18.0,7281.56,6832.26,449.3,224.34,18.1
3500600,Águas de São Pedro,SP,-22.5977,-47.8734,2928.0,360.72,154.97,42.962,208.45,34.11,123.06,115.53,7.53,0.0,34.11
3500709,Agudos,SP,-22.4694,-48.9863,38988.0,96672.06,1203.51,1.245,287.58,19.65,19000.37,18140.49,859.88,73.03,19.67
3500758,Alambari,SP,-23.5503,-47.898,6373.0,15959.74,360.51,2.259,126.0,20.46,3265.34,2499.74,765.6,51.74,20.53
3500808,Alfredo Marcondes,SP,-21.9527,-51.414,4574.0,11891.88,96.94,0.815,476.5,2.39,284.71,278.73,5.98,3.65,2.39
3500907,Altair,SP,-20.5242,-49.0571,3467.0,31300.5,92.84,0.297,464.53,13.21,4135.98,3784.54,351.45,126.21,13.27
3501004,Altinópolis,SP,-21.0214,-47.3712,17197.0,92893.57,490.44,0.528,334.63,27.52,25562.51,24156.92,1405.59,181.57,27.57
3501103,Alto Alegre,SP,-21.5811,-50.168,3874.0,31857.67,119.08,0.374,436.93,5.73,1826.25,1491.16,335.08,12.16,5.73
3501152,Alumínio,SP,-23.5306,-47.2546,17607.0,8361.93,770.1,9.21,87.35,31.65,2646.61,2360.54,286.07,137.61,32.18
3501202,Álvares Florence,SP,-20.3203,-49.9141,3979.0,36239.32,93.38,0.258,534.52,7.42,2690.62,2072.21,618.41,35.95,7.43
3501301,Álvares Machado,SP,-22.0764,-51.4722,28386.0,34764.98,785.22,2.259,468.98,4.82,1676.04,1385.53,290.51,61.15,4.83
3501400,Álvaro de Carvalho,SP,-22.0841,-49.719,4901.0,15366.39,79.51,0.517,364.62,20.05,3081.09,2961.67,119.42,6.14,20.06
3501509,Alvinlândia,SP,-22.4435,-49.7623,2919.0,8487.6,66.56,0.784,335.51,24.85,2108.86,2031.79,77.06,3.39,24.86
3501608,Americana,SP,-22.7374,-47.3331,247571.0,13389.81,5627.2,42.026,161.38,7.1,950.99,752.77,198.21,925.01,7.63
3501707,Américo Brasiliense,SP,-21.7288,-48.1147,33708.0,12293.31,762.46,6.202,299.09,11.05,1357.9,1139.99,217.91,126.8,11.16
3501806,Américo de Campos,SP,-20.2985,-49.7359,5981.0,25290.31,156.12,0.617,526.23,8.32,2104.76,1411.83,692.93,38.13,8.33
3501905,Amparo,SP,-22.7088,-46.772,69792.0,44532.82,1581.82,3.552,137.82,20.02,8915.28,8463.15,452.13,307.44,20.16
3502002,Analândia,SP,-22.1289,-47.6619,4694.0,32591.93,310.14,0.952,236.0,26.99,8797.42,8727.13,70.28,61.16,27.04
3502101,Andradina,SP,-20.8948,-51.3786,61625.0,96425.19,1752.65,1.818,573.5,6.51,6272.68,4486.2,1786.48,3474.78,6.75
3502200,Angatuba,SP,-23.4917,-48.4139,24573.0,102728.78,539.93,0.526,160.49,19.64,20177.76,19332.11,845.65,787.03,19.79
3502309,Anhembi,SP,-22.793,-48.1336,5766.0,73655.91,248.32,0.337,204.51,18.83,13868.33,12696.32,1172.01,6528.91,20.66
3502408,Anhumas,SP,-22.2934,-51.3895,4118.0,32084.34,106.41,0.332,444.71,8.38,2688.49,2372.89,315.6,8.12,8.38
3502507,Aparecida,SP,-22.8495,-45.2325,33141.0,12089.42,728.32,6.024,61.6,27.66,3344.38,3281.09,63.29,161.55,28.04
3502606,Aparecida d'Oeste,SP,-20.4487,-50.8835,4112.0,17901.67,97.07,0.542,582.28,6.75,1208.93,712.42,496.51,408.09,6.91
3502705,Apiaí,SP,-24.5108,-48.8443,24857.0,97431.84,594.76,0.61,96.53,70.22,68417.47,67231.02,1186.45,108.86,70.3
3502754,Araçariguama,SP,-23.4366,-47.0608,22314.0,14521.11,834.78,5.749,85.69,48.65,7064.2,6938.01,126.19,118.72,49.05
3502804,Araçatuba,SP,-21.2076,-50.4401,208415.0,116709.25,4991.76,4.277,486.98,4.5,5249.75,3895.16,1354.59,14463.55,5.13
3502903,Araçoiaba da Serra,SP,-23.5029,-47.6166,33832.0,25530.23,1877.6,7.354,109.91,15.57,3975.19,3592.04,383.16,106.79,15.64
3503000,Aramina,SP,-20.0882,-47.7873,5535.0,20284.65,222.74,1.098,446.33,6.47,1312.39,835.25,477.14,379.47,6.59
3503109,Arandu,SP,-23.1386,-49.0487,7076.0,28590.91,675.05,2.361,229.8,7.99,2283.3,2167.67,115.63,6394.72,10.29
3503158,Arapeí,SP,-22.6717,-44.4441,2355.0,15690.06,26.7,0.17,30.58,45.68,7166.78,6693.81,472.97,11.24,45.71
3503208,Araraquara,SP,-21.7845,-48.178,253474.0,100361.67,6813.69,6.789,298.09,10.8,10836.25,9941.97,894.28,236.41,10.82
3503307,Araras,SP,-22.3572,-47.3842,135744.0,64482.35,3935.77,6.104,199.36,10.24,6603.38,5773.93,829.45,931.97,10.39
3503356,Arco-Íris,SP,-21.7728,-50.466,2089.0,26491.16,33.6,0.127,438.62,8.38,2220.3,1283.55,936.76,61.9,8.4
3503406,Arealva,SP,-22.031,-48.9135,8290.0,50623.09,399.42,0.789,320.4,10.42,5273.6,4710.62,562.98,983.47,10.62
3503505,Areias,SP,-22.5786,-44.6992,3617.0,30524.85,46.07,0.151,50.1,51.85,15826.78,10423.94,5402.84,102.5,52.02
3503604,Areiópolis,SP,-22.6672,-48.6681,10242.0,8590.02,273.66,3.186,250.76,4.27,366.46,312.14,54.32,21.58,4.28
3503703,Ariranha,SP,-21.1872,-48.7904,7621.0,13262.53,274.96,2.073,389.34,4.55,602.8,538.92,63.88,44.17,4.56
3503802,Artur Nogueira,SP,-22.5727,-47.1727,53467.0,17802.18,1407.95,7.909,167.83,6.41,1141.57,887.08,254.49,66.92,6.44
3503901,Arujá,SP,-23.3965,-46.32,90273.0,9617.43,2738.77,28.477,53.7,38.05,3659.18,3631.31,27.87,26.4,38.15
3503950,Aspásia,SP,-20.16,-50.728,1875.0,6937.47,57.58,0.83,600.15,4.03,279.71,123.04,156.67,10.67,4.04
3504008,Assis,SP,-22.66,-50.4183,104858.0,46061.39,2882.56,6.258,355.15,14.13,6510.55,6234.69,275.86,102.7,14.17
3504107,Atibaia,SP,-23.1171,-46.5563,167161.0,47851.71,5385.19,11.254,88.46,30.78,14726.57,13596.25,1130.32,351.01,31.0
3504206,Auriflama,SP,-20.6836,-50.5572,13856.0,43450.39,350.1,0.806,541.75,6.34,2753.53,1929.56,823.97,60.94,6.35
3504305,Avaí,SP,-22.1514,-49.3356,4503.0,54068.98,130.89,0.242,336.49,14.12,7632.61,6690.41,942.2,46.44,14.13
3504404,Avanhandava,SP,-21.4584,-49.9509,11436.0,33837.03,282.14,0.834,435.5,7.82,2645.85,1385.33,1260.52,29.26,7.83
3504503,Avaré,SP,-23.1067,-48.9251,96450.0,121308.28,3236.65,2.668,225.03,13.65,16557.96,16007.76,550.2,7210.56,14.51
3504602,Bady Bassitt,SP,-20.9197,-49.4385,29346.0,11036.41,837.16,7.585,451.76,6.86,757.63,709.54,48.09,18.4,6.88
3504701,Balbinos,SP,-21.8963,-49.3619,3969.0,9163.1,56.84,0.62,361.97,7.23,662.43,465.86,196.56,7.4,7.24
3504800,Bálsamo,SP,-20.7348,-49.5865,9902.0,14988.91,278.87,1.861,477.35,8.71,1304.91,1273.75,31.16,21.19,8.72
3504909,Bananal,SP,-22.6819,-44.3281,10097.0,61644.63,125.79,0.204,30.04,56.43,34784.85,33626.68,1158.16,69.14,56.49
3505005,Barão de Antonina,SP,-23.6284,-49.5634,3632.0,15315.84,88.56,0.578,217.66,13.1,2006.73,1886.25,120.48,2147.51,15.24
3505104,Barbosa,SP,-21.2657,-49.9518,5627.0,20520.81,147.39,0.718,453.46,9.05,1856.99,1013.85,843.14,2408.94,10.25
3505203,Bariri,SP,-22.073,-48.7438,32406.0,44439.68,998.98,2.248,305.98,5.44,2419.6,1971.07,448.53,1708.86,5.66
3505302,Barra Bonita,SP,-22.4909,-48.5583,35129.0,15011.23,1389.72,9.258,257.8,4.39,658.41,593.69,64.72,1180.88,4.76
3505351,Barra do Chapéu,SP,-24.4722,-49.0238,5254.0,40569.9,80.82,0.199,109.37,53.81,21829.52,21230.77,598.76,19.58,53.83
3505401,Barra do Turvo,SP,-24.759,-48.5013,6894.0,100769.31,149.11,0.148,59.38,76.77,77361.91,77316.14,45.77,46.34,76.81
3505500,Barretos,SP,-20.5531,-48.5698,126957.0,156620.59,3524.47,2.25,433.86,11.85,18561.69,15152.88,3408.81,2204.1,12.02
3505609,Barrinha,SP,-21.1864,-48.1636,33304.0,14604.8,544.83,3.731,351.99,8.69,1268.49,309.81,958.68,148.6,8.77
3505708,Barueri,SP,-23.5057,-46.879,333737.0,6569.32,4547.73,69.227,66.62,11.09,728.54,695.52,33.02,85.12,11.24
3505807,Bastos,SP,-21.921,-50.7357,21936.0,17089.89,495.62,2.9,441.8,7.79,1331.27,1252.02,79.25,52.83,7.81
3505906,Batatais,SP,-20.8929,-47.5921,59939.0,84947.6,1803.02,2.123,355.56,13.1,11130.84,10581.2,549.64,216.23,13.14
3506003,Bauru,SP,-22.3246,-49.0871,392947.0,66769.6,9146.1,13.698,306.67,15.0,10015.88,9366.75,649.14,119.35,15.03
3506102,Bebedouro,SP,-20.9491,-48.4791,78257.0,68314.48,2299.15,3.366,391.66,7.55,5160.33,4553.77,606.56,159.14,7.57
3506201,Bento de Abreu,SP,-21.2686,-50.814,2640.0,30168.95,109.67,0.364,504.88,7.65,2308.84,1687.1,621.74,52.3,7.67
3506300,Bernardino de Campos,SP,-23.0164,-49.4679,11881.0,24411.73,315.45,1.292,266.83,8.65,2111.74,2022.56,89.19,427.52,8.8
3506359,Bertioga,SP,-23.8486,-46.1396,67436.0,48928.65,2819.34,5.762,2.77,86.39,42271.37,42027.81,243.56,760.8,87.76
3506409,Bilac,SP,-21.404,-50.4746,7464.0,15803.24,247.98,1.569,471.65,4.27,675.3,542.17,133.13,14.34,4.28
3506508,Birigui,SP,-21.291,-50.3432,123340.0,53001.95,3033.56,5.723,473.62,5.35,2835.19,2077.45,757.73,813.46,5.43
3506607,Biritiba-Mirim,SP,-23.5698,-46.0407,30564.0,31740.54,836.65,2.636,24.55,62.69,19899.34,19415.31,484.02,1086.47,64.92
3506706,Boa Esperança do Sul,SP,-21.9918,-48.3906,13113.0,69076.51,303.88,0.44,293.29,16.2,11189.51,8739.0,2450.51,71.78,16.22
3506805,Bocaina,SP,-22.1365,-48.523,11480.0,36392.2,406.78,1.118,287.02,16.97,6174.06,5315.11,858.95,49.94,16.99
3506904,Bofete,SP,-23.1055,-48.2582,10710.0,65355.21,632.28,0.967,186.64,30.97,20242.27,19618.7,623.57,82.94,31.01
3507001,Boituva,SP,-23.2855,-47.6786,63850.0,24897.12,2513.39,10.095,133.02,11.9,2963.29,2304.08,659.22,126.8,11.96
3507100,Bom Jesus dos Perdões,SP,-23.1356,-46.4675,22579.0,10836.23,863.23,7.966,84.97,57.64,6245.48,5947.64,297.84,16.97,57.73
3507159,Bom Sucesso de Itararé,SP,-24.3155,-49.1451,3609.0,13359.44,89.82,0.672,130.64,54.88,7331.5,6760.85,570.65,13.39,54.93
3507209,Borá,SP,-22.2696,-50.5409,932.0,11895.89,63.27,0.532,398.42,11.84,1408.43,1297.74,110.7,9.95,11.85
3507308,Boracéia,SP,-22.1926,-48.7808,4838.0,12210.92,142.56,1.167,297.87,5.1,622.24,554.79,67.45,1477.21,5.8
3507407,Borborema,SP,-21.6214,-49.0741,14405.0,55226.25,577.35,1.045,366.48,5.44,3006.82,2481.27,525.55,2605.77,5.71
3507456,Borebi,SP,-22.5728,-48.9707,2801.0,34799.61,106.04,0.305,276.96,17.3,6020.69,5544.8,475.89,44.22,17.32
3507506,Botucatu,SP,-22.8837,-48.4437,151053.0,148261.63,4836.45,3.262,217.51,19.27,28572.68,27836.82,735.87,5699.51,20.04
3507605,Bragança Paulista,SP,-22.9527,-46.5419,185688.0,51256.76,4493.95,8.768,106.08,16.85,8636.17,7975.76,660.41,1251.74,17.27
3507704,Braúna,SP,-21.499,-50.3175,5477.0,19518.32,132.4,0.678,453.43,5.78,1128.3,939.41,188.89,5.92,5.78
3507753,Brejo Alegre,SP,-21.1651,-50.1861,2605.0,10568.58,224.51,2.124,476.01,5.56,587.4,340.34,247.06,1010.64,6.15
3507803,Brodowski,SP,-20.9845,-47.6572,26314.0,27842.77,814.25,2.924,348.54,12.63,3515.71,3143.26,372.45,98.01,12.67
3507902,Brotas,SP,-22.2795,-48.1251,24501.0,110137.43,1038.67,0.943,251.94,18.31,20164.2,18858.43,1305.77,553.55,18.4
3508009,Buri,SP,-23.7977,-48.5958,20731.0,119649.15,550.08,0.46,143.78,25.36,30339.79,26981.45,3358.35,443.76,25.45
3508108,Buritama,SP,-21.0661,-50.1475,17658.0,32694.22,675.18,2.065,483.07,7.14,2335.38,1993.49,341.89,3809.79,8.09
3508207,Buritizal,SP,-20.1911,-47.7096,4458.0,26641.87,217.98,0.818,432.95,17.36,4626.13,4525.66,100.48,26.47,17.38
3508306,Cabrália Paulista,SP,-22.4576,-49.3393,4360.0,23997.92,145.02,0.604,308.34,16.11,3867.06,3477.97,389.09,14.4,16.12
3508405,Cabreúva,SP,-23.3053,-47.1362,48654.0,26022.56,1544.93,5.937,101.0,50.79,13217.17,13002.14,215.03,243.48,51.27
3508504,Caçapava,SP,-23.0992,-45.7076,100071.0,36898.87,3327.22,9.017,65.66,16.78,6191.74,5883.98,307.76,843.21,17.17
3508603,Cachoeira Paulista,SP,-22.6665,-45.0154,32534.0,28799.08,710.63,2.468,55.77,13.84,3985.93,3618.72,367.21,275.75,13.97
3508702,Caconde,SP,-21.528,-46.6437,17228.0,46820.2,354.23,0.757,258.92,20.05,9386.49,9385.41,1.08,2352.03,21.11
3508801,Cafelândia,SP,-21.8031,-49.6092,16907.0,92027.74,541.06,0.588,384.23,10.98,10107.71,8361.94,1745.77,3905.61,11.47
3508900,Caiabu,SP,-22.0127,-51.2394,3726.0,25335.63,86.21,0.34,460.77,8.47,2147.16,2015.02,132.14,36.65,8.49
3509007,Caieiras,SP,-23.3607,-46.7397,98549.0,9764.61,1551.12,15.885,70.03,49.57,4840.77,4733.45,107.32,34.13,49.75
3509106,Caiuá,SP,-21.8322,-51.9969,5599.0,55115.89,122.83,0.223,523.79,9.62,5300.86,2206.86,3094.0,624.01,9.73
3509205,Cajamar,SP,-23.355,-46.8781,98365.0,13137.05,2248.9,17.119,78.76,48.18,6329.02,6212.0,117.02,69.74,48.43
3509254,Cajati,SP,-24.7324,-48.1223,29262.0,45448.89,578.11,1.272,34.18,59.79,27171.94,27085.16,86.78,77.32,59.89
3509304,Cajobi,SP,-20.8773,-48.8063,9210.0,17692.02,228.17,1.29,417.55,7.22,1276.53,1151.86,124.67,64.68,7.24
3509403,Cajuru,SP,-21.2749,-47.303,24233.0,66011.68,751.42,1.138,305.74,28.65,18911.16,18494.93,416.23,330.54,28.79
3509452,Campina do Monte Alegre,SP,-23.5895,-48.4758,6090.0,18447.4,134.65,0.73,154.94,18.9,3486.31,2487.34,998.97,129.55,19.03
3509502,Campinas,SP,-22.9053,-47.0659,1187974.0,79456.33,24317.22,30.605,130.5,10.37,8241.18,6143.65,2097.53,662.18,10.46
3509601,Campo Limpo Paulista,SP,-23.2078,-46.7889,79781.0,7940.68,1496.47,18.846,87.23,30.35,2410.0,2187.14,222.86,13.26,30.4
3509700,Campos do Jordão,SP,-22.7296,-45.5833,47956.0,28999.64,1393.93,4.807,95.08,82.24,23849.81,19967.44,3882.37,6.69,82.26
3509809,Campos Novos Paulista,SP,-22.602,-49.9987,5003.0,48419.53,109.57,0.226,336.94,12.75,6175.32,5640.77,534.55,59.21,12.77
3509908,Cananéia,SP,-25.0144,-47.9341,12491.0,123641.31,426.51,0.345,0.99,86.57,107032.01,103938.64,3093.37,12362.91,96.18
3509957,Canas,SP,-22.7003,-45.0521,5068.0,5319.79,201.38,3.785,55.61,10.52,559.74,463.3,96.44,44.54,10.61
3510005,Cândido Mota,SP,-22.7471,-50.3873,30157.0,59579.15,905.25,1.519,345.2,3.85,2295.03,1882.79,412.25,1580.22,3.96
3510104,Cândido Rodrigues,SP,-21.3275,-48.6327,2959.0,7089.64,101.45,1.431,366.98,4.09,289.71,264.69,25.02,1.84,4.09
3510153,Canitar,SP,-23.004,-49.7839,6589.0,5745.4,235.0,4.09,288.81,4.44,254.84,166.62,88.22,66.77,4.49
3510203,Capão Bonito,SP,-24.0113,-48.3482,47409.0,164020.99,1324.76,0.808,109.61,40.8,66927.29,65146.08,1781.21,321.59,40.88
3510302,Capela do Alto,SP,-23.4685,-47.7388,23777.0,16990.29,690.43,4.064,120.92,18.28,3105.05,2544.81,560.25,83.15,18.37
3510401,Capivari,SP,-22.9951,-47.5071,51369.0,32290.6,1504.04,4.658,152.21,9.14,2951.68,2693.05,258.63,112.64,9.17
3510500,Caraguatatuba,SP,-23.6125,-45.4125,142248.0,48438.07,3764.99,7.773,1.34,79.47,38492.99,37743.66,749.33,114.82,79.66
3510609,Carapicuíba,SP,-23.5235,-46.8407,398236.0,3453.69,2869.34,83.081,62.43,5.56,192.07,173.67,18.39,5.67,5.57
3510708,Cardoso,SP,-20.08,-49.9183,11476.0,63924.45,459.34,0.719,556.89,10.29,6578.49,4642.91,1935.58,7376.71,11.63
3510807,Casa Branca,SP,-21.7708,-47.0852,28779.0,86421.53,1066.2,1.234,246.58,14.41,12452.48,11244.8,1207.68,1107.97,14.6
3510906,Cássia dos Coqueiros,SP,-21.2801,-47.1643,2861.0,19168.34,81.78,0.427,301.05,31.13,5966.83,5947.88,18.95,22.53,31.17
3511003,Castilho,SP,-20.8689,-51.4884,20485.0,106530.9,488.73,0.459,581.95,18.76,19981.23,9106.66,10874.57,7272.28,20.13
3511102,Catanduva,SP,-21.1314,-48.977,119275.0,29059.5,3474.9,11.958,406.2,6.08,1765.64,1454.7,310.94,36.84,6.08
3511201,Catiguá,SP,-21.0519,-49.0616,7101.0,14840.27,180.02,1.213,418.27,6.0,890.66,732.38,158.28,15.71,6.01
3511300,Cedral,SP,-20.9009,-49.2664,13314.0,19782.91,479.92,2.426,443.68,5.98,1182.24,1015.54,166.71,31.28,5.99
3511409,Cerqueira César,SP,-23.038,-49.1655,22210.0,51161.15,718.73,1.405,245.94,11.62,5947.01,5710.6,236.41,2776.12,12.29
3511508,Cerquilho,SP,-23.1665,-47.7459,46391.0,12781.76,1461.37,11.433,147.79,8.01,1024.33,629.63,394.69,131.18,8.1
3511607,Cesário Lange,SP,-23.226,-47.9545,19707.0,19036.87,739.27,3.883,155.65,9.39,1788.35,1244.42,543.94,184.34,9.49
3511706,Charqueada,SP,-22.5096,-47.7755,15814.0,17583.61,495.5,2.818,209.85,11.26,1979.8,1929.25,50.55,36.73,11.28
3511904,Clementina,SP,-21.5604,-50.4525,7084.0,16859.36,231.96,1.376,456.48,4.77,803.67,570.32,233.35,16.57,4.77
3512001,Colina,SP,-20.7114,-48.5387,18880.0,42231.24,711.46,1.685,417.21,7.55,3188.86,2715.02,473.84,126.19,7.57
3512100,Colômbia,SP,-20.1768,-48.6865,6802.0,72864.39,243.94,0.335,476.0,12.96,9445.93,7718.25,1727.68,4496.35,13.82
3512209,Conchal,SP,-22.3375,-47.1729,29132.0,18281.1,717.29,3.924,191.1,8.47,1547.87,1450.96,96.91,84.83,8.51
3512308,Conchas,SP,-23.0154,-48.0134,15345.0,46610.71,399.46,0.857,177.44,12.59,5868.07,5379.21,488.85,468.48,12.72
3512407,Cordeirópolis,SP,-22.4778,-47.4519,25286.0,13756.07,1112.53,8.088,191.86,7.21,991.6,757.61,233.99,186.81,7.31
3512506,Coroados,SP,-21.3521,-50.2859,5504.0,24684.01,185.41,0.751,464.66,5.87,1448.34,911.02,537.32,64.56,5.88
3512605,Coronel Macedo,SP,-23.6261,-49.31,4271.0,30378.35,111.29,0.366,205.36,11.67,3545.59,3032.84,512.75,287.82,11.78
3512704,Corumbataí,SP,-22.2213,-47.6215,4296.0,27864.44,142.18,0.51,225.17,19.7,5490.23,5417.27,72.96,42.53,19.73
3512803,Cosmópolis,SP,-22.6419,-47.1926,61167.0,15468.42,1412.54,9.132,162.19,9.94,1537.97,1157.31,380.66,240.86,10.1
3512902,Cosmorama,SP,-20.4755,-49.7827,9019.0,44167.88,362.22,0.82,512.59,9.65,4260.37,3117.47,1142.9,58.65,9.66
3513009,Cotia,SP,-23.6022,-46.919,289493.0,32399.12,5372.19,16.581,63.16,56.02,18149.06,17779.16,369.9,374.54,56.67
3513108,Cravinhos,SP,-21.338,-47.7324,34307.0,31140.51,1183.34,3.8,315.89,7.67,2388.61,2082.27,306.35,131.89,7.7
3513207,Cristais Paulista,SP,-20.4036,-47.4209,9600.0,38522.83,349.11,0.906,401.7,20.09,7738.66,7713.56,25.1,48.43,20.11
3513306,Cruzália,SP,-22.7373,-50.7909,2123.0,14933.13,73.94,0.495,368.5,2.18,325.27,208.96,116.31,465.72,2.25
3513405,Cruzeiro,SP,-22.5728,-44.969,76444.0,30569.3,1366.54,4.47,61.31,36.95,11294.58,10848.72,445.86,197.32,37.19
3513504,Cubatão,SP,-23.8911,-46.424,114870.0,14289.78,2704.63,18.927,3.6,60.46,8640.25,8577.42,62.83,1080.15,65.41
3513603,Cunha,SP,-23.0731,-44.9576,22460.0,140728.6,373.71,0.266,26.84,36.16,50882.18,47369.26,3512.92,50.2,36.17
3513702,Descalvado,SP,-21.9002,-47.6181,32663.0,75370.97,1110.34,1.473,255.24,21.8,16427.12,15120.69,1306.42,296.13,21.88
3513801,Diadema,SP,-23.6813,-46.6205,403579.0,3073.68,2699.68,87.832,34.25,5.57,171.33,170.27,1.07,58.48,5.68
3513850,Dirce Reis,SP,-20.4642,-50.6073,1639.0,8813.67,35.91,0.407,565.02,11.66,1027.34,827.15,200.19,9.4,11.67
3513900,Divinolândia,SP,-21.6637,-46.7361,11305.0,22376.58,299.55,1.339,247.4,18.33,4102.38,4101.38,1.0,125.95,18.44
3514007,Dobrada,SP,-21.5155,-48.3935,8986.0,14970.95,229.03,1.53,335.3,3.1,464.24,324.02,140.23,44.07,3.11
3514106,Dois Córregos,SP,-22.3673,-48.3819,24847.0,63297.04,938.34,1.482,257.71,10.8,6834.66,6637.65,197.01,2348.83,11.21
3514205,Dolcinópolis,SP,-20.124,-50.5149,2254.0,7793.81,80.54,1.033,589.22,4.36,339.75,125.01,214.74,12.61,4.37
3514304,Dourado,SP,-22.1044,-48.3178,8169.0,20587.4,306.88,1.491,278.73,23.02,4739.47,4563.46,176.01,17.26,23.04
3514403,Dracena,SP,-21.4843,-51.535,46735.0,48770.45,1313.68,2.694,526.42,9.6,4681.69,2108.38,2573.31,95.41,9.62
3514502,Duartina,SP,-22.4146,-49.4084,12532.0,26457.27,367.82,1.39,316.28,13.94,3688.2,3117.61,570.59,22.69,13.95
3514601,Dumont,SP,-21.2324,-47.9756,9764.0,11137.4,363.85,3.267,337.85,3.49,388.19,269.17,119.02,25.12,3.49
3514700,Echaporã,SP,-22.4326,-50.2038,6291.0,51527.54,195.55,0.38,364.94,16.62,8564.55,7900.39,664.16,27.98,16.63
3514809,Eldorado,SP,-24.5281,-48.1141,13109.0,165421.68,142.97,0.086,49.92,85.06,140714.97,140641.4,73.58,1126.82,85.65
3514908,Elias Fausto,SP,-23.0428,-47.3682,18168.0,20235.28,576.91,2.851,138.24,5.05,1020.9,735.6,285.31,176.2,5.09
3514924,Elisiário,SP,-21.1678,-49.1146,3190.0,9397.76,97.79,1.041,410.28,9.37,880.59,804.93,75.66,11.53,9.38
3514957,Embaúba,SP,-20.9796,-48.8325,2349.0,8311.49,63.71,0.767,410.11,6.32,525.63,476.03,49.6,29.95,6.35
3515004,Embu das Artes,SP,-23.6437,-46.8579,259788.0,7039.39,2826.39,40.151,55.42,33.66,2369.81,2276.59,93.22,21.91,33.77
3515103,Embu-Guaçu,SP,-23.8297,-46.8136,68913.0,15563.56,1175.32,7.552,36.31,63.91,9946.96,9194.34,752.61,122.94,64.42
3515129,Emilianópolis,SP,-21.8314,-51.4832,3061.0,22516.56,64.18,0.285,491.6,5.58,1256.15,615.26,640.89,57.74,5.59
3515152,Engenheiro Coelho,SP,-22.4836,-47.211,20261.0,10993.56,603.99,5.494,178.39,8.86,973.53,877.1,96.43,101.46,8.94
3515186,Espírito Santo do Pinhal,SP,-22.1909,-46.7477,40610.0,38922.57,973.96,2.502,192.88,20.77,8085.39,8057.95,27.44,286.94,20.93
3515194,Espírito Santo do Turvo,SP,-22.6925,-49.4341,4214.0,19368.16,187.77,0.969,293.07,8.53,1652.01,1471.58,180.44,14.79,8.54
3515202,Estrela d'Oeste,SP,-20.2875,-50.4049,9696.0,29628.63,251.38,0.848,567.89,8.59,2546.46,1656.6,889.85,61.65,8.61
3515301,Estrela do Norte,SP,-22.4859,-51.6632,2751.0,26501.24,82.68,0.312,446.56,11.04,2926.67,1588.54,1338.13,7.45,11.05
3515350,Euclides da Cunha Paulista,SP,-22.5545,-52.5928,7883.0,57388.95,189.76,0.331,510.71,9.89,5675.01,4130.99,1544.02,5279.31,10.89
3515400,Fartura,SP,-23.3916,-49.5124,17029.0,42916.38,385.31,0.898,237.86,12.3,5278.39,5167.87,110.51,7764.98,15.02
3515509,Fernandópolis,SP,-20.2806,-50.2471,73508.0,54976.26,2313.72,4.209,558.42,7.82,4299.87,2877.63,1422.24,113.48,7.84
3515608,Fernando Prestes,SP,-21.2661,-48.6874,6080.0,16997.78,240.57,1.415,375.84,5.73,973.6,857.48,116.12,6.51,5.73
3515657,Fernão,SP,-22.3607,-49.5187,1692.0,10051.03,60.64,0.603,327.69,16.12,1620.06,1359.81,260.25,4.06,16.12
3515707,Ferraz de Vasconcelos,SP,-23.5411,-46.371,186479.0,2954.94,1835.61,62.12,39.49,16.08,475.29,463.96,11.33,0.66,16.09
3515806,Flora Rica,SP,-21.6727,-51.3821,1483.0,22471.61,42.28,0.188,500.3,4.9,1100.6,571.27,529.33,125.79,4.93
3515905,Floreal,SP,-20.6752,-50.1513,2747.0,20422.22,105.56,0.517,517.85,6.67,1361.9,1137.7,224.2,9.89,6.67
3516002,Flórida Paulista,SP,-21.6127,-51.1724,13175.0,52411.06,324.92,0.62,494.51,4.75,2488.8,1958.96,529.84,120.16,4.76
3516101,Florínia,SP,-22.868,-50.6814,4022.0,22589.21,114.28,0.506,350.19,3.76,849.09,748.22,100.87,2775.45,4.29
3516200,Franca,SP,-20.5352,-47.4039,365494.0,60570.47,7867.78,12.989,387.18,20.02,12125.25,11788.21,337.04,108.42,20.05
3516309,Francisco Morato,SP,-23.2792,-46.7448,171476.0,4900.5,1971.96,40.24,78.13,28.11,1377.74,1344.66,33.08,3.04,28.13
3516408,Franco da Rocha,SP,-23.3229,-46.729,150241.0,13277.31,2277.05,17.15,73.11,48.63,6456.25,5100.14,1356.11,136.31,49.13
3516507,Gabriel Monteiro,SP,-21.5294,-50.5573,2813.0,13868.12,69.31,0.5,465.79,5.32,738.29,630.63,107.66,11.0,5.33
3516606,Gália,SP,-22.2918,-49.5504,6413.0,35590.26,229.74,0.646,335.8,20.44,7275.47,6781.13,494.34,40.85,20.47
3516705,Garça,SP,-22.2125,-49.6546,43081.0,55582.01,1217.85,2.191,349.19,18.02,10014.05,9672.28,341.77,53.23,18.03
3516804,Gastão Vidigal,SP,-20.7948,-50.1912,3203.0,18057.84,79.53,0.44,510.32,8.51,1537.17,1190.12,347.05,25.11,8.52
3516853,Gavião Peixoto,SP,-21.8367,-48.4957,4806.0,24375.02,296.3,1.216,313.59,9.01,2195.87,1959.67,236.19,51.64,9.03
3516903,General Salgado,SP,-20.6485,-50.364,10437.0,49436.08,359.34,0.727,534.13,8.04,3973.82,3248.77,725.05,38.46,8.04
3517000,Getulina,SP,-21.7961,-49.9312,10337.0,67674.93,223.29,0.33,403.31,9.01,6100.15,4380.26,1719.9,93.55,9.03
3517109,Glicério,SP,-21.3812,-50.2123,4158.0,27280.46,180.29,0.661,457.64,5.29,1442.59,788.49,654.09,2240.48,5.76
3517208,Guaiçara,SP,-21.6195,-49.8013,11478.0,27714.75,420.78,1.518,412.16,5.42,1501.97,1197.54,304.42,1958.33,5.83
3517307,Guaimbê,SP,-21.9091,-49.8986,5609.0,21780.64,131.04,0.602,391.17,6.51,1418.39,1171.72,246.67,44.38,6.53
3517406,Guaíra,SP,-20.3196,-48.312,40489.0,125843.93,1192.56,0.948,443.68,9.34,11750.3,6839.62,4910.68,4048.91,9.65
3517505,Guapiaçu,SP,-20.7959,-49.2172,22445.0,32513.4,519.38,1.597,450.99,7.59,2468.04,2177.78,290.25,58.71,7.6
3517604,Guapiara,SP,-24.1892,-48.5295,17225.0,40831.35,374.13,0.916,105.77,51.13,20877.64,20206.89,670.75,36.44,51.18
3517703,Guará,SP,-20.4302,-47.8236,18748.0,36217.37,601.18,1.66,412.0,6.76,2447.62,2229.79,217.83,518.23,6.86
3517802,Guaraçaí,SP,-21.0292,-51.2119,7453.0,56920.54,198.68,0.349,551.12,12.72,7243.12,5709.81,1533.31,115.39,12.75
3517901,Guaraci,SP,-20.4977,-48.9391,10554.0,64148.75,391.25,0.61,459.84,8.65,5545.89,4949.79,596.09,8336.03,9.94
3518008,Guarani d'Oeste,SP,-20.0746,-50.3411,1999.0,8569.59,60.55,0.707,582.57,7.88,674.92,319.09,355.83,9.5,7.88
3518107,Guarantã,SP,-21.8942,-49.5914,6532.0,46176.07,203.44,0.441,374.8,11.29,5212.62,4442.18,770.44,42.89,11.3
3518206,Guararapes,SP,-21.2544,-50.6453,31888.0,95563.99,881.25,0.922,495.55,7.18,6857.15,5063.37,1793.79,604.87,7.22
3518305,Guararema,SP,-23.4112,-46.0369,32620.0,27082.18,1610.9,5.948,41.33,32.1,8692.23,8518.77,173.47,156.7,32.28
3518404,Guaratinguetá,SP,-22.8075,-45.1938,121916.0,75263.92,2769.59,3.68,60.24,34.17,25720.71,23809.59,1911.12,184.01,34.26
3518503,Guareí,SP,-23.3714,-48.1837,15285.0,56787.75,216.61,0.381,160.69,21.37,12135.72,11788.77,346.95,120.54,21.42
3518602,Guariba,SP,-21.3594,-48.2316,38678.0,27031.79,1083.5,4.008,339.58,3.49,944.46,681.57,262.9,115.91,3.51
3518701,Guarujá,SP,-23.9888,-46.258,294871.0,14331.37,4181.36,29.176,0.96,51.56,7389.04,7070.01,319.03,1192.58,56.24
3518800,Guarulhos,SP,-23.4538,-46.5333,1349100.0,31868.89,15853.41,49.746,51.77,37.23,11863.28,11628.38,234.9,134.43,37.38
3518859,Guatapará,SP,-21.4944,-48.0356,7474.0,41357.52,257.87,0.624,315.99,11.81,4885.43,3231.0,1654.43,375.51,11.92
3518909,Guzolândia,SP,-20.6467,-50.6645,4259.0,25246.9,112.29,0.445,551.32,7.4,1869.13,1142.1,727.03,48.54,7.42
3519006,Herculândia,SP,-22.0038,-50.3907,9316.0,36425.07,322.29,0.885,413.7,3.82,1390.28,823.88,566.4,26.74,3.82
3519055,Holambra,SP,-22.6405,-47.0487,15718.0,6557.47,915.67,13.964,155.31,9.59,628.93,454.23,174.69,59.11,9.68
3519071,Hortolândia,SP,-22.8529,-47.2143,248842.0,6240.63,4457.19,71.422,143.85,2.57,160.2,13.37,146.83,23.11,2.58
3519105,Iacanga,SP,-21.8896,-49.031,10648.0,54739.57,365.7,0.668,340.2,9.15,5011.34,4417.95,593.39,3260.74,9.73
3519204,Iacri,SP,-21.8572,-50.6932,6197.0,32195.05,206.4,0.641,445.54,7.05,2270.2,1513.65,756.55,51.74,7.06
3519253,Iaras,SP,-22.8682,-49.1634,8313.0,40138.79,226.39,0.564,260.75,19.81,7952.51,7566.08,386.43,191.76,19.91
3519303,Ibaté,SP,-21.9584,-47.9882,33160.0,29098.84,920.27,3.163,270.88,15.41,4483.95,4285.65,198.31,42.03,15.43
3519402,Ibirá,SP,-21.083,-49.2448,11952.0,27192.48,314.26,1.156,425.53,8.19,2227.11,2051.63,175.48,31.0,8.2
3519501,Ibirarema,SP,-22.8185,-50.0739,6450.0,22822.09,292.06,1.28,321.44,4.89,1115.21,911.48,203.74,503.97,5.0
3519600,Ibitinga,SP,-21.7562,-48.8319,62143.0,68939.84,1575.61,2.285,339.79,9.71,6694.28,3715.08,2979.2,3649.68,10.25
3519709,Ibiúna,SP,-23.6596,-47.223,77801.0,105809.62,2467.24,2.332,73.3,63.94,67649.47,66142.44,1507.03,2477.6,65.47
3519808,Icém,SP,-20.3391,-49.1915,7982.0,36235.75,267.16,0.737,489.36,14.64,5303.19,4175.82,1127.37,2968.4,15.94
3519907,Iepê,SP,-22.6602,-51.0779,7739.0,59495.53,216.17,0.363,392.96,7.44,4427.79,4241.23,186.57,7195.06,8.47
3520004,Igaraçu do Tietê,SP,-22.509,-48.5597,23421.0,9776.32,534.37,5.466,256.35,2.88,281.46,196.17,85.29,409.97,3.01
3520103,Igarapava,SP,-20.0407,-47.7466,26696.0,46835.92,859.86,1.836,449.98,14.31,6701.57,6313.45,388.12,2115.74,14.99
3520202,Igaratá,SP,-23.2037,-46.157,10984.0,29294.38,527.18,1.8,66.76,38.25,11204.75,10955.08,249.67,1646.16,40.53
3520301,Iguape,SP,-24.699,-47.5537,29891.0,197487.18,551.73,0.279,1.04,86.04,169924.44,163340.37,6584.07,4743.93,88.16
3520400,Ilhabela,SP,-23.7785,-45.3552,36559.0,34402.2,695.12,2.021,1.12,94.17,32395.99,32281.64,114.35,244.14,94.84
3520426,Ilha Comprida,SP,-24.7307,-47.5383,14104.0,19128.38,1367.16,7.147,0.57,77.79,14879.49,10304.95,4574.54,617.53,80.38
3520442,Ilha Solteira,SP,-20.4326,-51.3426,26257.0,65264.44,706.72,1.083,611.89,4.48,2922.55,1832.27,1090.28,15898.64,5.92
3520509,Indaiatuba,SP,-23.0816,-47.2101,269657.0,31154.02,6140.08,19.709,123.93,9.34,2909.82,2177.95,731.86,382.94,9.46
3520608,Indiana,SP,-22.1738,-51.2555,5200.0,12937.61,157.02,1.214,447.07,10.21,1321.36,1244.86,76.5,5.23,10.22
3520707,Indiaporã,SP,-19.979,-50.2909,4113.0,27961.13,134.56,0.481,588.06,7.42,2073.71,1531.38,542.33,4168.77,8.72
3520806,Inúbia Paulista,SP,-21.7695,-50.9633,3671.0,8712.4,107.96,1.239,468.59,8.41,732.91,708.87,24.04,27.79,8.44
3520905,Ipaussu,SP,-23.0575,-49.6279,13935.0,20957.6,510.86,2.438,273.91,11.84,2480.74,2278.63,202.11,970.97,12.41
3521002,Iperó,SP,-23.3513,-47.6927,38277.0,17030.01,944.74,5.547,127.94,34.33,5846.05,4863.89,982.16,166.92,34.67
3521101,Ipeúna,SP,-22.4355,-47.7151,7027.0,19001.48,329.04,1.732,211.96,19.25,3657.83,3629.6,28.23,43.8,19.29
3521150,Ipiguá,SP,-20.6557,-49.3842,7115.0,13603.02,213.55,1.57,473.2,9.2,1251.49,1093.94,157.55,13.49,9.21
3521200,Iporanga,SP,-24.5847,-48.5971,4083.0,115208.56,45.96,0.04,80.21,91.72,105668.53,105640.13,28.4,698.09,92.28
3521309,Ipuã,SP,-20.4438,-48.0129,14701.0,46645.8,433.44,0.929,418.07,7.62,3552.82,2826.75,726.07,207.57,7.65
3521408,Iracemápolis,SP,-22.5832,-47.523,22500.0,11511.48,731.14,6.351,186.81,9.15,1053.84,886.36,167.47,235.7,9.35
3521507,Irapuã,SP,-21.2768,-49.4164,6932.0,25761.06,152.05,0.59,418.28,10.41,2680.51,2526.46,154.05,584.9,10.65
3521606,Irapuru,SP,-21.5684,-51.3472,7120.0,21445.65,177.41,0.827,508.1,4.73,1015.16,764.62,250.54,28.36,4.74
3521705,Itaberá,SP,-23.8638,-49.14,18263.0,110022.31,432.88,0.393,174.15,18.4,20241.29,17263.44,2977.86,511.58,18.48
3521804,Itaí,SP,-23.4213,-49.092,25979.0,109287.99,1687.07,1.544,207.79,12.56,13725.97,11291.48,2434.49,10586.01,13.91
3521903,Itajobi,SP,-21.3123,-49.0629,17502.0,50205.63,474.98,0.946,393.94,5.84,2934.32,2731.95,202.36,74.73,5.85
3522000,Itaju,SP,-21.9857,-48.8116,3715.0,23034.23,144.78,0.629,317.91,9.55,2200.79,1238.12,962.67,1463.5,10.2
3522109,Itanhaém,SP,-24.1736,-46.788,118495.0,59901.37,3920.34,6.545,2.37,83.01,49724.53,49036.81,687.72,254.62,83.37
3522158,Itaóca,SP,-24.6393,-48.8413,3497.0,18302.32,34.37,0.188,83.86,45.27,8284.76,8283.46,1.3,47.96,45.39
3522208,Itapecerica da Serra,SP,-23.7161,-46.8572,163003.0,15075.44,2272.6,15.075,49.32,54.85,8268.6,8043.77,224.82,93.56,55.19
3522307,Itapetininga,SP,-23.5886,-48.0483,164256.0,178935.95,4535.48,2.535,133.09,20.91,37412.65,33627.22,3785.43,667.37,20.99
3522406,Itapeva,SP,-23.9788,-48.8764,92393.0,182625.23,2240.09,1.227,147.09,22.39,40892.1,38288.02,2604.07,775.8,22.49
3522505,Itapevi,SP,-23.5488,-46.9327,242995.0,8265.3,2709.19,32.778,67.73,35.82,2960.4,2900.53,59.87,18.07,35.9
3522604,Itapira,SP,-22.4357,-46.8224,74038.0,51842.85,1990.85,3.84,168.3,15.29,7928.99,6840.66,1088.33,499.99,15.44
3522653,Itapirapuã Paulista,SP,-24.572,-49.1661,4420.0,40647.57,69.44,0.171,108.01,50.67,20595.64,20448.18,147.46,48.95,50.73
3522703,Itápolis,SP,-21.5942,-48.8149,40445.0,99677.68,1270.98,1.275,353.76,6.44,6418.01,5912.04,505.96,117.11,6.45
3522802,Itaporanga,SP,-23.7043,-49.4819,14245.0,50802.4,356.2,0.701,206.15,13.51,6864.35,6522.48,341.88,1478.2,13.92
3522901,Itapuí,SP,-22.2324,-48.7197,14035.0,14003.07,409.06,2.921,290.49,2.3,321.92,230.4,91.52,1205.04,2.52
3523008,Itapura,SP,-20.6419,-51.5063,4002.0,30162.57,129.3,0.429,603.76,6.06,1826.99,1217.04,609.96,4152.13,7.02
3523107,Itaquaquecetuba,SP,-23.4835,-46.3457,382983.0,8261.67,5406.56,65.441,45.94,6.98,576.61,493.53,83.08,118.9,7.08
3523206,Itararé,SP,-24.1085,-49.3352,45213.0,100388.38,1106.45,1.102,160.47,23.86,23955.98,22089.09,1866.89,115.38,23.89
3523305,Itariri,SP,-24.2834,-47.1736,15916.0,27365.98,251.62,0.919,19.48,79.38,21722.5,21706.5,16.0,6.86,79.4
3523404,Itatiba,SP,-23.0035,-46.8464,127112.0,32227.81,3554.84,11.03,110.08,17.66,5690.05,5446.2,243.84,321.26,17.83
3523503,Itatinga,SP,-23.1047,-48.6157,19462.0,97981.67,512.61,0.523,207.7,19.53,19131.59,18662.71,468.88,2793.73,20.1
3523602,Itirapina,SP,-22.2562,-47.8166,16454.0,56459.77,863.85,1.53,233.97,24.96,14090.36,13332.99,757.37,411.8,25.14
3523701,Itirapuã,SP,-20.6416,-47.2194,5857.0,16111.76,122.68,0.761,370.85,18.8,3028.72,3028.72,0.0,11.65,18.81
3523800,Itobi,SP,-21.7309,-46.9743,8227.0,13897.83,177.87,1.28,247.75,11.75,1633.41,1580.84,52.57,158.71,11.89
3523909,Itu,SP,-23.2544,-47.2927,175047.0,64072.58,5509.99,8.6,116.31,21.67,13884.17,12937.75,946.43,501.87,21.84
3524006,Itupeva,SP,-23.1526,-47.0593,74994.0,20087.45,2968.91,14.78,107.85,18.69,3755.28,3645.07,110.2,222.87,18.9
3524105,Ituverava,SP,-20.3355,-47.7902,38413.0,70467.65,1178.62,1.673,420.6,9.02,6353.58,5282.45,1071.13,223.92,9.05
3524204,Jaborandi,SP,-20.6884,-48.4112,6280.0,27342.44,166.37,0.608,412.57,7.89,2157.81,1395.73,762.07,326.92,7.99
3524303,Jaboticabal,SP,-21.252,-48.3252,73473.0,70659.73,2203.04,3.118,354.86,4.19,2963.57,2132.54,831.02,320.98,4.21
3524402,Jacareí,SP,-23.2983,-45.9658,250952.0,46426.01,5983.55,12.888,51.8,18.09,8400.65,7997.69,402.96,2551.28,19.15
3524501,Jaci,SP,-20.8805,-49.5797,7944.0,14513.33,206.07,1.42,463.71,7.78,1128.87,1056.45,72.43,40.39,7.8
3524600,Jacupiranga,SP,-24.6963,-48.0064,16216.0,70411.66,375.79,0.534,28.55,75.22,52965.36,52797.88,167.48,84.43,75.31
3524709,Jaguariúna,SP,-22.7037,-46.9851,62309.0,14140.79,1778.07,12.574,146.18,10.63,1503.76,824.17,679.59,207.28,10.79
3524808,Jales,SP,-20.2672,-50.5494,50078.0,36857.48,1498.33,4.065,579.11,6.83,2516.67,1774.15,742.52,48.12,6.84
3524907,Jambeiro,SP,-23.2522,-45.6942,6611.0,18441.46,252.27,1.368,50.41,27.58,5086.39,5015.79,70.6,474.54,28.31
3525003,Jandira,SP,-23.5275,-46.9023,121550.0,1746.59,1385.26,79.312,66.79,9.46,165.22,153.32,11.91,2.38,9.47
3525102,Jardinópolis,SP,-21.0176,-47.7606,47125.0,50187.32,1464.41,2.918,349.33,10.94,5490.99,4671.8,819.19,338.91,11.02
3525201,Jarinu,SP,-23.1039,-46.728,40007.0,20754.36,1797.35,8.66,95.01,29.16,6051.11,5856.53,194.57,171.21,29.4
3525300,Jaú,SP,-22.2936,-48.5592,137409.0,68707.62,3760.45,5.473,275.01,4.32,2970.09,2611.01,359.08,1002.06,4.39
3525409,Jeriquara,SP,-20.3116,-47.5918,4000.0,14197.71,97.75,0.688,416.49,12.95,1839.11,1836.01,3.11,32.49,12.98
3525508,Joanópolis,SP,-22.927,-46.2741,13131.0,37429.74,248.08,0.663,99.63,38.26,14321.73,14153.77,167.96,1171.26,39.5
3525607,João Ramalho,SP,-22.2473,-50.7694,4464.0,41542.59,110.42,0.266,412.83,8.67,3602.82,2899.02,703.81,18.98,8.68
3525706,José Bonifácio,SP,-21.0551,-49.6892,37992.0,86021.17,998.17,1.16,455.0,6.94,5967.52,4708.96,1258.56,1426.45,7.05
3525805,Júlio Mesquita,SP,-22.0112,-49.7873,4302.0,12817.88,102.55,0.8,375.28,9.74,1248.56,1178.62,69.94,3.74,9.74
3525854,Jumirim,SP,-23.0884,-47.7868,3132.0,5665.97,173.22,3.057,157.31,10.42,590.3,526.85,63.44,66.91,10.54
3525904,Jundiaí,SP,-23.1852,-46.8974,463039.0,43121.34,10189.65,23.63,95.09,37.37,16112.88,15833.82,279.07,347.73,37.67
3526001,Junqueirópolis,SP,-21.5103,-51.4342,20939.0,58256.51,642.92,1.104,518.35,7.44,4331.71,2062.69,2269.02,145.31,7.45
3526100,Juquiá,SP,-24.3101,-47.6426,17184.0,81283.25,367.17,0.452,43.76,80.87,65729.82,65448.12,281.71,670.2,81.54
3526209,Juquitiba,SP,-23.9244,-47.0653,27969.0,52216.43,375.7,0.72,39.88,87.23,45547.72,45479.19,68.53,550.2,88.16
3526308,Lagoinha,SP,-23.0846,-45.1944,5183.0,25547.62,74.41,0.291,39.99,26.66,6812.0,6457.79,354.21,57.68,26.72
3526407,Laranjal Paulista,SP,-23.0506,-47.8375,27044.0,38426.9,955.07,2.485,163.68,6.89,2647.98,2325.32,322.66,540.76,6.99
3526506,Lavínia,SP,-21.1639,-51.0412,9940.0,53768.07,135.87,0.253,528.43,6.77,3640.92,3007.38,633.54,647.46,6.85
3526605,Lavrinhas,SP,-22.57,-44.9024,7348.0,16705.85,186.78,1.118,58.27,40.58,6778.67,6204.57,574.1,173.04,41.0
3526704,Leme,SP,-22.1809,-47.3841,101537.0,40287.3,2691.46,6.681,216.35,8.86,3569.95,3213.77,356.18,379.46,8.95
3526803,Lençóis Paulista,SP,-22.6027,-48.8037,68568.0,80952.95,2148.08,2.653,265.59,8.34,6751.12,6356.27,394.85,117.73,8.35
3526902,Limeira,SP,-22.566,-47.397,301292.0,58072.44,7871.28,13.554,180.62,7.37,4282.74,4080.92,201.82,377.8,7.42
3527009,Lindóia,SP,-22.5226,-46.65,7158.0,4876.36,239.62,4.914,154.91,15.47,754.14,732.63,21.51,58.17,15.65
3527108,Lins,SP,-21.6718,-49.7526,76844.0,57004.48,2086.13,3.66,404.54,7.7,4387.86,3717.01,670.85,1299.08,7.88
3527207,Lorena,SP,-22.7334,-45.1197,87468.0,41419.27,1783.96,4.307,58.35,21.85,9049.15,8449.56,599.59,226.98,21.97
3527256,Lourdes,SP,-20.966,-50.2263,1962.0,11393.58,50.59,0.444,496.83,10.46,1191.2,901.77,289.43,64.89,10.51
3527306,Louveira,SP,-23.0856,-46.9484,54865.0,5572.99,1289.5,23.138,107.19,19.62,1093.43,1085.68,7.75,42.28,19.77
3527405,Lucélia,SP,-21.7182,-51.0215,20378.0,31480.13,511.36,1.624,476.56,5.23,1645.49,1490.56,154.93,98.31,5.24
3527504,Lucianópolis,SP,-22.4294,-49.522,2423.0,18952.15,83.13,0.439,321.73,13.84,2622.78,2255.42,367.36,13.49,13.85
3527603,Luís Antônio,SP,-21.55,-47.7801,12564.0,59826.82,523.7,0.875,297.27,30.02,17958.63,15899.76,2058.87,448.78,30.24
3527702,Luiziânia,SP,-21.6737,-50.3294,4740.0,16656.7,131.92,0.792,438.78,7.91,1317.71,873.37,444.34,40.78,7.93
3527801,Lupércio,SP,-22.4146,-49.818,4004.0,15517.43,88.61,0.571,341.54,23.8,3692.56,3544.46,148.1,11.26,23.81
3527900,Lutécia,SP,-22.3384,-50.394,2697.0,47520.7,71.83,0.151,383.97,11.47,5448.45,4832.7,615.74,42.86,11.48
3528007,Macatuba,SP,-22.5002,-48.7102,17140.0,22451.57,732.97,3.265,267.27,4.51,1011.65,885.92,125.73,698.1,4.65
3528106,Macaubal,SP,-20.8022,-49.9687,7581.0,24807.66,171.94,0.693,494.98,8.49,2106.68,1851.8,254.87,11.8,8.5
3528205,Macedônia,SP,-20.1444,-50.1973,4058.0,32757.69,109.45,0.334,567.47,8.67,2841.34,1808.96,1032.38,278.2,8.75
3528304,Magda,SP,-20.6445,-50.2305,3211.0,31228.59,96.2,0.308,525.71,13.77,4299.87,3935.58,364.28,28.84,13.78
3528403,Mairinque,SP,-23.5398,-47.185,51888.0,21013.86,2190.3,10.423,83.25,36.67,7705.26,7103.44,601.82,362.25,37.31
3528502,Mairiporã,SP,-23.3171,-46.5897,97835.0,32069.87,1828.07,5.7,67.95,65.14,20890.52,20481.93,408.59,411.96,65.99
3528601,Manduri,SP,-23.0056,-49.3202,10122.0,22905.98,372.28,1.625,258.49,10.3,2358.52,2126.11,232.41,115.05,10.35
3528700,Marabá Paulista,SP,-22.1068,-51.9617,4619.0,91950.86,92.62,0.101,498.34,8.24,7581.25,3949.62,3631.63,128.36,8.26
3528809,Maracaí,SP,-22.6149,-50.6713,12804.0,53350.32,398.3,0.747,372.88,4.9,2612.08,2255.74,356.34,3149.69,5.2
3528858,Marapoama,SP,-21.2587,-49.13,3415.0,11126.02,132.3,1.189,402.72,4.42,491.41,449.09,42.32,20.95,4.43
3528908,Mariápolis,SP,-21.7959,-51.1824,3526.0,18654.77,86.57,0.464,477.7,2.56,477.6,430.11,47.49,87.23,2.57
3529005,Marília,SP,-22.2171,-49.9501,247348.0,117051.27,5752.68,4.915,367.18,16.24,19004.7,17558.65,1446.05,127.11,16.25
3529104,Marinópolis,SP,-20.4389,-50.8254,1862.0,7781.63,53.95,0.693,579.77,5.26,409.23,221.94,187.29,87.88,5.32
3529203,Martinópolis,SP,-22.1462,-51.1709,25240.0,125408.44,663.2,0.529,444.57,8.83,11075.71,9584.67,1491.04,278.57,8.85
3529302,Matão,SP,-21.6025,-48.364,81075.0,52492.75,2483.43,4.731,325.82,10.58,5551.88,5143.63,408.25,99.82,10.6
3529401,Mauá,SP,-23.6677,-46.4613,429014.0,6193.02,4249.22,68.613,26.97,17.27,1069.81,1045.6,24.2,25.77,17.35
3529500,Mendonça,SP,-21.1757,-49.5791,6420.0,19512.63,248.49,1.273,437.43,8.87,1731.15,1507.47,223.68,1280.17,9.49
3529609,Meridiano,SP,-20.3579,-50.1811,4721.0,22821.47,229.29,1.005,547.43,12.87,2938.09,2481.62,456.47,26.77,12.89
3529658,Mesópolis,SP,-19.9684,-50.6326,1990.0,14863.84,50.07,0.337,610.38,4.83,718.34,485.65,232.69,1081.58,5.21
3529708,Miguelópolis,SP,-20.1796,-48.031,19621.0,82080.94,475.1,0.579,445.76,6.37,5226.59,3312.79,1913.79,11387.89,7.39
3529807,Mineiros do Tietê,SP,-22.412,-48.451,11322.0,21325.7,418.35,1.962,257.84,8.33,1776.65,1754.3,22.35,1400.73,8.92
3529906,Miracatu,SP,-24.2766,-47.4625,18610.0,100147.51,474.77,0.474,39.18,86.11,86236.21,86172.72,63.49,353.21,86.41
3530003,Mira Estrela,SP,-19.9789,-50.139,3209.0,21682.08,94.67,0.437,578.99,7.11,1541.52,1089.5,452.03,5093.78,9.29
3530102,Mirandópolis,SP,-21.1313,-51.1035,28754.0,91770.37,623.42,0.679,535.26,8.61,7904.07,6637.75,1266.32,855.2,8.69
3530201,Mirante do Paranapanema,SP,-22.2904,-51.9084,16031.0,123895.36,316.02,0.255,479.58,6.6,8175.95,2961.22,5214.73,302.09,6.62
3530300,Mirassol,SP,-20.8169,-49.5206,65811.0,24321.68,1945.11,7.997,465.98,7.3,1776.09,1609.61,166.48,53.73,7.32
3530409,Mirassolândia,SP,-20.6179,-49.4617,4783.0,16612.86,112.65,0.678,481.03,9.44,1567.88,1251.39,316.49,33.11,9.46
3530508,Mococa,SP,-21.4647,-47.0024,69372.0,85515.53,1886.71,2.206,277.08,17.3,14791.31,14416.56,374.75,772.67,17.45
3530607,Mogi das Cruzes,SP,-23.5208,-46.1854,470302.0,71255.21,8572.17,12.03,35.69,45.35,32316.17,30375.0,1941.17,2113.63,46.74
3530706,Mogi Guaçu,SP,-22.3675,-46.9428,160318.0,81270.72,4087.09,5.029,179.18,15.76,12807.42,12314.08,493.35,1056.02,15.97
3530805,Mogi Mirim,SP,-22.4332,-46.9532,95742.0,49772.82,3172.82,6.375,172.67,7.04,3503.69,2642.53,861.16,486.7,7.11
3530904,Mombuca,SP,-22.9285,-47.559,3830.0,13369.05,126.14,0.944,161.12,11.47,1533.96,1510.77,23.18,17.57,11.49
3531001,Monções,SP,-20.8509,-50.0975,1947.0,10438.84,80.0,0.766,499.28,8.22,857.99,515.0,342.99,61.25,8.27
3531100,Mongaguá,SP,-24.0809,-46.6265,64845.0,14108.84,1627.29,11.534,2.61,67.93,9584.37,9437.95,146.42,4.99,67.96
3531209,Monte Alegre do Sul,SP,-22.6817,-46.681,8923.0,11029.42,268.49,2.434,138.3,29.32,3234.37,3184.96,49.42,22.06,29.38
3531308,Monte Alto,SP,-21.2655,-48.4971,48758.0,34696.46,1224.34,3.529,363.89,7.53,2613.15,2335.26,277.89,83.12,7.55
3531407,Monte Aprazível,SP,-20.768,-49.7184,22668.0,49555.69,614.75,1.241,482.24,6.72,3332.0,2793.08,538.92,68.66,6.73
3531506,Monte Azul Paulista,SP,-20.9065,-48.6387,18337.0,26345.73,516.91,1.962,404.81,5.72,1507.64,1411.85,95.79,50.94,5.73
3531605,Monte Castelo,SP,-21.2981,-51.5679,4306.0,23355.17,125.66,0.538,545.61,16.03,3743.87,1863.01,1880.87,88.68,16.09
3531704,Monteiro Lobato,SP,-22.9544,-45.8407,4205.0,33275.62,33.9,0.102,86.31,57.31,19071.72,18921.76,149.95,32.17,57.37
3531803,Monte Mor,SP,-22.945,-47.3122,67832.0,24057.56,1623.46,6.748,142.18,8.48,2040.23,916.36,1123.87,207.02,8.55
3531902,Morro Agudo,SP,-20.7288,-48.0581,28521.0,138810.95,797.88,0.575,391.35,8.43,11698.73,6581.37,5117.37,1544.39,8.52
3532009,Morungaba,SP,-22.8811,-46.7896,14147.0,14674.4,313.87,2.139,120.31,22.83,3350.29,3231.7,118.59,102.66,22.99
3532058,Motuca,SP,-21.5103,-48.1538,4071.0,22870.66,127.48,0.557,321.21,9.16,2096.05,1554.46,541.59,181.52,9.24
3532108,Murutinga do Sul,SP,-20.9908,-51.2774,3748.0,25084.73,90.05,0.359,558.68,7.96,1997.0,1635.6,361.41,12.37,7.96
3532157,Nantes,SP,-22.6156,-51.24,2697.0,28667.48,92.76,0.324,407.22,6.13,1758.27,1630.7,127.56,3521.6,6.99
3532207,Narandiba,SP,-22.4057,-51.5274,5956.0,35733.38,317.13,0.888,444.01,13.6,4860.51,4085.85,774.66,805.55,13.92
3532306,Natividade da Serra,SP,-23.3707,-45.4468,7155.0,83336.77,109.34,0.131,27.08,47.77,39812.53,39032.27,780.26,7559.45,52.54
3532405,Nazaré Paulista,SP,-23.1747,-46.3983,18675.0,32626.3,557.62,1.709,79.33,51.52,16807.44,16567.97,239.47,2048.47,54.97
3532504,Neves Paulista,SP,-20.843,-49.6358,9953.0,21905.79,236.58,1.08,470.48,6.19,1355.66,1196.16,159.51,37.4,6.2
3532603,Nhandeara,SP,-20.6945,-50.0436,9915.0,43615.65,296.54,0.68,509.17,8.84,3853.89,3242.35,611.54,23.29,8.84
3532702,Nipoã,SP,-20.9114,-49.7833,4876.0,13760.07,125.39,0.911,473.56,7.34,1009.87,853.76,156.1,10.96,7.34
3532801,Nova Aliança,SP,-21.0156,-49.4986,6885.0,21750.95,182.22,0.838,446.63,10.49,2282.45,2187.35,95.1,42.13,10.51
3532827,Nova Campina,SP,-24.1224,-48.9022,8630.0,38538.15,271.81,0.705,138.08,42.13,16235.72,15255.28,980.45,25.67,42.16
3532843,Nova Canaã Paulista,SP,-20.3836,-50.9483,2055.0,12446.33,56.24,0.452,592.05,4.61,573.7,319.44,254.26,270.48,4.71
3532868,Nova Castilho,SP,-20.7615,-50.3477,1072.0,18337.98,36.84,0.201,522.69,9.16,1680.55,1356.15,324.4,28.38,9.18
3532900,Nova Europa,SP,-21.7765,-48.5705,9459.0,16023.98,294.15,1.836,323.27,8.15,1306.43,998.55,307.88,48.65,8.18
3533007,Nova Granada,SP,-20.5321,-49.3123,19733.0,53183.09,507.25,0.954,479.91,10.56,5615.78,4382.67,1233.1,167.56,10.59
3533106,Nova Guataporanga,SP,-21.332,-51.6447,2188.0,3415.12,73.74,2.159,546.76,2.62,89.6,42.8,46.8,3.0,2.63
3533205,Nova Independência,SP,-21.1026,-51.4905,4847.0,26503.23,163.49,0.617,559.92,13.43,3558.56,1839.29,1719.27,110.64,13.48
3533254,Novais,SP,-20.9893,-48.9141,4463.0,11778.93,85.28,0.724,414.48,6.64,782.43,693.22,89.22,3.09,6.64
3533304,Nova Luzitânia,SP,-20.856,-50.2617,2817.0,7383.49,68.12,0.923,509.04,10.6,782.89,688.18,94.72,32.05,10.65
3533403,Nova Odessa,SP,-22.7832,-47.2941,64596.0,7377.72,1937.22,26.258,154.92,6.57,484.82,288.49,196.33,160.06,6.72
3533502,Novo Horizonte,SP,-21.4651,-49.2234,39494.0,93176.06,1177.29,1.264,389.59,12.35,11508.42,10953.93,554.49,11491.08,14.09
3533601,Nuporanga,SP,-20.7296,-47.7429,7570.0,34827.13,266.33,0.765,378.05,8.91,3101.88,3009.7,92.18,94.43,8.93
3533700,Ocauçu,SP,-22.438,-49.922,4418.0,30102.16,102.0,0.339,346.01,18.91,5692.14,5092.83,599.31,13.99,18.92
3533809,Óleo,SP,-22.9435,-49.3419,2535.0,19895.27,113.74,0.572,265.29,9.04,1798.67,1732.99,65.68,28.71,9.05
3533908,Olímpia,SP,-20.7366,-48.9106,56874.0,80255.36,1893.2,2.359,436.53,9.87,7921.92,6820.96,1100.96,130.84,9.89
3534005,Onda Verde,SP,-20.6042,-49.2929,4942.0,24292.42,120.19,0.495,472.41,9.08,2204.86,1904.32,300.54,52.38,9.1
3534104,Oriente,SP,-22.1549,-50.0971,6180.0,21867.55,197.02,0.901,381.87,18.6,4067.16,3790.91,276.25,31.52,18.63
3534203,Orindiúva,SP,-20.1861,-49.3464,6157.0,24737.98,190.84,0.771,512.57,10.7,2646.89,1869.53,777.36,348.48,10.85
3534302,Orlândia,SP,-20.7169,-47.8852,39144.0,29177.16,1199.74,4.112,385.03,7.09,2069.28,2029.57,39.71,48.74,7.1
3534401,Osasco,SP,-23.5324,-46.7916,759524.0,6497.53,5853.1,90.082,58.22,5.02,326.02,313.29,12.73,38.36,5.05
3534500,Oscar Bressane,SP,-22.3149,-50.2811,2502.0,22212.66,72.67,0.327,380.0,10.41,2311.66,2191.86,119.8,20.73,10.42
3534609,Osvaldo Cruz,SP,-21.7968,-50.8793,32112.0,24801.84,854.07,3.444,461.35,7.86,1949.02,1853.95,95.07,49.79,7.87
3534708,Ourinhos,SP,-22.9797,-49.8697,106911.0,29580.51,3258.74,11.016,295.44,6.27,1855.08,1207.33,647.74,562.64,6.39
3534757,Ouroeste,SP,-20.0061,-50.3768,10660.0,28863.28,455.42,1.578,590.89,11.3,3261.8,2527.58,734.21,709.29,11.59
3534807,Ouro Verde,SP,-21.4872,-51.7024,7900.0,26678.2,249.67,0.936,535.84,12.44,3319.02,1060.78,2258.23,60.79,12.47
3534906,Pacaembu,SP,-21.5627,-51.2654,15273.0,33939.05,320.01,0.943,504.2,4.69,1591.24,1074.45,516.79,51.2,4.7
3535002,Palestina,SP,-20.39,-49.4309,11704.0,69767.19,372.19,0.533,499.92,9.53,6650.1,4552.74,2097.36,243.27,9.57
3535101,Palmares Paulista,SP,-21.0854,-48.8037,9666.0,8212.91,212.22,2.584,399.02,7.06,579.63,466.84,112.79,19.88,7.07
3535200,Palmeira d'Oeste,SP,-20.4148,-50.7632,8971.0,31875.1,229.09,0.719,578.41,5.13,1635.51,1133.55,501.96,93.27,5.15
3535309,Palmital,SP,-22.7858,-50.218,19714.0,54839.64,732.05,1.335,332.37,4.84,2654.78,2033.19,621.59,1326.31,4.96
3535408,Panorama,SP,-21.354,-51.8562,15227.0,35602.2,737.4,2.071,557.06,12.84,4572.23,1489.02,3083.21,4122.76,14.52
3535507,Paraguaçu Paulista,SP,-22.4114,-50.5732,42049.0,100149.92,1187.9,1.186,386.96,8.14,8153.54,7017.69,1135.85,286.01,8.16
3535606,Paraibuna,SP,-23.3872,-45.6639,17959.0,80960.39,509.07,0.629,36.8,34.67,28072.64,27733.22,339.43,8263.7,38.62
3535705,Paraíso,SP,-21.0159,-48.7761,6218.0,15519.07,161.75,1.042,403.36,6.36,986.28,910.47,75.81,12.54,6.36
3535804,Paranapanema,SP,-23.3862,-48.7214,19853.0,101867.68,1993.39,1.957,187.72,14.46,14730.82,13667.37,1063.44,8893.07,15.84
3535903,Paranapuã,SP,-20.1048,-50.5886,4118.0,14033.01,130.67,0.931,595.67,4.42,620.65,328.85,291.79,43.32,4.44
3536000,Parapuã,SP,-21.7792,-50.7949,10720.0,36667.63,412.32,1.124,458.38,5.47,2005.95,1634.51,371.43,79.04,5.48
3536109,Pardinho,SP,-23.0841,-48.3679,7435.0,20990.26,971.58,4.629,196.33,18.42,3866.0,3737.47,128.53,60.41,18.47
3536208,Pariquera-Açu,SP,-24.7147,-47.8742,19603.0,35940.43,430.89,1.199,18.64,65.17,23421.46,22923.87,497.59,95.21,65.34
3536257,Parisi,SP,-20.3034,-50.0163,3030.0,8473.86,60.04,0.709,542.16,6.29,533.31,356.9,176.4,11.42,6.3
3536307,Patrocínio Paulista,SP,-20.6384,-47.2801,14888.0,60283.66,409.9,0.68,372.81,27.6,16641.0,16023.71,617.29,108.35,27.65
3536406,Paulicéia,SP,-21.3153,-51.8321,8255.0,37412.33,472.55,1.263,559.14,21.06,7877.64,2895.43,4982.21,3162.47,23.0
3536505,Paulínia,SP,-22.7542,-47.1488,116674.0,13877.44,4964.18,35.772,149.21,10.3,1429.57,510.76,918.81,145.23,10.41
3536570,Paulistânia,SP,-22.5768,-49.4008,2156.0,25614.0,101.07,0.395,301.2,17.95,4598.27,4350.88,247.39,12.24,17.96
3536604,Paulo de Faria,SP,-20.0296,-49.4,7390.0,73798.62,193.22,0.262,529.9,9.46,6982.91,5531.45,1451.47,4749.36,10.11
3536703,Pederneiras,SP,-22.3511,-48.7781,46337.0,72747.52,1826.9,2.511,284.25,10.8,7857.02,7360.55,496.47,1354.08,11.01
3536802,Pedra Bela,SP,-22.7902,-46.4455,6745.0,15858.35,126.2,0.796,120.15,19.74,3131.2,3046.53,84.67,17.51,19.77
3536901,Pedranópolis,SP,-20.2474,-50.1129,2856.0,26009.42,58.9,0.226,553.06,8.99,2339.23,1489.99,849.24,219.86,9.07
3537008,Pedregulho,SP,-20.2535,-47.4775,15737.0,71261.17,405.13,0.569,419.29,29.26,20848.57,20492.73,355.84,1098.1,29.71
3537107,Pedreira,SP,-22.7413,-46.8948,44385.0,10881.39,918.86,8.444,138.66,17.2,1871.86,1781.58,90.29,101.51,17.36
3537156,Pedrinhas Paulista,SP,-22.8174,-50.7933,2833.0,15231.77,149.2,0.98,361.45,1.59,242.52,139.55,102.97,2607.18,1.92
3537206,Pedro de Toledo,SP,-24.2764,-47.2354,11617.0,67043.54,144.89,0.216,24.72,92.82,62232.05,62224.78,7.27,12.02,92.84
3537305,Penápolis,SP,-21.4148,-50.0769,63426.0,71129.05,1866.83,2.625,446.68,5.62,3994.31,2759.01,1235.3,3678.93,5.92
3537404,Pereira Barreto,SP,-20.6368,-51.1123,24360.0,97425.51,761.34,0.781,579.38,5.55,5403.25,4317.84,1085.41,23020.62,7.26
3537503,Pereiras,SP,-23.0804,-47.972,9013.0,22316.13,278.24,1.247,169.16,6.17,1377.86,1329.67,48.2,112.71,6.21
3537602,Peruíbe,SP,-24.312,-47.0012,70629.0,32389.35,2718.38,8.393,2.19,75.43,24430.94,23724.34,706.6,350.92,76.26
3537701,Piacatu,SP,-21.5921,-50.6003,5631.0,23249.76,167.22,0.719,462.96,9.54,2218.43,1975.47,242.96,120.42,9.59
3537800,Piedade,SP,-23.7139,-47.4256,54266.0,74685.24,1304.76,1.747,79.48,44.92,33547.79,33175.12,372.66,666.69,45.32
3537909,Pilar do Sul,SP,-23.8077,-47.7222,28459.0,68126.76,1065.73,1.564,94.2,31.32,21336.35,20879.56,456.79,512.09,31.56
3538006,Pindamonhangaba,SP,-22.9246,-45.4613,172681.0,73134.15,4268.41,5.836,70.38,32.7,23912.47,22886.18,1026.28,937.59,33.12
3538105,Pindorama,SP,-21.1853,-48.9086,14704.0,18482.01,380.99,2.061,397.34,7.09,1309.83,1115.54,194.29,35.49,7.1
3538204,Pinhalzinho,SP,-22.7811,-46.5897,15676.0,15455.14,503.9,3.26,125.64,17.62,2723.57,2680.71,42.86,77.05,17.71
3538303,Piquerobi,SP,-21.8747,-51.7282,3287.0,48277.26,105.87,0.219,502.77,6.94,3351.69,1542.32,1809.37,86.75,6.96
3538501,Piquete,SP,-22.6069,-45.1869,12516.0,17599.94,204.99,1.165,72.76,51.47,9058.15,8824.76,233.39,7.11,51.49
3538600,Piracaia,SP,-23.0525,-46.3594,26795.0,38556.41,824.02,2.137,90.02,35.98,13872.41,13277.9,594.51,2231.22,38.19
3538709,Piracicaba,SP,-22.7338,-47.6476,440835.0,137808.13,10645.94,7.725,182.73,12.0,16530.5,14167.28,2363.22,2098.27,12.18
3538808,Piraju,SP,-23.1981,-49.3803,30294.0,50459.26,864.86,1.714,245.55,16.42,8283.46,8062.81,220.65,4442.55,18.0
3538907,Pirajuí,SP,-21.999,-49.4608,22734.0,82379.6,684.07,0.83,357.68,10.57,8709.91,7499.15,1210.76,1722.54,10.8
3539004,Pirangi,SP,-21.0886,-48.6607,11085.0,21580.56,287.84,1.334,389.73,5.25,1132.98,1024.19,108.79,10.53,5.25
3539103,Pirapora do Bom Jesus,SP,-23.3965,-46.9991,18925.0,10850.22,288.17,2.656,83.85,56.28,6106.37,5820.26,286.12,491.22,58.95
3539202,Pirapozinho,SP,-22.2711,-51.4976,26097.0,47765.68,694.22,1.453,453.55,7.09,3387.65,2177.4,1210.25,2267.87,7.45
3539301,Pirassununga,SP,-21.996,-47.4257,75594.0,72715.72,2627.24,3.613,236.51,14.97,10884.58,10093.65,790.93,560.24,15.08
3539400,Piratininga,SP,-22.4142,-49.1339,15657.0,40242.21,628.28,1.561,300.77,16.44,6616.74,5883.51,733.23,34.37,16.46
3539509,Pitangueiras,SP,-21.0132,-48.221,34361.0,43063.29,874.03,2.03,371.53,5.61,2414.38,846.69,1567.69,482.58,5.67
3539608,Planalto,SP,-21.0342,-49.933,4451.0,28983.32,144.69,0.499,472.74,13.36,3871.58,2933.87,937.71,158.61,13.43
3539707,Platina,SP,-22.6371,-50.2104,3055.0,32749.4,84.33,0.257,345.89,9.24,3027.0,2877.66,149.34,23.4,9.25
3539806,Poá,SP,-23.5333,-46.3473,106355.0,1725.74,1475.0,85.471,40.42,4.95,85.41,68.99,16.43,4.11,4.96
3539905,Poloni,SP,-20.7829,-49.8258,5702.0,13512.73,155.89,1.154,487.56,6.47,874.61,797.48,77.13,11.22,6.48
3540002,Pompéia,SP,-22.107,-50.176,20520.0,78469.75,669.27,0.853,391.03,9.17,7192.13,5620.33,1571.8,56.28,9.17
3540101,Pongaí,SP,-21.7396,-49.3604,3440.0,18338.68,102.25,0.558,374.79,5.35,981.92,806.36,175.56,923.74,5.64
3540200,Pontal,SP,-21.0216,-48.0423,38286.0,35636.54,679.3,1.906,361.69,5.83,2075.95,1281.43,794.52,402.49,5.89
3540259,Pontalinda,SP,-20.4396,-50.5258,4198.0,20952.97,80.63,0.385,562.7,10.58,2217.26,1689.46,527.8,20.39,10.59
3540309,Pontes Gestal,SP,-20.1727,-49.7064,2411.0,21748.73,195.61,0.899,536.37,10.94,2380.39,1682.69,697.7,483.93,11.19
3540408,Populina,SP,-19.9453,-50.538,4182.0,31596.48,153.44,0.486,606.37,7.14,2257.13,1504.47,752.65,1976.2,7.62
3540507,Porangaba,SP,-23.1761,-48.1195,10850.0,26570.56,518.71,1.952,171.14,10.84,2879.21,2791.27,87.94,54.76,10.86
3540606,Porto Feliz,SP,-23.2093,-47.5251,58605.0,55668.55,2157.4,3.875,131.95,8.62,4799.5,4095.43,704.07,721.84,8.73
3540705,Porto Ferreira,SP,-21.8498,-47.487,53966.0,24490.82,1738.33,7.098,253.82,15.13,3706.03,3319.72,386.31,318.41,15.33
3540754,Potim,SP,-22.8343,-45.2552,20801.0,4463.62,253.12,5.671,64.44,3.52,156.94,118.96,37.98,85.19,3.58
3540804,Potirendaba,SP,-21.0428,-49.3815,19097.0,34248.9,520.75,1.52,437.17,7.1,2432.84,2217.17,215.66,89.53,7.12
3540853,Pracinha,SP,-21.8496,-51.0868,2589.0,6304.32,55.7,0.883,467.46,2.22,140.26,127.7,12.55,24.19,2.23
3540903,Pradópolis,SP,-21.3626,-48.0679,17299.0,16735.67,592.82,3.542,330.16,6.47,1082.44,393.21,689.23,339.59,6.6
3541000,Praia Grande,SP,-24.0084,-46.4121,368539.0,14693.34,4018.1,27.346,0.6,62.73,9217.0,9168.88,48.12,114.43,63.22
3541059,Pratânia,SP,-22.8112,-48.6636,5264.0,17509.87,139.63,0.797,238.24,12.53,2193.74,2132.23,61.52,57.13,12.57
3541109,Presidente Alves,SP,-22.0999,-49.4381,3830.0,28661.05,126.4,0.441,347.07,19.16,5490.56,5167.82,322.74,16.93,19.17
3541208,Presidente Bernardes,SP,-22.0082,-51.5565,14803.0,74924.96,408.21,0.545,480.25,8.5,6370.58,5158.82,1211.76,47.94,8.51
3541307,Presidente Epitácio,SP,-21.7651,-52.1111,40322.0,126026.5,1539.66,1.222,537.07,8.01,10098.13,4433.0,5665.13,23749.04,9.87
3541406,Presidente Prudente,SP,-22.1207,-51.3925,234706.0,56060.43,5951.31,10.616,460.13,7.66,4294.78,4059.63,235.14,130.73,7.68
3541505,Presidente Venceslau,SP,-21.8732,-51.8447,35810.0,75518.05,1081.56,1.432,510.34,8.35,6307.02,2519.06,3787.96,187.56,8.37
3541604,Promissão,SP,-21.5356,-49.8599,35973.0,77922.9,776.34,0.996,423.25,8.4,6543.58,4925.91,1617.67,4123.62,8.87
3541653,Quadra,SP,-23.2993,-48.0547,3477.0,20568.54,286.01,1.391,156.73,10.53,2165.05,1862.36,302.69,312.39,10.69
3541703,Quatá,SP,-22.2456,-50.6966,13412.0,65133.77,440.12,0.676,409.21,11.26,7331.46,6385.81,945.65,65.36,11.27
3541802,Queiroz,SP,-21.7969,-50.2415,3366.0,23490.65,187.27,0.797,422.42,8.39,1971.44,975.78,995.67,15.64,8.4
3541901,Queluz,SP,-22.5312,-44.7781,9074.0,24938.86,244.31,0.98,57.87,50.62,12624.76,10676.44,1948.31,231.65,51.1
3542008,Quintana,SP,-22.0692,-50.307,7260.0,31893.91,249.1,0.781,402.65,12.82,4088.49,3451.76,636.73,39.82,12.84
3542107,Rafard,SP,-23.0105,-47.5318,9145.0,12163.22,290.46,2.388,151.55,8.01,973.94,944.92,29.02,54.89,8.04
3542206,Rancharia,SP,-22.2269,-50.893,29387.0,158747.99,843.75,0.532,421.39,9.96,15816.36,13702.47,2113.89,775.64,10.01
3542305,Redenção da Serra,SP,-23.2638,-45.5422,4637.0,30943.58,64.44,0.208,42.16,33.15,10258.73,10088.11,170.62,1172.55,34.46
3542404,Regente Feijó,SP,-22.2181,-51.3055,20620.0,26331.08,747.25,2.838,446.13,6.54,1722.13,1614.64,107.49,14.26,6.54
3542503,Reginópolis,SP,-21.8914,-49.2268,7820.0,41041.4,158.57,0.386,353.04,11.4,4678.28,4206.81,471.47,2504.12,12.14
3542602,Registro,SP,-24.4979,-47.8449,61927.0,72221.23,1621.24,2.245,35.67,54.49,39356.39,38200.86,1155.53,1193.46,55.41
3542701,Restinga,SP,-20.6056,-47.4833,6486.0,24573.68,168.06,0.684,382.05,17.64,4335.04,4199.68,135.36,131.52,17.74
3542800,Ribeira,SP,-24.6517,-49.0044,3158.0,33573.48,32.17,0.096,92.21,64.6,21688.56,21676.01,12.55,214.5,65.02
3542909,Ribeirão Bonito,SP,-22.0685,-48.182,11040.0,47156.06,317.1,0.672,274.18,21.03,9915.96,9573.25,342.71,51.87,21.05
3543006,Ribeirão Branco,SP,-24.2206,-48.7635,18942.0,69748.17,373.51,0.536,120.33,46.36,32332.58,31117.07,1215.52,145.1,46.45
3543105,Ribeirão Corrente,SP,-20.4579,-47.5904,4717.0,14832.2,91.61,0.618,401.01,14.28,2118.35,2117.35,1.01,24.41,14.31
3543204,Ribeirão do Sul,SP,-22.789,-49.933,4776.0,20321.19,113.97,0.561,316.95,6.82,1385.53,1287.31,98.22,32.88,6.83
3543238,Ribeirão dos Índios,SP,-21.8382,-51.6103,2040.0,19643.3,45.72,0.233,498.66,7.16,1405.92,627.29,778.62,65.24,7.18
3543253,Ribeirão Grande,SP,-24.1011,-48.3679,7571.0,33332.8,245.56,0.737,103.02,67.36,22451.43,22040.89,410.54,37.19,67.43
3543303,Ribeirão Pires,SP,-23.7067,-46.4058,118954.0,9895.59,2423.71,24.493,21.43,49.1,4858.28,4762.79,95.49,480.52,51.6
3543402,Ribeirão Preto,SP,-21.1699,-47.8099,731639.0,65093.86,15722.73,24.154,336.15,7.36,4788.78,4014.72,774.07,361.4,7.4
3543501,Riversul,SP,-23.829,-49.429,5628.0,38586.57,139.16,0.361,191.56,16.95,6540.82,5612.95,927.86,170.05,17.03
3543600,Rifaina,SP,-20.0803,-47.4291,4179.0,16249.13,257.76,1.586,436.08,29.86,4852.2,4803.4,48.79,2045.13,34.16
3543709,Rincão,SP,-21.5894,-48.0728,9101.0,31664.66,216.68,0.684,309.26,11.65,3687.46,1914.5,1772.96,421.52,11.8
3543808,Rinópolis,SP,-21.7284,-50.7239,9334.0,35848.41,270.74,0.755,459.11,6.54,2342.87,1983.9,358.97,135.63,6.56
3543907,Rio Claro,SP,-22.3984,-47.5546,210323.0,49841.34,4890.65,9.812,205.13,15.03,7489.29,7257.65,231.64,215.84,15.09
3544004,Rio das Pedras,SP,-22.8417,-47.6047,32329.0,22667.04,1003.05,4.425,171.15,7.63,1730.45,1621.9,108.55,109.87,7.67
3544103,Rio Grande da Serra,SP,-23.7437,-46.3971,45324.0,3634.2,565.85,15.57,17.25,67.24,2443.68,2311.32,132.36,1.72,67.27
3544202,Riolândia,SP,-19.9868,-49.6836,10444.0,63192.36,210.45,0.333,551.36,9.39,5936.33,5110.96,825.37,5736.51,10.33
3544251,Rosana,SP,-22.5782,-53.0603,17434.0,74399.72,595.07,0.8,547.03,14.48,10772.21,6178.86,4593.35,11673.74,17.17
3544301,Roseira,SP,-22.8938,-45.307,11137.0,12987.02,292.46,2.252,63.86,31.05,4032.87,3917.21,115.66,370.52,31.97
3544400,Rubiácea,SP,-21.3006,-50.7296,2740.0,23646.13,78.58,0.332,496.77,7.95,1880.97,1496.58,384.39,77.96,7.98
3544509,Rubinéia,SP,-20.1759,-51.007,3998.0,24286.51,247.52,1.019,614.52,3.27,793.96,609.61,184.34,8987.89,5.19
3544608,Sabino,SP,-21.4593,-49.5755,5182.0,30525.89,129.36,0.424,412.84,9.61,2932.52,2578.17,354.34,6341.25,12.13
3544707,Sagres,SP,-21.8823,-50.9594,2522.0,14795.56,65.74,0.444,457.61,4.44,657.08,568.73,88.35,32.58,4.45
3544806,Sales,SP,-21.3427,-49.4897,6645.0,30857.6,310.7,1.007,417.16,16.33,5038.66,4794.97,243.69,6061.32,20.32
3544905,Sales Oliveira,SP,-20.7696,-47.8369,11683.0,30578.31,463.6,1.516,377.68,8.04,2457.97,2332.02,125.95,102.03,8.07
3545001,Salesópolis,SP,-23.5288,-45.8465,15381.0,42499.3,270.89,0.637,25.13,48.37,20557.38,20318.73,238.66,2263.87,51.09
3545100,Salmourão,SP,-21.6267,-50.8614,4883.0,17293.3,113.48,0.656,476.38,14.19,2454.08,2342.97,111.11,70.73,14.25
3545159,Saltinho,SP,-22.8442,-47.6754,8407.0,9973.4,357.12,3.581,174.71,11.48,1145.44,1085.26,60.18,44.73,11.54
3545209,Salto,SP,-23.1996,-47.2931,141111.0,13306.71,3465.32,26.042,120.77,6.79,902.97,608.83,294.14,232.3,6.91
3545308,Salto de Pirapora,SP,-23.6474,-47.5743,45262.0,28042.84,1619.31,5.774,94.97,17.38,4873.21,4413.06,460.15,95.28,17.44
3545407,Salto Grande,SP,-22.8894,-49.9831,9221.0,18845.98,378.39,2.008,309.92,7.77,1464.1,1212.71,251.38,633.2,8.04
3545506,Sandovalina,SP,-22.4551,-51.7648,3697.0,45583.25,94.37,0.207,456.15,8.02,3655.18,1787.11,1868.06,1835.38,8.36
3545605,Santa Adélia,SP,-21.2427,-48.8063,14193.0,33026.6,471.29,1.427,385.64,6.33,2091.87,1780.3,311.57,33.62,6.34
3545704,Santa Albertina,SP,-20.0311,-50.7297,6566.0,27271.48,265.65,0.974,611.28,4.14,1128.11,812.91,315.21,3393.5,4.72
3545803,Santa Bárbara d'Oeste,SP,-22.7553,-47.4143,189456.0,27101.54,4231.59,15.614,164.96,6.33,1715.43,1339.78,375.64,462.14,6.44
3546009,Santa Branca,SP,-23.3933,-45.8875,14219.0,27226.11,337.72,1.24,40.29,25.59,6967.72,6826.92,140.8,714.87,26.28
3546108,Santa Clara d'Oeste,SP,-20.09,-50.9491,2694.0,18344.28,82.41,0.449,619.14,4.83,885.48,737.89,147.59,3446.22,5.94
3546207,Santa Cruz da Conceição,SP,-22.1405,-47.4512,4375.0,15013.2,190.09,1.266,223.6,16.39,2459.93,2388.34,71.59,170.34,16.57
3546256,Santa Cruz da Esperança,SP,-21.2951,-47.4304,2168.0,14805.33,53.4,0.361,307.96,27.56,4080.88,3795.15,285.74,214.45,27.97
3546306,Santa Cruz das Palmeiras,SP,-21.8235,-47.248,29489.0,29531.93,662.41,2.243,246.55,18.17,5365.8,5051.74,314.06,187.08,18.29
3546405,Santa Cruz do Rio Pardo,SP,-22.8988,-49.6354,47759.0,111473.28,1495.08,1.341,287.76,8.82,9829.58,9134.84,694.73,386.58,8.85
3546504,Santa Ernestina,SP,-21.4618,-48.3953,6274.0,13442.39,157.95,1.175,340.14,5.37,722.18,541.97,180.21,75.86,5.4
3546603,Santa Fé do Sul,SP,-20.2083,-50.932,36288.0,20654.92,1097.6,5.314,607.2,5.55,1145.84,978.64,167.2,2637.91,6.36
3546702,Santa Gertrudes,SP,-22.4572,-47.5272,23192.0,9829.59,785.33,7.989,198.2,6.48,637.28,501.62,135.66,178.95,6.6
3546801,Santa Isabel,SP,-23.3172,-46.2237,54691.0,36333.1,1248.73,3.437,57.58,41.36,15028.12,14947.66,80.46,719.86,42.2
3546900,Santa Lúcia,SP,-21.685,-48.0885,7144.0,15387.97,142.64,0.927,301.45,12.56,1932.28,1114.42,817.86,70.5,12.61
3547007,Santa Maria da Serra,SP,-22.5661,-48.1593,5308.0,25260.17,191.72,0.759,226.65,16.19,4088.44,3951.39,137.06,2853.92,18.25
3547106,Santa Mercedes,SP,-21.3495,-51.7564,3017.0,16675.35,194.87,1.169,551.58,5.1,851.01,343.09,507.92,24.61,5.11
3547205,Santana da Ponte Pensa,SP,-20.2523,-50.8014,1699.0,12989.66,52.42,0.404,595.68,3.87,502.06,318.77,183.29,41.57,3.88
3547304,Santana de Parnaíba,SP,-23.4439,-46.9178,163787.0,17994.51,3730.95,20.734,74.23,42.11,7578.1,7263.06,315.04,257.27,42.72
3547403,Santa Rita d'Oeste,SP,-20.1414,-50.8358,2796.0,20978.88,60.02,0.286,607.98,5.54,1162.8,789.57,373.23,968.31,5.81
3547502,Santa Rita do Passa Quatro,SP,-21.7083,-47.478,24996.0,75410.79,1081.41,1.434,267.56,23.7,17874.35,16830.39,1043.97,396.82,23.83
3547601,Santa Rosa de Viterbo,SP,-21.4776,-47.3622,23710.0,28857.66,813.95,2.821,286.56,20.35,5872.01,5561.21,310.8,67.68,20.4
3547650,Santa Salete,SP,-20.2429,-50.6887,1692.0,7918.62,59.82,0.755,590.22,5.2,411.88,332.93,78.96,4.28,5.2
3547700,Santo Anastácio,SP,-21.9747,-51.6527,17960.0,55289.81,512.29,0.927,489.24,5.92,3275.02,2028.13,1246.89,98.02,5.93
3547809,Santo André,SP,-23.6737,-46.5432,782048.0,17577.13,6978.31,39.701,30.0,52.01,9142.69,8780.25,362.45,631.86,53.95
3547908,Santo Antônio da Alegria,SP,-21.0864,-47.1464,6933.0,31035.44,174.71,0.563,321.31,28.59,8872.19,8775.09,97.09,21.73,28.61
3548005,Santo Antônio de Posse,SP,-22.6029,-46.9192,23867.0,15412.63,814.44,5.284,153.83,9.27,1428.78,762.75,666.03,140.58,9.36
3548054,Santo Antônio do Aracanguá,SP,-20.9331,-50.498,8593.0,130843.74,328.53,0.251,515.34,7.93,10379.16,8361.29,2017.86,16775.85,9.1
3548104,Santo Antônio do Jardim,SP,-22.1121,-46.6845,6243.0,10995.15,169.35,1.54,198.97,14.76,1622.96,1621.88,1.08,66.13,14.85
3548203,Santo Antônio do Pinhal,SP,-22.827,-45.663,7314.0,13300.32,63.99,0.481,90.76,56.03,7452.47,7414.24,38.23,1.07,56.04
3548302,Santo Expedito,SP,-21.8467,-51.3929,3069.0,9446.37,91.77,0.972,484.89,3.13,296.03,204.79,91.24,19.96,3.14
3548401,Santópolis do Aguapeí,SP,-21.6376,-50.5044,3921.0,12802.66,103.81,0.811,452.94,6.87,879.47,461.07,418.39,45.69,6.89
3548500,Santos,SP,-23.9535,-46.335,429547.0,28073.49,3863.55,13.762,2.03,72.14,20253.22,20065.31,187.91,2268.51,78.49
3548609,São Bento do Sapucaí,SP,-22.6837,-45.7287,11989.0,25258.87,148.51,0.588,108.0,44.76,11305.62,10564.95,740.67,3.97,44.77
3548708,São Bernardo do Campo,SP,-23.6914,-46.5646,841154.0,40954.15,8288.25,20.238,29.66,52.26,21400.87,20683.73,717.14,7352.28,63.69
3548807,São Caetano do Sul,SP,-23.6229,-46.5548,172693.0,1532.12,1532.12,100.0,35.42,0.0,0.0,0.0,0.0,0.0,0.0
3548906,São Carlos,SP,-22.0174,-47.886,266427.0,113690.06,6738.55,5.927,259.34,21.59,24544.79,22981.3,1563.48,541.95,21.69
3549003,São Francisco,SP,-20.3623,-50.6952,2623.0,7556.84,67.07,0.888,579.45,5.1,385.28,210.69,174.59,12.09,5.11
3549102,São João da Boa Vista,SP,-21.9707,-46.7944,96080.0,51642.66,2656.67,5.144,217.74,15.85,8185.78,8133.36,52.41,489.66,16.0
3549201,São João das Duas Pontes,SP,-20.3879,-50.3792,2623.0,12947.76,59.42,0.459,557.53,8.98,1162.54,769.76,392.78,17.71,8.99
3549250,São João de Iracema,SP,-20.5111,-50.3561,1882.0,17840.7,44.95,0.252,545.44,13.54,2415.02,2011.64,403.38,16.52,13.55
3549300,São João do Pau d'Alho,SP,-21.2662,-51.6672,2293.0,11765.25,62.67,0.533,554.14,8.3,976.76,258.51,718.25,27.48,8.32
3549409,São Joaquim da Barra,SP,-20.5812,-47.8593,49885.0,41087.85,1454.82,3.541,397.82,7.15,2938.4,2872.4,66.0,488.01,7.24
3549508,São José da Bela Vista,SP,-20.5935,-47.6424,7664.0,27696.92,165.3,0.597,388.52,12.57,3480.94,3412.89,68.04,170.71,12.65
3549607,São José do Barreiro,SP,-22.6414,-44.5774,3888.0,57067.09,53.32,0.093,37.74,70.29,40112.07,36884.53,3227.54,165.37,70.49
3549706,São José do Rio Pardo,SP,-21.5953,-46.8873,53427.0,41969.04,1469.63,3.502,259.89,15.42,6470.66,6457.34,13.32,811.04,15.72
3549805,São José do Rio Preto,SP,-20.8113,-49.3758,504166.0,43195.57,12015.19,27.816,458.17,5.04,2176.53,1909.47,267.06,125.98,5.05
3549904,São José dos Campos,SP,-23.1896,-45.8841,727078.0,109938.86,13767.71,12.523,62.81,32.49,35724.15,34327.27,1396.88,2033.31,33.11
3549953,São Lourenço da Serra,SP,-23.8491,-46.9432,16479.0,18644.04,223.46,1.199,41.56,85.36,15914.42,15880.99,33.43,56.37,85.62
3550001,São Luiz do Paraitinga,SP,-23.222,-45.3109,10487.0,61730.71,143.41,0.232,36.31,41.16,25409.65,24999.88,409.77,90.07,41.22
3550100,São Manuel,SP,-22.7321,-48.5723,38131.0,65075.95,1383.85,2.127,238.77,9.05,5887.4,5460.69,426.72,4198.48,9.67
3550209,São Miguel Arcanjo,SP,-23.8782,-47.9935,32924.0,93034.67,743.88,0.8,101.7,29.34,27292.21,25990.04,1302.17,343.47,29.44
3550308,São Paulo,SP,-23.5329,-46.6395,11904961.0,152113.53,89724.83,58.985,48.43,27.08,41196.86,39360.74,1836.12,5823.93,28.16
3550407,São Pedro,SP,-22.5483,-47.9096,39855.0,61129.45,1615.37,2.643,215.05,20.31,12415.94,11073.31,1342.64,676.74,20.54
3550506,São Pedro do Turvo,SP,-22.7453,-49.7428,7333.0,73124.08,145.72,0.199,307.9,15.64,11437.88,10853.24,584.63,36.35,15.65
3550605,São Roque,SP,-23.5226,-47.1357,81366.0,30688.68,2083.95,6.791,82.62,49.32,15134.86,14572.1,562.76,92.46,49.47
3550704,São Sebastião,SP,-23.7951,-45.4143,84280.0,39860.72,2431.88,6.101,2.05,87.89,35032.58,34996.1,36.48,181.92,88.29
3550803,São Sebastião da Grama,SP,-21.7041,-46.8208,10428.0,25241.46,276.66,1.096,246.17,23.53,5938.07,5910.2,27.87,93.16,23.61
3550902,São Simão,SP,-21.4732,-47.5518,13560.0,61725.57,549.55,0.89,294.43,22.35,13796.1,12385.04,1411.05,96.05,22.39
3551009,São Vicente,SP,-23.9574,-46.3883,338326.0,14800.26,2771.94,18.729,2.18,66.01,9769.43,9688.21,81.22,1130.6,71.47
3551108,Sarapuí,SP,-23.6397,-47.8249,10677.0,35256.37,391.4,1.11,113.89,20.92,7375.08,5957.14,1417.94,186.81,21.03
3551207,Sarutaiá,SP,-23.2721,-49.4763,3772.0,14160.86,157.02,1.109,245.88,17.75,2513.21,2407.45,105.76,56.14,17.82
3551306,Sebastianópolis do Sul,SP,-20.6523,-49.925,3191.0,16783.12,196.7,1.172,505.33,12.59,2113.52,1616.15,497.37,12.82,12.6
3551405,Serra Azul,SP,-21.3074,-47.5602,13108.0,28316.32,306.88,1.084,311.64,20.07,5681.98,4940.0,741.99,200.72,20.21
3551504,Serrana,SP,-21.2043,-47.5952,45580.0,12604.53,896.02,7.109,323.57,9.85,1241.94,1061.36,180.58,121.16,9.95
3551603,Serra Negra,SP,-22.6139,-46.7033,31047.0,20373.02,861.12,4.227,146.14,20.65,4206.08,3990.06,216.02,101.96,20.75
3551702,Sertãozinho,SP,-21.1316,-47.9875,132176.0,40307.79,3455.76,8.573,348.26,5.56,2242.85,1520.66,722.19,452.92,5.63
3551801,Sete Barras,SP,-24.382,-47.9279,12903.0,106274.28,177.67,0.167,51.0,80.83,85899.77,85019.53,880.24,670.72,81.34
3551900,Severínia,SP,-20.8108,-48.8054,14693.0,14046.89,318.18,2.265,423.46,4.41,619.05,542.86,76.18,61.27,4.43
3552007,Silveiras,SP,-22.6638,-44.8522,6329.0,41479.08,82.72,0.199,46.67,40.57,16827.42,14900.35,1927.07,4.13,40.57
3552106,Socorro,SP,-22.5903,-46.5251,41527.0,44902.15,831.97,1.853,143.73,12.73,5715.32,5595.24,120.08,135.21,12.77
3552205,Sorocaba,SP,-23.4969,-47.4451,762172.0,44987.71,14843.68,32.995,100.39,11.94,5373.5,4313.4,1060.1,250.74,12.01
3552304,Sud Mennucci,SP,-20.6872,-50.9238,7464.0,59472.28,228.96,0.385,563.15,5.32,3166.04,1843.04,1323.01,8214.57,6.18
3552403,Sumaré,SP,-22.8204,-47.2728,291116.0,15348.41,5277.7,34.386,150.31,3.88,595.78,131.91,463.87,202.65,3.93
3552502,Suzano,SP,-23.5448,-46.3112,320261.0,20625.31,5875.47,28.487,38.91,30.29,6247.21,5764.42,482.79,972.62,31.79
3552551,Suzanápolis,SP,-20.4981,-51.0268,3465.0,33061.04,173.93,0.526,586.4,7.64,2524.34,1748.28,776.06,2781.6,8.34
3552601,Tabapuã,SP,-20.9602,-49.0307,11498.0,34578.37,322.2,0.932,424.6,7.68,2654.55,2301.73,352.82,38.31,7.69
3552700,Tabatinga,SP,-21.7239,-48.6896,14997.0,36859.41,406.15,1.102,334.68,8.62,3177.46,2952.08,225.38,34.12,8.63
3552809,Taboão da Serra,SP,-23.6019,-46.7526,285307.0,2039.62,1823.48,89.403,49.93,5.16,105.16,105.16,0.0,0.0,5.16
3552908,Taciba,SP,-22.3866,-51.2882,6418.0,60673.81,121.74,0.201,430.16,9.29,5635.05,4596.76,1038.29,1836.34,9.58
3553005,Taguaí,SP,-23.4452,-49.4024,13068.0,14534.39,249.93,1.72,226.78,9.24,1343.23,1320.55,22.68,88.56,9.3
3553104,Taiaçu,SP,-21.1431,-48.5112,5744.0,10707.16,121.19,1.132,375.74,4.6,492.19,471.14,21.05,8.1,4.6
3553203,Taiúva,SP,-21.1223,-48.4528,6770.0,13246.29,160.8,1.214,374.18,3.09,409.52,305.8,103.73,18.88,3.1
3553302,Tambaú,SP,-21.7029,-47.2703,21650.0,56178.62,767.3,1.366,259.86,22.3,12529.08,11972.99,556.09,213.05,22.39
3553401,Tanabi,SP,-20.6228,-49.6563,26071.0,74721.14,838.2,1.122,491.69,8.06,6025.85,4934.74,1091.11,125.97,8.08
3553500,Tapiraí,SP,-23.9612,-47.5062,8122.0,75507.71,158.79,0.21,66.42,90.98,68697.42,68596.75,100.66,444.2,91.52
3553609,Tapiratiba,SP,-21.4713,-46.7448,11903.0,22188.58,322.86,1.455,267.93,23.66,5249.59,5238.16,11.42,85.35,23.75
3553658,Taquaral,SP,-21.0737,-48.4126,2649.0,5390.23,72.03,1.336,376.33,2.37,127.6,104.21,23.4,12.53,2.37
3553708,Taquaritinga,SP,-21.4049,-48.5103,53264.0,59429.54,1427.11,2.401,352.39,5.31,3154.36,2748.66,405.7,98.71,5.32
3553807,Taquarituba,SP,-23.5307,-49.241,24932.0,44851.71,575.79,1.284,208.52,10.92,4896.86,2847.89,2048.97,1408.77,11.27
3553856,Taquarivaí,SP,-23.9211,-48.6948,7170.0,23180.6,232.8,1.004,139.25,16.92,3922.57,3803.27,119.29,225.2,17.09
3553906,Tarabai,SP,-22.3016,-51.5621,6633.0,20138.7,158.44,0.787,455.14,5.85,1177.3,813.34,363.96,16.49,5.85
3553955,Tarumã,SP,-22.7429,-50.5786,15315.0,30289.67,488.6,1.613,355.81,3.76,1139.65,925.61,214.04,146.28,3.78
3554003,Tatuí,SP,-23.3487,-47.8461,129130.0,52371.94,3653.87,6.977,138.12,10.97,5745.79,4207.87,1537.92,677.16,11.11
3554102,Taubaté,SP,-23.0104,-45.5593,322397.0,62499.73,7654.18,12.247,67.89,22.34,13960.59,13640.0,320.59,477.84,22.51
3554201,Tejupá,SP,-23.3425,-49.3722,4119.0,29619.84,76.73,0.259,232.94,17.7,5241.49,5031.9,209.59,1655.2,18.74
3554300,Teodoro Sampaio,SP,-22.5299,-52.1682,22598.0,155580.91,673.78,0.433,479.65,30.26,47076.58,42642.04,4434.54,6438.49,31.56
3554409,Terra Roxa,SP,-20.787,-48.3314,7965.0,22153.66,181.08,0.817,398.96,7.09,1570.98,996.91,574.07,278.35,7.18
3554508,Tietê,SP,-23.1101,-47.7164,38723.0,40441.15,1377.14,3.405,151.41,8.53,3449.69,3204.62,245.07,659.97,8.67
3554607,Timburi,SP,-23.2057,-49.6096,2484.0,19677.66,89.33,0.454,260.58,28.64,5635.95,5580.87,55.08,2650.74,33.1
3554656,Torre de Pedra,SP,-23.2462,-48.1955,2056.0,7133.9,52.27,0.733,171.17,26.49,1889.87,1877.19,12.67,19.02,26.56
3554706,Torrinha,SP,-22.4237,-48.1731,9484.0,31527.79,269.99,0.856,240.73,13.13,4139.19,4065.02,74.17,43.71,13.15
3554755,Trabiju,SP,-22.0388,-48.3342,1724.0,6343.06,53.8,0.848,285.85,16.51,1047.2,940.09,107.11,10.13,16.54
3554805,Tremembé,SP,-22.9571,-45.5475,53426.0,19110.28,1064.1,5.568,72.93,25.68,4907.29,4789.17,118.12,1024.84,27.13
3554904,Três Fronteiras,SP,-20.2344,-50.8905,7060.0,15159.59,202.31,1.335,602.4,3.97,601.53,288.24,313.29,601.05,4.13
3554953,Tuiuti,SP,-22.8193,-46.6937,6976.0,12674.32,179.9,1.419,123.83,14.73,1866.68,1713.95,152.73,54.9,14.79
3555000,Tupã,SP,-21.9335,-50.5191,65433.0,62798.49,1838.2,2.927,428.11,6.72,4222.27,3403.49,818.78,110.05,6.74
3555109,Tupi Paulista,SP,-21.3825,-51.575,16259.0,24475.62,409.94,1.675,538.14,5.05,1235.98,568.46,667.51,3.67,5.05
3555208,Turiúba,SP,-20.9428,-50.1135,1835.0,15321.6,64.4,0.42,492.62,8.41,1289.0,1030.07,258.93,290.81,8.58
3555307,Turmalina,SP,-20.0486,-50.4792,1662.0,14779.39,48.45,0.328,593.54,9.3,1374.72,787.22,587.5,15.97,9.31
3555356,Ubarana,SP,-21.165,-49.7198,5458.0,20986.19,139.71,0.666,447.46,6.6,1385.34,1109.93,275.41,2492.21,7.49
3555406,Ubatuba,SP,-23.4332,-45.0834,97096.0,70674.37,2528.02,3.577,5.48,91.8,64882.23,64747.34,134.89,478.19,92.43
3555505,Ubirajara,SP,-22.5272,-49.6613,5289.0,28218.69,107.63,0.381,321.83,14.77,4168.33,3865.42,302.91,1.9,14.77
3555604,Uchoa,SP,-20.9511,-49.1713,10670.0,25243.74,313.43,1.242,433.73,7.19,1815.25,1358.64,456.61,33.96,7.2
3555703,União Paulista,SP,-20.8862,-49.9025,1628.0,7906.25,44.68,0.565,483.41,8.31,656.8,545.69,111.11,18.99,8.33
3555802,Urânia,SP,-20.2455,-50.6455,8973.0,20925.81,281.77,1.347,587.36,4.76,995.76,646.4,349.36,25.46,4.76
3555901,Uru,SP,-21.7866,-49.2848,1424.0,14690.23,52.82,0.36,365.74,3.73,547.31,427.13,120.18,1302.33,4.09
3556008,Urupês,SP,-21.2032,-49.2931,14073.0,32391.87,365.03,1.127,417.34,5.72,1854.23,1670.11,184.11,20.62,5.73
3556107,Valentim Gentil,SP,-20.4217,-50.0889,14634.0,14971.99,380.06,2.538,536.01,9.21,1378.71,1215.08,163.64,59.41,9.25
3556206,Valinhos,SP,-22.9698,-46.9974,132258.0,14853.43,3578.45,24.092,120.73,14.24,2114.4,1959.18,155.22,128.99,14.36
3556305,Valparaíso,SP,-21.2229,-50.8699,24779.0,85766.97,657.68,0.767,512.42,9.49,8139.53,6931.16,1208.37,742.16,9.57
3556354,Vargem,SP,-22.887,-46.4124,10863.0,14259.28,349.06,2.448,108.96,28.17,4016.58,3829.02,187.55,1144.04,30.63
3556404,Vargem Grande do Sul,SP,-21.8322,-46.8913,41256.0,26716.33,1196.17,4.477,234.84,10.79,2882.53,2704.23,178.3,349.95,10.93
3556453,Vargem Grande Paulista,SP,-23.5993,-47.022,52352.0,4249.4,1560.25,36.717,69.24,26.99,1147.05,1070.38,76.67,10.34,27.06
3556503,Várzea Paulista,SP,-23.2136,-46.8234,119655.0,3512.93,1799.2,51.217,88.41,19.43,682.44,644.65,37.78,6.01,19.46
3556602,Vera Cruz,SP,-22.2183,-49.8207,10274.0,24771.79,307.45,1.241,358.95,17.47,4328.82,4219.71,109.12,5.14,17.48
3556701,Vinhedo,SP,-23.0302,-46.9833,79089.0,8094.28,2691.1,33.247,114.28,17.78,1439.38,1397.76,41.62,77.15,17.95
3556800,Viradouro,SP,-20.8734,-48.293,17685.0,21773.79,451.51,2.074,388.68,4.69,1021.87,718.81,303.06,146.11,4.72
3556909,Vista Alegre do Alto,SP,-21.1692,-48.6284,8368.0,9541.78,252.02,2.641,380.57,3.06,291.52,241.08,50.44,62.54,3.08
3556958,Vitória Brasil,SP,-20.1956,-50.4875,1828.0,4982.87,50.5,1.014,581.23,5.21,259.5,124.04,135.46,10.76,5.22
3557006,Votorantim,SP,-23.5446,-47.4388,133510.0,18419.9,2645.82,14.364,95.56,26.29,4842.4,4379.99,462.41,1018.08,27.83
3557105,Votuporanga,SP,-20.4237,-49.9781,100568.0,42074.67,2855.87,6.788,529.0,8.8,3700.83,2947.34,753.49,106.72,8.82
3557154,Zacarias,SP,-21.0506,-50.0552,2773.0,31904.11,85.58,0.268,479.32,6.37,2031.2,1369.42,661.78,7279.04,8.25
3557204,Chavantes,SP,-23.0366,-49.7096,12415.0,18872.22,366.99,1.945,281.24,8.32,1570.16,1337.46,232.7,935.69,8.75
3557303,Estiva Gerbi,SP,-22.2713,-46.9481,11609.0,7415.72,359.97,4.854,189.47,11.98,888.56,850.59,37.97,55.71,12.07
4100103,Abatiá,PR,-23.3049,-50.3133,7233.0,22872.05,152.79,0.668,288.93,8.5,1943.04,1915.65,27.39,90.84,8.53
4100202,Adrianópolis,PR,-24.6606,-48.9922,6319.0,134933.13,57.81,0.043,90.66,64.96,87648.78,87576.55,72.24,435.74,65.17
4100301,Agudos do Sul,PR,-25.9899,-49.3343,10770.0,19227.66,316.05,1.644,64.37,42.35,8143.09,8141.23,1.85,57.91,42.48
4100400,Almirante Tamandaré,PR,-25.3188,-49.3037,125861.0,19424.32,3040.79,15.655,64.07,55.72,10823.48,10443.4,380.08,54.36,55.88
4100459,Altamira do Paraná,PR,-24.7983,-52.7128,3496.0,38696.22,66.87,0.173,412.67,19.71,7627.48,7596.56,30.92,741.08,20.1
4100509,Altônia,PR,-23.8759,-53.8958,18634.0,66157.07,554.32,0.838,555.61,28.92,19133.15,5025.2,14107.96,5339.19,31.46
4100608,Alto Paraná,PR,-23.1312,-52.3189,14183.0,40773.12,560.61,1.375,449.48,7.78,3170.64,3084.67,85.97,24.88,7.78
4100707,Alto Piquiri,PR,-24.0224,-53.44,9771.0,44765.33,294.63,0.658,506.46,6.77,3029.9,2802.7,227.2,286.64,6.81
4100806,Alvorada do Sul,PR,-22.7813,-51.2297,10481.0,42425.99,548.82,1.294,392.5,6.61,2804.42,2732.93,71.5,7698.1,8.08
4100905,Amaporã,PR,-23.0943,-52.7866,4688.0,38472.71,202.13,0.525,491.44,6.74,2592.7,2200.88,391.82,163.95,6.77
4101002,Ampére,PR,-25.9168,-53.4686,20337.0,29834.91,649.8,2.178,472.02,20.83,6214.63,6193.91,20.72,55.55,20.87
4101051,Anahy,PR,-24.6449,-53.1332,2971.0,10289.67,107.67,1.046,457.75,10.93,1125.15,1119.93,5.21,49.45,10.99
4101101,Andirá,PR,-23.0533,-50.2304,19989.0,23596.04,670.66,2.842,307.8,4.19,989.75,761.58,228.17,860.49,4.35
4101150,Ângulo,PR,-23.1946,-51.9154,3357.0,10596.0,140.73,1.328,412.13,5.86,621.44,599.96,21.49,52.7,5.89
4101200,Antonina,PR,-25.4386,-48.7191,18140.0,89158.27,451.2,0.506,3.79,88.49,78894.92,77692.27,1202.66,4653.88,93.36
4101309,Antônio Olinto,PR,-25.9804,-50.1972,7048.0,46961.62,129.6,0.276,146.65,40.21,18883.78,18858.64,25.14,351.59,40.51
4101408,Apucarana,PR,-23.55,-51.4635,134910.0,55695.98,3665.91,6.582,351.52,16.73,9315.64,9302.74,12.89,105.61,16.76
4101507,Arapongas,PR,-23.4153,-51.4259,124838.0,38220.97,3554.01,9.299,357.75,12.35,4719.38,4708.7,10.68,75.29,12.37
4101606,Arapoti,PR,-24.1548,-49.8285,26325.0,136074.83,805.59,0.592,183.92,29.41,40018.55,39492.18,526.36,124.47,29.44
4101655,Arapuã,PR,-24.3132,-51.7856,3573.0,21737.55,103.71,0.477,337.78,7.84,1703.17,1703.17,0.0,46.12,7.85
4101705,Araruna,PR,-23.9315,-52.5021,14894.0,49320.03,452.92,0.918,421.42,11.57,5704.6,5586.16,118.44,9.99,11.57
4101804,Araucária,PR,-25.5859,-49.4047,162247.0,46920.51,4779.6,10.187,73.35,31.79,14916.38,13455.87,1460.51,1700.45,32.99
4101853,Ariranha do Ivaí,PR,-24.3857,-51.5839,2351.0,23407.54,58.02,0.248,315.79,11.8,2762.51,2754.75,7.75,327.76,11.97
4101903,Assaí,PR,-23.3697,-50.8459,13477.0,44032.71,457.93,1.04,317.78,10.1,4447.92,4382.48,65.45,605.68,10.24
4102000,Assis Chateaubriand,PR,-24.4168,-53.5213,38357.0,98068.74,1730.61,1.765,501.82,6.77,6638.43,5666.05,972.38,568.45,6.81
4102109,Astorga,PR,-23.2318,-51.6668,26203.0,43479.92,862.62,1.984,389.69,9.43,4099.68,4073.33,26.36,38.43,9.44
4102208,Atalaia,PR,-23.1517,-52.0551,4046.0,13765.59,128.74,0.935,426.37,6.2,853.5,797.4,56.1,51.09,6.22
4102307,Balsa Nova,PR,-25.5804,-49.6291,13867.0,34893.47,415.31,1.19,95.58,40.58,14159.68,8152.95,6006.73,370.87,41.02
4102406,Bandeirantes,PR,-23.1078,-50.3704,31747.0,44516.81,877.32,1.971,310.28,8.03,3573.77,3443.41,130.36,408.14,8.1
4102505,Barbosa Ferraz,PR,-24.0334,-52.004,10580.0,53863.01,504.74,0.937,370.7,15.99,8610.32,8608.27,2.05,386.57,16.1
4102604,Barracão,PR,-26.2502,-53.6324,9903.0,16119.91,287.56,1.784,486.08,24.11,3886.83,3879.76,7.07,30.94,24.16
4102703,Barra do Jacaré,PR,-23.116,-50.1842,2872.0,11582.82,91.12,0.787,299.41,4.83,559.14,532.03,27.1,36.09,4.84
4102752,Bela Vista da Caroba,PR,-25.8842,-53.6725,4122.0,14811.92,77.74,0.525,492.72,22.37,3313.58,3303.42,10.16,30.72,22.42
4102802,Bela Vista do Paraíso,PR,-22.9937,-51.1927,14982.0,24268.11,446.72,1.841,372.45,10.16,2465.76,2448.27,17.48,24.9,10.17
4102901,Bituruna,PR,-26.1607,-51.5518,15650.0,127615.79,430.81,0.338,278.63,58.58,74758.8,73993.87,764.93,4963.31,60.95
4103008,Boa Esperança,PR,-24.2467,-52.7876,4595.0,30294.64,181.12,0.598,435.67,5.72,1733.19,1679.13,54.06,6.21,5.72
4103024,Boa Esperança do Iguaçu,PR,-25.6324,-53.2108,2421.0,15176.57,71.51,0.471,450.71,17.71,2687.71,2684.8,2.91,956.96,18.9
4103040,Boa Ventura de São Roque,PR,-24.8688,-51.6276,6241.0,60816.58,107.05,0.176,303.7,25.51,15512.25,15505.18,7.07,196.52,25.59
4103057,Boa Vista da Aparecida,PR,-25.4308,-53.4117,8023.0,26617.56,315.03,1.184,474.84,19.56,5207.66,5195.36,12.3,2907.86,21.96
4103107,Bocaiúva do Sul,PR,-25.2066,-49.1141,13405.0,82562.96,350.4,0.424,50.96,70.15,57918.02,57909.0,9.01,744.66,70.79
4103156,Bom Jesus do Sul,PR,-26.1958,-53.5955,4072.0,17614.27,69.57,0.395,482.58,26.42,4654.28,4650.25,4.02,3.94,26.43
4103206,Bom Sucesso,PR,-23.7063,-51.7671,6674.0,32273.88,163.49,0.507,367.13,16.39,5289.52,5289.52,0.0,6.07,16.39
4103222,Bom Sucesso do Sul,PR,-26.0731,-52.8353,3244.0,19591.98,116.73,0.596,407.36,14.58,2857.08,2834.46,22.62,90.34,14.65
4103305,Borrazópolis,PR,-23.9366,-51.5875,7818.0,33439.3,218.64,0.654,338.25,12.09,4043.82,4035.87,7.94,555.51,12.3
4103354,Braganey,PR,-24.8173,-53.1218,4745.0,34329.21,164.46,0.479,452.96,15.24,5232.76,5157.22,75.54,234.07,15.35
4103370,Brasilândia do Sul,PR,-24.1978,-53.5275,3861.0,29102.48,164.27,0.564,508.91,7.09,2062.72,1881.56,181.16,332.04,7.17
4103404,Cafeara,PR,-22.789,-51.7142,2648.0,18574.97,79.2,0.426,426.06,4.09,760.2,650.35,109.85,0.25,4.09
4103453,Cafelândia,PR,-24.6189,-53.3207,20145.0,27491.37,630.39,2.293,476.91,9.74,2678.32,2281.36,396.97,80.46,9.77
4103479,Cafezal do Sul,PR,-23.9005,-53.5124,4580.0,33540.28,187.29,0.558,517.96,7.2,2413.91,1692.22,721.69,3.28,7.2
4103503,Califórnia,PR,-23.6566,-51.3574,8963.0,14182.05,288.93,2.037,335.77,10.82,1534.35,1533.28,1.07,5.01,10.82
4103602,Cambará,PR,-23.0423,-50.0753,23393.0,36616.59,706.31,1.929,300.6,4.21,1540.85,1322.57,218.28,866.4,4.31
4103701,Cambé,PR,-23.2766,-51.2798,110923.0,49534.33,2766.19,5.584,356.6,7.32,3625.24,3596.99,28.26,63.16,7.33
4103800,Cambira,PR,-23.589,-51.5792,10045.0,16478.85,293.08,1.778,358.47,12.93,2130.69,2129.7,0.98,3.86,12.93
4103909,Campina da Lagoa,PR,-24.5893,-52.7976,16014.0,79664.02,554.01,0.695,426.02,14.74,11740.37,11618.94,121.43,504.06,14.83
4103958,Campina do Simão,PR,-25.0802,-51.8237,3954.0,44841.47,59.56,0.133,318.91,33.92,15210.0,14833.17,376.84,53.56,33.96
4104006,Campina Grande do Sul,PR,-25.3044,-49.0551,50600.0,53923.8,1514.29,2.808,40.71,73.94,39872.61,39644.85,227.76,845.65,75.12
4104055,Campo Bonito,PR,-25.0294,-52.9939,3997.0,43381.79,128.53,0.296,436.7,28.71,12454.43,12402.77,51.66,176.44,28.83
4104105,Campo do Tenente,PR,-25.98,-49.6844,7693.0,30448.53,247.59,0.813,97.23,32.9,10017.89,9979.92,37.97,123.22,33.03
4104204,Campo Largo,PR,-25.4525,-49.529,144504.0,124376.5,3814.98,3.067,84.85,66.03,82122.85,78266.64,3856.21,674.79,66.39
4104253,Campo Magro,PR,-25.3687,-49.4501,31888.0,27534.82,983.75,3.573,77.61,65.47,18026.82,17278.67,748.14,101.98,65.71
4104303,Campo Mourão,PR,-24.0463,-52.378,104122.0,74963.46,2931.81,3.911,404.73,15.83,11863.67,11600.38,263.29,773.68,15.99
4104402,Cândido de Abreu,PR,-24.5649,-51.3372,15081.0,151017.87,224.45,0.149,285.24,32.2,48633.67,48624.47,9.21,974.82,32.41
4104428,Candói,PR,-25.5758,-52.0409,15174.0,151307.41,377.17,0.249,336.94,25.31,38298.7,34791.17,3507.53,5403.57,26.25
4104451,Cantagalo,PR,-25.3734,-52.1198,10672.0,56808.1,328.26,0.578,345.65,28.38,16119.74,15942.07,177.67,151.86,28.45
4104501,Capanema,PR,-25.6691,-53.8055,21088.0,41859.95,707.63,1.69,508.99,17.26,7223.71,7184.43,39.28,2348.75,18.28
4104600,Capitão Leônidas Marques,PR,-25.4816,-53.6112,14776.0,28005.94,546.71,1.952,493.34,18.1,5069.91,5059.47,10.44,1854.02,19.39
4104659,Carambeí,PR,-24.9152,-50.0986,24469.0,64964.9,788.87,1.214,154.44,27.81,18068.57,11690.46,6378.11,584.09,28.07
4104709,Carlópolis,PR,-23.4269,-49.7235,17788.0,45143.58,468.0,1.037,245.26,6.9,3116.78,3010.9,105.88,8815.53,8.58
4104808,Cascavel,PR,-24.9573,-53.459,368195.0,209118.79,8961.33,4.285,484.29,22.44,46932.86,46521.78,411.08,265.88,22.47
4104907,Castro,PR,-24.7891,-50.0108,75644.0,253149.17,2053.49,0.811,152.51,44.91,113689.69,94791.23,18898.45,489.44,45.0
4105003,Catanduvas,PR,-25.2044,-53.1548,10621.0,58041.03,258.96,0.446,450.87,29.66,17215.0,17201.54,13.46,29.65,29.68
4105102,Centenário do Sul,PR,-22.8188,-51.5973,10903.0,37184.59,325.06,0.874,415.2,8.83,3281.95,2819.1,462.85,469.84,8.94
4105201,Cerro Azul,PR,-26.0891,-52.8691,16287.0,134118.01,204.01,0.152,410.62,48.67,65280.49,64922.26,358.22,331.83,48.79
4105300,Céu Azul,PR,-25.1489,-53.8415,11255.0,118035.6,416.23,0.353,520.37,75.37,88967.04,88960.32,6.72,1024.63,76.03
4105409,Chopinzinho,PR,-25.8515,-52.5173,21604.0,95970.26,581.36,0.606,378.2,26.47,25407.53,25322.65,84.88,6045.14,28.25
4105508,Cianorte,PR,-23.6599,-52.6054,82988.0,81169.4,2420.65,2.982,443.99,13.86,11249.76,10630.47,619.29,52.57,13.87
4105607,Cidade Gaúcha,PR,-23.3772,-52.9436,11705.0,40303.24,435.32,1.08,489.19,7.65,3081.37,2599.48,481.89,114.09,7.67
4105706,Clevelândia,PR,-26.4043,-52.3508,14833.0,70368.07,588.94,0.837,358.12,29.28,20602.1,19604.44,997.66,542.87,29.51
4105805,Colombo,PR,-25.2925,-49.2262,241672.0,19758.8,5571.26,28.196,57.33,42.95,8486.28,8486.28,0.0,60.76,43.08
4105904,Colorado,PR,-22.8374,-51.9743,23313.0,40756.13,757.93,1.86,442.02,4.22,1720.9,1444.19,276.7,142.52,4.24
4106001,Congonhinhas,PR,-23.5493,-50.5569,8445.0,53596.09,173.44,0.324,283.14,21.12,11317.86,11141.3,176.56,220.19,21.2
4106100,Conselheiro Mairinck,PR,-23.623,-50.1707,3474.0,20469.38,76.34,0.373,251.82,10.18,2084.52,2062.84,21.68,106.9,10.24
4106209,Contenda,PR,-25.6788,-49.535,20006.0,29903.57,495.27,1.656,88.29,31.56,9436.28,8722.39,713.89,154.89,31.72
4106308,Corbélia,PR,-24.7971,-53.3006,17933.0,52919.38,725.94,1.372,471.15,14.6,7728.36,7535.55,192.81,128.27,14.64
4106407,Cornélio Procópio,PR,-23.1829,-50.6498,45720.0,63509.61,1446.88,2.278,320.31,14.96,9502.51,9227.26,275.24,276.94,15.03
4106456,Coronel Domingos Soares,PR,-26.2277,-52.0356,5427.0,151372.6,176.31,0.116,326.65,51.46,77892.92,76349.29,1543.63,3025.45,52.51
4106506,Coronel Vivida,PR,-25.9767,-52.5641,24010.0,68429.68,756.77,1.106,381.22,22.01,15061.6,14991.36,70.24,629.74,22.21
4106555,Corumbataí do Sul,PR,-24.101,-52.1177,3770.0,16435.34,120.55,0.734,378.05,17.33,2848.19,2845.81,2.37,12.67,17.34
4106571,Cruzeiro do Iguaçu,PR,-25.6192,-53.1285,4129.0,16186.07,172.16,1.064,442.83,17.86,2891.44,2887.23,4.2,1672.55,19.92
4106605,Cruzeiro do Oeste,PR,-23.7799,-53.0774,24859.0,77595.83,836.35,1.078,481.8,10.27,7967.94,7676.85,291.08,79.49,10.28
4106704,Cruzeiro do Sul,PR,-22.9624,-52.1622,4543.0,25909.89,145.66,0.562,447.91,5.4,1398.67,1303.91,94.75,50.06,5.41
4106803,Cruz Machado,PR,-26.0166,-51.343,15759.0,147830.67,262.04,0.177,259.19,60.58,89550.33,89440.92,109.4,5089.52,62.74
4106852,Cruzmaltina,PR,-24.0132,-51.4563,2870.0,31232.44,94.54,0.303,322.45,15.39,4805.13,4793.76,11.37,289.59,15.53
4106902,Curitiba,PR,-25.4195,-49.2646,1830795.0,43530.23,33342.85,76.597,58.48,13.14,5721.42,5538.72,182.7,788.52,13.39
4107009,Curiúva,PR,-24.0362,-50.4576,13784.0,57619.44,387.37,0.672,237.96,25.02,14417.79,14417.79,0.0,81.44,25.06
4107108,Diamante do Norte,PR,-22.655,-52.8617,5139.0,24290.15,158.54,0.653,525.57,15.75,3826.15,3183.8,642.36,1812.35,17.02
4107124,Diamante do Sul,PR,-25.035,-52.6768,3147.0,34723.55,61.3,0.177,404.88,29.0,10068.47,10058.56,9.91,296.05,29.25
4107157,Diamante D'Oeste,PR,-24.9419,-54.1052,4513.0,30910.42,104.08,0.337,549.24,28.72,8878.9,8752.55,126.35,55.1,28.78
4107207,Dois Vizinhos,PR,-25.7407,-53.057,47589.0,41866.56,1352.99,3.232,433.53,20.82,8717.39,8705.6,11.78,349.13,21.0
4107256,Douradina,PR,-23.3807,-53.2918,9631.0,42061.25,357.53,0.85,520.47,11.44,4810.98,4151.89,659.09,165.62,11.48
4107306,Doutor Camargo,PR,-23.5582,-52.2178,6517.0,11829.6,240.13,2.03,414.9,4.68,553.79,547.63,6.16,168.95,4.75
4107405,Enéas Marques,PR,-25.9445,-53.1659,6146.0,19220.59,132.26,0.688,441.54,27.49,5283.16,5282.67,0.48,9.19,27.5
4107504,Engenheiro Beltrão,PR,-23.797,-52.2659,12347.0,46764.48,679.63,1.453,406.26,10.49,4903.66,4860.78,42.88,505.86,10.6
4107520,Esperança Nova,PR,-23.7238,-53.811,1852.0,14128.09,57.41,0.406,553.35,6.48,915.81,446.62,469.19,0.08,6.48
4107538,Entre Rios do Oeste,PR,-24.7042,-54.2385,4770.0,12094.28,210.76,1.743,566.4,19.24,2326.87,2239.7,87.18,1882.89,22.79
4107546,Espigão Alto do Iguaçu,PR,-25.4216,-52.8348,4880.0,32643.9,108.62,0.333,417.35,39.39,12859.3,12844.16,15.14,11.73,39.41
4107553,Farol,PR,-24.0958,-52.6217,2994.0,28922.45,143.54,0.496,425.56,9.59,2774.48,2713.14,61.33,5.48,9.59
4107603,Faxinal,PR,-24.0077,-51.3227,16596.0,71597.7,534.83,0.747,311.07,26.43,18920.48,18915.48,4.99,152.08,26.48
4107652,Fazenda Rio Grande,PR,-25.6624,-49.3073,165943.0,11667.56,3252.51,27.877,65.82,28.06,3274.17,3246.63,27.54,153.07,28.44
4107702,Fênix,PR,-23.9135,-51.9805,4488.0,23412.03,201.73,0.862,374.52,14.29,3345.99,3326.9,19.09,410.68,14.55
4107736,Fernandes Pinheiro,PR,-25.4107,-50.5456,6400.0,40649.03,132.64,0.326,187.21,38.78,15764.56,15725.55,39.01,54.91,38.83
4107751,Figueira,PR,-23.8455,-50.4031,8129.0,12978.66,279.76,2.156,248.47,22.99,2983.49,2982.26,1.23,35.97,23.05
4107801,Floraí,PR,-23.3178,-52.3029,4805.0,19108.58,232.58,1.217,436.44,5.42,1036.33,1025.8,10.53,11.93,5.43
4107850,Flor da Serra do Sul,PR,-26.2523,-53.3092,4342.0,25571.62,109.57,0.428,453.8,23.67,6052.59,6050.18,2.41,61.17,23.73
4107900,Floresta,PR,-23.6031,-52.0807,11522.0,15834.04,398.31,2.516,400.35,4.5,712.26,691.01,21.26,228.69,4.56
4108007,Florestópolis,PR,-22.8623,-51.3882,11653.0,24684.55,359.37,1.456,396.78,13.17,3250.02,3202.48,47.54,315.83,13.34
4108106,Flórida,PR,-23.0847,-51.9546,2711.0,8303.39,95.59,1.151,422.83,4.47,371.18,306.5,64.69,17.14,4.48
4108205,Formosa do Oeste,PR,-24.2951,-53.3114,7763.0,27590.13,370.84,1.344,484.81,7.52,2073.55,1994.58,78.97,662.57,7.7
4108304,Foz do Iguaçu,PR,-25.5427,-54.5827,297352.0,60601.61,7807.67,12.884,588.29,33.57,20345.96,19794.99,550.97,16548.48,46.19
4108320,Francisco Alves,PR,-24.0667,-53.8461,8573.0,32190.81,257.02,0.798,544.14,9.17,2951.46,1654.59,1296.87,657.38,9.36
4108403,Francisco Beltrão,PR,-26.0817,-53.0535,102312.0,73514.19,2874.69,3.91,429.08,26.3,19334.66,19203.76,130.91,290.11,26.4
4108452,Foz do Jordão,PR,-25.7371,-52.1188,4893.0,23471.2,217.5,0.927,340.79,26.02,6107.63,5794.33,313.3,898.94,27.06
4108502,General Carneiro,PR,-26.425,-51.3172,10691.0,107116.03,387.3,0.362,255.18,63.2,67692.86,65910.08,1782.77,716.52,63.62
4108551,Godoy Moreira,PR,-24.173,-51.9246,2911.0,13100.41,63.5,0.485,356.88,13.04,1708.64,1708.64,0.0,140.68,13.18
4108601,Goioerê,PR,-24.1835,-53.0248,30025.0,56445.98,981.21,1.738,460.74,11.82,6673.31,6475.6,197.71,184.13,11.86
4108650,Goioxim,PR,-25.1927,-51.9911,6469.0,70292.7,96.49,0.137,334.17,29.58,20790.26,20203.56,586.7,133.09,29.63
4108700,Grandes Rios,PR,-24.1466,-51.5094,5527.0,31188.95,184.67,0.592,320.09,15.32,4777.55,4776.17,1.39,511.79,15.57
4108809,Guaíra,PR,-24.085,-54.2573,33058.0,56099.64,1376.38,2.453,583.59,18.84,10568.88,5193.04,5375.84,5471.99,20.88
4108908,Guairaçá,PR,-22.932,-52.6906,6762.0,49395.48,169.45,0.343,493.32,6.42,3170.36,3130.65,39.7,15.92,6.42
4108957,Guamiranga,PR,-25.1912,-50.8021,7916.0,24477.25,110.2,0.45,215.19,34.39,8418.0,8416.7,1.3,78.94,34.5
4109005,Guapirama,PR,-23.5203,-50.0407,4857.0,18908.72,135.71,0.718,253.59,7.41,1400.29,1357.32,42.97,160.49,7.47
4109104,Guaporema,PR,-23.3402,-52.7786,2210.0,20115.15,103.81,0.516,476.52,7.68,1544.14,1327.99,216.15,235.6,7.77
4109203,Guaraci,PR,-22.9694,-51.6504,4743.0,21172.11,116.88,0.552,407.56,6.2,1311.91,1289.64,22.26,6.93,6.2
4109302,Guaraniaçu,PR,-25.0968,-52.8755,13770.0,123831.24,371.08,0.3,423.97,31.53,39046.14,39008.37,37.77,429.43,31.64
4109401,Guarapuava,PR,-25.3902,-51.4623,189630.0,316781.45,6148.31,1.941,279.46,42.09,133338.59,122598.28,10740.31,1105.68,42.24
4109500,Guaraqueçaba,PR,-25.3071,-48.3204,7446.0,200918.38,81.18,0.04,1.96,84.08,168928.67,164561.97,4366.7,26422.45,96.81
4109609,Guaratuba,PR,-25.8817,-48.5752,44913.0,132663.22,1989.1,1.499,1.7,87.41,115965.36,113667.85,2297.52,5708.19,91.34
4109658,Honório Serpa,PR,-26.139,-52.3848,4803.0,50215.67,168.13,0.335,361.93,25.91,13011.88,12343.86,668.02,571.73,26.21
4109708,Ibaiti,PR,-23.8478,-50.1932,29464.0,89821.23,800.8,0.892,233.82,19.17,17216.37,17152.05,64.31,182.15,19.21
4109757,Ibema,PR,-25.1193,-53.0072,6343.0,14544.23,279.2,1.92,436.92,26.54,3860.48,3852.37,8.11,6.08,26.55
4109807,Ibiporã,PR,-23.2659,-51.0522,53276.0,29775.04,1663.08,5.585,340.7,9.73,2896.83,2783.22,113.61,678.21,9.96
4109906,Icaraíma,PR,-23.3944,-53.615,9149.0,67523.2,367.81,0.545,549.44,9.71,6556.44,3245.31,3311.12,1386.43,9.91
4110003,Iguaraçu,PR,-23.1949,-51.8256,5693.0,16504.57,325.18,1.97,404.89,6.58,1086.24,1056.04,30.21,36.05,6.6
4110052,Iguatu,PR,-24.7153,-53.0827,2156.0,10694.85,84.74,0.792,451.15,16.47,1761.06,1746.24,14.82,161.5,16.72
4110078,Imbaú,PR,-24.448,-50.7533,15068.0,33073.45,435.58,1.317,236.62,29.83,9866.15,9866.15,0.0,99.91,29.92
4110102,Imbituva,PR,-25.2285,-50.5989,30849.0,75655.5,778.78,1.029,194.34,35.9,27156.95,27045.56,111.39,79.7,35.93
4110201,Inácio Martins,PR,-25.5704,-51.0769,9555.0,93667.13,263.94,0.282,240.62,64.79,60689.28,59939.15,750.13,216.25,64.94
4110300,Inajá,PR,-22.7509,-52.1995,2481.0,19469.72,104.08,0.535,465.77,11.08,2157.87,1089.97,1067.9,1663.2,12.12
4110409,Indianópolis,PR,-23.4762,-52.6989,4544.0,12263.14,213.13,1.738,462.0,9.37,1149.35,942.25,207.09,1.48,9.37
4110508,Ipiranga,PR,-25.0238,-50.5794,14317.0,90072.29,213.09,0.237,196.76,30.86,27798.3,27693.33,104.97,145.47,30.91
4110607,Iporã,PR,-24.0083,-53.706,16102.0,64789.48,567.16,0.875,532.58,10.84,7025.55,4405.37,2620.17,252.37,10.89
4110656,Iracema do Oeste,PR,-24.4262,-53.3528,2328.0,8154.38,125.15,1.535,485.0,7.04,573.78,568.39,5.38,13.13,7.05
4110706,Irati,PR,-25.4697,-50.6493,61004.0,99954.35,2192.65,2.194,197.47,32.51,32491.22,32491.22,0.0,180.1,32.56
4110805,Iretama,PR,-24.4253,-52.1012,10832.0,57045.11,322.09,0.565,363.35,20.57,11734.47,11734.47,0.0,141.38,20.62
4110904,Itaguajé,PR,-22.6183,-51.9674,4530.0,19433.85,157.68,0.811,457.91,5.48,1064.77,514.73,550.04,1299.55,5.87
4110953,Itaipulândia,PR,-25.1366,-54.3001,12116.0,32787.66,475.76,1.451,566.55,15.01,4920.56,4792.07,128.49,13376.3,25.35
4111001,Itambaracá,PR,-23.0181,-50.4097,5819.0,20732.76,157.48,0.76,320.8,5.29,1096.42,956.22,140.2,1484.94,5.7
4111100,Itambé,PR,-23.6601,-51.9912,6228.0,24383.3,237.89,0.976,389.27,5.91,1441.74,1438.79,2.95,474.23,6.03
4111209,Itapejara d'Oeste,PR,-25.9619,-52.8152,12869.0,25401.27,404.35,1.592,406.4,15.6,3962.82,3906.82,56.01,464.98,15.89
4111258,Itaperuçu,PR,-25.2193,-49.3454,33310.0,32298.6,631.32,1.955,71.36,59.0,19055.6,18530.95,524.66,59.08,59.11
4111308,Itaúna do Sul,PR,-22.7289,-52.8874,3607.0,12884.64,110.13,0.855,522.84,4.85,625.46,504.83,120.63,0.0,4.85
4111407,Ivaí,PR,-25.0067,-50.857,13476.0,60785.02,338.55,0.557,224.43,30.05,18267.79,18256.98,10.8,94.62,30.1
4111506,Ivaiporã,PR,-24.2485,-51.6754,33566.0,43725.37,1146.28,2.622,330.36,9.48,4144.69,4134.48,10.21,315.87,9.55
4111555,Ivaté,PR,-23.4072,-53.3687,6788.0,41017.36,352.5,0.859,526.18,12.82,5257.33,4236.41,1020.92,220.21,12.89
4111605,Ivatuba,PR,-23.6187,-52.2203,2685.0,9641.48,152.77,1.584,411.71,3.62,348.65,343.89,4.76,187.37,3.69
4111704,Jaboti,PR,-23.7435,-50.0729,5655.0,13927.54,138.1,0.992,235.16,9.41,1310.26,1307.14,3.12,41.51,9.44
4111803,Jacarezinho,PR,-23.1591,-49.9739,41493.0,60253.98,1030.51,1.71,284.07,15.54,9362.21,8704.1,658.11,478.98,15.66
4111902,Jaguapitã,PR,-23.1104,-51.5342,15908.0,47502.41,427.7,0.9,388.23,6.74,3199.93,3127.07,72.86,27.85,6.74
4112009,Jaguariaíva,PR,-24.2439,-49.7066,36384.0,144776.52,1231.31,0.85,168.49,37.11,53720.74,46500.76,7219.99,186.06,37.15
4112108,Jandaia do Sul,PR,-23.6011,-51.6448,21930.0,18759.85,732.38,3.904,363.17,12.64,2371.83,2370.76,1.07,17.97,12.66
4112207,Janiópolis,PR,-24.1401,-52.7784,5807.0,33681.24,221.97,0.659,438.72,7.59,2556.89,2515.51,41.38,18.24,7.6
4112306,Japira,PR,-23.8142,-50.1422,5054.0,18780.57,100.34,0.534,233.33,14.18,2663.15,2663.15,0.0,21.65,14.2
4112405,Japurá,PR,-23.4693,-52.5557,9393.0,16518.05,320.24,1.939,449.64,8.97,1481.51,1403.01,78.5,157.36,9.06
4112504,Jardim Alegre,PR,-24.1809,-51.6902,12138.0,41337.59,354.08,0.857,334.87,13.12,5422.28,5422.28,0.0,161.0,13.17
4112603,Jardim Olinda,PR,-22.5523,-52.0503,1349.0,12852.54,50.54,0.393,469.13,15.58,2002.39,393.26,1609.13,539.91,16.26
4112702,Jataizinho,PR,-23.2578,-50.9777,11996.0,15915.1,350.69,2.204,336.05,11.5,1830.19,1786.72,43.47,338.01,11.75
4112751,Jesuítas,PR,-24.3839,-53.3849,10954.0,24750.99,420.14,1.697,489.34,8.92,2207.6,2159.55,48.05,73.02,8.95
4112801,Joaquim Távora,PR,-23.4987,-49.909,12341.0,28918.47,328.22,1.135,248.62,10.24,2960.64,2950.95,9.69,29.25,10.25
4112900,Jundiaí do Sul,PR,-23.4357,-50.2496,3372.0,32083.86,73.24,0.228,273.33,13.74,4409.89,4400.77,9.13,92.14,13.78
4112959,Juranda,PR,-24.4209,-52.8413,7899.0,35428.18,374.91,1.058,435.11,7.89,2793.91,2585.74,208.17,26.44,7.89
4113007,Jussara,PR,-23.6219,-52.4693,6786.0,21084.14,336.48,1.596,433.68,13.95,2941.7,2861.28,80.42,64.54,14.0
4113106,Kaloré,PR,-23.8188,-51.6687,4666.0,19331.82,147.84,0.765,352.04,8.03,1552.85,1544.34,8.52,216.14,8.12
4113205,Lapa,PR,-25.7671,-49.7168,45878.0,209382.04,1128.45,0.539,108.51,38.84,81316.92,77256.66,4060.26,1264.43,39.07
4113254,Laranjal,PR,-24.8862,-52.47,5525.0,55939.28,76.08,0.136,386.76,19.88,11121.78,11101.22,20.56,518.48,20.07
4113304,Laranjeiras do Sul,PR,-25.4077,-52.4109,33179.0,67457.93,1161.86,1.722,374.77,26.8,18079.97,18025.38,54.6,122.03,26.85
4113403,Leópolis,PR,-23.0818,-50.7511,3725.0,34489.76,135.18,0.392,335.53,9.58,3305.06,3164.22,140.84,1857.36,10.13
4113429,Lidianópolis,PR,-24.11,-51.6506,3987.0,15144.15,121.13,0.8,334.71,9.75,1476.77,1476.77,0.0,370.22,10.0
4113452,Lindoeste,PR,-25.2596,-53.5733,5217.0,34709.2,159.66,0.46,492.48,25.83,8964.53,8959.75,4.78,68.71,25.88
4113502,Loanda,PR,-22.9232,-53.1362,23966.0,72248.84,835.24,1.156,531.84,7.98,5762.65,5469.26,293.39,28.54,7.98
4113601,Lobato,PR,-23.0058,-51.9524,4707.0,24089.37,140.75,0.584,428.19,7.88,1897.63,1725.84,171.8,125.12,7.92
4113700,Londrina,PR,-23.304,-51.1691,581382.0,165261.14,11652.31,7.051,346.26,17.75,29327.86,29067.28,260.58,1283.44,17.89
4113734,Luiziana,PR,-24.2853,-52.269,6659.0,91684.05,214.23,0.234,384.6,22.0,20173.35,20163.79,9.56,603.46,22.15
4113759,Lunardelli,PR,-24.0821,-51.7368,4864.0,19920.81,163.6,0.821,343.93,17.35,3455.84,3455.84,0.0,85.45,17.42
4113809,Lupionópolis,PR,-22.755,-51.6601,4929.0,12105.02,183.06,1.512,424.76,7.61,921.51,736.88,184.63,573.14,7.99
4113908,Mallet,PR,-25.8806,-50.8173,13681.0,76023.22,429.18,0.565,209.7,54.48,41419.85,41415.41,4.44,91.44,54.55
4114005,Mamborê,PR,-24.317,-52.5271,13551.0,78806.43,576.0,0.731,408.12,12.39,9762.82,9722.33,40.49,42.85,12.4
4114104,Mandaguaçu,PR,-23.3458,-52.0944,34521.0,29401.01,980.49,3.335,417.03,8.44,2482.76,2458.06,24.69,51.36,8.46
4114203,Mandaguari,PR,-23.5446,-51.671,38313.0,33581.4,1063.19,3.166,368.95,14.15,4753.12,4745.97,7.15,29.66,14.17
4114302,Mandirituba,PR,-25.777,-49.3282,29104.0,37917.09,814.4,2.148,72.6,48.72,18473.12,18459.56,13.56,239.17,49.03
4114351,Manfrinópolis,PR,-26.1441,-53.3113,2790.0,21575.46,48.44,0.225,454.43,39.3,8479.46,8478.25,1.21,4.51,39.31
4114401,Mangueirinha,PR,-25.9421,-52.1743,16737.0,105542.29,495.78,0.47,342.83,27.21,28718.72,28079.18,639.55,2867.97,27.97
4114500,Manoel Ribas,PR,-24.5144,-51.6658,14675.0,57111.56,359.86,0.63,318.43,16.47,9407.03,9390.89,16.14,374.04,16.58
4114609,Marechal Cândido Rondon,PR,-24.557,-54.0571,58734.0,74562.58,2122.83,2.847,551.32,18.4,13719.13,13411.46,307.67,3815.57,19.39
4114708,Maria Helena,PR,-23.6158,-53.2053,5926.0,48623.65,190.94,0.393,501.14,8.92,4337.31,4174.51,162.79,17.41,8.92
4114807,Marialva,PR,-23.4843,-51.7928,44749.0,47547.51,1331.03,2.799,382.97,8.94,4250.91,4235.7,15.21,29.99,8.95
4114906,Marilândia do Sul,PR,-23.7425,-51.3137,8761.0,38442.97,332.27,0.864,326.55,15.36,5903.46,5860.0,43.46,95.42,15.39
4115002,Marilena,PR,-22.7336,-53.0402,7450.0,23236.61,310.91,1.338,535.32,12.05,2799.9,1396.21,1403.69,780.94,12.47
4115101,Mariluz,PR,-24.0089,-53.1432,9910.0,43318.03,269.77,0.623,478.55,12.35,5351.03,4921.13,429.9,360.39,12.46
4115200,Maringá,PR,-23.4205,-51.9333,429660.0,48701.92,10458.59,21.475,398.78,7.29,3547.95,3519.08,28.87,135.16,7.31
4115309,Mariópolis,PR,-26.355,-52.5532,6506.0,23037.02,233.32,1.013,378.22,17.48,4026.66,3983.93,42.73,33.58,17.5
4115358,Maripá,PR,-24.42,-53.8286,6824.0,28390.47,305.48,1.076,531.99,8.04,2281.95,2180.72,101.23,128.65,8.07
4115408,Marmeleiro,PR,-26.1472,-53.0267,16605.0,38758.93,552.77,1.426,425.99,21.99,8521.3,8457.05,64.25,87.63,22.04
4115457,Marquinho,PR,-25.112,-52.2497,4491.0,51864.43,87.8,0.169,361.06,25.24,13088.04,13059.08,28.96,471.89,25.47
4115507,Marumbi,PR,-23.7058,-51.6404,4780.0,20846.85,166.36,0.798,356.3,14.5,3022.65,3022.65,0.0,9.59,14.51
4115606,Matelândia,PR,-25.2496,-53.9935,19223.0,63918.98,523.54,0.819,534.79,56.35,36017.05,36002.4,14.65,513.77,56.8
4115705,Matinhos,PR,-25.8237,-48.549,42063.0,11727.26,1936.0,16.509,1.93,77.24,9057.6,8920.96,136.64,81.85,77.78
4115739,Mato Rico,PR,-24.6995,-52.1454,3249.0,39453.47,52.42,0.133,359.0,32.87,12967.69,12967.69,0.0,91.55,32.94
4115754,Mauá da Serra,PR,-23.8988,-51.2277,9689.0,10831.7,541.11,4.996,309.45,26.04,2821.04,2821.04,0.0,12.78,26.08
4115804,Medianeira,PR,-25.2977,-54.0943,57910.0,32872.64,1591.29,4.841,544.6,17.17,5644.25,5604.95,39.31,14.18,17.18
4115853,Mercedes,PR,-24.4538,-54.1618,6194.0,19715.05,259.97,1.319,564.08,19.33,3810.34,3689.01,121.32,995.03,20.35
4115903,Mirador,PR,-23.255,-52.7761,2248.0,22169.24,126.95,0.573,481.11,6.99,1549.19,1411.31,137.88,138.83,7.03
4116000,Miraselva,PR,-22.9657,-51.4846,2017.0,9028.41,60.21,0.667,395.54,7.24,654.04,623.86,30.18,3.3,7.25
4116059,Missal,PR,-25.0919,-54.2477,11423.0,32439.22,389.46,1.201,561.74,18.25,5918.97,5719.82,199.15,2462.92,19.75
4116109,Moreira Sales,PR,-24.0509,-53.0102,9949.0,35346.69,468.28,1.325,464.25,6.7,2368.95,2297.0,71.95,86.62,6.72
4116208,Morretes,PR,-25.4744,-48.8345,19089.0,68458.25,319.85,0.467,14.98,89.06,60971.34,60831.33,140.02,330.18,89.5
4116307,Munhoz de Melo,PR,-23.1487,-51.7737,4057.0,13700.92,116.31,0.849,403.99,5.14,704.69,689.69,15.0,7.25,5.15
4116406,Nossa Senhora das Graças,PR,-22.9129,-51.7978,3669.0,18578.06,117.33,0.632,422.94,4.69,871.69,816.24,55.45,21.03,4.7
4116505,Nova Aliança do Ivaí,PR,-23.1763,-52.6032,1322.0,13129.87,45.29,0.345,470.74,7.87,1033.11,1026.44,6.67,0.41,7.87
4116604,Nova América da Colina,PR,-23.3308,-50.7168,3286.0,12949.94,78.56,0.607,312.09,15.91,2060.14,2012.68,47.46,18.26,15.93
4116703,Nova Aurora,PR,-24.5289,-53.2575,14331.0,47062.32,587.0,1.247,472.88,11.3,5317.64,5130.46,187.18,559.83,11.44
4116802,Nova Cantu,PR,-24.6723,-52.5661,6739.0,55545.69,189.88,0.342,401.08,21.17,11759.8,11713.36,46.45,307.28,21.29
4116901,Nova Esperança,PR,-23.182,-52.2031,27142.0,40159.92,962.21,2.396,436.57,7.04,2825.88,2746.82,79.05,8.4,7.04
4116950,Nova Esperança do Sudoeste,PR,-25.9004,-53.2618,5783.0,20845.37,118.03,0.566,451.61,23.91,4983.91,4980.04,3.87,12.58,23.92
4117008,Nova Fátima,PR,-23.4324,-50.5665,7140.0,28346.46,225.31,0.795,293.54,16.34,4630.54,4528.54,102.0,267.6,16.49
4117057,Nova Laranjeiras,PR,-25.3054,-52.5447,12298.0,120934.7,198.05,0.164,388.76,29.87,36123.46,36104.01,19.44,394.96,29.97
4117107,Nova Londrina,PR,-22.7639,-52.9868,13074.0,26938.62,531.76,1.974,528.9,7.09,1910.91,1584.3,326.61,117.81,7.12
4117206,Nova Olímpia,PR,-23.4703,-53.0898,5982.0,13632.34,228.03,1.673,497.57,6.21,846.97,750.94,96.03,1.64,6.21
4117214,Nova Santa Bárbara,PR,-23.5865,-50.7598,4308.0,7688.63,138.75,1.805,294.46,10.92,839.31,784.47,54.85,16.75,10.94
4117222,Nova Santa Rosa,PR,-24.4693,-53.9552,8581.0,20463.89,414.09,2.024,543.26,11.14,2279.85,2118.74,161.12,257.04,11.28
4117255,Nova Prata do Iguaçu,PR,-25.6309,-53.3469,13340.0,35258.09,330.49,0.937,464.21,15.96,5627.5,5570.02,57.48,4031.74,18.02
4117271,Nova Tebas,PR,-24.438,-51.9454,6852.0,54567.54,166.89,0.306,347.97,17.58,9594.28,9592.16,2.12,195.82,17.65
4117297,Novo Itacolomi,PR,-23.7631,-51.5079,3227.0,16139.01,80.77,0.5,341.53,15.42,2489.32,2488.33,0.98,37.46,15.46
4117305,Ortigueira,PR,-24.2058,-50.9185,24706.0,242949.19,1301.43,0.536,264.56,32.9,79938.07,79930.95,7.12,5133.07,33.61
4117404,Ourizona,PR,-23.4053,-52.1964,3193.0,17645.99,131.46,0.745,422.02,6.51,1149.53,1131.21,18.32,53.47,6.53
4117453,Ouro Verde do Oeste,PR,-24.7933,-53.9043,7102.0,29303.52,195.42,0.667,531.44,16.29,4774.12,4604.36,169.76,54.59,16.32
4117503,Paiçandu,PR,-23.4555,-52.046,48695.0,17137.27,1022.59,5.967,406.12,5.67,970.95,968.64,2.3,23.59,5.67
4117602,Palmas,PR,-26.4839,-51.9888,50238.0,155935.91,1324.15,0.849,322.43,42.87,66854.04,57406.95,9447.09,744.6,43.08
4117701,Palmeira,PR,-25.4257,-50.007,34948.0,147128.97,1075.83,0.731,133.0,27.76,40848.05,32947.72,7900.32,184.32,27.8
4117800,Palmital,PR,-24.8853,-52.2029,12879.0,81764.35,294.51,0.36,360.23,21.42,17516.88,17505.98,10.9,537.0,21.57
4117909,Palotina,PR,-24.2868,-53.8404,37039.0,65111.36,1607.89,2.469,536.78,8.25,5371.73,5087.27,284.46,878.41,8.36
4118006,Paraíso do Norte,PR,-23.2824,-52.6054,13728.0,20461.92,429.22,2.098,464.62,6.98,1428.33,1360.54,67.8,312.95,7.09
4118105,Paranacity,PR,-22.9297,-52.1549,9549.0,34863.23,458.91,1.316,449.59,5.91,2061.59,1750.16,311.44,142.49,5.94
4118204,Paranaguá,PR,-25.5161,-48.5225,150104.0,81190.74,3253.79,4.008,0.06,55.94,45418.13,44362.99,1055.14,28321.72,85.91
4118303,Paranapoema,PR,-22.6412,-52.0905,2352.0,17588.18,84.32,0.479,465.42,12.69,2232.23,476.94,1755.29,634.16,13.17
4118402,Paranavaí,PR,-23.0816,-52.4617,96209.0,120223.09,3118.56,2.594,464.6,9.67,11630.19,11185.19,445.0,1163.34,9.77
4118451,Pato Bragado,PR,-24.6271,-54.2265,6004.0,13558.66,226.69,1.672,566.69,18.39,2494.08,2396.41,97.66,3023.91,23.67
4118501,Pato Branco,PR,-26.2292,-52.6706,97821.0,53931.03,2854.18,5.292,390.07,22.29,12021.48,11968.32,53.16,384.85,22.45
4118600,Paula Freitas,PR,-26.2105,-50.931,5706.0,42137.83,167.79,0.398,216.39,38.23,16107.34,16104.76,2.58,660.45,38.83
4118709,Paulo Frontin,PR,-26.0466,-50.8304,6414.0,36334.23,161.54,0.445,207.87,36.23,13165.54,13165.54,0.0,155.89,36.39
4118808,Peabiru,PR,-23.914,-52.3431,13494.0,46858.77,527.85,1.126,407.54,14.31,6704.86,6668.91,35.95,117.17,14.34
4118857,Perobal,PR,-23.8949,-53.4098,7599.0,40906.81,262.04,0.641,508.39,5.85,2392.99,2102.84,290.15,51.5,5.86
4118907,Pérola,PR,-23.8039,-53.6834,12389.0,23617.32,425.77,1.803,538.03,6.72,1587.48,881.85,705.64,0.33,6.72
4119004,Pérola d'Oeste,PR,-25.8278,-53.7433,6218.0,20521.45,235.95,1.15,500.47,20.81,4271.27,4267.32,3.95,19.2,20.83
4119103,Piên,PR,-26.0965,-49.4336,14409.0,25478.38,508.18,1.995,69.4,42.34,10786.69,10780.82,5.88,111.63,42.52
4119152,Pinhais,PR,-25.4429,-49.1927,131255.0,6086.53,2968.05,48.764,51.09,12.13,738.0,721.25,16.75,396.87,12.97
4119202,Pinhalão,PR,-23.7982,-50.0536,6676.0,22062.55,146.73,0.665,229.14,21.67,4781.24,4780.09,1.15,21.96,21.69
4119251,Pinhal de São Bento,PR,-26.0324,-53.482,2805.0,9746.43,59.11,0.607,472.24,22.03,2146.83,2142.48,4.35,25.53,22.08
4119301,Pinhão,PR,-25.6944,-51.6536,30451.0,200266.83,664.28,0.332,296.05,49.93,99986.3,96423.33,3562.97,4303.1,51.02
4119400,Piraí do Sul,PR,-24.5306,-49.9433,23977.0,134612.24,605.14,0.45,162.75,40.94,55112.44,39604.62,15507.82,95.62,40.97
4119509,Piraquara,PR,-25.4422,-49.0624,127433.0,22705.42,2655.43,11.695,38.03,49.03,11131.75,10933.95,197.8,1702.59,53.0
4119608,Pitanga,PR,-24.7588,-51.7596,34527.0,169341.73,877.69,0.518,319.56,25.45,43100.7,43061.37,39.33,308.16,25.5
4119657,Pitangueiras,PR,-23.2281,-51.5873,3141.0,12322.41,82.07,0.666,383.71,5.41,666.31,664.0,2.3,2.06,5.41
4119707,Planaltina do Paraná,PR,-23.0101,-52.9162,4125.0,35620.29,160.68,0.451,507.66,5.82,2073.93,1939.59,134.35,223.77,5.86
4119806,Planalto,PR,-25.7211,-53.7642,14722.0,34619.07,386.58,1.117,504.06,22.11,7655.24,7638.36,16.87,60.71,22.15
4119905,Ponta Grossa,PR,-25.0916,-50.1668,375632.0,205327.88,11775.97,5.735,154.59,34.96,71782.13,54906.14,16875.99,1386.76,35.2
4119954,Pontal do Paraná,PR,-25.6735,-48.5111,33131.0,20083.44,2276.81,11.337,4.37,81.13,16293.06,15923.91,369.15,501.57,83.2
4120002,Porecatu,PR,-22.7537,-51.3795,11271.0,29167.6,404.78,1.388,404.99,13.85,4040.45,3700.95,339.5,2605.56,15.21
4120101,Porto Amazonas,PR,-25.54,-49.8946,4072.0,18660.96,150.8,0.808,121.78,29.34,5474.67,4027.8,1446.87,192.42,29.64
4120150,Porto Barreiro,PR,-25.5477,-52.4067,3057.0,36104.98,73.34,0.203,373.41,20.75,7490.99,7488.41,2.59,3300.67,22.84
4120200,Porto Rico,PR,-22.7747,-53.2677,3370.0,21768.71,351.43,1.614,552.1,15.65,3406.75,2628.86,777.88,2958.34,18.11
4120309,Porto Vitória,PR,-26.1674,-51.231,3515.0,21302.88,95.64,0.449,246.57,57.62,12274.42,12274.42,0.0,613.55,59.33
4120333,Prado Ferreira,PR,-23.0357,-51.4429,3816.0,15287.0,171.22,1.12,387.07,9.6,1467.5,1465.52,1.98,3.55,9.6
4120358,Pranchita,PR,-26.0209,-53.7397,5831.0,22608.33,250.09,1.106,498.05,18.98,4291.8,4191.5,100.31,47.3,19.02
4120408,Presidente Castelo Branco,PR,-23.2782,-52.1536,4304.0,15574.79,189.6,1.217,426.27,8.54,1330.55,1302.57,27.99,1.07,8.54
4120507,Primeiro de Maio,PR,-22.8517,-51.0293,10064.0,41446.87,401.48,0.969,373.28,4.49,1861.72,1852.56,9.16,9174.02,5.77
4120606,Prudentópolis,PR,-25.2111,-50.9754,50946.0,224586.99,1193.17,0.531,232.21,36.83,82711.82,82658.48,53.34,699.76,36.94
4120655,Quarto Centenário,PR,-24.2775,-53.0759,4127.0,32076.33,163.42,0.509,462.47,10.66,3419.85,3333.85,86.0,252.85,10.75
4120705,Quatiguá,PR,-23.5671,-49.916,8426.0,11268.48,269.1,2.388,242.46,7.29,821.52,819.14,2.38,6.08,7.29
4120804,Quatro Barras,PR,-25.3673,-49.0763,25397.0,18047.55,1307.32,7.244,40.56,73.31,13230.04,13220.97,9.07,197.73,74.12
4120853,Quatro Pontes,PR,-24.5752,-53.9759,4672.0,11437.57,292.87,2.561,542.86,11.71,1339.48,1323.5,15.98,60.63,11.77
4120903,Quedas do Iguaçu,PR,-25.4492,-52.9102,31423.0,82149.89,787.45,0.959,424.86,29.36,24122.15,24099.09,23.06,3538.29,30.69
4121000,Querência do Norte,PR,-23.0838,-53.483,10625.0,91475.04,326.1,0.356,553.23,19.89,18198.2,10139.74,8058.46,5613.91,21.19
4121109,Quinta do Sol,PR,-23.8533,-52.1309,5052.0,32617.09,179.22,0.549,391.18,12.6,4110.82,4097.87,12.95,299.87,12.72
4121208,Quitandinha,PR,-25.8734,-49.4973,18882.0,44702.83,278.29,0.623,84.8,37.93,16956.99,16942.63,14.35,165.7,38.07
4121257,Ramilândia,PR,-25.1195,-54.023,4279.0,23718.58,73.67,0.311,538.89,28.1,6663.8,6662.5,1.3,18.66,28.12
4121307,Rancho Alegre,PR,-23.0676,-50.9145,3472.0,16763.23,105.49,0.629,347.38,5.01,839.86,792.88,46.97,1156.16,5.38
4121356,Rancho Alegre D'Oeste,PR,-24.3065,-52.9552,2623.0,24118.93,106.58,0.442,449.82,8.33,2008.94,1911.26,97.67,28.51,8.34
4121406,Realeza,PR,-25.7711,-53.526,20097.0,35340.87,756.14,2.14,479.63,19.89,7030.68,6992.24,38.43,972.54,20.46
4121505,Rebouças,PR,-25.6232,-50.6877,14825.0,48182.91,350.39,0.727,201.9,33.16,15977.36,15977.36,0.0,121.61,33.24
4121604,Renascença,PR,-26.1588,-52.9703,6945.0,42526.63,213.11,0.501,420.29,18.89,8034.89,7941.32,93.57,107.68,18.94
4121703,Reserva,PR,-24.6492,-50.8466,24878.0,163550.12,687.28,0.42,235.59,31.17,50986.36,50986.36,0.0,203.66,31.21
4121752,Reserva do Iguaçu,PR,-25.8319,-52.0272,6493.0,83421.73,240.99,0.289,329.92,48.25,40250.74,39268.89,981.85,3245.43,50.2
4121802,Ribeirão Claro,PR,-23.1941,-49.7597,12856.0,62923.2,327.22,0.52,269.23,12.32,7750.44,7672.87,77.57,11353.24,15.03
4121901,Ribeirão do Pinhal,PR,-23.4091,-50.3601,13158.0,37470.43,367.06,0.98,282.38,13.31,4987.54,4859.29,128.25,307.27,13.42
4122008,Rio Azul,PR,-25.7306,-50.7985,14174.0,59903.23,309.48,0.517,212.03,43.82,26248.54,26237.32,11.22,137.37,43.92
4122107,Rio Bom,PR,-23.7606,-51.4122,3214.0,17784.96,86.59,0.487,333.6,17.09,3040.28,3027.09,13.19,15.66,17.11
4122156,Rio Bonito do Iguaçu,PR,-25.4874,-52.5292,14297.0,68138.9,209.52,0.307,386.48,23.48,16002.33,15978.72,23.61,5295.52,25.46
4122172,Rio Branco do Ivaí,PR,-24.3244,-51.3187,3841.0,37804.75,88.02,0.233,293.97,20.04,7576.72,7569.45,7.27,304.1,20.2
4122206,Rio Branco do Sul,PR,-25.1892,-49.3115,40308.0,81145.46,751.65,0.926,69.49,55.04,44659.68,43680.68,979.01,171.17,55.15
4122305,Rio Negro,PR,-26.095,-49.7982,31951.0,60410.8,1152.6,1.908,104.97,38.1,23014.06,23012.93,1.13,436.63,38.37
4122404,Rolândia,PR,-23.3101,-51.3659,75818.0,45902.21,2115.27,4.608,360.64,7.64,3508.28,3492.56,15.72,42.87,7.65
4122503,Roncador,PR,-24.5958,-52.2716,11339.0,74216.13,315.98,0.426,374.29,25.66,19040.22,19031.1,9.13,73.98,25.68
4122602,Rondon,PR,-23.412,-52.7659,9255.0,55513.4,353.83,0.637,471.44,10.12,5619.59,5468.16,151.43,78.56,10.14
4122651,Rosário do Ivaí,PR,-24.2682,-51.272,5484.0,37758.61,121.22,0.321,292.48,14.54,5489.14,5489.14,0.0,169.1,14.6
4122701,Sabáudia,PR,-23.3155,-51.555,9511.0,19034.2,465.87,2.448,374.97,10.42,1983.97,1980.1,3.86,6.5,10.43
4122800,Salgado Filho,PR,-26.1777,-53.3631,4090.0,18104.18,116.56,0.644,459.44,33.35,6038.41,6038.41,0.0,8.29,33.37
4122909,Salto do Itararé,PR,-23.6074,-49.6354,5214.0,20052.99,124.29,0.62,223.58,10.76,2156.93,2122.95,33.99,809.53,11.21
4123006,Salto do Lontra,PR,-25.7813,-53.3135,15706.0,31273.85,281.0,0.899,458.35,22.76,7116.79,7106.21,10.57,45.2,22.79
4123105,Santa Amélia,PR,-23.2654,-50.4288,3358.0,7803.63,79.01,1.012,299.35,12.86,1003.83,1000.95,2.88,26.26,12.91
4123204,Santa Cecília do Pavão,PR,-23.5201,-50.7835,3357.0,10508.96,133.65,1.272,301.37,12.52,1315.23,1306.94,8.29,5.17,12.52
4123303,Santa Cruz de Monte Castelo,PR,-22.9582,-53.2949,8840.0,44199.42,281.98,0.638,543.59,7.91,3494.34,2738.94,755.4,470.29,7.99
4123402,Santa Fé,PR,-23.04,-51.808,11730.0,27624.16,416.62,1.508,414.43,6.58,1818.22,1736.83,81.39,52.11,6.59
4123501,Santa Helena,PR,-24.8585,-54.336,26461.0,74944.46,1147.73,1.531,573.56,20.17,15116.07,14403.51,712.56,17332.21,26.24
4123600,Santa Inês,PR,-22.6376,-51.9024,1745.0,15696.89,57.79,0.368,451.62,3.62,567.77,385.75,182.02,497.34,3.74
4123709,Santa Isabel do Ivaí,PR,-23.0025,-53.1989,9043.0,34949.0,328.73,0.941,532.64,4.64,1621.07,1457.16,163.91,342.32,4.68
4123808,Santa Izabel do Oeste,PR,-25.8217,-53.4801,14462.0,32116.1,383.47,1.194,474.35,19.64,6306.77,6292.81,13.96,23.64,19.65
4123824,Santa Lúcia,PR,-25.4104,-53.5638,3638.0,12681.91,150.97,1.19,490.27,16.85,2136.33,2131.39,4.94,52.71,16.92
4123857,Santa Maria do Oeste,PR,-24.9377,-51.8696,9869.0,81932.32,181.61,0.222,326.07,24.68,20221.17,20141.18,79.99,214.03,24.74
4123907,Santa Mariana,PR,-23.1465,-50.5167,10941.0,42721.98,357.05,0.836,315.29,10.63,4540.65,4132.02,408.64,739.28,10.82
4123956,Santa Mônica,PR,-23.108,-53.1103,3361.0,25993.9,130.24,0.501,518.82,7.53,1958.56,1703.63,254.94,393.12,7.65
4124004,Santana do Itararé,PR,-23.7587,-49.6293,5646.0,25129.65,102.25,0.407,209.39,15.1,3794.31,3759.45,34.86,114.98,15.17
4124020,Santa Tereza do Oeste,PR,-25.0543,-53.6274,13938.0,32619.62,462.92,1.419,499.89,18.28,5961.85,5940.25,21.6,34.74,18.3
4124053,Santa Terezinha de Itaipu,PR,-25.4391,-54.402,25300.0,26825.64,775.52,2.891,572.34,15.58,4180.22,3824.75,355.47,2248.13,17.01
4124103,Santo Antônio da Platina,PR,-23.2959,-50.0815,45628.0,72145.57,1050.98,1.457,276.91,8.43,6082.38,5960.58,121.8,374.85,8.47
4124202,Santo Antônio do Caiuá,PR,-22.7351,-52.344,2474.0,21911.42,77.91,0.356,478.26,7.86,1723.28,994.13,729.15,964.08,8.23
4124301,Santo Antônio do Paraíso,PR,-23.4969,-50.6455,2088.0,16701.05,70.41,0.422,293.52,18.87,3151.62,3023.52,128.1,107.24,18.99
4124400,Santo Antônio do Sudoeste,PR,-26.0737,-53.7251,24980.0,32561.43,592.41,1.819,496.19,19.25,6268.01,6255.13,12.88,49.06,19.28
4124509,Santo Inácio,PR,-22.6957,-51.7969,6463.0,28010.78,329.36,1.176,439.36,4.34,1216.57,688.77,527.8,941.58,4.49
4124608,São Carlos do Ivaí,PR,-23.3158,-52.4761,6727.0,22525.05,351.39,1.56,451.45,5.39,1213.24,1165.87,47.37,360.7,5.47
4124707,São Jerônimo da Serra,PR,-23.7218,-50.7475,10884.0,82378.2,260.95,0.317,283.2,29.91,24643.38,24595.53,47.85,627.37,30.14
4124806,São João,PR,-25.8214,-52.7252,12297.0,38804.88,474.87,1.224,399.3,15.81,6136.96,6084.11,52.85,947.18,16.21
4124905,São João do Caiuá,PR,-22.8535,-52.3411,5607.0,30439.3,171.03,0.562,469.78,7.05,2147.29,1706.47,440.82,10.81,7.06
4125001,São João do Ivaí,PR,-23.9833,-51.8215,10639.0,35331.49,369.4,1.046,356.59,6.48,2289.97,2257.46,32.51,821.89,6.64
4125100,São João do Triunfo,PR,-25.683,-50.2949,13899.0,72041.54,168.8,0.234,163.35,46.06,33182.12,33137.55,44.57,337.46,46.28
4125209,São Jorge d'Oeste,PR,-25.7085,-52.9204,9587.0,37954.68,458.94,1.209,420.55,20.37,7731.17,7711.54,19.63,2614.19,21.88
4125308,São Jorge do Ivaí,PR,-23.4336,-52.2929,5170.0,31510.21,257.7,0.818,428.65,5.51,1737.04,1676.39,60.65,250.2,5.56
4125357,São Jorge do Patrocínio,PR,-23.7647,-53.8823,6690.0,40641.81,175.31,0.431,558.53,47.52,19312.24,2711.64,16600.6,3895.35,52.56
4125407,São José da Boa Vista,PR,-23.9122,-49.6577,6023.0,39974.32,93.78,0.235,196.14,18.65,7455.82,7106.55,349.27,147.49,18.72
4125456,São José das Palmeiras,PR,-24.8369,-54.0572,4031.0,18241.81,101.33,0.555,546.0,22.97,4190.85,4112.78,78.07,50.74,23.04
4125506,São José dos Pinhais,PR,-25.5313,-49.2031,349880.0,94603.84,9549.64,10.094,52.43,55.49,52494.12,52362.09,132.03,983.81,56.07
4125555,São Manoel do Paraná,PR,-23.3941,-52.6454,2176.0,9536.91,87.57,0.918,461.75,17.93,1709.75,1644.37,65.38,143.62,18.2
4125605,São Mateus do Sul,PR,-25.8677,-50.384,43490.0,134177.33,1191.98,0.888,167.87,41.37,55514.36,55450.68,63.67,1952.07,41.98
4125704,São Miguel do Iguaçu,PR,-25.3492,-54.2405,30416.0,85135.84,1012.92,1.19,558.3,22.34,19018.72,18544.61,474.11,6426.93,24.16
4125753,São Pedro do Iguaçu,PR,-24.9373,-53.8521,5730.0,30833.78,190.58,0.618,523.95,18.89,5825.65,5691.13,134.52,41.61,18.92
4125803,São Pedro do Ivaí,PR,-23.8634,-51.8568,8514.0,32268.95,300.62,0.932,366.09,10.37,3347.41,3324.15,23.26,708.45,10.61
4125902,São Pedro do Paraná,PR,-22.8239,-53.2241,2726.0,25065.26,131.41,0.524,545.38,8.74,2190.88,1256.14,934.74,1659.73,9.36
4126009,São Sebastião da Amoreira,PR,-23.4656,-50.7625,8063.0,22686.72,269.55,1.188,304.21,11.7,2654.35,2587.78,66.57,142.5,11.77
4126108,São Tomé,PR,-23.5349,-52.5901,5282.0,21861.06,182.67,0.836,449.13,17.13,3743.75,3429.36,314.39,191.94,17.28
4126207,Sapopema,PR,-23.9078,-50.5801,6778.0,67759.55,166.35,0.245,256.72,33.18,22485.17,22485.17,0.0,347.35,33.35
4126256,Sarandi,PR,-23.4441,-51.876,128106.0,10351.51,2210.17,21.351,392.48,4.61,477.69,477.69,0.0,2.71,4.62
4126272,Saudade do Iguaçu,PR,-25.6917,-52.6184,6413.0,15206.47,142.06,0.934,391.0,18.39,2795.9,2762.95,32.95,1358.53,20.19
4126306,Sengés,PR,-24.1129,-49.4616,17256.0,144325.79,500.57,0.347,166.98,29.52,42598.0,39846.6,2751.4,233.56,29.56
4126355,Serranópolis do Iguaçu,PR,-25.3799,-54.0518,5161.0,48198.3,172.36,0.358,539.02,63.44,30577.06,30469.9,107.16,1924.7,66.08
4126405,Sertaneja,PR,-23.0361,-50.8317,5654.0,44449.59,316.09,0.711,344.65,4.2,1865.39,1518.74,346.65,8055.69,5.13
4126504,Sertanópolis,PR,-23.0571,-51.0399,16210.0,50552.23,701.64,1.388,356.71,8.56,4329.03,4234.9,94.13,1601.93,8.84
4126603,Siqueira Campos,PR,-23.6875,-49.8304,24031.0,27799.22,679.51,2.444,226.53,10.64,2958.38,2935.23,23.15,271.64,10.75
4126652,Sulina,PR,-25.7066,-52.7299,3498.0,17079.55,92.55,0.542,401.74,16.89,2884.66,2871.42,13.24,277.89,17.17
4126678,Tamarana,PR,-23.7204,-51.0991,10540.0,47214.53,285.76,0.605,310.57,32.86,15513.27,15474.72,38.54,302.34,33.07
4126702,Tamboara,PR,-23.2036,-52.4743,4986.0,19313.41,245.05,1.269,458.05,6.1,1177.64,1175.09,2.55,1.89,6.1
4126801,Tapejara,PR,-23.7315,-52.8735,16326.0,59142.25,536.61,0.907,465.05,7.86,4650.54,4450.18,200.36,5.99,7.86
4126900,Tapira,PR,-23.3193,-53.0684,5807.0,43441.02,216.84,0.499,503.46,8.64,3753.11,3039.8,713.31,367.67,8.71
4127007,Teixeira Soares,PR,-25.3701,-50.4571,9540.0,90277.79,215.08,0.238,178.57,36.96,33368.1,30883.32,2484.78,344.57,37.1
4127106,Telêmaco Borba,PR,-24.3245,-50.6176,77479.0,138290.74,2268.65,1.64,231.7,35.09,48523.09,48496.8,26.29,4502.1,36.27
4127205,Terra Boa,PR,-23.7683,-52.447,18168.0,32085.69,618.16,1.927,424.14,21.38,6859.23,6806.99,52.25,164.59,21.49
4127304,Terra Rica,PR,-22.7111,-52.6188,14961.0,70061.74,590.05,0.842,501.95,6.47,4534.38,3029.05,1505.33,4342.94,6.9
4127403,Terra Roxa,PR,-24.1575,-54.0988,18636.0,80087.64,644.19,0.804,565.89,11.43,9155.0,7072.2,2082.8,980.52,11.57
4127502,Tibagi,PR,-24.5153,-50.4176,20374.0,297793.96,668.21,0.224,203.33,34.02,101295.56,85620.01,15675.55,1842.97,34.23
4127601,Tijucas do Sul,PR,-25.9311,-49.195,18458.0,67190.39,464.83,0.692,55.85,56.95,38265.69,36993.86,1271.83,520.0,57.4
4127700,Toledo,PR,-24.7246,-53.7412,160701.0,119801.85,4918.56,4.106,516.43,13.66,16365.38,16003.64,361.74,344.44,13.7
4127809,Tomazina,PR,-23.7796,-49.9499,8523.0,59146.96,144.0,0.243,224.58,15.45,9140.0,9050.17,89.83,261.51,15.52
4127858,Três Barras do Paraná,PR,-25.4185,-53.1833,11157.0,50551.16,297.19,0.588,452.41,25.34,12807.86,12801.14,6.72,3703.74,27.34
4127882,Tunas do Paraná,PR,-24.9731,-49.0879,6304.0,66847.32,183.91,0.275,66.27,66.29,44312.98,44292.59,20.39,25.67,66.32
4127908,Tuneiras do Oeste,PR,-23.8648,-52.8769,8067.0,69885.97,256.69,0.367,459.32,18.77,13121.08,12833.32,287.75,41.51,18.79
4127957,Tupãssi,PR,-24.5879,-53.5105,8208.0,29977.3,394.51,1.316,496.43,5.47,1640.6,1108.51,532.09,48.14,5.48
4127965,Turvo,PR,-25.0437,-51.5282,14101.0,93918.9,362.81,0.386,290.07,45.05,42314.05,41678.62,635.43,232.56,45.17
4128005,Ubiratã,PR,-24.5393,-52.9865,25732.0,65258.7,988.02,1.514,445.93,11.17,7289.11,7148.92,140.19,681.85,11.29
4128104,Umuarama,PR,-23.7656,-53.3201,123059.0,123453.08,3805.11,3.082,505.19,8.68,10716.05,9969.75,746.29,64.86,8.68
4128203,União da Vitória,PR,-26.2273,-51.0873,56560.0,72000.28,1603.26,2.227,231.93,64.05,46115.14,46089.77,25.37,1541.94,65.45
4128302,Uniflor,PR,-23.0868,-52.1573,2106.0,9482.17,67.41,0.711,439.06,6.24,591.77,576.19,15.58,20.69,6.25
4128401,Uraí,PR,-23.2,-50.7939,10308.0,23782.62,389.61,1.638,328.21,8.78,2087.95,2035.91,52.04,19.43,8.79
4128500,Wenceslau Braz,PR,-23.8742,-49.8032,19398.0,39789.4,539.16,1.355,207.53,19.17,7626.36,7597.38,28.99,19.17,19.18
4128534,Ventania,PR,-24.2458,-50.2376,9760.0,81937.31,311.73,0.38,205.86,35.58,29155.25,28957.03,198.22,16.35,35.59
4128559,Vera Cruz do Oeste,PR,-25.0577,-53.8771,8178.0,32698.06,254.09,0.777,524.91,14.54,4755.39,4688.68,66.71,43.7,14.56
4128609,Verê,PR,-25.8772,-52.9051,8077.0,31178.58,229.9,0.737,416.39,16.24,5063.03,5002.56,60.47,468.01,16.49
4128625,Alto Paraíso,PR,-26.1146,-52.7469,3067.0,96776.44,132.13,0.137,398.24,33.06,31996.13,7982.99,24013.14,6393.89,35.4
4128633,Doutor Ulysses,PR,-24.5665,-49.4219,5744.0,77749.29,76.35,0.098,122.55,55.23,42942.9,42465.79,477.11,71.77,55.28
4128658,Virmond,PR,-25.3829,-52.1987,3828.0,24904.02,104.29,0.419,353.54,22.55,5614.85,5587.73,27.12,465.59,22.98
4128708,Vitorino,PR,-26.2683,-52.7843,10549.0,30822.51,446.32,1.448,401.34,20.65,6364.16,6347.2,16.96,59.3,20.69
4128807,Xambrê,PR,-23.7364,-53.4884,5835.0,35971.45,201.1,0.559,522.28,5.47,1967.21,1611.74,355.47,2.62,5.47
4200051,Abdon Batista,SC,-27.6126,-51.0233,2629.0,23752.11,64.03,0.27,219.72,49.39,11730.76,9351.05,2379.71,1847.99,53.56
4200101,Abelardo Luz,SC,-26.5716,-52.3229,17767.0,95400.12,506.19,0.531,356.32,28.98,27646.43,26339.43,1307.0,1164.91,29.34
4200200,Agrolândia,SC,-27.4087,-49.822,11646.0,20681.54,461.46,2.231,116.43,41.69,8621.89,8621.89,0.0,57.45,41.8
4200309,Agronômica,SC,-27.2662,-49.708,6511.0,12974.81,262.63,2.024,107.41,31.48,4084.51,4084.51,0.0,20.31,31.53
4200408,Água Doce,SC,-26.9985,-51.5528,6587.0,132794.35,180.68,0.136,286.96,31.03,41205.88,31706.88,9499.0,1047.6,31.28
4200507,Águas de Chapecó,SC,-27.0754,-52.9808,6123.0,13948.73,128.28,0.92,406.08,23.21,3237.86,3237.86,0.0,1041.65,25.09
4200556,Águas Frias,SC,-26.8794,-52.8568,3000.0,7663.47,84.44,1.102,409.48,24.87,1905.95,1905.95,0.0,179.11,25.47
4200606,Águas Mornas,SC,-27.6963,-48.8243,7193.0,32666.83,189.23,0.579,18.62,78.31,25582.51,25416.81,165.7,17.31,78.35
4200705,Alfredo Wagner,SC,-27.7001,-49.3273,10963.0,73348.4,200.46,0.273,67.8,50.83,37281.58,34619.62,2661.97,114.36,50.91
4200754,Alto Bela Vista,SC,-27.4333,-51.9044,1847.0,10341.98,43.37,0.419,297.47,31.46,3253.17,3154.68,98.49,1621.49,37.3
4200804,Anchieta,SC,-26.5382,-53.3319,5955.0,23235.2,127.43,0.548,456.44,24.57,5709.6,5709.6,0.0,110.99,24.69
4200903,Angelina,SC,-27.5704,-48.9879,5484.0,50003.68,59.13,0.118,35.12,69.69,34849.09,34479.24,369.85,152.89,69.91
4201000,Anita Garibaldi,SC,-27.6897,-51.1271,8339.0,58983.08,182.75,0.31,221.41,56.91,33568.05,24079.53,9488.53,3341.37,60.33
4201109,Anitápolis,SC,-27.9012,-49.1316,3761.0,54065.69,49.13,0.091,51.61,75.0,40549.31,39841.28,708.03,13.47,75.02
4201208,Antônio Carlos,SC,-27.5191,-48.766,12464.0,23441.32,630.17,2.688,12.54,71.71,16810.72,16803.88,6.84,6.04,71.73
4201257,Apiúna,SC,-27.0375,-49.3885,10041.0,49352.0,305.97,0.62,76.47,75.25,37139.82,37139.82,0.0,348.87,75.79
4201273,Arabutã,SC,-27.1587,-52.1423,4505.0,13259.14,72.67,0.548,335.14,42.29,5607.55,5606.12,1.44,92.91,42.59
4201307,Araquari,SC,-26.3754,-48.7188,52079.0,38668.22,2711.08,7.011,2.95,44.57,17234.14,17212.06,22.09,2127.83,47.16
4201406,Araranguá,SC,-28.9356,-49.4918,76611.0,30178.26,3435.62,11.384,9.89,10.33,3117.42,2548.22,569.2,1186.91,10.75
4201505,Armazém,SC,-28.2448,-49.0215,9289.0,17397.61,286.62,1.647,32.34,38.5,6698.74,6698.74,0.0,112.64,38.75
4201604,Arroio Trinta,SC,-26.9257,-51.3407,3634.0,9353.63,105.58,1.129,265.28,43.64,4082.05,4082.05,0.0,29.81,43.78
4201653,Arvoredo,SC,-27.0748,-52.4543,2623.0,9048.93,57.63,0.637,364.76,33.14,2998.6,2996.84,1.76,185.21,33.83
4201703,Ascurra,SC,-26.9548,-49.3783,8720.0,11289.03,392.24,3.475,73.85,71.29,8047.47,8047.47,0.0,142.85,72.2
4201802,Atalanta,SC,-27.4219,-49.7789,3265.0,9438.56,108.07,1.145,112.08,29.27,2762.65,2762.65,0.0,37.96,29.39
4201901,Aurora,SC,-27.3098,-49.6295,7241.0,20704.45,203.48,0.983,98.86,41.44,8580.4,8580.4,0.0,141.2,41.73
4201950,Balneário Arroio do Silva,SC,-28.9806,-49.4237,17786.0,9405.27,1599.6,17.007,1.62,35.34,3323.48,896.74,2426.74,313.22,36.55
4202008,Balneário Camboriú,SC,-26.9926,-48.6352,151674.0,4498.88,1723.67,38.313,1.91,47.98,2158.73,2158.73,0.0,75.55,48.8
4202057,Balneário Barra do Sul,SC,-26.4597,-48.6123,16953.0,10886.21,766.38,7.04,0.31,59.61,6489.61,6359.45,130.16,724.12,63.86
4202073,Balneário Gaivota,SC,-29.1527,-49.5841,17986.0,14586.99,1912.64,13.112,0.88,17.26,2517.0,958.96,1558.04,1535.98,19.29
4202081,Bandeirante,SC,-26.7705,-53.6413,3265.0,14731.68,86.84,0.589,478.72,37.43,5513.48,5513.48,0.0,82.34,37.64
4202099,Barra Bonita,SC,-26.654,-53.44,1642.0,9293.72,22.83,0.246,467.95,32.62,3031.51,3031.51,0.0,119.01,33.04
4202107,Barra Velha,SC,-26.637,-48.6933,52860.0,13889.72,2100.93,15.126,1.28,27.41,3807.38,3806.26,1.12,268.57,27.95
4202131,Bela Vista do Toldo,SC,-26.2746,-50.4664,5939.0,53571.47,85.44,0.159,169.82,45.59,24423.67,24416.38,7.3,57.01,45.64
4202156,Belmonte,SC,-26.843,-53.5758,2712.0,9344.38,70.62,0.756,468.66,31.66,2958.25,2958.25,0.0,62.54,31.87
4202206,Benedito Novo,SC,-26.781,-49.3593,10757.0,38828.64,377.81,0.973,67.72,68.45,26577.13,26574.49,2.64,115.53,68.65
4202305,Biguaçu,SC,-27.496,-48.6598,83756.0,31665.25,2027.68,6.403,1.83,54.92,17389.46,17376.73,12.73,139.07,55.16
4202404,Blumenau,SC,-26.9155,-49.0709,385558.0,51859.25,8166.3,15.747,44.07,68.9,35728.91,35728.91,0.0,557.58,69.64
4202438,Bocaina do Sul,SC,-27.7455,-49.9423,3639.0,51065.06,78.4,0.154,128.66,49.3,25177.35,23764.68,1412.68,191.22,49.49
4202453,Bombinhas,SC,-27.1382,-48.5146,28738.0,3447.34,1017.48,29.515,0.97,58.09,2002.7,2002.7,0.0,50.0,58.95
4202503,Bom Jardim da Serra,SC,-28.3377,-49.6373,3995.0,93849.87,118.21,0.126,68.57,94.73,88907.62,32524.64,56382.98,157.2,94.89
4202537,Bom Jesus,SC,-26.7326,-52.3919,2896.0,6388.84,119.36,1.868,364.97,11.51,735.31,721.38,13.93,78.12,11.65
4202578,Bom Jesus do Oeste,SC,-26.6927,-53.0967,2240.0,6776.94,69.12,1.02,434.23,18.55,1257.24,1257.24,0.0,7.37,18.57
4202602,Bom Retiro,SC,-27.799,-49.487,8422.0,105704.03,301.93,0.286,84.89,57.18,60446.39,56601.38,3845.0,141.69,57.26
4202701,Botuverá,SC,-27.2007,-49.0689,5705.0,29626.89,217.28,0.733,44.77,84.64,25075.15,25075.15,0.0,127.42,85.0
4202800,Braço do Norte,SC,-28.2681,-49.1701,35985.0,21204.96,1328.39,6.265,44.95,30.29,6422.88,6422.88,0.0,208.0,30.59
4202859,Braço do Trombudo,SC,-27.3586,-49.8821,4256.0,8942.56,194.12,2.171,122.84,33.41,2987.97,2987.97,0.0,40.13,33.56
4202875,Brunópolis,SC,-27.3058,-50.8684,2433.0,33641.29,73.44,0.218,220.55,29.31,9860.0,7009.58,2850.42,1343.68,30.53
4202909,Brusque,SC,-27.0977,-48.9107,155307.0,28467.64,4461.73,15.673,30.27,63.09,17959.72,17959.72,0.0,128.32,63.37
4203006,Caçador,SC,-26.7757,-51.012,76298.0,98341.55,2245.4,2.283,230.59,35.27,34684.56,34485.09,199.47,866.24,35.58
4203105,Caibi,SC,-27.0741,-53.2458,6441.0,17307.45,164.03,0.948,427.08,27.51,4762.02,4762.02,0.0,235.07,27.89
4203154,Calmon,SC,-26.5942,-51.095,3519.0,63620.81,88.4,0.139,234.97,40.0,25450.65,25173.52,277.14,286.61,40.18
4203204,Camboriú,SC,-27.0241,-48.6503,117324.0,21057.42,1875.91,8.909,5.24,63.2,13307.63,13307.63,0.0,39.37,63.32
4203253,Capão Alto,SC,-27.9389,-50.5098,2636.0,133197.58,77.46,0.058,158.05,71.38,95077.05,36414.1,58662.94,1589.19,72.24
4203303,Campo Alegre,SC,-26.195,-49.2676,12886.0,50016.91,466.28,0.932,50.78,51.98,25996.32,25394.39,601.94,195.69,52.18
4203402,Campo Belo do Sul,SC,-27.8975,-50.7595,7324.0,102561.43,208.87,0.204,179.19,56.52,57965.25,28177.1,29788.15,1500.59,57.36
4203501,Campo Erê,SC,-26.3931,-53.0856,9864.0,47916.13,350.53,0.732,431.4,22.7,10877.62,10728.89,148.73,130.98,22.76
4203600,Campos Novos,SC,-27.4002,-51.2276,39049.0,171758.63,1148.77,0.669,250.53,36.92,63411.54,44099.51,19312.03,2474.28,37.46
4203709,Canelinha,SC,-27.2616,-48.7658,13618.0,15088.11,640.4,4.244,14.43,50.69,7647.43,7647.43,0.0,283.04,51.65
4203808,Canoinhas,SC,-26.1766,-50.395,56948.0,114802.79,1910.69,1.664,163.09,34.21,39276.76,39260.97,15.79,1126.08,34.55
4203907,Capinzal,SC,-27.3473,-51.6057,24414.0,24430.7,588.92,2.411,281.87,40.97,10009.24,7172.3,2836.94,880.8,42.5
4203956,Capivari de Baixo,SC,-28.4498,-48.9631,25015.0,5322.41,892.23,16.764,19.72,4.74,252.4,251.14,1.26,112.64,4.84
4204004,Catanduvas,SC,-27.069,-51.6602,11033.0,19918.04,413.64,2.077,298.39,40.06,7979.73,7950.19,29.54,58.68,40.18
4204103,Caxambu do Sul,SC,-27.1624,-52.8807,4752.0,14088.01,135.84,0.964,392.34,23.52,3313.34,3313.34,0.0,1474.36,26.27
4204152,Celso Ramos,SC,-27.6327,-51.335,2864.0,20839.06,93.97,0.451,240.73,51.74,10782.3,8471.28,2311.02,1454.67,55.62
4204178,Cerro Negro,SC,-27.7942,-50.8673,3303.0,41851.76,54.33,0.13,194.75,63.28,26481.91,15117.63,11364.28,1966.57,66.4
4204194,Chapadão do Lageado,SC,-27.5905,-49.5539,3053.0,12486.07,92.18,0.738,90.2,36.79,4593.17,4590.63,2.54,49.6,36.93
4204202,Chapecó,SC,-27.1004,-52.6152,282648.0,62470.39,6188.25,9.906,375.51,31.58,19726.1,19516.65,209.45,1399.37,32.3
4204251,Cocal do Sul,SC,-28.5986,-49.3335,18106.0,7097.04,719.58,10.139,27.37,37.18,2638.59,2638.59,0.0,21.65,37.29
4204301,Concórdia,SC,-27.2335,-52.026,87206.0,79922.5,2150.78,2.691,321.01,35.03,27997.64,27780.35,217.29,3649.36,36.71
4204350,Cordilheira Alta,SC,-26.9844,-52.6056,5192.0,8524.86,209.13,2.453,382.73,37.0,3154.05,3154.05,0.0,27.48,37.12
4204400,Coronel Freitas,SC,-26.9057,-52.7011,10604.0,23250.11,306.57,1.319,395.59,29.42,6840.9,6840.9,0.0,478.2,30.04
4204459,Coronel Martins,SC,-26.511,-52.6694,1993.0,10749.73,58.31,0.542,390.34,18.83,2023.66,2023.66,0.0,17.48,18.86
4204509,Corupá,SC,-26.4246,-49.246,15912.0,40574.33,562.51,1.386,50.64,77.95,31626.01,31601.3,24.71,72.57,78.09
4204558,Correia Pinto,SC,-27.5877,-50.3614,16253.0,64739.5,605.09,0.935,169.81,43.89,28412.05,17764.35,10647.7,416.29,44.17
4204608,Criciúma,SC,-28.6723,-49.3729,227438.0,23477.33,6683.4,28.467,23.46,21.81,5119.47,5115.54,3.93,64.24,21.87
4204707,Cunha Porã,SC,-26.895,-53.1662,11242.0,22010.22,360.09,1.636,432.83,27.45,6041.76,6041.76,0.0,72.36,27.54
4204756,Cunhataí,SC,-26.9709,-53.0895,2026.0,5481.1,58.16,1.061,421.67,33.64,1843.86,1843.86,0.0,7.51,33.69
4204806,Curitibanos,SC,-27.2824,-50.5816,41741.0,95002.75,1419.52,1.494,192.58,28.28,26871.2,24522.52,2348.68,2000.95,28.89
4204905,Descanso,SC,-26.827,-53.5034,8652.0,28704.42,265.5,0.925,464.03,27.12,7785.99,7785.99,0.0,187.16,27.3
4205001,Dionísio Cerqueira,SC,-26.2648,-53.6351,15316.0,37861.55,502.6,1.327,486.32,21.89,8288.12,8282.5,5.63,149.36,21.98
4205100,Dona Emma,SC,-26.981,-49.7261,4435.0,17816.21,131.49,0.738,107.7,44.07,7851.9,7851.9,0.0,20.61,44.12
4205159,Doutor Pedrinho,SC,-26.7174,-49.4795,3729.0,37422.27,192.77,0.515,79.32,74.86,28014.89,28012.4,2.48,75.06,75.01
4205175,Entre Rios,SC,-26.7225,-52.5585,3561.0,10386.62,67.09,0.646,381.29,46.3,4809.02,4809.02,0.0,192.31,47.17
4205191,Ermo,SC,-28.9869,-49.643,2354.0,6531.84,66.99,1.026,17.0,2.72,177.81,177.81,0.0,81.58,2.76
4205209,Erval Velho,SC,-27.2743,-51.443,5137.0,20882.99,138.72,0.664,275.63,52.33,10927.27,6820.2,4107.07,219.55,52.88
4205308,Faxinal dos Guedes,SC,-26.8451,-52.2596,11537.0,34006.57,543.15,1.597,353.75,26.37,8966.08,8889.5,76.58,467.19,26.73
4205357,Flor do Sertão,SC,-26.7811,-53.3505,1868.0,5843.38,33.93,0.581,455.05,36.85,2153.27,2153.27,0.0,94.04,37.45
4205407,Florianópolis,SC,-27.5945,-48.5477,587486.0,43891.72,10382.91,23.656,0.82,46.56,20437.44,19523.92,913.52,3396.91,50.47
4205431,Formosa do Sul,SC,-26.6453,-52.7946,2752.0,10039.39,72.83,0.725,403.82,27.05,2715.86,2715.86,0.0,7.45,27.07
4205456,Forquilhinha,SC,-28.7454,-49.4785,34771.0,18337.58,1196.62,6.525,23.68,3.96,726.84,726.84,0.0,98.96,3.99
4205506,Fraiburgo,SC,-27.0233,-50.92,34065.0,54920.98,963.71,1.755,224.92,22.5,12358.16,12355.92,2.24,496.73,22.71
4205555,Frei Rogério,SC,-27.175,-50.8076,2437.0,15878.84,59.9,0.377,216.41,19.55,3103.64,3008.11,95.53,364.28,20.0
4205605,Galvão,SC,-26.4549,-52.6875,3168.0,13986.67,113.79,0.814,391.87,16.93,2368.12,2358.73,9.39,11.56,16.95
4205704,Garopaba,SC,-28.0275,-48.6192,34070.0,11448.02,1208.25,10.554,1.49,40.24,4606.17,4207.89,398.28,777.84,43.17
4205803,Garuva,SC,-26.0292,-48.852,19970.0,50360.26,688.69,1.368,24.1,76.44,38497.47,36412.66,2084.81,769.14,77.63
4205902,Gaspar,SC,-26.9336,-48.9534,78344.0,38660.26,2983.09,7.716,32.71,57.81,22348.59,22348.59,0.0,513.74,58.59
4206009,Governador Celso Ramos,SC,-27.3172,-48.5576,18280.0,9374.1,1059.49,11.302,0.79,49.86,4674.09,4648.76,25.32,181.45,50.85
4206108,Grão Pará,SC,-28.1809,-49.2252,6403.0,33436.75,157.12,0.47,53.46,55.73,18635.61,17949.07,686.54,60.93,55.84
4206207,Gravatal,SC,-28.3208,-49.0427,13158.0,16572.01,563.72,3.402,31.16,27.81,4607.86,4607.86,0.0,66.93,27.92
4206306,Guabiruba,SC,-27.0808,-48.9804,26645.0,17217.77,1328.13,7.714,37.26,76.57,13183.66,13183.66,0.0,57.04,76.82
4206405,Guaraciaba,SC,-26.6042,-53.5243,11071.0,33134.17,288.07,0.869,475.96,26.51,8785.5,8785.5,0.0,104.37,26.6
4206504,Guaramirim,SC,-26.4688,-49.0026,51009.0,26750.85,1803.6,6.742,30.5,39.47,10557.82,10557.82,0.0,281.16,39.89
4206603,Guarujá do Sul,SC,-26.3858,-53.5296,4893.0,10061.36,202.1,2.009,475.69,21.34,2147.17,2147.17,0.0,31.15,21.41
4206652,Guatambú,SC,-27.1341,-52.7887,9611.0,20617.92,321.57,1.56,386.97,36.6,7546.3,7541.76,4.55,540.43,37.59
4206702,Herval d'Oeste,SC,-27.1903,-51.4917,22222.0,21658.84,360.0,1.662,283.3,45.27,9804.44,8622.2,1182.25,152.0,45.59
4206751,Ibiam,SC,-27.1847,-51.2352,2061.0,14600.46,50.8,0.348,258.17,39.93,5830.58,4985.38,845.2,30.22,40.02
4206801,Ibicaré,SC,-27.0881,-51.3681,3295.0,15622.0,73.59,0.471,269.94,40.25,6288.43,6267.86,20.57,151.08,40.65
4206900,Ibirama,SC,-27.0547,-49.5193,20900.0,24709.5,624.51,2.527,89.57,67.02,16561.01,16561.01,0.0,386.55,68.09
4207007,Içara,SC,-28.7132,-49.3087,63489.0,23049.28,2802.43,12.158,15.99,6.8,1568.18,1563.31,4.87,170.87,6.85
4207106,Ilhota,SC,-26.9023,-48.8251,18627.0,25301.38,924.26,3.653,19.69,46.05,11652.0,11652.0,0.0,370.98,46.74
4207205,Imaruí,SC,-28.3339,-48.817,12150.0,54223.15,240.46,0.443,9.99,43.88,23794.67,23768.53,26.13,5571.68,48.91
4207304,Imbituba,SC,-28.2284,-48.6659,57256.0,18133.35,3650.43,20.131,2.0,19.61,3556.21,2498.65,1057.57,3343.64,24.05
4207403,Imbuia,SC,-27.4908,-49.4218,6166.0,11910.7,400.33,3.361,76.61,17.92,2134.03,2127.27,6.76,27.59,17.96
4207502,Indaial,SC,-26.8992,-49.2354,77888.0,43081.1,2495.9,5.793,58.42,76.9,33129.41,33129.41,0.0,533.53,77.86
4207577,Iomerê,SC,-27.0019,-51.2442,2967.0,11397.56,144.34,1.266,256.53,34.55,3938.36,3938.36,0.0,57.11,34.73
4207601,Ipira,SC,-27.4038,-51.7758,4622.0,15618.32,107.6,0.689,289.96,45.4,7091.13,6008.4,1082.73,251.38,46.15
4207650,Iporã do Oeste,SC,-26.9854,-53.5355,9759.0,20110.19,330.14,1.642,455.9,35.21,7081.25,7081.25,0.0,62.47,35.32
4207684,Ipuaçu,SC,-26.635,-52.4556,8133.0,26108.44,136.51,0.523,370.1,21.09,5507.53,5436.16,71.37,1117.84,22.04
4207700,Ipumirim,SC,-27.0772,-52.1289,8121.0,24608.99,148.31,0.603,340.17,34.46,8480.81,8479.77,1.04,34.97,34.51
4207759,Iraceminha,SC,-26.8215,-53.2767,3981.0,16514.61,85.35,0.517,446.5,30.64,5059.42,5059.42,0.0,68.79,30.76
4207809,Irani,SC,-27.0287,-51.9012,10560.0,32583.19,299.0,0.918,321.7,45.05,14679.55,14349.31,330.24,209.62,45.34
4207858,Irati,SC,-26.6539,-52.8955,2098.0,7791.96,60.01,0.77,413.91,22.62,1762.23,1762.23,0.0,3.29,22.63
4207908,Irineópolis,SC,-26.242,-50.7957,10427.0,58970.26,231.76,0.393,202.76,32.45,19134.31,19134.31,0.0,761.56,32.87
4208005,Itá,SC,-27.2907,-52.3212,7370.0,16625.39,161.76,0.973,339.57,28.95,4813.83,4788.0,25.83,1949.7,32.8
4208104,Itaiópolis,SC,-26.339,-49.9092,22906.0,129754.86,609.29,0.47,114.36,50.38,65367.81,65339.97,27.84,292.7,50.49
4208203,Itajaí,SC,-26.9101,-48.6705,294850.0,28920.26,5610.36,19.399,4.6,37.09,10727.62,10727.62,0.0,614.72,37.9
4208302,Itapema,SC,-27.0861,-48.616,86116.0,5816.11,1433.53,24.648,1.58,58.99,3430.67,3430.67,0.0,28.88,59.28
4208401,Itapiranga,SC,-27.1659,-53.7166,17268.0,28073.56,305.41,1.088,458.72,34.81,9773.75,9773.75,0.0,1327.48,36.54
4208450,Itapoá,SC,-26.1158,-48.6182,36033.0,24539.31,2013.83,8.207,2.67,71.8,17620.23,17604.28,15.94,1028.39,74.94
4208500,Ituporanga,SC,-27.4101,-49.5963,28461.0,33661.37,943.61,2.803,94.16,30.09,10129.35,10115.52,13.83,216.45,30.29
4208609,Jaborá,SC,-27.1782,-51.7279,4461.0,18248.94,117.48,0.644,303.51,37.45,6834.55,6827.21,7.34,34.63,37.52
4208708,Jacinto Machado,SC,-28.9961,-49.7623,10818.0,43070.45,282.29,0.655,25.1,54.0,23258.84,22789.27,469.57,209.35,54.27
4208807,Jaguaruna,SC,-28.6146,-49.0296,21570.0,32632.5,3111.24,9.534,8.4,8.16,2663.02,1769.57,893.45,2208.03,8.75
4208906,Jaraguá do Sul,SC,-26.4851,-49.0713,199519.0,53081.58,5198.47,9.793,37.21,66.55,35328.33,35325.36,2.97,202.67,66.81
4208955,Jardinópolis,SC,-26.7191,-52.8625,1810.0,6849.32,62.37,0.911,411.32,29.95,2051.31,2051.31,0.0,92.63,30.36
4209003,Joaçaba,SC,-27.1721,-51.5108,31809.0,24163.54,882.82,3.654,285.34,39.05,9435.54,9375.18,60.37,165.02,39.32
4209102,Joinville,SC,-26.3045,-48.8487,664541.0,112787.3,13415.51,11.895,8.82,62.72,70744.1,70720.45,23.65,3489.15,64.73
4209151,José Boiteux,SC,-26.9566,-49.6286,6415.0,40554.3,161.42,0.398,97.65,76.91,31190.3,31190.3,0.0,301.29,77.49
4209177,Jupiá,SC,-26.395,-52.7298,2713.0,9144.16,102.37,1.119,395.91,17.28,1579.7,1574.08,5.62,3.53,17.28
4209201,Lacerdópolis,SC,-27.2579,-51.5577,2302.0,6902.96,58.18,0.843,285.17,40.04,2763.98,2383.88,380.1,142.95,40.89
4209300,Lages,SC,-27.815,-50.3259,172458.0,263769.24,4664.52,1.768,156.13,68.97,181931.51,48055.85,133875.66,2408.16,69.61
4209409,Laguna,SC,-28.4843,-48.7772,44060.0,33293.33,2017.21,6.059,1.64,16.16,5381.54,1681.09,3700.46,11859.13,25.11
4209458,Lajeado Grande,SC,-26.8576,-52.5648,1791.0,6535.84,45.66,0.699,383.92,15.83,1034.83,1034.83,0.0,21.76,15.89
4209508,Laurentino,SC,-27.2173,-49.7331,8605.0,7934.14,363.36,4.58,110.31,28.98,2299.64,2299.64,0.0,59.95,29.2
4209607,Lauro Muller,SC,-28.3859,-49.4035,14628.0,27187.2,430.45,1.583,49.99,62.88,17094.11,15857.29,1236.82,24.38,62.93
4209706,Lebon Régis,SC,-26.928,-50.6921,11575.0,94163.68,299.0,0.318,201.15,36.86,34705.34,34391.76,313.57,570.14,37.08
4209805,Leoberto Leal,SC,-27.5081,-49.2789,3379.0,29359.96,96.55,0.329,62.56,62.16,18249.07,17508.13,740.94,16.31,62.19
4209854,Lindóia do Sul,SC,-27.0545,-52.069,4604.0,19020.05,78.72,0.414,337.54,39.53,7519.03,7514.24,4.79,36.26,39.61
4209904,Lontras,SC,-27.1684,-49.535,13829.0,19758.12,571.16,2.891,91.07,43.15,8525.2,8525.2,0.0,289.02,43.79
4210001,Luiz Alves,SC,-26.7151,-48.9322,12246.0,26009.63,402.11,1.546,24.86,61.01,15869.18,15869.18,0.0,51.24,61.13
4210035,Luzerna,SC,-27.1304,-51.4682,5951.0,11707.88,145.69,1.244,280.44,35.68,4177.44,4177.44,0.0,54.1,35.85
4210050,Macieira,SC,-26.8552,-51.3705,1796.0,26120.27,43.28,0.166,267.31,45.92,11995.19,11854.56,140.64,41.52,46.0
4210100,Mafra,SC,-26.1159,-49.8086,57262.0,140410.17,2170.05,1.546,105.58,34.65,48648.41,48629.03,19.38,824.18,34.85
4210209,Major Gercino,SC,-27.4192,-48.9488,3253.0,30602.13,92.4,0.302,30.43,75.19,23010.49,22984.09,26.41,78.15,75.38
4210308,Major Vieira,SC,-26.3709,-50.3266,7543.0,52077.58,230.32,0.442,156.16,36.69,19105.78,19035.19,70.59,80.08,36.74
4210407,Maracajá,SC,-28.8463,-49.4605,8344.0,6292.02,343.77,5.464,14.26,9.07,570.84,569.82,1.02,77.28,9.19
4210506,Maravilha,SC,-26.7665,-53.1737,30743.0,17034.31,1066.35,6.26,442.05,25.87,4406.59,4406.59,0.0,49.86,25.94
4210555,Marema,SC,-26.8024,-52.6264,2218.0,10417.8,50.97,0.489,389.1,19.1,1990.07,1990.07,0.0,185.89,19.45
4210605,Massaranduba,SC,-26.6109,-49.0054,18122.0,37446.33,681.47,1.82,32.49,54.42,20378.69,20378.69,0.0,164.42,54.66
4210704,Matos Costa,SC,-26.4709,-51.1501,2789.0,43539.38,77.59,0.178,238.91,48.93,21301.96,20940.43,361.53,301.44,49.27
4210803,Meleiro,SC,-28.8244,-49.6378,7128.0,18643.63,266.84,1.431,28.72,10.12,1887.17,1887.17,0.0,92.38,10.17
4210852,Mirim Doce,SC,-27.197,-50.0786,2554.0,33798.22,62.91,0.186,144.6,67.97,22972.61,22972.61,0.0,77.34,68.13
4210902,Modelo,SC,-26.7729,-53.04,4159.0,9234.74,151.01,1.635,429.51,26.72,2467.95,2467.95,0.0,15.76,26.77
4211009,Mondaí,SC,-27.1008,-53.4032,10206.0,20029.26,267.35,1.335,437.7,36.77,7364.97,7364.97,0.0,1173.44,39.06
4211058,Monte Carlo,SC,-27.2239,-50.9808,9218.0,19129.04,250.72,1.311,232.61,25.67,4909.92,4290.36,619.57,162.72,25.89
4211108,Monte Castelo,SC,-26.461,-50.2327,7747.0,56075.24,334.67,0.597,147.82,52.54,29460.06,29300.96,159.11,65.16,52.6
4211207,Morro da Fumaça,SC,-28.6511,-49.2169,19490.0,8287.6,1063.83,12.836,15.66,13.8,1143.36,1143.36,0.0,385.58,14.47
4211256,Morro Grande,SC,-28.8006,-49.7214,3097.0,26016.67,67.35,0.259,36.53,71.25,18536.35,18085.24,451.11,38.37,71.35
4211306,Navegantes,SC,-26.8943,-48.6546,96046.0,11132.51,2323.38,20.87,2.73,25.79,2870.75,2845.48,25.27,354.09,26.63
4211405,Nova Erechim,SC,-26.8982,-52.9066,5490.0,6506.05,203.53,3.128,412.1,26.81,1744.11,1744.11,0.0,302.67,28.12
4211454,Nova Itaberaba,SC,-26.9428,-52.8141,4672.0,13708.14,114.6,0.836,401.81,38.78,5316.27,5316.27,0.0,226.65,39.43
4211504,Nova Trento,SC,-27.278,-48.9298,14395.0,40284.65,534.1,1.326,30.73,78.65,31682.46,31682.46,0.0,44.37,78.73
4211603,Nova Veneza,SC,-28.6338,-49.5055,14004.0,29503.63,580.28,1.967,34.94,44.66,13177.24,13011.0,166.24,111.61,44.83
4211652,Novo Horizonte,SC,-26.4442,-52.8281,2661.0,15172.06,56.26,0.371,405.84,22.57,3424.64,3424.64,0.0,12.03,22.59
4211702,Orleans,SC,-28.3487,-49.2986,24686.0,54985.36,813.43,1.479,47.3,59.86,32913.23,31944.7,968.53,213.47,60.09
4211751,Otacílio Costa,SC,-27.4789,-50.1231,17873.0,84724.04,613.61,0.724,145.91,25.62,21710.04,21254.07,455.97,415.2,25.75
4211801,Ouro,SC,-27.3379,-51.6194,7062.0,21354.52,158.67,0.743,283.57,45.81,9781.92,8028.55,1753.38,160.08,46.15
4211850,Ouro Verde,SC,-26.692,-52.3108,2195.0,18856.28,86.17,0.457,356.42,12.4,2337.33,2284.16,53.17,241.81,12.56
4211876,Paial,SC,-27.2541,-52.4975,2007.0,8603.96,54.68,0.635,355.94,38.08,3276.69,3260.18,16.5,338.76,39.64
4211892,Painel,SC,-27.9234,-50.0972,2216.0,73835.66,51.5,0.07,132.67,81.96,60518.01,16212.59,44305.42,278.27,82.27
4211900,Palhoça,SC,-27.6455,-48.6697,253469.0,32767.95,5725.77,17.474,2.71,61.47,20141.41,17839.94,2301.47,487.23,62.39
4212007,Palma Sola,SC,-26.3471,-53.2771,7696.0,33089.72,286.62,0.866,450.48,28.92,9569.52,9560.28,9.24,96.22,29.0
4212056,Palmeira,SC,-27.583,-50.1577,2658.0,28908.44,83.6,0.289,149.72,36.31,10497.56,9355.67,1141.89,223.03,36.6
4212106,Palmitos,SC,-27.0702,-53.1586,15781.0,35104.28,500.15,1.425,420.46,24.31,8534.72,8534.72,0.0,1386.82,25.31
4212205,Papanduva,SC,-26.3777,-50.1419,19769.0,76473.38,608.3,0.795,137.83,45.04,34444.01,34415.57,28.44,124.66,45.11
4212239,Paraíso,SC,-26.62,-53.6716,4394.0,17910.11,128.78,0.719,490.71,33.14,5934.59,5934.59,0.0,110.39,33.34
4212254,Passo de Torres,SC,-29.3099,-49.722,14859.0,9209.17,1269.57,13.786,1.61,9.96,917.41,568.06,349.35,807.04,10.92
4212270,Passos Maia,SC,-26.7829,-52.0568,3997.0,61708.08,96.43,0.156,332.75,44.98,27755.74,26172.81,1582.93,694.63,45.49
4212304,Paulo Lopes,SC,-27.9607,-48.6864,9879.0,44608.12,420.43,0.943,7.3,76.51,34130.65,33694.36,436.28,385.92,77.18
4212403,Pedras Grandes,SC,-28.4339,-49.1949,4355.0,15991.93,109.51,0.685,33.97,50.38,8055.99,8055.99,0.0,81.22,50.63
4212502,Penha,SC,-26.7754,-48.6465,36995.0,5743.55,1412.44,24.592,1.6,34.21,1964.96,1964.96,0.0,72.65,34.65
4212601,Peritiba,SC,-27.3754,-51.9018,3040.0,9563.11,80.01,0.837,301.41,41.26,3945.83,3869.39,76.44,6.21,41.29
4212650,Pescaria Brava,SC,-28.3966,-48.8864,10615.0,10684.2,485.26,4.542,13.72,15.0,1602.67,1532.39,70.28,3782.45,23.22
4212700,Petrolândia,SC,-27.5346,-49.6937,6996.0,30675.81,206.34,0.673,103.64,44.93,13783.05,13776.38,6.67,162.61,45.17
4212809,Balneário Piçarras,SC,-26.7639,-48.6717,30593.0,9935.03,1256.54,12.648,2.16,22.73,2257.99,2257.99,0.0,54.58,22.85
4212908,Pinhalzinho,SC,-26.8495,-52.9913,23897.0,12872.76,805.57,6.258,422.06,23.29,2998.33,2998.33,0.0,72.56,23.42
4213005,Pinheiro Preto,SC,-27.0483,-51.2243,3631.0,6101.9,80.16,1.314,255.2,29.89,1823.96,1823.96,0.0,111.7,30.45
4213104,Piratuba,SC,-27.4242,-51.7668,6144.0,14609.11,125.25,0.857,287.79,53.01,7743.74,5321.71,2422.03,1562.95,59.36
4213153,Planalto Alegre,SC,-27.0704,-52.867,3081.0,6310.54,118.62,1.88,397.42,40.09,2529.85,2529.85,0.0,11.34,40.16
4213203,Pomerode,SC,-26.7384,-49.1785,37003.0,21431.25,1173.32,5.475,49.43,70.12,15028.1,15028.1,0.0,30.18,70.22
4213302,Ponte Alta,SC,-27.4835,-50.3764,4390.0,57518.9,168.46,0.293,170.94,43.43,24981.73,22049.68,2932.05,374.3,43.72
4213351,Ponte Alta do Norte,SC,-27.1591,-50.4659,3241.0,39687.05,148.51,0.374,183.15,36.68,14555.51,13209.02,1346.49,216.95,36.88
4213401,Ponte Serrada,SC,-26.8733,-52.0112,10732.0,56073.11,341.85,0.61,330.0,47.34,26543.32,26006.21,537.12,977.45,48.18
4213500,Porto Belo,SC,-27.1586,-48.5469,31557.0,9350.38,1056.18,11.296,0.53,45.2,4226.03,4213.83,12.2,48.66,45.43
4213609,Porto União,SC,-26.2451,-51.0759,33694.0,84881.48,950.48,1.12,230.74,48.48,41153.08,41122.91,30.18,841.2,48.97
4213708,Pouso Redondo,SC,-27.2567,-49.9301,18051.0,35655.02,499.52,1.401,129.19,34.47,12289.37,12289.37,0.0,103.1,34.57
4213807,Praia Grande,SC,-29.1918,-49.9525,8696.0,28436.86,277.71,0.977,27.44,63.0,17916.43,17416.1,500.33,137.39,63.31
4213906,Presidente Castello Branco,SC,-27.2218,-51.8089,1707.0,6543.49,31.89,0.487,306.06,44.12,2886.71,2868.94,17.77,4.86,44.15
4214003,Presidente Getúlio,SC,-27.0474,-49.6246,21764.0,29714.17,635.53,2.139,99.91,40.87,12144.73,12144.73,0.0,70.82,40.97
4214102,Presidente Nereu,SC,-27.2768,-49.3889,2347.0,22474.66,76.57,0.341,76.15,69.23,15559.08,15559.08,0.0,37.29,69.34
4214151,Princesa,SC,-26.4441,-53.5994,3073.0,8552.65,78.49,0.918,482.75,24.83,2123.45,2123.45,0.0,13.24,24.87
4214201,Quilombo,SC,-26.7264,-52.724,11433.0,27899.54,293.03,1.05,397.7,25.51,7118.39,7118.39,0.0,346.58,25.84
4214300,Rancho Queimado,SC,-27.6727,-49.0191,3484.0,28645.77,145.94,0.509,37.26,65.67,18812.26,17194.07,1618.19,47.4,65.78
4214409,Rio das Antas,SC,-26.8946,-51.0674,6399.0,31490.11,137.41,0.436,237.95,30.42,9578.36,9578.36,0.0,412.3,30.82
4214508,Rio do Campo,SC,-26.9452,-50.136,6638.0,50210.11,243.57,0.485,146.68,53.41,26816.43,26785.18,31.26,134.95,53.55
4214607,Rio do Oeste,SC,-27.1952,-49.7989,8071.0,24505.08,217.53,0.888,116.93,32.49,7961.08,7961.08,0.0,171.64,32.72
4214706,Rio dos Cedros,SC,-26.7398,-49.2718,11218.0,55548.17,437.8,0.788,58.71,72.17,40089.0,40069.75,19.25,715.79,73.11
4214805,Rio do Sul,SC,-27.2156,-49.643,77451.0,26081.33,2402.06,9.21,101.39,49.33,12864.74,12864.74,0.0,203.07,49.71
4214904,Rio Fortuna,SC,-28.1244,-49.1068,5044.0,30237.89,140.11,0.463,44.52,45.58,13782.66,13524.19,258.47,133.48,45.78
4215000,Rio Negrinho,SC,-26.2591,-49.5177,40132.0,90743.8,1518.39,1.673,75.07,41.12,37314.76,37237.56,77.19,960.09,41.56
4215059,Rio Rufino,SC,-27.8592,-49.7754,2429.0,28259.32,42.64,0.151,114.06,74.3,20996.31,19671.3,1325.01,56.66,74.45
4215075,Riqueza,SC,-27.0653,-53.3265,4828.0,19106.8,131.41,0.688,434.04,34.73,6635.01,6635.01,0.0,98.98,34.91
4215109,Rodeio,SC,-26.9243,-49.3649,13491.0,12899.74,476.38,3.693,71.5,65.27,8419.98,8419.98,0.0,126.36,65.92
4215208,Romelândia,SC,-26.6809,-53.3172,4684.0,22332.2,92.6,0.415,455.99,27.79,6205.69,6205.69,0.0,171.54,28.0
4215307,Salete,SC,-26.9798,-49.9988,7656.0,17787.85,269.38,1.514,134.01,41.66,7410.11,7410.11,0.0,49.93,41.78
4215356,Saltinho,SC,-26.6049,-53.0578,3604.0,15657.16,111.4,0.712,429.6,20.53,3213.97,3213.97,0.0,22.45,20.56
4215406,Salto Veloso,SC,-26.903,-51.4043,4495.0,10497.36,137.74,1.312,271.41,44.78,4700.57,4700.57,0.0,7.83,44.81
4215455,Sangão,SC,-28.6326,-49.1322,13797.0,8300.4,878.71,10.586,12.03,9.96,827.0,825.82,1.18,187.24,10.19
4215505,Santa Cecília,SC,-26.9592,-50.4252,15749.0,114571.49,533.88,0.466,175.29,29.61,33919.03,33378.51,540.52,1391.54,29.97
4215554,Santa Helena,SC,-26.937,-53.6214,2476.0,8072.59,64.49,0.799,465.93,36.38,2937.15,2937.15,0.0,34.77,36.54
4215604,Santa Rosa de Lima,SC,-28.0331,-49.133,2131.0,20321.41,52.15,0.257,49.81,56.68,11517.78,11468.53,49.25,70.27,56.87
4215653,Santa Rosa do Sul,SC,-29.1313,-49.7109,10450.0,15031.03,386.88,2.574,12.28,23.29,3500.23,3392.73,107.5,1466.42,25.8
4215679,Santa Terezinha,SC,-26.7813,-50.009,8015.0,71554.79,122.63,0.171,132.17,60.53,43315.63,43315.63,0.0,148.41,60.66
4215687,Santa Terezinha do Progresso,SC,-26.624,-53.1997,2534.0,11965.4,41.75,0.349,443.84,28.38,3396.13,3396.13,0.0,5.77,28.4
4215695,Santiago do Sul,SC,-26.6388,-52.6799,1732.0,7332.68,43.51,0.593,392.38,20.53,1505.62,1505.62,0.0,6.41,20.55
4215703,Santo Amaro da Imperatriz,SC,-27.6852,-48.7813,30099.0,34423.07,1024.83,2.977,14.2,78.19,26917.02,26108.71,808.31,44.29,78.3
4215752,São Bernardino,SC,-26.4739,-52.9687,2715.0,14989.53,65.87,0.439,419.97,23.13,3466.44,3466.44,0.0,14.6,23.15
4215802,São Bento do Sul,SC,-26.2495,-49.3831,87661.0,49499.54,3205.27,6.475,61.67,63.68,31522.07,31461.0,61.07,131.35,63.85
4215901,São Bonifácio,SC,-27.9009,-48.9326,2982.0,46145.39,45.8,0.099,32.26,71.37,32935.65,32827.37,108.28,55.87,71.46
4216008,São Carlos,SC,-27.0798,-53.0037,10462.0,16213.13,304.91,1.881,407.59,27.05,4385.37,4385.37,0.0,528.25,27.96
4216057,São Cristovão do Sul,SC,-27.2666,-50.4388,6489.0,34591.33,233.64,0.675,178.78,39.58,13691.68,12652.69,1038.99,68.44,39.66
4216107,São Domingos,SC,-26.5548,-52.5313,9343.0,36750.37,333.8,0.908,376.89,16.91,6215.54,6146.47,69.07,1050.91,17.41
4216206,São Francisco do Sul,SC,-26.2579,-48.6344,56726.0,49314.67,3216.0,6.521,0.43,53.08,26174.15,26005.45,168.69,11983.51,70.11
4216255,São João do Oeste,SC,-27.0984,-53.5977,6467.0,16359.74,220.31,1.347,453.37,37.9,6200.22,6200.22,0.0,15.01,37.93
4216305,São João Batista,SC,-27.2772,-48.8474,35336.0,20077.78,1038.89,5.174,22.59,63.0,12648.32,12648.32,0.0,188.08,63.59
4216354,São João do Itaperiú,SC,-26.6213,-48.7683,4827.0,15188.97,239.81,1.579,8.89,27.11,4117.4,4117.4,0.0,85.16,27.26
4216404,São João do Sul,SC,-29.2154,-49.8094,9278.0,18438.34,321.1,1.741,14.62,13.63,2513.21,2120.22,392.99,918.47,14.34
4216503,São Joaquim,SC,-28.2887,-49.9457,26982.0,188862.38,640.29,0.339,91.8,86.62,163594.43,47176.08,116418.35,1245.47,87.2
4216602,São José,SC,-27.6136,-48.6366,295658.0,11436.89,4464.12,39.033,1.53,40.8,4666.61,4666.61,0.0,52.13,40.99
4216701,São José do Cedro,SC,-26.4561,-53.4955,14538.0,28013.21,479.09,1.71,472.42,24.61,6893.63,6893.63,0.0,66.19,24.67
4216800,São José do Cerrito,SC,-27.6602,-50.5733,8706.0,94872.16,143.58,0.151,184.86,47.57,45135.18,32914.22,12220.95,2948.05,49.1
4216909,São Lourenço do Oeste,SC,-26.3557,-52.8498,26056.0,35618.9,858.09,2.409,407.83,20.76,7394.86,7394.86,0.0,49.85,20.79
4217006,São Ludgero,SC,-28.3144,-49.1806,14444.0,10677.24,531.57,4.979,43.6,38.95,4159.21,4159.21,0.0,147.49,39.5
4217105,São Martinho,SC,-28.1609,-48.9867,3520.0,22455.24,96.85,0.431,32.1,49.03,11010.03,11010.03,0.0,116.54,49.29
4217154,São Miguel da Boa Vista,SC,-26.687,-53.2511,1777.0,7277.01,38.36,0.527,449.49,30.84,2243.99,2243.99,0.0,37.56,31.0
4217204,São Miguel do Oeste,SC,-26.7242,-53.5163,47724.0,23384.39,1536.29,6.57,471.97,32.4,7576.43,7576.43,0.0,125.45,32.57
4217253,São Pedro de Alcântara,SC,-27.5665,-48.8048,6175.0,13920.1,143.69,1.032,18.07,69.71,9703.29,9703.29,0.0,11.36,69.76
4217303,Saudades,SC,-26.9317,-53.0021,10799.0,20579.05,214.47,1.042,417.4,31.03,6385.43,6385.43,0.0,77.69,31.15
4217402,Schroeder,SC,-26.4116,-49.074,21710.0,16522.92,811.64,4.912,33.85,75.7,12508.0,12508.0,0.0,49.72,75.93
4217501,Seara,SC,-27.1564,-52.299,19399.0,30961.66,344.33,1.112,347.13,37.22,11522.99,11511.67,11.32,58.07,37.29
4217550,Serra Alta,SC,-26.7229,-53.0409,3370.0,9056.11,116.65,1.288,429.02,29.25,2649.25,2649.25,0.0,8.25,29.28
4217600,Siderópolis,SC,-28.5955,-49.4314,14156.0,26197.91,504.81,1.927,33.68,68.94,18061.82,17909.69,152.13,560.81,70.45
4217709,Sombrio,SC,-29.108,-49.6328,31722.0,14343.42,1076.85,7.508,7.62,10.78,1545.54,1477.59,67.94,475.51,11.14
4217758,Sul Brasil,SC,-26.7351,-52.964,2900.0,11314.84,55.8,0.493,421.55,30.63,3465.86,3465.86,0.0,107.28,30.92
4217808,Taió,SC,-27.121,-49.9942,18909.0,69386.99,520.0,0.749,136.89,50.21,34836.55,34831.76,4.79,1190.6,51.08
4217907,Tangará,SC,-27.0996,-51.2473,8144.0,39003.57,161.76,0.415,258.28,34.24,13355.45,12926.04,429.41,243.31,34.46
4217956,Tigrinhos,SC,-26.6876,-53.1545,2535.0,5697.37,61.67,1.082,439.91,20.92,1191.72,1191.72,0.0,11.85,20.96
4218004,Tijucas,SC,-27.2354,-48.6322,58695.0,27919.31,1784.69,6.392,1.44,40.33,11260.89,11249.66,11.24,505.38,41.08
4218103,Timbé do Sul,SC,-28.8287,-49.842,5503.0,32849.9,126.49,0.385,43.15,74.48,24467.96,23732.98,734.98,38.42,74.57
4218202,Timbó,SC,-26.8246,-49.269,49768.0,12830.71,1829.6,14.26,59.53,48.9,6274.15,6274.15,0.0,141.76,49.45
4218251,Timbó Grande,SC,-26.6127,-50.6607,7521.0,59633.41,204.2,0.342,192.63,45.13,26915.25,26912.44,2.8,376.02,45.42
4218301,Três Barras,SC,-26.1056,-50.3197,20525.0,43647.15,743.59,1.704,156.35,38.92,16986.27,16759.68,226.59,388.38,39.27
4218350,Treviso,SC,-28.5097,-49.4634,3920.0,15662.75,101.64,0.649,43.03,73.61,11528.92,11299.66,229.26,26.55,73.73
4218400,Treze de Maio,SC,-28.5537,-49.1565,7633.0,15981.48,227.2,1.422,20.66,27.06,4325.28,4325.28,0.0,44.24,27.14
4218509,Treze Tílias,SC,-27.0026,-51.4084,9531.0,17692.57,254.95,1.441,272.74,28.94,5120.89,5112.18,8.71,120.38,29.14
4218608,Trombudo Central,SC,-27.3033,-49.793,7599.0,10964.23,300.25,2.738,114.93,30.59,3354.38,3354.38,0.0,52.57,30.74
4218707,Tubarão,SC,-28.4713,-49.0144,116725.0,30149.83,3439.22,11.407,20.63,22.37,6743.69,6702.9,40.79,439.06,22.7
4218756,Tunápolis,SC,-26.9681,-53.6417,5081.0,13246.95,100.9,0.762,465.45,36.23,4799.43,4799.43,0.0,65.11,36.41
4218806,Turvo,SC,-28.9272,-49.6831,13604.0,23509.89,481.5,2.048,24.34,17.23,4051.38,4047.22,4.16,145.23,17.34
4218855,União do Oeste,SC,-26.762,-52.8541,2791.0,9283.89,89.8,0.967,411.01,24.11,2238.26,2238.26,0.0,48.01,24.23
4218905,Urubici,SC,-28.0157,-49.5925,11064.0,102135.16,332.49,0.326,93.47,86.99,88851.58,64378.65,24472.94,88.34,87.07
4218954,Urupema,SC,-27.9557,-49.8729,2751.0,35047.49,52.35,0.149,116.05,89.22,31270.66,7540.03,23730.63,118.6,89.53
4219002,Urussanga,SC,-28.518,-49.3238,21464.0,25492.87,600.36,2.355,33.71,46.87,11949.51,11934.53,14.98,56.44,46.98
4219101,Vargeão,SC,-26.8621,-52.1549,3726.0,16670.63,208.03,1.248,343.82,22.91,3818.97,3812.24,6.72,116.06,23.07
4219150,Vargem,SC,-27.4867,-50.9724,2613.0,35058.42,57.5,0.164,225.73,45.34,15894.49,12901.12,2993.37,1163.47,46.89
4219176,Vargem Bonita,SC,-27.0055,-51.7402,4597.0,29977.78,170.7,0.569,305.55,41.77,12520.88,11970.86,550.02,157.62,41.99
4219200,Vidal Ramos,SC,-27.3886,-49.3593,6266.0,34692.83,257.41,0.742,71.1,54.64,18955.17,18917.63,37.54,136.06,54.85
4219309,Videira,SC,-27.0086,-51.1543,59074.0,38412.3,1434.33,3.734,247.76,31.35,12043.7,12035.7,8.0,349.59,31.64
4219358,Vitor Meireles,SC,-26.8782,-49.8328,5507.0,37039.84,143.7,0.388,115.77,63.81,23634.8,23634.8,0.0,49.2,63.89
4219408,Witmarsum,SC,-26.9275,-49.7947,4513.0,15379.01,187.34,1.218,112.98,39.86,6130.28,6130.28,0.0,16.22,39.9
4219507,Xanxerê,SC,-26.8747,-52.4036,54891.0,37743.21,1991.6,5.277,368.41,18.68,7050.62,7050.62,0.0,252.76,18.81
4219606,Xavantina,SC,-27.0667,-52.343,3583.0,21805.49,52.53,0.241,356.86,28.04,6113.61,6113.61,0.0,188.14,28.28
4219705,Xaxim,SC,-26.9596,-52.5374,34485.0,29361.51,965.13,3.287,379.26,25.62,7523.87,7523.87,0.0,251.2,25.85
4219853,Zortéa,SC,-27.4521,-51.552,4257.0,19004.24,162.93,0.857,270.06,37.54,7133.33,5172.34,1960.99,782.14,39.15
4220000,Balneário Rincão,SC,-28.8314,-49.2352,17697.0,6351.5,1605.98,25.285,1.3,15.17,963.67,175.71,787.96,859.21,17.55
4300034,Aceguá,RS,-31.8665,-54.1615,4251.0,155135.38,87.56,0.056,182.46,38.46,59665.36,7513.4,52151.96,4768.53,39.68
4300059,Água Santa,RS,-28.1672,-52.031,4003.0,29153.03,94.85,0.325,258.8,18.51,5395.16,5376.82,18.33,44.09,18.53
4300109,Agudo,RS,-29.6447,-53.2515,16341.0,53466.68,419.19,0.784,285.16,40.09,21432.14,20608.46,823.69,1188.59,41.0
4300208,Ajuricaba,RS,-28.2342,-53.7757,6843.0,32268.23,228.78,0.709,403.4,8.39,2705.73,2682.25,23.48,293.65,8.46
4300307,Alecrim,RS,-27.6579,-54.7649,6219.0,31435.47,148.1,0.471,519.27,38.59,12131.45,11169.4,962.05,1234.79,40.17
4300406,Alegrete,RS,-29.7902,-55.7949,74285.0,780054.93,1702.23,0.218,436.31,56.85,443499.23,45828.38,397670.84,20764.15,58.41
4300455,Alegria,RS,-27.8345,-54.0557,3705.0,17277.98,110.53,0.64,448.74,24.01,4148.61,4007.86,140.75,31.01,24.05
4300471,Almirante Tamandaré do Sul,RS,-28.1149,-52.9142,2007.0,26503.62,81.93,0.309,336.01,21.9,5804.2,5532.67,271.54,72.82,21.96
4300505,Alpestre,RS,-27.2502,-53.0341,7235.0,32597.29,156.86,0.481,398.57,29.32,9556.97,9556.97,0.0,2607.28,31.87
4300554,Alto Alegre,RS,-28.7769,-52.9893,1837.0,11530.42,65.71,0.57,308.29,12.56,1448.59,1433.89,14.7,202.39,12.79
4300570,Alto Feliz,RS,-29.3919,-51.3123,3145.0,7817.65,60.96,0.78,131.37,64.48,5041.18,5032.27,8.91,34.0,64.77
4300604,Alvorada,RS,-29.9914,-51.0809,194062.0,7169.39,3008.66,41.965,87.32,41.14,2949.2,1315.81,1633.39,182.75,42.21
4300638,Amaral Ferrador,RS,-30.8756,-52.2509,5384.0,50608.98,70.23,0.139,118.65,60.12,30424.43,17107.2,13317.23,546.67,60.77
4300646,Ametista do Sul,RS,-27.3607,-53.183,7826.0,9359.44,182.65,1.951,403.05,37.95,3551.96,3551.96,0.0,136.13,38.51
4300661,André da Rocha,RS,-28.6283,-51.5797,1156.0,33121.31,42.97,0.13,194.54,47.16,15621.16,7552.49,8068.67,210.87,47.47
4300703,Anta Gorda,RS,-28.9698,-52.0102,6080.0,24208.56,157.3,0.65,212.5,45.86,11101.0,11097.39,3.61,158.49,46.16
4300802,Antônio Prado,RS,-28.8565,-51.2883,13332.0,34754.42,355.96,1.024,157.34,62.32,21660.35,20241.0,1419.35,495.3,63.23
4300851,Arambaré,RS,-30.9092,-51.5046,4215.0,51818.43,354.22,0.684,67.65,17.88,9264.01,1521.72,7742.29,2944.04,18.95
4300877,Araricá,RS,-29.6168,-50.9291,8831.0,3519.69,297.83,8.462,87.83,38.2,1344.56,954.33,390.22,22.76,38.45
4300901,Aratiba,RS,-27.3978,-52.2975,6618.0,34228.32,144.23,0.421,330.55,33.34,11413.38,11381.82,31.56,3095.44,36.66
4301008,Arroio do Meio,RS,-29.4014,-51.9557,22523.0,15710.64,955.41,6.081,189.39,33.41,5248.54,5233.93,14.61,367.39,34.21
4301057,Arroio do Sal,RS,-29.5439,-49.8895,11418.0,11572.03,1961.16,16.947,1.54,21.38,2474.51,196.99,2277.52,1976.3,25.79
4301073,Arroio do Padre,RS,-31.4389,-52.4246,2650.0,12468.33,10.41,0.084,76.27,51.27,6392.93,5004.73,1388.2,7.88,51.31
4301107,Arroio dos Ratos,RS,-30.0875,-51.7275,14934.0,42581.64,479.55,1.126,137.55,54.13,23047.32,11617.45,11429.87,253.71,54.45
4301206,Arroio do Tigre,RS,-29.3348,-53.0966,12291.0,31516.28,324.48,1.03,294.11,26.11,8229.63,8058.01,171.62,293.78,26.36
4301305,Arroio Grande,RS,-32.2327,-53.0862,17879.0,250848.25,463.05,0.185,73.13,32.11,80538.39,19298.15,61240.24,10030.52,33.44
4301404,Arvorezinha,RS,-28.8737,-52.1781,10547.0,26930.11,308.39,1.145,231.92,50.48,13593.03,13332.89,260.14,85.29,50.64
4301503,Augusto Pestana,RS,-28.5172,-53.9883,7303.0,34825.33,232.91,0.669,409.61,15.94,5550.42,4458.01,1092.4,95.09,15.98
4301552,Áurea,RS,-27.6936,-52.0505,3458.0,15670.69,128.52,0.82,291.36,21.14,3312.28,3312.28,0.0,40.72,21.19
4301602,Bagé,RS,-31.3297,-54.0999,121928.0,409024.93,3234.54,0.791,204.29,59.75,244398.88,52602.5,191796.38,6582.27,60.73
4301636,Balneário Pinhal,RS,-30.2419,-50.2337,15413.0,10234.36,1216.59,11.887,1.09,27.28,2791.68,116.15,2675.53,1696.57,32.7
4301651,Barão,RS,-29.3725,-51.4949,6496.0,12258.42,112.15,0.915,148.71,53.02,6499.39,6495.8,3.6,35.87,53.18
4301701,Barão de Cotegipe,RS,-27.6208,-52.3798,7320.0,26045.86,289.07,1.11,322.2,30.64,7980.96,7980.96,0.0,68.11,30.72
4301750,Barão do Triunfo,RS,-30.3891,-51.7384,5972.0,43611.0,52.77,0.121,120.7,72.16,31467.59,21956.49,9511.1,73.49,72.28
4301800,Barracão,RS,-27.6739,-51.4585,4915.0,51549.89,183.49,0.356,246.66,41.51,21399.22,15414.51,5984.71,1029.08,42.36
4301859,Barra do Guarita,RS,-27.1927,-53.7109,3231.0,6279.28,79.65,1.269,456.58,33.42,2098.63,2098.63,0.0,514.31,36.4
4301875,Barra do Quaraí,RS,-30.2029,-57.5497,4340.0,105055.46,86.2,0.082,420.17,27.65,29044.56,5352.07,23692.49,7289.83,29.71
4301909,Barra do Ribeiro,RS,-30.2939,-51.3014,12473.0,72933.36,441.6,0.605,90.61,33.13,24162.15,8878.24,15283.92,2534.22,34.32
4301925,Barra do Rio Azul,RS,-27.4069,-52.4084,1721.0,14695.84,26.74,0.182,338.7,35.95,5283.51,5283.51,0.0,45.96,36.07
4301958,Barra Funda,RS,-27.9205,-53.0391,2557.0,6044.0,129.37,2.14,357.8,11.5,695.01,693.82,1.19,102.99,11.7
4302006,Barros Cassal,RS,-29.0947,-52.5836,9425.0,64798.15,211.97,0.327,258.56,45.47,29465.51,25014.98,4450.53,165.46,45.59
4302055,Benjamin Constant do Sul,RS,-27.5086,-52.5995,2118.0,13236.31,57.5,0.434,347.01,46.37,6138.27,6138.27,0.0,66.81,46.61
4302105,Bento Gonçalves,RS,-29.1662,-51.5165,127977.0,27225.05,2710.5,9.956,159.78,53.67,14612.54,14607.92,4.62,525.56,54.73
4302154,Boa Vista das Missões,RS,-27.6671,-53.3102,1968.0,19607.89,107.9,0.55,394.96,17.86,3501.42,3237.73,263.69,61.91,17.91
4302204,Boa Vista do Buricá,RS,-27.6693,-54.1082,7129.0,10954.89,282.12,2.575,462.56,26.52,2904.82,2903.79,1.03,26.44,26.58
4302220,Boa Vista do Cadeado,RS,-28.5791,-53.8108,2269.0,70124.13,52.6,0.075,390.94,13.86,9721.0,7728.86,1992.14,249.91,13.91
4302238,Boa Vista do Incra,RS,-28.8185,-53.391,2314.0,50410.89,61.36,0.122,343.01,13.0,6552.52,4242.55,2309.98,267.52,13.07
4302253,Boa Vista do Sul,RS,-29.3544,-51.6687,2815.0,9313.01,36.28,0.39,165.2,53.95,5024.69,5023.52,1.17,59.1,54.3
4302303,Bom Jesus,RS,-28.6697,-50.4295,11429.0,262284.71,366.03,0.14,99.06,74.14,194469.17,63563.34,130905.83,1836.18,74.67
4302352,Bom Princípio,RS,-29.4856,-51.3548,13665.0,9002.85,555.95,6.175,131.56,49.6,4465.74,4428.34,37.4,79.86,50.05
4302378,Bom Progresso,RS,-27.5399,-53.8716,2132.0,8918.61,73.13,0.82,449.72,20.66,1842.45,1842.45,0.0,71.94,20.83
4302402,Bom Retiro do Sul,RS,-29.6071,-51.9456,12587.0,10254.18,355.39,3.466,180.34,17.14,1757.47,1332.7,424.77,225.2,17.52
4302451,Boqueirão do Leão,RS,-29.3046,-52.4284,6202.0,25779.46,76.18,0.295,236.09,48.45,12490.02,12358.76,131.26,113.09,48.66
4302501,Bossoroca,RS,-28.7291,-54.9035,5978.0,161000.7,228.0,0.142,459.87,59.12,95187.97,25898.37,69289.6,784.76,59.41
4302584,Bozano,RS,-28.3659,-53.772,2195.0,20050.73,77.88,0.388,396.74,8.56,1715.42,1699.64,15.77,92.58,8.6
4302600,Braga,RS,-27.6173,-53.7405,3322.0,13204.13,136.16,1.031,434.19,18.18,2400.57,2400.57,0.0,158.47,18.4
4302659,Brochier,RS,-29.5501,-51.5945,5083.0,10538.41,111.25,1.056,150.79,37.39,3940.58,3935.43,5.15,27.08,37.49
4302709,Butiá,RS,-30.1179,-51.9601,19421.0,75221.24,578.49,0.769,154.82,40.79,30684.28,11466.12,19218.16,1417.1,41.58
4302808,Caçapava do Sul,RS,-30.5144,-53.4827,33501.0,304812.44,638.47,0.209,220.21,75.54,230255.42,80972.86,149282.56,1542.23,75.92
4302907,Cacequi,RS,-29.8883,-54.822,11300.0,237351.87,483.49,0.204,360.38,50.36,119541.91,11561.1,107980.81,5637.77,51.59
4303004,Cachoeira do Sul,RS,-30.033,-52.8928,82222.0,373613.14,1867.03,0.5,229.9,34.22,127835.94,48540.36,79295.57,8579.62,35.02
4303103,Cachoeirinha,RS,-29.9472,-51.1016,141503.0,4377.05,2673.93,61.09,90.74,31.06,1359.63,861.37,498.26,62.33,31.51
4303202,Cacique Doble,RS,-27.767,-51.6597,4692.0,20357.46,114.71,0.563,255.61,32.48,6612.27,5560.3,1051.97,52.57,32.56
4303301,Caibaté,RS,-28.2905,-54.6454,4795.0,26128.95,177.65,0.68,478.72,25.99,6790.18,3618.55,3171.63,117.26,26.1
4303400,Caiçara,RS,-27.2791,-53.4257,4931.0,18907.44,119.61,0.633,427.88,32.41,6128.37,6128.37,0.0,400.44,33.11
4303509,Camaquã,RS,-30.8489,-51.8043,63961.0,167926.51,1646.14,0.98,93.52,34.12,57291.53,31653.01,25638.53,3857.4,34.92
4303558,Camargo,RS,-28.588,-52.2003,3060.0,13807.04,125.2,0.907,249.26,26.31,3632.95,3631.85,1.1,17.48,26.35
4303608,Cambará do Sul,RS,-29.0474,-50.1465,6490.0,118178.16,261.83,0.222,52.12,69.84,82533.45,32827.95,49705.5,294.73,70.01
4303673,Campestre da Serra,RS,-28.7926,-51.0941,3311.0,53846.49,72.06,0.134,144.24,64.24,34588.44,19304.4,15284.04,316.57,64.62
4303707,Campina das Missões,RS,-27.9888,-54.8416,5999.0,22481.96,163.25,0.726,509.63,26.2,5890.68,4643.88,1246.81,84.02,26.3
4303806,Campinas do Sul,RS,-27.7174,-52.6248,5388.0,27614.48,214.54,0.777,335.21,9.19,2539.12,2116.28,422.85,5514.65,11.49
4303905,Campo Bom,RS,-29.6747,-51.0606,64719.0,6055.95,1963.35,32.42,97.52,39.82,2411.58,1625.07,786.51,128.49,40.68
4304002,Campo Novo,RS,-27.6792,-53.8052,5063.0,22072.09,220.56,0.999,436.09,9.89,2181.98,2181.98,0.0,388.12,10.06
4304101,Campos Borges,RS,-28.8871,-53.0008,3695.0,22621.75,150.91,0.667,304.8,15.06,3407.03,2752.88,654.15,4831.99,19.15
4304200,Candelária,RS,-29.6684,-52.7895,29775.0,94478.06,612.18,0.648,249.16,36.28,34276.64,26756.53,7520.11,1386.45,36.82
4304309,Cândido Godói,RS,-27.9515,-54.7517,6419.0,24705.93,135.12,0.547,503.36,21.84,5396.76,4386.51,1010.25,28.19,21.87
4304358,Candiota,RS,-31.5516,-53.6773,11012.0,93360.71,507.24,0.543,157.18,41.67,38906.66,9484.35,29422.3,1322.57,42.27
4304408,Canela,RS,-29.356,-50.8119,50715.0,25301.02,1062.63,4.2,90.03,62.19,15733.68,14496.14,1237.55,84.77,62.4
4304507,Canguçu,RS,-31.396,-52.6783,50968.0,352638.88,601.14,0.17,97.08,57.1,201343.17,106424.55,94918.62,1324.28,57.31
4304606,Canoas,RS,-29.9128,-51.1857,359840.0,13075.66,7194.07,55.019,99.65,26.2,3426.36,1642.5,1783.86,303.63,26.83
4304614,Canudos do Vale,RS,-29.3271,-52.2374,1686.0,8289.59,24.55,0.296,217.88,55.54,4603.81,4598.42,5.39,20.95,55.68
4304622,Capão Bonito do Sul,RS,-28.1254,-51.3961,1769.0,52686.3,52.97,0.101,211.11,25.37,13366.12,7507.47,5858.65,103.92,25.42
4304630,Capão da Canoa,RS,-29.7642,-50.0282,66234.0,9588.83,2541.2,26.502,2.31,17.62,1689.37,161.25,1528.12,107.6,17.82
4304655,Capão do Cipó,RS,-28.9312,-54.5558,3187.0,100777.73,141.67,0.141,421.34,31.74,31987.76,8696.61,23291.14,433.46,31.88
4304663,Capão do Leão,RS,-31.7565,-52.4889,27416.0,78319.05,776.72,0.992,57.88,44.77,35067.03,9554.22,25512.81,2566.71,46.29
4304671,Capivari do Sul,RS,-30.1383,-50.5152,4080.0,41295.28,222.77,0.539,30.41,21.9,9045.13,1222.87,7822.26,1843.76,22.93
4304689,Capela de Santana,RS,-29.6961,-51.328,11424.0,18276.56,218.57,1.196,120.93,35.87,6555.39,3245.94,3309.45,306.27,36.48
4304697,Capitão,RS,-29.2674,-51.9853,2994.0,7398.74,86.84,1.174,197.37,45.08,3335.71,3335.24,0.47,57.58,45.44
4304705,Carazinho,RS,-28.2958,-52.7933,63670.0,66666.51,2217.95,3.327,315.76,16.91,11275.98,8936.98,2339.0,272.4,16.98
4304713,Caraá,RS,-29.7869,-50.4316,7555.0,29461.12,52.47,0.178,36.13,60.04,17687.21,16074.06,1613.15,8.79,60.05
4304804,Carlos Barbosa,RS,-29.2969,-51.5028,31585.0,23007.42,906.43,3.94,152.47,55.69,12812.08,12795.58,16.5,94.0,55.92
4304853,Carlos Gomes,RS,-27.7167,-51.9121,1384.0,8320.04,23.02,0.277,278.9,32.1,2671.12,2417.44,253.69,48.02,32.29
4304903,Casca,RS,-28.5605,-51.9815,9698.0,27204.42,428.42,1.575,232.18,24.98,6796.67,6796.67,0.0,109.99,25.09
4304952,Caseiros,RS,-28.2582,-51.6861,3064.0,23564.37,117.9,0.5,225.25,29.21,6882.19,5202.01,1680.19,64.2,29.29
4305009,Catuípe,RS,-28.2554,-54.0132,8834.0,58317.45,312.39,0.536,423.35,13.49,7868.41,6736.79,1131.62,249.08,13.55
4305108,Caxias do Sul,RS,-29.1629,-51.1792,479599.0,165227.92,9812.09,5.939,131.6,70.89,117122.23,74912.75,42209.48,1808.97,71.67
4305116,Centenário,RS,-27.7615,-51.9984,2777.0,13478.35,89.09,0.661,282.74,27.99,3772.34,3754.97,17.37,82.33,28.16
4305124,Cerrito,RS,-31.8419,-52.8004,5910.0,45168.3,156.05,0.345,70.55,53.95,24369.74,10285.58,14084.16,429.73,54.47
4305132,Cerro Branco,RS,-29.657,-52.9406,3859.0,15801.65,75.68,0.479,261.39,51.49,8136.05,8080.17,55.88,93.39,51.79
4305157,Cerro Grande,RS,-27.6106,-53.1672,2428.0,7343.83,67.61,0.921,386.22,14.58,1070.83,1069.01,1.83,75.39,14.73
4305173,Cerro Grande do Sul,RS,-30.5905,-51.7418,9333.0,32491.44,149.18,0.459,106.68,63.89,20758.21,16291.51,4466.7,61.41,64.01
4305207,Cerro Largo,RS,-28.1463,-54.7428,14014.0,17675.42,606.98,3.434,493.68,25.69,4540.65,3034.35,1506.3,992.13,27.22
4305306,Chapada,RS,-28.0559,-53.0665,9751.0,68422.26,304.08,0.444,352.22,14.31,9792.1,8490.95,1301.15,489.94,14.41
4305355,Charqueadas,RS,-29.9625,-51.6289,36110.0,21735.96,1231.23,5.664,136.75,29.41,6392.88,2038.51,4354.37,1274.69,31.24
4305371,Charrua,RS,-27.9493,-52.015,2800.0,19877.2,40.15,0.202,271.6,37.04,7361.93,7291.27,70.66,33.03,37.1
4305405,Chiapetta,RS,-27.923,-53.9419,3991.0,39719.65,142.84,0.36,434.13,21.52,8547.77,7505.76,1042.02,214.01,21.64
4305439,Chuí,RS,-33.6866,-53.4594,6409.0,20239.66,220.49,1.089,9.2,52.54,10633.12,186.6,10446.52,43.04,52.65
4305447,Chuvisca,RS,-30.7504,-51.9737,4682.0,22046.11,71.0,0.322,112.42,61.61,13582.09,9411.16,4170.92,37.22,61.71
4305454,Cidreira,RS,-30.1604,-50.2337,17583.0,24318.58,1234.26,5.075,3.97,32.86,7991.88,701.67,7290.21,4276.32,39.88
4305504,Ciríaco,RS,-28.3419,-51.8741,4208.0,27433.18,121.53,0.443,235.38,24.18,6632.16,6529.21,102.96,44.67,24.22
4305587,Colinas,RS,-29.3948,-51.8556,2474.0,6073.46,55.79,0.919,180.57,36.38,2209.47,2208.38,1.09,190.59,37.56
4305603,Colorado,RS,-28.5258,-52.9928,3316.0,28627.21,147.26,0.514,320.35,12.31,3523.01,3336.11,186.9,53.86,12.33
4305702,Condor,RS,-28.2075,-53.4905,6538.0,46356.29,223.08,0.481,380.0,15.8,7322.02,7023.23,298.78,251.56,15.88
4305801,Constantina,RS,-27.732,-52.9938,10631.0,20360.84,340.69,1.673,364.57,17.65,3593.01,3593.01,0.0,63.74,17.7
4305835,Coqueiro Baixo,RS,-29.1802,-52.0942,1308.0,11265.62,22.55,0.2,210.72,53.12,5984.07,5974.83,9.24,63.9,53.42
4305850,Coqueiros do Sul,RS,-28.1194,-52.7842,2248.0,27715.83,111.73,0.403,324.83,23.7,6569.3,6371.47,197.84,33.29,23.73
4305871,Coronel Barros,RS,-28.3921,-54.0686,2896.0,16371.14,141.05,0.862,422.15,15.04,2462.41,2137.57,324.84,247.52,15.27
4305900,Coronel Bicaco,RS,-27.7197,-53.7022,6214.0,49231.01,224.52,0.456,425.06,12.36,6085.78,5562.81,522.96,282.35,12.43
4305934,Coronel Pilar,RS,-29.2695,-51.6847,1637.0,10566.08,21.75,0.206,170.0,56.79,6000.3,5999.05,1.25,18.86,56.89
4305959,Cotiporã,RS,-28.9891,-51.6971,3926.0,17318.59,125.35,0.724,184.63,58.38,10111.15,10106.05,5.1,433.76,59.88
4305975,Coxilha,RS,-28.128,-52.3023,2718.0,42212.21,102.64,0.243,283.6,17.41,7348.05,6637.18,710.87,176.82,17.48
4306007,Crissiumal,RS,-27.4999,-54.0994,13116.0,36182.3,352.38,0.974,471.22,22.27,8058.46,8049.7,8.75,444.96,22.55
4306056,Cristal,RS,-31.0046,-52.0436,7455.0,67973.5,216.41,0.318,94.97,44.87,30498.94,15303.27,15195.66,1967.11,46.21
4306072,Cristal do Sul,RS,-27.452,-53.2422,2745.0,9707.92,91.89,0.947,402.06,22.02,2138.07,2138.07,0.0,139.12,22.34
4306106,Cruz Alta,RS,-28.645,-53.6048,60454.0,136055.92,2199.92,1.617,369.52,13.65,18568.27,12251.52,6316.75,948.44,13.74
4306130,Cruzaltense,RS,-27.6672,-52.6522,1650.0,16690.57,42.64,0.255,340.65,15.27,2547.87,2349.3,198.57,1142.68,16.39
4306205,Cruzeiro do Sul,RS,-29.5148,-51.9928,12574.0,15551.75,308.4,1.983,188.27,16.33,2539.88,2469.2,70.67,407.14,16.77
4306304,David Canabarro,RS,-28.3849,-51.8482,4400.0,17417.14,120.14,0.69,230.73,24.19,4213.72,4004.71,209.01,30.21,24.24
4306320,Derrubadas,RS,-27.2642,-53.8645,2793.0,35973.7,79.05,0.22,465.0,59.17,21286.63,21286.63,0.0,802.39,60.52
4306353,Dezesseis de Novembro,RS,-28.219,-55.0617,2540.0,21634.11,50.88,0.235,514.22,80.76,17472.33,5314.79,12157.54,607.45,83.1
4306379,Dilermando de Aguiar,RS,-29.7054,-54.2122,2856.0,60048.8,58.35,0.097,333.8,44.99,27017.38,6579.23,20438.15,908.24,45.68
4306403,Dois Irmãos,RS,-29.5836,-51.0898,31804.0,6751.56,842.66,12.481,103.7,55.78,3765.82,3720.83,44.99,25.26,55.99
4306429,Dois Irmãos das Missões,RS,-27.6621,-53.5304,2132.0,22607.9,57.1,0.253,414.01,21.01,4749.08,4538.3,210.78,113.46,21.11
4306452,Dois Lajeados,RS,-28.983,-51.8396,3156.0,13353.84,107.32,0.804,197.08,46.69,6234.86,6232.82,2.04,136.9,47.17
4306502,Dom Feliciano,RS,-30.7004,-52.1026,13280.0,135518.91,132.21,0.098,124.53,63.1,85517.8,52234.49,33283.3,174.06,63.19
4306551,Dom Pedro de Alcântara,RS,-29.3639,-49.853,2617.0,7820.6,60.88,0.778,8.46,26.6,2080.34,1899.11,181.23,1390.14,32.35
4306601,Dom Pedrito,RS,-30.9756,-54.6694,38080.0,519411.76,1245.71,0.24,271.17,45.15,234492.23,22982.99,211509.25,17791.42,46.75
4306700,Dona Francisca,RS,-29.6195,-53.3617,3133.0,11415.01,129.51,1.135,293.64,36.22,4134.79,3939.4,195.39,263.56,37.08
4306734,Doutor Maurício Cardoso,RS,-27.5103,-54.3577,4534.0,25432.43,145.13,0.571,492.67,13.42,3413.76,3409.31,4.45,865.18,13.9
4306759,Doutor Ricardo,RS,-29.084,-51.9972,1924.0,10796.94,81.82,0.758,205.96,49.06,5297.14,5297.14,0.0,57.51,49.32
4306767,Eldorado do Sul,RS,-30.0847,-51.6187,41012.0,50961.67,1093.8,2.146,128.79,35.04,17858.25,6114.65,11743.61,1201.49,35.89
4306809,Encantado,RS,-29.2351,-51.8703,23520.0,14000.32,766.81,5.477,188.21,49.78,6969.22,6958.42,10.8,295.05,50.85
4306908,Encruzilhada do Sul,RS,-30.543,-52.5204,24275.0,334785.43,533.46,0.159,163.5,56.75,189978.04,104927.51,85050.53,1515.76,57.0
4306924,Engenho Velho,RS,-27.706,-52.9145,1315.0,7118.95,52.15,0.733,359.53,19.46,1385.27,1377.25,8.02,8.97,19.48
4306932,Entre-Ijuís,RS,-28.3686,-54.2686,9367.0,55392.49,304.08,0.549,441.24,23.21,12856.44,8913.63,3942.8,843.81,23.57
4306957,Entre Rios do Sul,RS,-27.5298,-52.7347,2727.0,11990.1,113.05,0.943,356.26,33.59,4027.57,3803.16,224.41,1014.85,36.7
4306973,Erebango,RS,-27.8544,-52.3005,3122.0,15280.22,145.23,0.95,300.42,15.51,2369.74,2188.34,181.4,55.97,15.57
4307005,Erechim,RS,-27.6364,-52.2697,109609.0,42914.92,3315.51,7.726,312.47,25.27,10843.24,10834.27,8.97,158.25,25.36
4307054,Ernestina,RS,-28.4977,-52.5836,3097.0,23857.73,120.1,0.503,286.89,14.82,3534.59,2963.82,570.77,1341.66,15.7
4307104,Herval,RS,-32.024,-53.3944,6302.0,175968.18,126.82,0.072,109.37,75.33,132551.88,48604.87,83947.0,497.37,75.54
4307203,Erval Grande,RS,-27.3926,-52.574,5027.0,28569.16,168.59,0.59,352.74,36.93,10550.24,10531.67,18.57,708.9,37.87
4307302,Erval Seco,RS,-27.5443,-53.5005,6892.0,35718.61,176.3,0.494,418.06,41.49,14819.67,14745.85,73.82,215.28,41.74
4307401,Esmeralda,RS,-28.0518,-51.1933,3264.0,82959.11,115.44,0.139,199.94,44.45,36876.11,11721.0,25155.11,1041.25,45.02
4307450,Esperança do Sul,RS,-27.3603,-53.9891,3293.0,14862.53,72.93,0.491,470.0,28.92,4298.07,4298.07,0.0,196.78,29.31
4307500,Espumoso,RS,-28.7286,-52.8461,15478.0,78367.82,454.78,0.58,297.62,19.06,14938.64,11968.62,2970.02,336.02,19.14
4307559,Estação,RS,-27.9135,-52.2635,5685.0,9974.59,228.81,2.294,293.61,13.36,1332.67,1274.44,58.23,20.84,13.39
4307609,Estância Velha,RS,-29.6535,-51.1843,49499.0,5177.3,1386.17,26.774,109.56,36.37,1883.06,1775.11,107.95,31.73,36.6
4307708,Esteio,RS,-29.852,-51.1841,78144.0,2766.58,1624.81,58.73,101.83,10.79,298.41,166.17,132.24,67.76,11.06
4307807,Estrela,RS,-29.5002,-51.9495,33263.0,18502.43,1127.28,6.093,184.92,16.25,3005.92,2956.69,49.23,532.39,16.73
4307815,Estrela Velha,RS,-29.1713,-53.1639,3115.0,28160.7,94.1,0.334,308.07,28.31,7973.46,7543.9,429.56,939.72,29.29
4307831,Eugênio de Castro,RS,-28.5315,-54.1506,2683.0,41777.41,120.7,0.289,423.76,20.18,8430.07,5865.41,2564.66,343.37,20.35
4307864,Fagundes Varela,RS,-28.8794,-51.7014,2620.0,13428.5,86.06,0.641,191.12,45.03,6046.68,6001.77,44.91,94.6,45.35
4307906,Farroupilha,RS,-29.2227,-51.3419,72552.0,36131.11,2140.97,5.926,141.83,51.11,18468.28,18450.27,18.01,323.08,51.58
4308003,Faxinal do Soturno,RS,-29.5788,-53.4484,6846.0,16949.67,270.36,1.595,301.77,37.26,6315.94,5943.82,372.12,176.45,37.65
4308052,Faxinalzinho,RS,-27.4238,-52.6789,2572.0,14329.73,109.58,0.765,358.93,33.22,4760.11,4760.11,0.0,463.01,34.33
4308078,Fazenda Vilanova,RS,-29.5885,-51.8217,4405.0,8479.06,165.97,1.957,169.86,18.07,1531.93,1218.34,313.6,51.48,18.18
4308102,Feliz,RS,-29.4527,-51.3032,13994.0,9464.61,368.92,3.898,128.16,57.14,5407.86,5393.02,14.84,135.34,57.97
4308201,Flores da Cunha,RS,-29.0261,-51.1875,32015.0,27623.99,1259.18,4.558,139.21,54.19,14968.65,14874.09,94.57,179.92,54.54
4308250,Floriano Peixoto,RS,-27.8614,-52.0838,1690.0,16854.92,36.38,0.216,282.85,39.04,6579.68,6519.84,59.84,51.6,39.16
4308300,Fontoura Xavier,RS,-28.9817,-52.3445,9710.0,58322.1,199.03,0.341,241.51,55.7,32487.72,30415.3,2072.42,324.36,56.02
4308409,Formigueiro,RS,-30.0035,-53.4959,6527.0,57887.6,143.79,0.248,264.63,35.1,20316.18,4938.07,15378.11,2270.54,36.53
4308433,Forquetinha,RS,-29.3828,-52.0981,2441.0,9327.84,79.79,0.855,203.04,46.81,4366.49,4336.72,29.78,61.66,47.12
4308458,Fortaleza dos Valos,RS,-28.7986,-53.2249,4569.0,65053.75,194.49,0.299,328.74,12.7,8261.64,5571.76,2689.88,9509.5,14.87
4308508,Frederico Westphalen,RS,-27.3586,-53.3958,33726.0,26488.16,1059.87,4.001,420.44,30.23,8007.0,8007.0,0.0,267.96,30.54
4308607,Garibaldi,RS,-29.259,-51.5352,35563.0,16849.72,1387.56,8.235,157.02,51.46,8671.02,8667.11,3.91,85.92,51.72
4308656,Garruchos,RS,-28.1944,-55.6383,2724.0,80002.18,77.67,0.097,551.39,56.09,44874.01,12844.83,32029.18,3091.44,58.35
4308706,Gaurama,RS,-27.5856,-52.0915,5779.0,20446.79,139.22,0.681,301.77,29.48,6028.0,6028.0,0.0,17.64,29.51
4308805,General Câmara,RS,-29.9032,-51.7612,7743.0,51000.58,178.58,0.35,151.07,36.74,18737.22,6726.58,12010.65,3288.57,39.27
4308854,Gentil,RS,-28.4316,-52.0337,1784.0,18470.87,58.59,0.317,244.01,21.13,3903.21,3901.0,2.21,55.38,21.2
4308904,Getúlio Vargas,RS,-27.8911,-52.2294,16955.0,28746.15,656.73,2.285,292.37,17.04,4898.32,4898.32,0.0,68.97,17.08
4309001,Giruá,RS,-28.0297,-54.3517,16273.0,85558.56,569.05,0.665,464.16,16.36,13996.56,12060.66,1935.91,289.97,16.41
4309050,Glorinha,RS,-29.8798,-50.7734,7851.0,32395.64,220.0,0.679,63.57,63.18,20468.32,3793.02,16675.3,702.4,64.58
4309100,Gramado,RS,-29.3734,-50.8762,41705.0,23936.18,875.87,3.659,94.22,72.1,17257.83,17033.16,224.68,102.16,72.41
4309126,Gramado dos Loureiros,RS,-27.4429,-52.9149,2047.0,13138.99,45.51,0.346,376.28,35.37,4647.29,4581.19,66.1,18.14,35.42
4309159,Gramado Xavier,RS,-29.2706,-52.5795,3350.0,21679.32,34.03,0.157,251.14,49.36,10700.4,10516.14,184.26,95.36,49.58
4309209,Gravataí,RS,-29.9413,-50.9869,275430.0,46835.39,5947.41,12.699,80.52,62.92,29467.16,13948.59,15518.57,713.45,63.89
4309258,Guabiju,RS,-28.5421,-51.6948,1441.0,14694.32,53.25,0.362,209.0,30.43,4470.96,3422.3,1048.66,34.09,30.5
4309308,Guaíba,RS,-30.1086,-51.3233,95946.0,37767.39,2155.07,5.706,103.16,55.53,20972.1,7035.78,13936.32,569.63,56.38
4309407,Guaporé,RS,-28.8399,-51.8895,26168.0,29755.44,758.53,2.549,209.21,49.91,14849.74,14805.28,44.46,298.89,50.41
4309506,Guarani das Missões,RS,-28.1491,-54.5629,7547.0,28946.52,252.76,0.873,477.36,19.3,5588.04,4492.48,1095.55,217.09,19.45
4309555,Harmonia,RS,-29.5456,-51.4185,5535.0,4854.17,165.48,3.409,135.0,39.68,1926.3,1924.82,1.48,26.45,39.9
4309571,Herveiras,RS,-29.4552,-52.6553,2604.0,11799.37,41.31,0.35,250.67,54.03,6375.12,6351.84,23.28,40.38,54.21
4309605,Horizontina,RS,-27.6282,-54.3053,19252.0,22969.1,793.96,3.457,481.58,15.66,3596.97,3588.94,8.02,106.33,15.73
4309654,Hulha Negra,RS,-31.4067,-53.8667,6102.0,82261.61,129.49,0.157,180.97,43.93,36135.12,6745.28,29389.84,884.59,44.4
4309704,Humaitá,RS,-27.5691,-53.9695,4772.0,13504.96,155.85,1.154,456.27,11.86,1601.28,1601.28,0.0,30.12,11.88
4309753,Ibarama,RS,-29.4203,-53.1295,3787.0,19541.71,66.56,0.341,291.72,50.62,9891.58,9871.66,19.92,728.86,52.58
4309803,Ibiaçá,RS,-28.0566,-51.8599,4617.0,34878.1,151.28,0.434,252.26,17.46,6090.12,5089.05,1001.07,72.3,17.5
4309902,Ibiraiaras,RS,-28.3741,-51.6377,6827.0,28080.98,151.56,0.54,213.98,24.63,6915.81,5778.45,1137.36,68.48,24.69
4309951,Ibirapuitã,RS,-28.6247,-52.5158,3789.0,30717.5,119.8,0.39,274.06,22.19,6814.73,6750.59,64.13,393.96,22.47
4310009,Ibirubá,RS,-28.6302,-53.0961,22106.0,60718.95,684.85,1.128,324.38,11.54,7007.88,6375.54,632.34,625.58,11.66
4310108,Igrejinha,RS,-29.5693,-50.7919,34776.0,13811.72,859.68,6.224,77.21,64.94,8968.74,8408.66,560.08,54.99,65.2
4310207,Ijuí,RS,-28.388,-53.92,87848.0,68897.5,2524.32,3.664,408.96,12.09,8329.39,8046.08,283.32,691.68,12.21
4310306,Ilópolis,RS,-28.9282,-52.1258,4245.0,12360.39,136.49,1.104,224.64,52.75,6519.87,6519.87,0.0,52.27,52.97
4310330,Imbé,RS,-29.9753,-50.1281,28027.0,3916.44,1932.75,49.35,1.43,32.45,1270.83,10.57,1260.26,474.87,36.93
4310363,Imigrante,RS,-29.3508,-51.7748,3149.0,7173.36,89.12,1.242,174.97,57.43,4120.02,4115.72,4.3,5.24,57.48
4310405,Independência,RS,-27.8354,-54.1886,6557.0,35828.66,269.7,0.753,460.04,19.91,7131.72,6213.8,917.92,225.92,20.03
4310413,Inhacorá,RS,-27.8752,-54.015,2047.0,11374.04,73.7,0.648,443.01,14.28,1624.17,1320.15,304.03,77.48,14.38
4310439,Ipê,RS,-28.8171,-51.2859,5490.0,59902.69,151.5,0.253,159.4,59.86,35856.44,21727.45,14128.99,487.64,60.35
4310462,Ipiranga do Sul,RS,-27.9404,-52.4271,1748.0,15870.33,64.64,0.407,305.15,15.06,2390.62,2216.92,173.7,26.69,15.09
4310504,Iraí,RS,-27.1951,-53.2543,7619.0,18186.32,189.3,1.041,419.63,26.0,4727.6,4727.6,0.0,569.81,26.84
4310538,Itaara,RS,-29.6013,-53.7725,5712.0,17281.88,193.89,1.122,316.47,45.85,7923.0,7372.79,550.21,245.25,46.51
4310553,Itacurubi,RS,-28.7913,-55.2447,3038.0,112028.88,95.87,0.086,476.24,71.76,80393.06,18864.63,61528.43,878.47,72.33
4310579,Itapuca,RS,-28.7768,-52.1693,1963.0,18468.84,41.66,0.226,236.29,42.29,7809.61,7057.43,752.19,29.16,42.35
4310603,Itaqui,RS,-29.1311,-56.5515,36811.0,339303.64,1018.38,0.3,539.54,26.73,90693.21,16588.38,74104.83,15989.71,28.05
4310652,Itati,RS,-29.4974,-50.1016,2696.0,20507.66,28.65,0.14,21.8,82.59,16937.36,16760.6,176.76,9.92,82.63
4310702,Itatiba do Sul,RS,-27.3846,-52.4538,3240.0,21271.21,88.6,0.417,343.78,38.7,8230.98,8171.85,59.12,396.65,39.43
4310751,Ivorá,RS,-29.5232,-53.5842,1962.0,12293.59,56.19,0.457,313.77,44.21,5435.16,5181.44,253.72,24.2,44.3
4310801,Ivoti,RS,-29.5995,-51.1533,23566.0,6309.33,817.29,12.954,108.84,51.21,3231.16,3207.29,23.87,15.36,51.34
4310850,Jaboticaba,RS,-27.6347,-53.2762,3847.0,12756.79,114.45,0.897,393.93,17.91,2285.19,2284.16,1.03,23.27,17.95
4310876,Jacuizinho,RS,-29.0401,-53.0657,2066.0,33941.12,57.71,0.17,304.49,23.61,8014.55,6541.69,1472.87,1388.47,24.62
4310900,Jacutinga,RS,-27.7291,-52.5372,3398.0,17800.44,129.43,0.727,327.44,13.42,2389.57,2252.86,136.71,352.51,13.7
4311007,Jaguarão,RS,-32.5604,-53.377,27396.0,205186.63,711.58,0.347,88.64,40.82,83758.61,8885.99,74872.61,4799.48,41.8
4311106,Jaguari,RS,-29.4936,-54.703,10771.0,67513.96,277.21,0.411,383.4,50.21,33901.67,17445.27,16456.4,792.09,50.81
4311122,Jaquirana,RS,-28.8811,-50.3637,3751.0,90888.41,79.31,0.087,80.08,78.82,71637.47,27507.22,44130.25,683.89,79.42
4311130,Jari,RS,-29.2922,-54.2237,3412.0,85306.05,65.39,0.077,369.92,42.25,36039.79,13368.89,22670.9,346.38,42.42
4311155,Jóia,RS,-28.6435,-54.1141,7294.0,123871.55,135.74,0.11,415.8,25.42,31487.27,15124.46,16362.81,693.29,25.56
4311205,Júlio de Castilhos,RS,-29.2299,-53.6772,18545.0,192949.81,703.04,0.364,346.36,25.6,49393.17,25289.32,24103.85,1254.54,25.77
4311239,Lagoa Bonita do Sul,RS,-29.4939,-53.017,2283.0,10975.4,51.37,0.468,278.13,40.14,4405.61,4395.23,10.38,29.27,40.25
4311254,Lagoão,RS,-29.2348,-52.7997,5421.0,38745.27,98.77,0.255,272.52,41.04,15901.2,12850.69,3050.51,122.0,41.17
4311270,Lagoa dos Três Cantos,RS,-28.5676,-52.8618,1781.0,13860.54,82.46,0.595,306.84,10.94,1515.83,1485.04,30.79,18.74,10.95
4311304,Lagoa Vermelha,RS,-28.2093,-51.5248,28622.0,127271.01,973.34,0.765,215.74,31.61,40224.84,25922.23,14302.61,397.88,31.7
4311403,Lajeado,RS,-29.4591,-51.9644,96879.0,9079.0,3275.55,36.078,187.9,17.08,1550.67,1544.5,6.17,211.41,17.49
4311429,Lajeado do Bugre,RS,-27.6913,-53.1818,2661.0,6795.81,53.51,0.787,382.72,9.27,630.29,630.29,0.0,3.57,9.28
4311502,Lavras do Sul,RS,-30.8071,-53.8931,7290.0,260097.0,190.24,0.073,225.01,69.5,180777.83,41620.78,139157.05,1434.73,69.89
4311601,Liberato Salzano,RS,-27.601,-53.0753,4845.0,24562.84,104.49,0.425,379.18,39.57,9720.28,9720.28,0.0,185.55,39.87
4311627,Lindolfo Collor,RS,-29.5859,-51.2141,6420.0,3335.68,145.91,4.374,114.89,51.43,1715.55,1680.37,35.18,4.37,51.5
4311643,Linha Nova,RS,-29.4679,-51.2003,1721.0,6350.62,42.48,0.669,118.22,70.49,4476.5,4466.66,9.84,10.07,70.6
4311700,Machadinho,RS,-27.5667,-51.6668,5867.0,33531.58,217.04,0.647,269.99,34.68,11630.19,7192.98,4437.21,2590.4,37.59
4311718,Maçambará,RS,-29.1445,-56.0674,4485.0,168265.93,138.09,0.082,503.8,31.86,53614.48,10725.44,42889.04,6299.14,33.1
4311734,Mampituba,RS,-29.2136,-49.9311,3203.0,15664.28,34.52,0.22,24.34,65.32,10231.87,9974.4,257.47,18.78,65.4
4311759,Manoel Viana,RS,-29.5859,-55.4841,6915.0,136512.71,253.93,0.186,429.09,41.8,57067.07,9590.12,47476.96,2644.64,42.63
4311775,Maquiné,RS,-29.6798,-50.2079,7593.0,61355.1,141.34,0.23,21.65,67.8,41600.67,37009.63,4591.04,12185.04,84.61
4311791,Maratá,RS,-29.5457,-51.5573,2521.0,8206.77,31.05,0.378,147.59,47.58,3904.9,3901.24,3.67,13.5,47.66
4311809,Marau,RS,-28.4498,-52.1986,46748.0,64976.64,1250.89,1.925,256.72,19.97,12974.76,12918.51,56.25,983.67,20.28
4311908,Marcelino Ramos,RS,-27.4676,-51.9095,4382.0,22954.84,104.36,0.455,295.45,34.2,7851.28,7609.79,241.49,1982.56,37.44
4311981,Mariana Pimentel,RS,-30.353,-51.5803,4005.0,33843.08,42.42,0.125,110.06,61.24,20727.16,11561.7,9165.47,181.69,61.58
4312005,Mariano Moro,RS,-27.3568,-52.1467,1884.0,9870.22,51.52,0.522,321.44,22.13,2184.32,2167.67,16.65,1520.76,26.16
4312054,Marques de Souza,RS,-29.3311,-52.0973,4050.0,12569.7,118.78,0.945,205.01,49.75,6253.32,6188.27,65.05,209.49,50.59
4312104,Mata,RS,-29.5649,-54.4641,4782.0,31611.03,127.24,0.403,361.73,48.87,15448.24,8400.68,7047.55,182.75,49.15
4312138,Mato Castelhano,RS,-28.28,-52.1932,2611.0,23825.25,85.2,0.358,265.81,21.04,5011.92,4560.18,451.74,489.98,21.48
4312153,Mato Leitão,RS,-29.5285,-52.1278,5001.0,4681.36,119.4,2.55,199.95,14.87,696.23,690.46,5.77,12.64,14.91
4312179,Mato Queimado,RS,-28.252,-54.6159,1833.0,11463.21,78.75,0.687,477.66,14.57,1669.64,918.5,751.14,565.59,15.32
4312203,Maximiliano de Almeida,RS,-27.6325,-51.802,4251.0,20895.12,154.57,0.74,275.79,38.74,8094.82,6319.09,1775.73,931.22,40.55
4312252,Minas do Leão,RS,-30.1346,-52.0423,7661.0,42432.92,277.17,0.653,160.67,25.12,10659.77,2489.73,8170.04,1199.88,25.85
4312302,Miraguaí,RS,-27.497,-53.6891,4501.0,13123.35,171.77,1.309,436.75,23.63,3100.65,3096.83,3.82,36.43,23.69
4312351,Montauri,RS,-28.6462,-52.0767,1530.0,8225.4,66.49,0.808,235.56,32.07,2637.88,2637.88,0.0,43.9,32.24
4312377,Monte Alegre dos Campos,RS,-28.6805,-50.7834,3251.0,54947.36,44.31,0.081,126.3,77.36,42509.4,25562.88,16946.52,290.96,77.78
4312385,Monte Belo do Sul,RS,-29.1607,-51.6333,2608.0,6982.02,67.19,0.962,170.23,55.16,3851.52,3850.58,0.94,20.76,55.33
4312401,Montenegro,RS,-29.6824,-51.4679,66352.0,42498.37,1653.32,3.89,134.13,47.78,20307.57,12185.78,8121.79,421.49,48.26
4312427,Mormaço,RS,-28.6968,-52.6999,2815.0,14620.34,87.47,0.598,286.24,19.45,2844.01,2842.75,1.26,64.13,19.54
4312443,Morrinhos do Sul,RS,-29.3578,-49.9328,3133.0,16623.69,44.09,0.265,15.15,48.63,8084.17,7920.85,163.31,136.68,49.03
4312450,Morro Redondo,RS,-31.5887,-52.6261,6168.0,24463.4,105.4,0.431,79.85,70.3,17198.11,9007.9,8190.22,22.24,70.37
4312476,Morro Reuter,RS,-29.5379,-51.0811,6167.0,8704.39,144.05,1.655,104.68,76.1,6624.43,6624.43,0.0,5.23,76.15
4312500,Mostardas,RS,-31.1054,-50.9167,12347.0,197554.26,826.55,0.418,9.34,22.75,44940.1,4922.94,40017.16,14845.05,24.6
4312609,Muçum,RS,-29.163,-51.8714,4692.0,11125.64,155.53,1.398,191.26,59.48,6617.67,6614.61,3.05,404.81,61.73
4312617,Muitos Capões,RS,-28.3132,-51.1836,2937.0,119324.99,81.07,0.068,181.97,35.5,42363.7,16495.47,25868.23,552.9,35.67
4312625,Muliterno,RS,-28.3253,-51.7697,1754.0,11098.23,54.78,0.494,227.75,26.14,2900.85,2534.47,366.39,22.57,26.19
4312658,Não-Me-Toque,RS,-28.4548,-52.8182,18335.0,36167.9,798.49,2.208,309.09,13.29,4806.11,4657.21,148.9,148.52,13.34
4312674,Nicolau Vergueiro,RS,-28.5298,-52.4676,1982.0,15499.27,67.51,0.436,275.34,14.2,2200.32,2157.61,42.71,1379.29,15.58
4312708,Nonoai,RS,-27.3689,-52.7756,14074.0,46897.48,431.86,0.921,370.23,45.9,21525.01,21466.29,58.72,940.62,46.84
4312757,Nova Alvorada,RS,-28.6822,-52.1631,3229.0,14885.89,90.79,0.61,241.13,38.43,5720.42,5716.49,3.93,47.82,38.55
4312807,Nova Araçá,RS,-28.6537,-51.7458,5098.0,7551.48,227.17,3.008,207.14,32.93,2486.54,2402.41,84.13,50.51,33.15
4312906,Nova Bassano,RS,-28.7291,-51.7072,9867.0,21164.84,350.17,1.655,199.57,35.74,7563.64,7389.04,174.6,168.35,36.02
4312955,Nova Boa Vista,RS,-27.9926,-52.9784,2089.0,9372.51,72.05,0.769,348.47,16.22,1520.32,1483.74,36.57,24.07,16.26
4313003,Nova Bréscia,RS,-29.2182,-52.0319,3104.0,10296.39,79.45,0.772,203.55,43.42,4470.38,4470.38,0.0,6.81,43.45
4313011,Nova Candelária,RS,-27.6137,-54.1074,3138.0,9757.03,121.95,1.25,465.52,21.18,2066.64,2065.37,1.27,36.07,21.26
4313037,Nova Esperança do Sul,RS,-29.4066,-54.8293,4976.0,19177.59,151.34,0.789,398.85,50.62,9706.74,4581.99,5124.76,135.83,50.98
4313060,Nova Hartz,RS,-29.5808,-50.9051,20558.0,6208.73,519.49,8.367,87.04,54.01,3353.04,3143.96,209.07,26.28,54.23
4313086,Nova Pádua,RS,-29.0275,-51.3098,2389.0,10264.04,54.03,0.526,149.65,57.98,5950.88,5930.25,20.63,286.97,59.65
4313102,Nova Palma,RS,-29.471,-53.4689,5676.0,31462.3,175.69,0.558,313.1,41.76,13137.18,11810.21,1326.98,500.51,42.43
4313201,Nova Petrópolis,RS,-29.3741,-51.1136,23934.0,29015.64,637.61,2.197,114.46,74.93,21740.03,21702.19,37.83,119.45,75.23
4313300,Nova Prata,RS,-28.7799,-51.6113,26637.0,25995.84,800.36,3.079,188.65,45.31,11779.4,10207.66,1571.74,125.15,45.53
4313334,Nova Ramada,RS,-28.0667,-53.6992,2198.0,25525.44,57.04,0.223,405.5,16.06,4099.12,3500.42,598.71,163.98,16.16
4313359,Nova Roma do Sul,RS,-28.9882,-51.4095,3545.0,14976.0,117.43,0.784,160.28,57.21,8568.32,8553.02,15.3,327.55,58.49
4313375,Nova Santa Rita,RS,-29.8525,-51.2837,30189.0,21810.91,1130.78,5.184,110.82,53.65,11701.78,3507.13,8194.65,612.96,55.2
4313391,Novo Cabrais,RS,-29.7338,-52.9489,3633.0,19299.34,51.32,0.266,256.68,29.47,5686.63,3755.54,1931.09,354.08,30.02
4313409,Novo Hamburgo,RS,-29.6875,-51.1328,235802.0,22256.13,4912.57,22.073,103.57,40.7,9058.89,6323.78,2735.11,150.71,40.98
4313425,Novo Machado,RS,-27.5765,-54.5036,3239.0,21768.42,149.45,0.687,501.31,14.94,3251.72,3247.82,3.9,778.17,15.49
4313441,Novo Tiradentes,RS,-27.5649,-53.1837,2187.0,7542.86,49.2,0.652,390.33,17.97,1355.63,1355.63,0.0,142.67,18.32
4313466,Novo Xingu,RS,-27.749,-53.0639,1677.0,7985.93,52.05,0.652,369.46,16.79,1341.16,1341.16,0.0,126.5,17.06
4313490,Novo Barreiro,RS,-27.9077,-53.1103,4375.0,12332.58,109.82,0.89,364.47,12.93,1594.29,1580.11,14.18,135.68,13.07
4313508,Osório,RS,-29.8881,-50.2667,48999.0,66387.64,2092.24,3.152,17.31,47.01,31206.03,8642.33,22563.7,17027.12,63.22
4313607,Paim Filho,RS,-27.7075,-51.763,3685.0,18200.54,130.25,0.716,267.72,37.83,6884.51,5522.16,1362.35,228.44,38.31
4313656,Palmares do Sul,RS,-30.2535,-50.5103,13189.0,94908.78,1221.12,1.287,25.98,27.68,26267.76,3184.01,23083.75,8060.69,30.25
4313706,Palmeira das Missões,RS,-27.9007,-53.3134,34227.0,142110.73,1175.46,0.827,381.89,16.06,22819.99,19685.44,3134.55,749.84,16.14
4313805,Palmitinho,RS,-27.3596,-53.558,8042.0,14416.51,210.38,1.459,433.75,42.74,6161.25,6161.25,0.0,135.54,43.14
4313904,Panambi,RS,-28.2833,-53.5023,45102.0,49155.71,1574.39,3.203,377.05,15.42,7580.63,7366.98,213.65,205.1,15.49
4313953,Pantano Grande,RS,-30.1902,-52.3729,10443.0,84118.74,437.28,0.52,181.83,31.0,26073.13,10696.91,15376.22,1283.39,31.48
4314001,Paraí,RS,-28.5964,-51.7896,7362.0,12173.64,304.68,2.503,214.14,36.58,4452.54,4403.8,48.74,107.78,36.9
4314027,Paraíso do Sul,RS,-29.6717,-53.144,6627.0,33749.9,230.32,0.682,275.86,39.58,13358.85,11658.2,1700.65,816.66,40.56
4314035,Pareci Novo,RS,-29.6365,-51.3974,4441.0,5749.13,165.12,2.872,129.54,45.63,2623.17,2515.33,107.84,51.53,46.04
4314050,Parobé,RS,-29.6243,-50.8312,53569.0,10856.76,1294.1,11.92,78.65,41.07,4458.61,2640.13,1818.49,142.69,41.61
4314068,Passa Sete,RS,-29.4577,-52.9599,4024.0,30429.76,51.47,0.169,275.61,47.92,14580.67,14372.04,208.63,149.2,48.15
4314076,Passo do Sobrado,RS,-29.748,-52.2748,6155.0,26513.38,109.41,0.413,202.3,35.58,9433.07,4504.38,4928.69,277.75,35.96
4314100,Passo Fundo,RS,-28.2576,-52.4091,214811.0,78439.2,5200.57,6.63,285.51,21.09,16542.75,13788.98,2753.76,527.42,21.23
4314134,Paulo Bento,RS,-27.7051,-52.4169,2188.0,14965.77,83.99,0.561,319.51,23.97,3587.01,3534.48,52.53,58.81,24.06
4314159,Paverama,RS,-29.5486,-51.7339,8146.0,17187.61,166.03,0.966,163.48,25.71,4419.11,4401.64,17.47,29.02,25.75
4314175,Pedras Altas,RS,-31.7365,-53.5814,2099.0,137397.74,32.21,0.023,139.31,52.51,72143.03,19361.18,52781.85,1165.96,52.96
4314209,Pedro Osório,RS,-31.8642,-52.8184,7631.0,60382.01,298.86,0.495,70.32,36.22,21868.18,6537.3,15330.88,1298.34,37.01
4314308,Pejuçara,RS,-28.4283,-53.6579,3817.0,41408.14,158.98,0.384,383.69,11.96,4951.27,4347.19,604.08,118.48,11.99
4314407,Pelotas,RS,-31.7649,-52.3371,336150.0,160878.37,7070.35,4.395,46.24,44.99,72372.97,36106.71,36266.26,9261.3,47.73
4314423,Picada Café,RS,-29.4464,-51.1367,5473.0,8427.92,149.78,1.777,113.3,73.02,6153.89,6151.63,2.26,15.77,73.15
4314456,Pinhal,RS,-27.508,-53.2082,3039.0,6823.26,82.22,1.205,395.82,24.62,1679.67,1679.67,0.0,8.91,24.65
4314464,Pinhal da Serra,RS,-27.8751,-51.1673,2300.0,43810.34,60.63,0.138,210.38,59.52,26074.32,17835.44,8238.88,2017.55,62.39
4314472,Pinhal Grande,RS,-29.345,-53.3206,3861.0,47811.7,110.86,0.232,311.85,32.92,15741.31,11795.07,3946.24,876.85,33.54
4314498,Pinheirinho do Vale,RS,-27.2109,-53.608,4638.0,10537.62,87.54,0.831,447.02,33.52,3532.67,3532.67,0.0,650.42,35.73
4314506,Pinheiro Machado,RS,-31.5794,-53.3798,11395.0,224919.0,296.95,0.132,131.91,84.17,189318.54,60044.57,129273.97,299.61,84.28
4314548,Pinto Bandeira,RS,-29.0975,-51.4503,2785.0,10482.19,70.68,0.674,157.81,54.0,5659.87,5647.1,12.77,156.64,54.81
4314555,Pirapó,RS,-28.0439,-55.2001,2255.0,28071.84,69.8,0.249,537.91,64.64,18146.73,5149.07,12997.67,1115.03,67.32
4314605,Piratini,RS,-31.4473,-53.0973,17770.0,353831.8,274.59,0.078,121.27,66.52,235362.94,108456.02,126906.92,1000.6,66.71
4314704,Planalto,RS,-27.3297,-53.0575,10624.0,22854.96,314.98,1.378,395.09,41.4,9461.44,9461.44,0.0,38.63,41.47
4314753,Poço das Antas,RS,-29.4481,-51.6719,2224.0,6762.03,64.74,0.957,161.81,33.78,2284.09,2284.09,0.0,24.91,33.9
4314779,Pontão,RS,-28.0585,-52.6791,3345.0,50272.88,94.47,0.188,319.43,16.34,8216.52,7301.87,914.65,262.96,16.43
4314787,Ponte Preta,RS,-27.6587,-52.4848,1602.0,9957.04,51.78,0.52,327.96,14.67,1460.33,1460.33,0.0,10.0,14.68
4314803,Portão,RS,-29.7015,-51.2429,35273.0,15930.04,1063.31,6.675,113.01,38.18,6082.63,3571.42,2511.21,83.65,38.38
4314902,Porto Alegre,RS,-30.0318,-51.2065,1388794.0,49599.18,19157.66,38.625,97.37,50.36,24976.85,13291.29,11685.56,2657.83,53.21
4315008,Porto Lucena,RS,-27.8569,-55.01,4414.0,24944.8,115.1,0.461,530.83,34.09,8504.7,6304.45,2200.25,876.34,35.34
4315057,Porto Mauá,RS,-27.5796,-54.6657,2173.0,10495.45,66.11,0.63,514.96,21.91,2299.14,2210.71,88.43,637.2,23.32
4315073,Porto Vera Cruz,RS,-27.7405,-54.8994,1582.0,11340.51,21.9,0.193,526.74,41.63,4720.94,3830.78,890.16,685.04,44.31
4315107,Porto Xavier,RS,-27.9082,-55.1379,10127.0,28015.95,278.1,0.993,539.87,66.99,18767.88,6647.95,12119.94,1596.03,71.04
4315131,Pouso Novo,RS,-29.1738,-52.2136,1771.0,10533.97,34.69,0.329,221.81,61.05,6430.85,6419.88,10.96,183.45,62.13
4315149,Presidente Lucena,RS,-29.5175,-51.1798,3166.0,4963.19,148.67,2.996,114.44,48.77,2420.41,2368.28,52.13,16.78,48.93
4315156,Progresso,RS,-29.2441,-52.3197,5423.0,25604.33,94.45,0.369,228.64,58.8,15054.23,15035.29,18.94,67.71,58.95
4315172,Protásio Alves,RS,-28.7572,-51.4757,2070.0,17198.92,39.78,0.231,178.68,62.04,10671.06,9601.76,1069.3,162.26,62.64
4315206,Putinga,RS,-29.0045,-52.1569,3809.0,21615.0,96.94,0.448,223.76,52.31,11306.82,11306.82,0.0,97.05,52.55
4315305,Quaraí,RS,-30.384,-56.4483,23995.0,313998.48,553.08,0.176,433.66,84.76,266132.02,19849.4,246282.62,5030.13,86.14
4315313,Quatro Irmãos,RS,-27.8257,-52.4424,1577.0,26897.57,58.92,0.219,313.6,20.68,5563.01,5055.03,507.97,276.95,20.9
4315321,Quevedos,RS,-29.3504,-54.0789,2553.0,54334.32,43.54,0.08,356.36,37.74,20508.11,9730.78,10777.33,533.14,38.12
4315354,Quinze de Novembro,RS,-28.7466,-53.1011,4003.0,22305.78,176.74,0.792,319.66,12.83,2862.12,2721.77,140.35,3083.93,14.89
4315404,Redentora,RS,-27.664,-53.6407,9931.0,30371.5,155.43,0.512,423.1,24.92,7568.66,7564.85,3.81,76.31,24.98
4315453,Relvado,RS,-29.1164,-52.0778,1826.0,10821.29,46.78,0.432,211.8,50.9,5508.29,5505.62,2.66,22.09,51.01
4315503,Restinga Sêca,RS,-29.8188,-53.3807,15205.0,96860.74,462.8,0.478,275.54,26.37,25543.53,9118.2,16425.33,3604.51,27.39
4315552,Rio dos Índios,RS,-27.2973,-52.8417,2866.0,23587.02,40.63,0.172,380.23,27.09,6388.99,6371.46,17.54,1461.2,28.88
4315602,Rio Grande,RS,-32.0349,-52.1071,198935.0,267861.55,5793.74,2.163,10.61,64.18,171903.6,4875.97,167027.63,11142.49,66.96
4315701,Rio Pardo,RS,-29.988,-52.3711,35641.0,205115.89,696.69,0.34,195.68,37.35,76602.44,26753.1,49849.34,5987.88,38.47
4315750,Riozinho,RS,-29.639,-50.4488,4574.0,23910.64,81.23,0.34,43.65,75.18,17976.86,17808.85,168.01,6.32,75.2
4315800,Roca Sales,RS,-29.2884,-51.8658,10646.0,20808.31,232.7,1.118,185.69,52.24,10870.63,10845.43,25.2,427.17,53.34
4315909,Rodeio Bonito,RS,-27.4742,-53.1706,6831.0,8328.17,213.26,2.561,394.83,20.32,1692.53,1692.53,0.0,269.19,21.0
4315958,Rolador,RS,-28.2566,-54.8186,2330.0,29520.68,112.51,0.381,495.88,37.05,10937.37,4066.02,6871.35,1423.16,38.93
4316006,Rolante,RS,-29.6462,-50.5819,21752.0,29603.78,493.64,1.667,55.16,60.54,17921.65,15354.5,2567.15,70.55,60.68
4316105,Ronda Alta,RS,-27.7758,-52.8056,9969.0,41871.55,296.05,0.707,346.32,11.06,4629.72,4163.63,466.08,3818.46,12.17
4316204,Rondinha,RS,-27.8315,-52.9081,5078.0,25244.87,119.25,0.472,351.59,16.83,4249.82,4209.08,40.74,27.04,16.85
4316303,Roque Gonzales,RS,-28.1297,-55.0266,6693.0,34882.72,226.82,0.65,520.11,49.66,17322.94,5459.38,11863.57,1760.82,52.3
4316402,Rosário do Sul,RS,-30.2515,-54.9221,37674.0,434363.51,1106.72,0.255,339.08,63.98,277901.16,36272.26,241628.9,8421.29,65.24
4316428,Sagrada Família,RS,-27.7085,-53.1351,2528.0,7786.37,77.47,0.995,377.79,15.54,1209.74,1208.39,1.35,113.91,15.77
4316436,Saldanha Marinho,RS,-28.3941,-53.097,2619.0,22158.25,131.33,0.593,336.21,10.92,2419.79,2306.36,113.43,38.98,10.94
4316451,Salto do Jacuí,RS,-29.0951,-53.2133,10357.0,50766.84,382.75,0.754,315.64,23.72,12043.85,9532.61,2511.25,3376.92,25.41
4316477,Salvador das Missões,RS,-28.1233,-54.8373,2955.0,9593.88,187.92,1.959,503.22,15.19,1457.51,1129.3,328.21,405.74,15.86
4316501,Salvador do Sul,RS,-29.4386,-51.5077,7184.0,9903.48,160.27,1.618,147.28,42.21,4180.75,4179.42,1.33,121.98,42.74
4316600,Sananduva,RS,-27.947,-51.8079,16770.0,50449.95,524.4,1.039,255.41,25.05,12638.53,10515.72,2122.81,152.22,25.13
4316709,Santa Bárbara do Sul,RS,-28.3653,-53.251,8269.0,97582.78,378.69,0.388,351.01,10.65,10387.76,8541.07,1846.7,500.87,10.7
4316733,Santa Cecília do Sul,RS,-28.1609,-51.9279,1710.0,20004.31,48.06,0.24,250.83,22.56,4513.26,4229.5,283.76,45.28,22.61
4316758,Santa Clara do Sul,RS,-29.4747,-52.0843,7079.0,8645.63,214.97,2.486,198.14,41.77,3611.45,3600.99,10.46,8.2,41.81
4316808,Santa Cruz do Sul,RS,-29.722,-52.4343,138270.0,73451.97,4045.83,5.508,216.91,45.23,33223.26,28657.44,4565.82,571.47,45.59
4316907,Santa Maria,RS,-29.6868,-53.8149,282395.0,178020.47,6653.76,3.738,311.16,46.18,82205.97,29166.28,53039.69,2976.38,46.96
4316956,Santa Maria do Herval,RS,-29.4902,-50.9919,6486.0,14041.82,112.97,0.804,98.46,70.35,9879.0,9877.2,1.8,20.38,70.46
4316972,Santa Margarida do Sul,RS,-30.3393,-54.0817,2661.0,95530.46,91.43,0.096,275.22,44.5,42514.86,15416.98,27097.88,1136.48,45.04
4317004,Santana da Boa Vista,RS,-30.8697,-53.11,7128.0,141881.18,117.81,0.083,167.08,80.11,113659.74,42324.61,71335.14,580.06,80.44
4317103,Sant'Ana do Livramento,RS,-30.8773,-55.5392,87329.0,694636.72,2108.95,0.304,348.62,81.02,562781.44,49936.56,512844.88,4940.64,81.6
4317202,Santa Rosa,RS,-27.8702,-54.4796,79488.0,48937.61,2434.66,4.975,483.39,16.1,7879.72,7438.37,441.36,231.4,16.18
4317251,Santa Tereza,RS,-29.1655,-51.7351,1529.0,7360.45,27.25,0.37,178.98,70.14,5162.89,5161.48,1.41,201.42,72.12
4317301,Santa Vitória do Palmar,RS,-33.525,-53.3717,31965.0,520148.96,1182.73,0.227,18.94,27.92,145211.6,1669.83,143541.76,97210.98,34.33
4317400,Santiago,RS,-29.1897,-54.8666,50336.0,241341.65,1580.89,0.655,418.79,61.75,149035.69,41948.42,107087.27,982.99,62.01
4317509,Santo Ângelo,RS,-28.3001,-54.2668,79146.0,67857.03,2501.64,3.687,444.03,21.53,14609.32,10885.59,3723.73,778.56,21.78
4317558,Santo Antônio do Palma,RS,-28.4956,-52.0267,2134.0,12610.51,74.0,0.587,239.73,27.95,3524.42,3524.42,0.0,20.1,27.99
4317608,Santo Antônio da Patrulha,RS,-29.8268,-50.5175,44431.0,104955.81,1192.47,1.136,42.4,48.76,51177.76,14860.09,36317.68,4786.15,51.09
4317707,Santo Antônio das Missões,RS,-28.514,-55.2251,10485.0,171042.91,318.57,0.186,498.22,49.72,85042.41,17659.27,67383.14,2641.28,50.5
4317756,Santo Antônio do Planalto,RS,-28.403,-52.6992,2138.0,20342.09,123.21,0.606,302.02,17.65,3591.01,3185.05,405.96,79.87,17.72
4317806,Santo Augusto,RS,-27.8526,-53.7776,14196.0,46776.52,469.85,1.004,424.21,13.43,6282.94,5975.92,307.02,402.8,13.55
4317905,Santo Cristo,RS,-27.8263,-54.662,15667.0,36721.6,477.52,1.3,501.58,27.33,10037.49,9608.7,428.79,46.63,27.37
4317954,Santo Expedito do Sul,RS,-27.9074,-51.6434,2395.0,12533.44,69.01,0.551,245.04,20.65,2587.68,2057.36,530.32,52.12,20.73
4318002,São Borja,RS,-28.6578,-56.0036,61311.0,361459.76,1910.34,0.529,538.55,27.93,100971.83,23564.04,77407.79,15502.51,29.19
4318051,São Domingos do Sul,RS,-28.5312,-51.886,2806.0,7867.13,117.61,1.495,225.97,37.82,2975.61,2975.61,0.0,36.47,38.0
4318101,São Francisco de Assis,RS,-29.5547,-55.1253,17934.0,253479.56,613.61,0.242,407.47,52.29,132542.54,42904.63,89637.9,1571.15,52.62
4318200,São Francisco de Paula,RS,-29.4404,-50.5828,22388.0,331786.64,652.48,0.197,66.3,73.04,242336.9,72873.94,169462.96,3048.63,73.72
4318309,São Gabriel,RS,-30.3337,-54.3217,60090.0,505349.74,1750.32,0.346,291.39,43.96,222134.74,37054.85,185079.89,10951.78,44.93
4318408,São Jerônimo,RS,-29.9716,-51.7251,21412.0,93555.81,508.12,0.543,144.11,59.45,55618.46,23848.76,31769.7,1261.64,60.26
4318424,São João da Urtiga,RS,-27.8195,-51.8257,4547.0,17149.69,145.43,0.848,265.26,34.25,5873.91,4645.58,1228.34,90.42,34.43
4318432,São João do Polêsine,RS,-29.6194,-53.4439,2708.0,7834.77,132.78,1.695,297.66,28.32,2219.02,1804.81,414.2,128.95,28.8
4318440,São Jorge,RS,-28.4984,-51.7064,2976.0,12574.02,94.64,0.753,212.38,34.03,4278.59,3712.69,565.91,26.08,34.1
4318457,São José das Missões,RS,-27.7789,-53.1226,2399.0,9811.6,46.72,0.476,372.72,13.5,1325.0,1321.27,3.73,51.72,13.58
4318465,São José do Herval,RS,-29.052,-52.295,1931.0,10292.77,64.05,0.622,234.08,59.21,6094.74,6085.73,9.02,54.4,59.53
4318481,São José do Hortêncio,RS,-29.528,-51.245,4555.0,6370.93,177.54,2.787,119.95,45.47,2896.69,2864.31,32.38,15.29,45.58
4318499,São José do Inhacorá,RS,-27.7251,-54.1275,2466.0,7772.5,92.62,1.192,461.01,30.96,2406.46,2406.46,0.0,9.92,31.0
4318507,São José do Norte,RS,-32.0151,-52.0331,26248.0,106212.14,695.85,0.655,6.48,61.1,64900.0,5372.18,59527.82,2861.83,62.8
4318606,São José do Ouro,RS,-27.7707,-51.5966,6978.0,33521.22,197.37,0.589,250.4,21.49,7202.92,5323.59,1879.33,40.21,21.51
4318614,São José do Sul,RS,-29.5448,-51.4821,2443.0,5476.7,51.97,0.949,140.8,49.03,2685.36,2683.8,1.56,9.05,49.11
4318622,São José dos Ausentes,RS,-28.7476,-50.0677,4295.0,117389.59,107.97,0.092,65.55,76.88,90252.71,29279.0,60973.71,480.88,77.2
4318705,São Leopoldo,RS,-29.7545,-51.1498,225737.0,10301.37,4665.48,45.29,102.51,32.46,3344.14,2903.98,440.16,116.19,32.83
4318804,São Lourenço do Sul,RS,-31.3564,-51.9715,43278.0,203925.83,947.62,0.465,59.98,38.9,79318.66,41766.69,37551.97,3049.53,39.49
4318903,São Luiz Gonzaga,RS,-28.412,-54.9559,35865.0,129676.33,1364.47,1.052,490.84,34.06,44166.94,18551.66,25615.28,1624.59,34.49
4319000,São Marcos,RS,-28.9677,-51.0696,21549.0,25616.41,746.45,2.914,132.71,73.85,18917.99,13248.42,5669.57,172.8,74.35
4319109,São Martinho,RS,-27.7112,-53.9699,5587.0,17124.46,233.6,1.364,448.39,12.93,2213.82,2213.82,0.0,22.94,12.95
4319125,São Martinho da Serra,RS,-29.5397,-53.859,2908.0,66954.24,72.73,0.109,326.87,43.71,29264.69,14330.89,14933.8,488.47,44.03
4319158,São Miguel das Missões,RS,-28.556,-54.5559,7193.0,122891.5,300.49,0.245,455.16,33.36,40998.96,20799.4,20199.56,903.13,33.61
4319208,São Nicolau,RS,-28.1834,-55.2654,5243.0,49725.42,309.9,0.623,529.34,47.36,23552.22,8434.5,15117.72,961.17,48.3
4319307,São Paulo das Missões,RS,-28.0195,-54.9404,5943.0,22244.93,198.35,0.892,517.1,48.46,10780.12,5483.35,5296.76,60.9,48.59
4319356,São Pedro da Serra,RS,-29.4193,-51.5134,3618.0,3763.15,116.87,3.106,148.55,45.21,1701.34,1701.34,0.0,32.81,45.61
4319364,São Pedro das Missões,RS,-27.7706,-53.2513,1790.0,7989.73,43.95,0.55,384.16,12.01,959.57,940.14,19.43,8.25,12.02
4319372,São Pedro do Butiá,RS,-28.1243,-54.8926,3142.0,10752.7,169.55,1.577,508.18,17.65,1897.33,1229.17,668.16,383.97,18.3
4319406,São Pedro do Sul,RS,-29.6202,-54.1855,15863.0,87340.67,441.61,0.506,339.23,54.43,47540.76,14712.4,32828.35,1217.88,55.2
4319505,São Sebastião do Caí,RS,-29.5885,-51.3749,24898.0,11308.15,747.86,6.613,129.37,40.66,4597.61,4266.36,331.25,100.92,41.02
4319604,São Sepé,RS,-30.1643,-53.5603,21551.0,220476.41,650.66,0.295,254.24,36.26,79937.48,30519.68,49417.8,5468.95,37.18
4319703,São Valentim,RS,-27.5583,-52.5237,3320.0,15444.24,100.31,0.649,337.71,34.48,5324.88,5323.45,1.43,32.43,34.55
4319711,São Valentim do Sul,RS,-29.0451,-51.7684,2255.0,9190.58,97.36,1.059,187.72,44.54,4093.56,4093.56,0.0,103.62,45.05
4319737,São Valério do Sul,RS,-27.7906,-53.9368,2593.0,10738.77,71.53,0.666,441.18,22.69,2436.38,2436.38,0.0,17.69,22.73
4319752,São Vendelino,RS,-29.3729,-51.3675,2309.0,3187.56,76.67,2.405,137.13,63.23,2015.41,2014.08,1.33,7.74,63.38
4319802,São Vicente do Sul,RS,-29.6882,-54.6826,8257.0,117420.44,250.71,0.214,366.75,43.17,50694.41,11734.58,38959.83,3014.12,44.31
4319901,Sapiranga,RS,-29.6349,-51.0064,77935.0,13773.51,2055.22,14.922,94.14,52.74,7263.8,6382.63,881.17,58.6,52.96
4320008,Sapucaia do Sul,RS,-29.8276,-51.145,136572.0,5824.48,2520.9,43.281,99.24,37.74,2198.27,1765.54,432.73,48.64,38.06
4320107,Sarandi,RS,-27.942,-52.9231,23374.0,35175.0,744.16,2.116,346.67,22.47,7902.22,7640.12,262.1,230.64,22.61
4320206,Seberi,RS,-27.4829,-53.4026,12325.0,30102.03,334.36,1.111,413.43,26.57,7998.98,7972.77,26.22,113.42,26.67
4320230,Sede Nova,RS,-27.6367,-53.9493,2750.0,11930.89,106.83,0.895,450.73,9.52,1135.98,1135.98,0.0,15.81,9.53
4320263,Segredo,RS,-29.3523,-52.9767,6098.0,24516.79,100.79,0.411,283.24,27.54,6751.58,6517.89,233.69,95.88,27.65
4320305,Selbach,RS,-28.6294,-52.9498,5222.0,17648.25,244.37,1.385,311.47,7.23,1276.26,1091.25,185.01,137.69,7.29
4320321,Senador Salgado Filho,RS,-28.025,-54.5507,2725.0,14712.13,125.52,0.853,482.0,16.21,2384.85,1593.28,791.57,53.9,16.27
4320354,Sentinela do Sul,RS,-30.6107,-51.5862,5424.0,28214.3,85.94,0.305,93.44,59.59,16812.35,7797.66,9014.69,407.09,60.46
4320404,Serafina Corrêa,RS,-28.7126,-51.9352,17407.0,16330.05,529.3,3.241,219.89,34.13,5572.88,5572.88,0.0,82.74,34.3
4320453,Sério,RS,-29.3904,-52.2685,2089.0,10548.72,62.28,0.59,218.18,54.7,5770.09,5770.09,0.0,15.47,54.78
4320503,Sertão,RS,-27.9798,-52.2588,5630.0,44061.29,158.82,0.36,288.99,16.71,7363.63,6803.87,559.76,78.38,16.74
4320552,Sertão Santana,RS,-30.4562,-51.6017,5989.0,25199.01,112.89,0.448,106.06,59.9,15095.11,11626.66,3468.45,145.12,60.25
4320578,Sete de Setembro,RS,-28.1362,-54.4637,1881.0,13160.11,59.3,0.451,469.05,14.79,1945.93,1535.41,410.52,23.56,14.81
4320602,Severiano de Almeida,RS,-27.4362,-52.1217,3463.0,16762.91,78.06,0.466,314.09,38.7,6487.54,6476.31,11.23,487.16,39.86
4320651,Silveira Martins,RS,-29.6467,-53.591,2056.0,11926.3,80.99,0.679,302.52,52.01,6202.87,6093.59,109.28,29.78,52.14
4320677,Sinimbu,RS,-29.5357,-52.5304,8685.0,50974.56,82.68,0.162,235.77,66.05,33669.57,33568.16,101.41,163.1,66.26
4320701,Sobradinho,RS,-29.4194,-53.0326,14512.0,12882.65,418.75,3.251,283.84,28.4,3658.85,3596.26,62.58,34.53,28.48
4320800,Soledade,RS,-28.8306,-52.5131,30939.0,121501.18,1023.57,0.842,263.37,29.91,36335.93,23899.47,12436.46,279.73,29.97
4320859,Tabaí,RS,-29.643,-51.6823,4569.0,9474.24,123.34,1.302,155.09,25.14,2381.72,1613.66,768.06,11.77,25.17
4320909,Tapejara,RS,-28.0652,-52.0097,25256.0,23806.93,700.9,2.944,263.53,15.47,3682.08,3520.51,161.56,38.14,15.49
4321006,Tapera,RS,-28.6277,-52.8613,10824.0,17993.54,351.11,1.951,303.78,8.61,1549.28,1474.51,74.77,155.91,8.69
4321105,Tapes,RS,-30.6683,-51.3991,14920.0,80544.67,647.79,0.804,75.77,27.5,22152.5,5735.7,16416.79,4423.49,29.1
4321204,Taquara,RS,-29.6505,-50.7753,54353.0,45010.82,1275.85,2.835,72.56,58.64,26392.44,18050.56,8341.88,235.71,58.94
4321303,Taquari,RS,-29.7943,-51.8653,25963.0,34996.59,829.75,2.371,165.98,27.0,9449.41,4234.88,5214.53,1212.97,27.97
4321329,Taquaruçu do Sul,RS,-27.4005,-53.4702,3192.0,7691.23,93.21,1.212,424.0,27.7,2130.37,2130.37,0.0,54.2,27.9
4321352,Tavares,RS,-31.2843,-51.088,5319.0,60647.1,245.0,0.404,10.52,50.3,30507.65,3732.14,26775.51,6511.43,56.35
4321402,Tenente Portela,RS,-27.3711,-53.7585,14820.0,33750.63,406.67,1.205,449.83,35.14,11859.04,11859.04,0.0,130.64,35.27
4321436,Terra de Areia,RS,-29.5782,-50.0644,10575.0,14194.45,662.0,4.664,14.13,26.19,3717.1,2965.57,751.52,884.42,27.93
4321451,Teutônia,RS,-29.4482,-51.8044,34023.0,17587.36,1243.69,7.072,173.82,32.93,5792.25,5776.48,15.77,45.28,33.02
4321469,Tio Hugo,RS,-28.5712,-52.5955,3358.0,11394.89,185.45,1.628,283.77,18.65,2125.02,2072.48,52.54,312.54,19.17
4321477,Tiradentes do Sul,RS,-27.4022,-54.0814,5188.0,23553.97,113.44,0.482,475.39,23.91,5632.8,5631.6,1.19,464.91,24.4
4321493,Toropi,RS,-29.4782,-54.2244,2594.0,19830.78,62.46,0.315,353.74,43.01,8528.7,6227.49,2301.22,132.07,43.3
4321501,Torres,RS,-29.3334,-49.7333,43344.0,15947.61,2250.81,14.114,0.98,12.52,1996.66,1247.62,749.04,665.82,13.07
4321600,Tramandaí,RS,-29.9841,-50.1322,56430.0,14253.54,2431.12,17.056,1.46,31.5,4489.8,677.94,3811.86,1673.37,35.69
4321626,Travesseiro,RS,-29.2977,-52.0532,2192.0,8065.95,45.2,0.56,202.34,47.27,3813.04,3810.62,2.43,153.31,48.19
4321634,Três Arroios,RS,-27.5003,-52.1448,2636.0,14856.82,65.93,0.444,311.65,38.92,5781.58,5781.58,0.0,16.3,38.96
4321667,Três Cachoeiras,RS,-29.4487,-49.9275,11224.0,25150.62,479.65,1.907,9.83,28.45,7154.45,7144.46,9.99,8919.88,44.08
4321709,Três Coroas,RS,-29.5137,-50.7739,24428.0,16813.41,524.84,3.122,78.05,78.08,13127.53,12883.9,243.63,25.84,78.2
4321808,Três de Maio,RS,-27.78,-54.2357,25466.0,42146.1,864.93,2.052,467.11,18.67,7869.56,6918.75,950.82,233.24,18.78
4321832,Três Forquilhas,RS,-29.5384,-50.0708,2813.0,21737.7,33.79,0.155,16.88,75.76,16467.4,15638.25,829.14,88.27,76.06
4321857,Três Palmeiras,RS,-27.6139,-52.8437,4829.0,18059.1,169.7,0.94,359.47,20.11,3632.01,3437.78,194.23,2027.45,22.66
4321907,Três Passos,RS,-27.4555,-53.9296,26304.0,26888.21,1014.36,3.772,459.56,30.02,8071.24,8071.24,0.0,112.77,30.14
4321956,Trindade do Sul,RS,-27.5239,-52.8956,7785.0,26841.82,248.23,0.925,369.42,28.33,7604.29,7362.13,242.16,549.18,28.92
4322004,Triunfo,RS,-29.9291,-51.7075,28435.0,81783.97,1229.13,1.503,145.15,49.09,40149.59,16345.82,23803.77,4564.09,51.99
4322103,Tucunduva,RS,-27.6573,-54.4439,5646.0,18120.96,203.93,1.125,491.69,14.2,2574.03,2540.13,33.9,23.67,14.22
4322152,Tunas,RS,-29.1039,-52.9538,3732.0,21727.76,74.12,0.341,291.77,28.03,6090.77,5606.86,483.91,50.77,28.1
4322186,Tupanci do Sul,RS,-27.9241,-51.5383,1396.0,13566.61,36.36,0.268,235.63,23.94,3248.02,2606.63,641.38,19.49,23.98
4322202,Tupanciretã,RS,-29.0858,-53.8445,20324.0,225327.8,723.04,0.321,368.36,20.06,45209.84,14532.1,30677.74,1549.29,20.2
4322251,Tupandi,RS,-29.4772,-51.4174,5172.0,5941.92,198.84,3.346,137.57,50.02,2972.43,2972.43,0.0,3.44,50.05
4322301,Tuparendi,RS,-27.7598,-54.4814,8535.0,30771.29,311.03,1.011,489.32,18.64,5735.46,5481.28,254.18,36.27,18.66
4322327,Turuçu,RS,-31.4173,-52.1706,3488.0,25362.7,99.22,0.391,63.9,34.07,8642.3,3576.7,5065.6,324.96,34.52
4322343,Ubiretama,RS,-28.0404,-54.686,2025.0,12589.71,49.06,0.39,493.34,20.09,2529.58,1853.61,675.97,15.51,20.12
4322350,União da Serra,RS,-28.7833,-52.0238,1183.0,13114.83,36.08,0.275,223.67,42.22,5537.23,5536.21,1.02,88.1,42.51
4322376,Unistalda,RS,-29.04,-55.1517,2047.0,60225.59,63.9,0.106,449.88,72.32,43556.92,12629.52,30927.39,125.66,72.47
4322400,Uruguaiana,RS,-29.7614,-57.0853,120819.0,569606.38,2720.89,0.478,477.95,45.03,256511.93,19905.9,236606.03,33543.15,47.85
4322509,Vacaria,RS,-28.5079,-50.9418,66146.0,212444.94,1984.62,0.934,150.1,48.73,103516.01,40794.61,62721.39,2704.39,49.35
4322525,Vale Verde,RS,-29.7864,-52.1857,3213.0,32971.86,44.6,0.135,192.74,40.32,13293.06,5968.01,7325.05,1221.26,41.87
4322533,Vale do Sol,RS,-29.5967,-52.6839,10069.0,32937.36,102.07,0.31,244.76,40.89,13468.94,13153.28,315.66,108.13,41.03
4322541,Vale Real,RS,-29.3919,-51.2559,6223.0,4508.12,208.96,4.635,126.29,65.69,2961.26,2953.06,8.21,65.72,66.66
4322558,Vanini,RS,-28.4758,-51.8447,2047.0,6489.39,74.96,1.155,225.4,27.18,1764.13,1763.9,0.24,11.82,27.23
4322608,Venâncio Aires,RS,-29.6143,-52.1932,70842.0,77268.06,1763.01,2.282,202.55,32.43,25054.35,22440.37,2613.97,517.95,32.64
4322707,Vera Cruz,RS,-29.7184,-52.5152,27670.0,30997.26,818.69,2.641,223.75,31.68,9819.73,8644.7,1175.03,160.98,31.84
4322806,Veranópolis,RS,-28.9312,-51.5516,24554.0,28942.27,693.95,2.398,175.49,58.17,16836.53,16796.12,40.42,515.53,59.23
4322855,Vespasiano Corrêa,RS,-29.0655,-51.8625,1851.0,11361.7,39.58,0.348,194.9,36.93,4195.64,4193.37,2.27,62.79,37.13
4322905,Viadutos,RS,-27.5716,-52.0211,4847.0,26668.19,116.98,0.439,297.14,32.53,8676.49,8534.23,142.26,56.88,32.6
4323002,Viamão,RS,-30.0819,-51.0194,231996.0,149598.99,4959.86,3.315,78.57,56.74,84877.61,24694.33,60183.29,5127.77,58.75
4323101,Vicente Dutra,RS,-27.1607,-53.4022,4741.0,19299.77,157.51,0.816,433.64,19.63,3788.76,3788.76,0.0,1335.16,21.09
4323200,Victor Graeff,RS,-28.5632,-52.7495,2829.0,23814.68,115.62,0.485,297.37,10.88,2590.69,2527.44,63.24,150.03,10.95
4323309,Vila Flores,RS,-28.8598,-51.5504,3741.0,10769.42,214.02,1.987,179.09,35.93,3869.41,3852.44,16.96,130.84,36.37
4323358,Vila Lângaro,RS,-28.1062,-52.1438,2121.0,15167.72,63.66,0.42,271.77,14.44,2190.73,2147.1,43.63,17.16,14.46
4323408,Vila Maria,RS,-28.5359,-52.1486,4515.0,18104.97,163.47,0.903,247.65,25.81,4672.54,4672.54,0.0,71.95,25.91
4323457,Vila Nova do Sul,RS,-30.3461,-53.876,3932.0,50826.42,125.73,0.247,260.11,52.77,26820.19,10192.59,16627.6,171.89,52.95
4323507,Vista Alegre,RS,-27.3686,-53.4919,2710.0,7767.8,72.05,0.928,427.73,30.16,2342.71,2342.71,0.0,21.66,30.24
4323606,Vista Alegre do Prata,RS,-28.8052,-51.7947,1624.0,11928.39,46.13,0.387,202.97,51.02,6086.38,6079.3,7.07,112.34,51.51
4323705,Vista Gaúcha,RS,-27.2902,-53.6974,2843.0,9003.2,85.25,0.947,449.51,31.51,2836.84,2836.84,0.0,91.97,31.83
4323754,Vitória das Missões,RS,-28.3516,-54.504,3316.0,25844.38,111.03,0.43,463.33,30.97,8002.73,4919.85,3082.89,424.78,31.48
4323770,Westfália,RS,-29.4263,-51.7645,3223.0,6684.86,130.85,1.957,171.07,42.43,2836.08,2835.07,1.02,44.77,42.71
4323804,Xangri-lá,RS,-29.8065,-50.0519,16949.0,6008.1,2233.49,37.175,1.07,26.87,1614.17,77.98,1536.19,104.83,27.34
5000203,Água Clara,MS,-20.4452,-52.879,17901.0,778152.65,526.1,0.068,701.09,19.06,148288.02,119511.32,28776.7,2978.01,19.13
5000252,Alcinópolis,MS,-18.3255,-53.7042,4649.0,439755.86,142.67,0.032,943.38,32.8,144247.64,133817.08,10430.56,781.47,32.86
5000609,Amambai,MS,-23.1058,-55.2253,41751.0,419372.69,1322.94,0.315,713.01,11.47,48093.27,38949.03,9144.24,934.36,11.49
5000708,Anastácio,MS,-20.4823,-55.8104,24781.0,291314.91,737.96,0.253,914.29,26.38,76862.12,73058.25,3803.87,565.33,26.44
5000807,Anaurilândia,MS,-22.1852,-52.7191,7688.0,341571.31,181.74,0.053,547.29,13.39,45748.29,33760.35,11987.94,70524.32,16.88
5000856,Angélica,MS,-22.1527,-53.7708,11308.0,128364.58,455.63,0.355,633.91,13.53,17367.54,5891.31,11476.23,859.64,13.62
5000906,Antônio João,MS,-22.1927,-55.9517,9717.0,109545.64,279.73,0.255,823.53,18.31,20061.52,19030.05,1031.46,36.48,18.32
5001003,Aparecida do Taboado,MS,-20.0873,-51.0961,29826.0,275151.42,973.57,0.354,627.85,9.95,27387.6,23091.4,4296.21,27227.26,11.05
5001102,Aquidauana,MS,-20.4666,-55.7868,48689.0,1708867.36,1358.17,0.079,913.44,74.23,1268497.24,620301.07,648196.17,38827.79,75.96
5001243,Aral Moreira,MS,-22.9385,-55.6334,11125.0,165363.41,312.58,0.189,758.76,15.98,26431.61,24501.29,1930.32,232.41,16.01
5001508,Bandeirantes,MS,-19.9275,-54.3585,8342.0,336347.46,319.33,0.095,844.45,20.69,69576.13,63426.23,6149.91,222.94,20.7
5001904,Bataguassu,MS,-21.7159,-52.4221,24222.0,239246.98,808.4,0.338,562.32,13.68,32728.88,21607.59,11121.29,54123.39,17.68
5002001,Batayporã,MS,-22.2944,-53.2705,10947.0,182653.88,362.35,0.198,583.22,26.6,48590.65,19369.28,29221.38,7365.43,27.72
5002100,Bela Vista,MS,-22.1073,-56.5263,21881.0,495514.8,731.44,0.148,880.67,27.44,135950.57,110034.05,25916.52,637.36,27.47
5002159,Bodoquena,MS,-20.537,-56.7127,8887.0,258912.03,218.34,0.084,986.26,51.64,133701.12,130010.86,3690.26,486.26,51.74
5002209,Bonito,MS,-21.1261,-56.4836,25034.0,537879.3,650.17,0.121,930.23,41.85,225102.74,211965.68,13137.06,775.94,41.91
5002308,Brasilândia,MS,-21.2544,-52.0365,11833.0,580355.64,482.12,0.083,576.9,17.16,99569.16,69700.12,29869.04,20788.76,17.79
5002407,Caarapó,MS,-22.6368,-54.8209,32748.0,211569.55,1240.46,0.586,697.55,11.14,23559.03,15249.58,8309.45,517.9,11.16
5002605,Camapuã,MS,-19.5347,-54.0431,13928.0,623817.82,451.24,0.072,855.66,23.7,147873.68,136709.15,11164.53,1439.17,23.76
5002704,Campo Grande,MS,-20.4486,-54.6295,962883.0,808216.2,24664.15,3.052,823.33,17.87,144423.08,120227.13,24195.95,1417.67,17.9
5002803,Caracol,MS,-22.011,-57.0277,5096.0,292642.47,186.52,0.064,931.85,24.8,72572.18,62131.94,10440.24,596.64,24.85
5002902,Cassilândia,MS,-19.1179,-51.7313,21565.0,371169.5,660.32,0.178,754.11,16.52,61324.73,50418.1,10906.63,1904.62,16.61
5002951,Chapadão do Sul,MS,-18.788,-52.6263,34606.0,325229.67,1214.89,0.374,838.34,14.1,45860.84,38592.28,7268.56,1774.94,14.18
5003108,Corguinho,MS,-19.8243,-54.8281,4892.0,263887.79,191.27,0.072,886.59,34.21,90282.89,87441.73,2841.16,213.73,34.24
5003157,Coronel Sapucaia,MS,-23.2724,-55.5278,14685.0,102375.28,396.99,0.388,735.02,11.36,11628.02,10588.65,1039.37,188.89,11.38
5003207,Corumbá,MS,-19.0077,-57.651,98751.0,6441035.59,2253.74,0.035,1166.92,84.84,5464656.16,2059989.06,3404667.1,434843.83,90.98
5003256,Costa Rica,MS,-18.5432,-53.1287,28740.0,415938.58,1065.24,0.256,891.13,25.51,106091.99,80882.55,25209.44,308.09,25.53
5003306,Coxim,MS,-18.5013,-54.751,33440.0,639062.9,1103.21,0.173,991.54,37.45,239354.02,168179.8,71174.22,7466.54,37.9
5003454,Deodápolis,MS,-22.2763,-54.1682,14317.0,82844.32,464.19,0.56,659.84,12.43,10297.64,3922.74,6374.9,463.17,12.5
5003488,Dois Irmãos do Buriti,MS,-20.6848,-55.2915,11521.0,243028.93,322.35,0.133,858.05,26.79,65111.13,62348.05,2763.08,416.23,26.84
5003504,Douradina,MS,-22.0405,-54.6158,5768.0,28022.87,192.77,0.688,712.77,12.54,3513.24,1240.85,2272.39,174.75,12.62
5003702,Dourados,MS,-22.2231,-54.812,264017.0,406291.26,8822.53,2.171,719.21,14.26,57917.19,33965.17,23952.02,1918.84,14.32
5003751,Eldorado,MS,-23.7868,-54.2838,11622.0,101277.56,436.81,0.431,596.18,23.16,23458.37,12495.36,10963.01,3065.59,23.89
5003801,Fátima do Sul,MS,-22.3789,-54.5131,21504.0,32563.69,785.56,2.412,683.92,11.62,3783.0,568.43,3214.56,252.36,11.71
5003900,Figueirão,MS,-18.6782,-53.638,3751.0,488076.59,109.99,0.023,906.83,27.38,133654.75,122441.85,11212.9,744.63,27.43
5004007,Glória de Dourados,MS,-22.4136,-54.2335,10817.0,49309.48,329.22,0.668,657.34,4.84,2385.27,1158.16,1227.1,24.84,4.84
5004106,Guia Lopes da Laguna,MS,-21.4583,-56.1117,10116.0,122545.25,420.34,0.343,878.01,22.04,27006.62,24843.17,2163.45,284.41,22.09
5004304,Iguatemi,MS,-23.6736,-54.5637,13960.0,295742.89,611.49,0.207,627.26,15.09,44640.54,35615.55,9024.99,536.99,15.12
5004403,Inocência,MS,-19.7277,-51.9281,8764.0,576117.21,218.59,0.038,711.07,18.11,104326.73,79907.07,24419.66,1037.05,18.14
5004502,Itaporã,MS,-22.08,-54.7934,25263.0,134237.99,689.79,0.514,725.86,13.82,18545.23,9796.65,8748.58,486.48,13.87
5004601,Itaquiraí,MS,-23.4779,-54.187,20060.0,206374.25,366.23,0.177,599.11,21.16,43661.47,25875.24,17786.24,3542.45,21.53
5004700,Ivinhema,MS,-22.3046,-53.8184,30001.0,200343.23,1131.92,0.565,628.18,14.3,28655.81,15530.09,13125.73,683.97,14.35
5004809,Japorã,MS,-23.8903,-54.4059,8441.0,41653.21,95.86,0.23,604.35,16.27,6778.61,4527.83,2250.77,319.24,16.4
5004908,Jaraguari,MS,-20.1386,-54.3996,7480.0,291354.67,186.94,0.064,830.39,19.63,57206.77,53045.2,4161.57,182.3,19.65
5005004,Jardim,MS,-21.4799,-56.1489,24504.0,213002.5,906.7,0.426,880.05,26.75,56969.57,46495.44,10474.13,361.86,26.79
5005103,Jateí,MS,-22.4806,-54.3079,3596.0,193332.2,116.6,0.06,660.01,29.96,57921.76,18554.65,39367.11,885.31,30.1
5005152,Juti,MS,-22.8596,-54.6061,7067.0,156918.69,280.56,0.179,666.66,13.49,21164.98,13879.29,7285.69,283.37,13.51
5005202,Ladário,MS,-19.0089,-57.5973,22425.0,35425.57,596.61,1.684,1162.46,70.92,25124.34,19883.57,5240.77,1154.58,73.31
5005251,Laguna Carapã,MS,-22.5448,-55.1502,7037.0,172580.72,269.32,0.156,732.29,17.36,29967.14,26721.66,3245.48,559.05,17.42
5005400,Maracaju,MS,-21.6105,-55.1678,48073.0,539690.69,1567.32,0.29,786.64,19.27,103988.28,83368.0,20620.27,835.94,19.3
5005608,Miranda,MS,-20.2355,-56.3746,26512.0,547093.29,457.76,0.084,977.55,60.3,329906.55,294616.05,35290.5,3377.45,60.68
5005681,Mundo Novo,MS,-23.9355,-54.281,20087.0,46882.09,734.88,1.567,590.71,30.52,14309.12,4411.1,9898.02,4642.27,33.88
5005707,Naviraí,MS,-23.0618,-54.1995,53014.0,318968.56,1713.53,0.537,619.35,26.34,84012.83,30871.36,53141.47,10716.5,27.25
5005806,Nioaque,MS,-21.1419,-55.8296,13354.0,390968.48,228.0,0.058,872.57,24.8,96964.31,91798.1,5166.21,754.72,24.85
5006002,Nova Alvorada do Sul,MS,-21.4657,-54.3825,23409.0,402760.18,990.32,0.246,730.27,15.87,63920.13,48396.98,15523.15,1256.33,15.92
5006200,Nova Andradina,MS,-22.238,-53.3437,50848.0,476819.05,1532.77,0.321,593.01,18.19,86723.63,63541.53,23182.09,1760.42,18.26
5006259,Novo Horizonte do Sul,MS,-22.6693,-53.8601,4801.0,84916.71,113.83,0.134,609.79,22.26,18904.84,8559.38,10345.46,320.09,22.35
5006275,Paraíso das Águas,MS,-19.0216,-53.0116,5842.0,506145.12,375.45,0.074,839.33,17.39,88032.69,75935.51,12097.18,1957.4,17.46
5006309,Paranaíba,MS,-19.6746,-51.1909,42638.0,535204.35,1540.79,0.288,671.53,14.3,76513.81,65699.95,10813.86,9198.89,14.55
5006358,Paranhos,MS,-23.8911,-55.429,13368.0,130676.89,283.93,0.217,704.15,11.76,15372.81,10783.08,4589.73,698.27,11.83
5006408,Pedro Gomes,MS,-18.0996,-54.5507,6910.0,355378.43,207.69,0.058,1014.35,30.62,108819.23,101624.24,7194.99,803.98,30.69
5006606,Ponta Porã,MS,-22.5296,-55.7203,98598.0,535913.26,3461.21,0.646,785.53,18.06,96801.45,91109.78,5691.67,792.46,18.09
5006903,Porto Murtinho,MS,-21.6981,-57.8836,12721.0,1749241.01,458.57,0.026,1026.59,66.23,1158478.82,1010109.37,148369.45,8550.28,66.55
5007109,Ribas do Rio Pardo,MS,-20.4445,-53.7588,24152.0,1731520.83,657.76,0.038,759.91,19.62,339683.77,286802.34,52881.43,5978.35,19.69
5007208,Rio Brilhante,MS,-21.8033,-54.5427,40419.0,398348.3,1185.3,0.298,721.25,20.63,82163.93,53221.3,28942.63,2410.6,20.75
5007307,Rio Negro,MS,-19.447,-54.9859,4921.0,182879.08,128.41,0.07,928.21,37.5,68581.53,66621.55,1959.98,86.11,37.52
5007406,Rio Verde de Mato Grosso,MS,-18.9249,-54.8434,20454.0,817472.32,690.1,0.084,961.36,44.89,366980.93,233445.05,133535.87,8043.25,45.34
5007505,Rochedo,MS,-19.9565,-54.8848,5451.0,130480.2,131.04,0.1,880.39,23.71,30935.88,28131.16,2804.72,204.17,23.75
5007554,Santa Rita do Pardo,MS,-21.3016,-52.8333,7165.0,614200.25,175.55,0.029,624.92,16.8,103161.86,81053.74,22108.12,24765.11,17.5
5007695,São Gabriel do Oeste,MS,-19.3889,-54.5507,32207.0,385060.39,1347.3,0.35,902.33,24.1,92783.48,88553.0,4230.47,763.62,24.14
5007703,Sete Quedas,MS,-23.9705,-55.0398,11322.0,83889.7,310.68,0.37,663.62,22.16,18588.45,14822.04,3766.4,310.55,22.24
5007802,Selvíria,MS,-20.3637,-51.4192,8716.0,325493.07,472.78,0.145,622.8,15.92,51818.63,43741.96,8076.67,10253.13,16.44
5007901,Sidrolândia,MS,-20.9302,-54.9692,49735.0,526568.31,1174.41,0.223,814.88,16.69,87891.53,66553.39,21338.14,931.78,16.72
5007935,Sonora,MS,-17.5698,-54.7551,14813.0,418561.21,583.5,0.139,1074.74,36.88,154378.79,116363.74,38015.05,5004.24,37.33
5007950,Tacuru,MS,-23.636,-55.0141,11205.0,178416.69,163.25,0.091,672.05,16.85,30061.44,23629.48,6431.97,863.08,16.93
5007976,Taquarussu,MS,-22.4898,-53.3519,3740.0,105218.69,107.34,0.102,577.07,41.32,43472.03,12806.53,30665.5,7924.69,44.68
5008008,Terenos,MS,-20.4378,-54.8647,18182.0,284587.19,515.33,0.181,842.15,22.45,63899.45,59097.63,4801.82,607.62,22.5
5008305,Três Lagoas,MS,-20.7849,-51.7007,143523.0,1021704.01,5879.69,0.575,601.32,16.97,173382.01,136384.41,36997.6,18933.0,17.29
5008404,Vicentina,MS,-22.4098,-54.4415,6505.0,30255.44,228.4,0.755,675.84,4.37,1323.29,436.43,886.86,32.95,4.38
5100102,Acorizal,MT,-15.194,-56.3632,4948.0,85076.38,217.61,0.256,1388.72,59.58,50691.16,50623.61,67.54,538.18,59.96
5100201,Água Boa,MT,-14.051,-52.1601,32099.0,754933.22,1599.08,0.212,1248.06,40.23,303719.77,287494.51,16225.26,1241.57,40.3
5100250,Alta Floresta,MT,-9.86674,-56.0867,62158.0,895550.2,3102.21,0.346,989.02,47.36,424171.2,420310.52,3860.68,5818.13,47.67
5100300,Alto Araguaia,MT,-17.3153,-53.2181,17751.0,531742.76,745.28,0.14,1007.4,48.38,257237.26,231267.48,25969.78,591.64,48.43
5100359,Alto Boa Vista,MT,-11.6732,-51.3883,5920.0,224846.64,386.82,0.172,1013.45,39.28,88318.12,86399.99,1918.13,537.41,39.37
5100409,Alto Garças,MT,-16.9462,-53.5272,13956.0,385761.28,461.54,0.12,1059.68,41.84,161391.36,124601.96,36789.4,132.94,41.85
5100508,Alto Paraguai,MT,-14.5137,-56.4776,7525.0,184737.71,354.03,0.192,1458.34,60.57,111899.29,109539.65,2359.64,471.99,60.73
5100607,Alto Taquari,MT,-17.8241,-53.2792,11877.0,152136.49,388.9,0.256,965.16,24.93,37923.36,31238.14,6685.21,156.56,24.95
5100805,Apiacás,MT,-9.53981,-57.4587,8693.0,2048900.7,397.9,0.019,1024.95,87.03,1783134.18,1778695.95,4438.23,27336.45,88.21
5101001,Araguaiana,MT,-15.7291,-51.8341,4005.0,638083.56,137.82,0.022,1069.46,54.4,347137.3,211494.84,135642.45,4407.53,54.78
5101209,Araguainha,MT,-16.857,-53.0318,997.0,67524.0,81.03,0.12,1037.91,59.61,40247.73,33197.1,7050.62,132.43,59.72
5101258,Araputanga,MT,-15.4641,-58.3425,14805.0,163965.38,544.63,0.332,1315.93,37.27,61114.01,52623.82,8490.2,261.93,37.33
5101308,Arenápolis,MT,-14.4472,-56.8437,10769.0,41731.13,456.58,1.094,1486.15,26.39,11013.54,9687.45,1326.08,162.75,26.49
5101407,Aripuanã,MT,-10.1723,-59.4568,26558.0,2467803.98,1195.87,0.048,1208.19,81.19,2003583.2,1992940.87,10642.32,7115.78,81.42
5101605,Barão de Melgaço,MT,-16.2067,-55.9623,7137.0,1137490.41,79.83,0.007,1272.11,85.6,973669.99,659107.12,314562.87,34669.38,88.29
5101704,Barra do Bugres,MT,-15.0702,-57.1878,29406.0,597657.77,1025.77,0.172,1447.23,54.88,328004.22,302570.14,25434.08,4170.02,55.27
5101803,Barra do Garças,MT,-15.8804,-52.264,73878.0,836295.29,2898.58,0.347,1080.16,55.74,466179.5,449484.08,16695.42,2456.15,55.91
5101837,Boa Esperança do Norte,MT,-13.5067,-55.1486,5877.0,470447.32,413.03,0.088,1341.92,38.77,182406.17,174679.14,7727.03,937.33,38.85
5101852,Bom Jesus do Araguaia,MT,-12.1706,-51.5032,7912.0,426663.66,519.45,0.122,1069.86,41.19,175744.74,169749.17,5995.58,1382.15,41.32
5101902,Brasnorte,MT,-12.1474,-57.9833,17645.0,1596835.03,696.34,0.044,1305.08,60.84,971518.52,962412.31,9106.21,6715.43,61.1
5102504,Cáceres,MT,-16.0764,-57.6818,91767.0,2446926.89,3004.24,0.123,1367.47,68.07,1665567.6,887990.39,777577.21,203213.75,74.23
5102603,Campinápolis,MT,-14.5162,-52.893,15808.0,597895.74,463.05,0.077,1243.54,63.51,379716.09,339682.2,40033.9,1607.27,63.68
5102637,Campo Novo do Parecis,MT,-13.6587,-57.8907,51722.0,942857.28,2255.68,0.239,1429.56,51.72,487639.22,403351.34,84287.88,1046.78,51.78
5102678,Campo Verde,MT,-15.545,-55.1626,49053.0,477114.85,1745.76,0.366,1286.91,25.76,122888.54,109279.02,13609.52,381.09,25.78
5102686,Campos de Júlio,MT,-13.7242,-59.2858,9946.0,679284.42,473.58,0.07,1289.04,55.67,378125.74,359708.36,18417.38,2271.72,55.85
5102694,Canabrava do Norte,MT,-11.0556,-51.8209,4451.0,344907.41,235.33,0.068,957.29,41.91,144536.73,115121.21,29415.52,564.45,41.97
5102702,Canarana,MT,-13.5515,-52.2705,28324.0,1085517.18,1475.42,0.136,1236.99,53.03,575696.69,524355.33,51341.36,6771.43,53.37
5102793,Carlinda,MT,-9.94912,-55.8417,10260.0,242175.25,389.75,0.161,987.56,30.66,74255.94,74025.91,230.02,3935.88,31.17
5102850,Castanheira,MT,-11.1251,-58.6081,7392.0,371346.19,268.37,0.072,1240.29,39.54,146842.88,145031.26,1811.61,2660.6,39.83
5103007,Chapada dos Guimarães,MT,-15.4643,-55.7499,19458.0,660327.03,1451.21,0.22,1327.55,60.19,397449.82,390267.03,7182.79,30447.14,63.1
5103056,Cláudia,MT,-11.5075,-54.8835,9301.0,384354.95,669.28,0.174,1122.78,54.12,207994.94,207726.38,268.56,4696.61,54.78
5103106,Cocalinho,MT,-14.3903,-51.0001,6495.0,1656307.5,288.33,0.017,1159.1,74.19,1228840.97,553113.01,675727.96,25992.51,75.37
5103205,Colíder,MT,-10.8135,-55.461,32054.0,311205.44,1065.65,0.342,1064.58,23.74,73866.07,72513.81,1352.25,3471.15,24.0
5103254,Colniza,MT,-9.46121,-59.2252,26026.0,2796127.44,1356.72,0.049,1131.27,77.66,2171545.02,2152607.97,18937.05,10716.02,77.96
5103304,Comodoro,MT,-13.6614,-59.7848,18469.0,2147980.15,936.92,0.044,1243.54,83.89,1801999.87,1758338.67,43661.2,5232.84,84.1
5103353,Confresa,MT,-10.6437,-51.5699,38460.0,580228.65,2018.98,0.348,906.41,32.8,190321.27,182466.67,7854.6,1509.32,32.89
5103361,Conquista D'Oeste,MT,-14.5381,-59.5444,3908.0,268473.09,144.64,0.054,1227.26,77.91,209156.98,167748.28,41408.7,452.38,78.04
5103379,Cotriguaçu,MT,-9.85656,-58.4192,10030.0,947011.76,512.61,0.054,1111.97,73.81,698942.49,697597.67,1344.82,15846.78,75.06
5103403,Cuiabá,MT,-15.601,-56.0974,691875.0,432720.8,18885.44,4.364,1335.43,54.23,234645.59,229269.32,5376.27,2217.3,54.5
5103437,Curvelândia,MT,-15.6084,-57.9133,4970.0,35723.36,140.13,0.392,1355.94,25.99,9284.15,6766.27,2517.88,503.18,26.36
5103452,Denise,MT,-14.7324,-57.0583,6675.0,127316.18,240.91,0.189,1471.7,26.12,33254.06,32188.36,1065.7,497.97,26.22
5103502,Diamantino,MT,-14.4037,-56.4366,22623.0,826340.24,1302.94,0.158,1466.22,40.41,333943.25,319953.66,13989.59,914.89,40.46
5103601,Dom Aquino,MT,-15.8099,-54.9223,7890.0,218355.35,246.67,0.113,1248.57,39.07,85314.95,79661.21,5653.74,258.55,39.12
5103700,Feliz Natal,MT,-12.385,-54.9227,10523.0,1166152.1,601.39,0.052,1218.46,78.66,917240.36,907652.61,9587.75,7278.08,79.15
5103809,Figueirópolis D'Oeste,MT,-15.4439,-58.7391,3056.0,89144.14,119.36,0.134,1275.74,18.04,16080.99,13041.71,3039.28,789.33,18.2
5103858,Gaúcha do Norte,MT,-13.2443,-53.0809,9397.0,1690842.91,389.43,0.023,1228.39,73.06,1235250.96,1114508.4,120742.55,23306.52,74.08
5103908,General Carneiro,MT,-15.7094,-52.7574,6319.0,451492.45,210.26,0.047,1125.73,50.08,226098.24,211120.68,14977.56,1183.17,50.21
5103957,Glória D'Oeste,MT,-15.768,-58.3108,2878.0,83311.29,109.11,0.131,1310.22,38.61,32168.08,20002.81,12165.28,509.38,38.85
5104104,Guarantã do Norte,MT,-9.96218,-54.9121,31209.0,472535.27,1281.76,0.271,957.51,49.88,235699.43,228650.77,7048.65,1728.12,50.06
5104203,Guiratinga,MT,-16.346,-53.7575,10252.0,504449.3,417.52,0.083,1128.52,49.82,251321.41,209509.28,41812.14,805.02,49.9
5104500,Indiavaí,MT,-15.4921,-58.5802,2172.0,59250.02,90.71,0.153,1290.57,25.57,15148.29,9625.35,5522.93,611.19,25.83
5104526,Ipiranga do Norte,MT,-12.2408,-56.1531,8658.0,342199.74,386.83,0.113,1237.9,33.72,115391.13,114949.0,442.12,1247.49,33.84
5104542,Itanhangá,MT,-12.2259,-56.6463,8257.0,290972.69,679.14,0.233,1254.21,42.14,122612.43,122604.21,8.22,600.17,42.23
5104559,Itaúba,MT,-11.0614,-55.2766,5201.0,452182.6,391.31,0.087,1085.31,59.85,270620.79,265632.84,4987.94,16093.61,62.06
5104609,Itiquira,MT,-17.2147,-54.1422,12587.0,869881.51,489.05,0.056,1072.38,40.1,348794.54,284922.18,63872.37,4937.48,40.33
5104807,Jaciara,MT,-15.9548,-54.9733,29803.0,242970.57,988.24,0.407,1237.57,36.23,88024.81,80147.47,7877.34,377.77,36.29
5104906,Jangada,MT,-15.235,-56.4917,7413.0,111427.73,223.71,0.201,1392.75,61.98,69063.62,68492.19,571.43,422.46,62.22
5105002,Jauru,MT,-15.3342,-58.8723,7881.0,134535.29,260.7,0.194,1265.62,21.89,29454.77,19868.66,9586.12,511.34,21.98
5105101,Juara,MT,-11.2639,-57.5244,36089.0,2263274.72,1370.55,0.061,1195.29,65.39,1479877.66,1443092.57,36785.09,14908.27,65.82
5105150,Juína,MT,-11.3728,-58.7483,48396.0,2639722.43,2160.13,0.082,1271.64,83.35,2200226.03,2196670.96,3555.06,6173.16,83.55
5105176,Juruena,MT,-10.3178,-58.3592,10057.0,320785.08,578.95,0.18,1150.47,56.59,181542.95,179868.59,1674.36,3041.86,57.14
5105200,Juscimeira,MT,-16.0633,-54.8859,11622.0,229131.29,430.25,0.188,1222.46,34.7,79519.77,73232.53,6287.24,1406.01,34.92
5105234,Lambari D'Oeste,MT,-15.3188,-58.0046,4662.0,181044.02,126.95,0.07,1355.26,43.23,78268.33,71237.36,7030.98,1644.33,43.63
5105259,Lucas do Rio Verde,MT,-13.0588,-55.9042,95792.0,367460.51,3383.08,0.921,1316.51,27.57,101308.66,97423.02,3885.64,1450.34,27.68
5105309,Luciara,MT,-11.2219,-50.6676,2616.0,428265.37,98.0,0.023,951.89,90.43,387288.14,94306.02,292982.13,8722.37,92.31
5105507,Vila Bela da Santíssima Trindade,MT,-15.0068,-59.9504,17592.0,1347459.02,395.29,0.029,1167.71,50.01,673801.87,317885.91,355915.96,32728.15,51.25
5105580,Marcelândia,MT,-11.0463,-54.4377,11355.0,1228545.8,814.64,0.066,1062.04,69.7,856304.57,850369.17,5935.4,4480.83,69.96
5105606,Matupá,MT,-10.1821,-54.9467,21959.0,522832.55,970.44,0.186,981.99,60.71,317433.56,316550.23,883.33,1506.43,60.89
5105622,Mirassol d'Oeste,MT,-15.6759,-58.0951,27637.0,108548.95,891.33,0.821,1335.18,26.27,28513.43,21113.82,7399.61,303.98,26.34
5105903,Nobres,MT,-14.7192,-56.3284,15796.0,390867.53,728.48,0.186,1430.52,61.89,241913.51,220852.02,21061.49,982.34,62.05
5106000,Nortelândia,MT,-14.454,-56.7945,5890.0,133678.18,236.7,0.177,1482.58,53.4,71380.72,68208.38,3172.34,397.12,53.56
5106109,Nossa Senhora do Livramento,MT,-15.772,-56.3432,11658.0,541009.29,189.63,0.035,1334.94,64.25,347581.51,262327.37,85254.14,5243.15,64.88
5106158,Nova Bandeirantes,MT,-9.84977,-57.8139,14340.0,955665.54,486.66,0.051,1074.6,55.94,534562.84,530191.43,4371.41,13254.44,56.72
5106174,Nova Nazaré,MT,-13.9486,-51.8002,4575.0,403456.84,90.55,0.022,1240.22,77.71,313513.15,260856.84,52656.31,2312.11,78.15
5106182,Nova Lacerda,MT,-14.4727,-59.6001,7072.0,478035.51,178.81,0.037,1224.44,54.16,258886.72,235682.45,23204.26,2284.71,54.42
5106190,Nova Santa Helena,MT,-10.8651,-55.1872,4502.0,238558.02,275.87,0.116,1061.78,43.14,102908.39,102747.53,160.86,360.93,43.2
5106208,Nova Brasilândia,MT,-14.9612,-54.9685,3791.0,328951.63,215.51,0.066,1328.08,57.06,187695.2,183313.89,4381.32,5190.25,57.97
5106216,Nova Canaã do Norte,MT,-10.558,-55.953,11734.0,595309.81,509.97,0.086,1054.91,47.1,280416.16,267651.85,12764.31,6841.62,47.65
5106224,Nova Mutum,MT,-13.8374,-56.0743,63455.0,953679.35,2375.03,0.249,1404.41,44.52,424569.53,421235.97,3333.56,2404.9,44.63
5106232,Nova Olímpia,MT,-14.7889,-57.2886,16204.0,132725.79,586.41,0.442,1446.19,42.79,56792.8,45380.23,11412.57,379.81,42.91
5106240,Nova Ubiratã,MT,-12.9834,-55.2556,9760.0,872079.59,673.4,0.077,1290.96,62.97,549146.31,542351.36,6794.95,3596.8,63.23
5106257,Nova Xavantina,MT,-14.6771,-52.3502,25915.0,549211.6,1262.2,0.23,1197.8,39.71,218075.33,208591.76,9483.57,2946.37,39.92
5106265,Novo Mundo,MT,-9.95616,-55.2029,6368.0,580083.93,261.45,0.045,965.63,52.13,302397.54,294711.73,7685.81,5298.49,52.61
5106273,Novo Horizonte do Norte,MT,-11.4089,-57.3488,3267.0,92004.14,110.83,0.12,1201.19,31.43,28913.82,28823.95,89.87,491.26,31.6
5106281,Novo São Joaquim,MT,-14.9054,-53.0194,7239.0,522559.66,395.69,0.076,1214.93,37.38,195312.22,182650.1,12662.12,1836.65,37.51
5106299,Paranaíta,MT,-9.65835,-56.4786,12079.0,481435.29,476.24,0.099,985.41,46.49,223798.87,220524.21,3274.65,16426.42,48.13
5106307,Paranatinga,MT,-14.4265,-54.0524,28870.0,2412736.59,1554.54,0.064,1321.07,63.21,1525020.93,1403968.38,121052.54,7764.13,63.41
5106315,Novo Santo Antônio,MT,-12.2875,-50.9686,2041.0,439478.6,92.47,0.021,1073.0,85.22,374512.66,103610.13,270902.53,13600.3,87.94
5106372,Pedra Preta,MT,-16.6245,-54.4722,18946.0,384167.86,731.43,0.19,1146.48,32.9,126398.24,119504.38,6893.86,597.7,32.95
5106422,Peixoto de Azevedo,MT,-10.2262,-54.9794,33754.0,1443397.92,1128.05,0.078,987.63,70.99,1024737.72,1009301.23,15436.48,9604.26,71.47
5106455,Planalto da Serra,MT,-14.6518,-54.7819,3328.0,243767.1,282.19,0.116,1345.6,52.18,127207.55,122214.14,4993.41,471.33,52.29
5106505,Poconé,MT,-16.266,-56.6261,31203.0,1701365.26,1057.92,0.062,1309.15,80.14,1363532.34,594556.1,768976.23,112109.33,85.8
5106653,Pontal do Araguaia,MT,-15.9274,-52.3273,7441.0,274245.61,231.41,0.084,1079.64,46.9,128611.94,124784.41,3827.53,1174.08,47.1
5106703,Ponte Branca,MT,-16.7584,-52.8369,2098.0,70114.5,117.14,0.167,1034.49,57.44,40274.03,32957.06,7316.98,174.35,57.58
5106752,Pontes e Lacerda,MT,-15.2219,-59.3435,55762.0,854524.3,1528.23,0.179,1221.3,42.34,361824.16,188035.29,173788.87,7554.31,42.72
5106778,Porto Alegre do Norte,MT,-10.8761,-51.6357,12649.0,397178.61,588.17,0.148,933.09,54.35,215852.52,115015.09,100837.44,1306.93,54.53
5106802,Porto dos Gaúchos,MT,-11.533,-57.4132,5705.0,684668.52,496.82,0.073,1216.61,54.66,374256.25,374066.0,190.26,1652.48,54.79
5106828,Porto Esperidião,MT,-15.857,-58.4619,10088.0,583499.93,286.18,0.049,1292.07,47.64,278000.57,157299.86,120700.71,2281.82,47.83
5106851,Porto Estrela,MT,-15.3235,-57.2204,3141.0,204546.09,100.02,0.049,1430.66,58.87,120408.67,116148.71,4259.96,1283.56,59.24
5107008,Poxoréu,MT,-15.8299,-54.4208,25103.0,691532.38,849.53,0.123,1215.54,46.43,321088.8,297071.09,24017.71,1834.93,46.56
5107040,Primavera do Leste,MT,-15.544,-54.2811,96006.0,547029.38,3221.46,0.589,1233.47,24.21,132441.45,112187.28,20254.17,1480.83,24.28
5107065,Querência,MT,-12.6093,-52.1821,31100.0,1779990.66,1473.94,0.083,1133.54,69.55,1238050.0,1180184.35,57865.64,26749.68,70.61
5107107,São José dos Quatro Marcos,MT,-15.6276,-58.1772,17721.0,128275.02,540.68,0.421,1328.08,19.69,25258.11,22369.76,2888.36,231.04,19.73
5107156,Reserva do Cabaçal,MT,-15.0743,-58.4585,2020.0,133182.76,79.64,0.06,1316.73,72.94,97149.66,91014.99,6134.67,114.26,73.01
5107180,Ribeirão Cascalheira,MT,-12.9367,-51.8244,10541.0,1135456.26,396.26,0.035,1159.9,68.61,778991.02,494699.08,284291.94,6639.78,69.01
5107198,Ribeirãozinho,MT,-16.4856,-52.6924,2733.0,62499.6,145.18,0.232,1050.53,29.0,18123.93,16988.82,1135.11,199.86,29.09
5107206,Rio Branco,MT,-15.2483,-58.1259,4440.0,53927.99,187.0,0.347,1345.03,49.12,26490.48,13863.91,12626.57,181.85,49.29
5107248,Santa Carmem,MT,-11.9125,-55.2263,5795.0,381204.65,355.43,0.093,1174.98,61.17,233178.97,232888.79,290.18,231.1,61.21
5107263,Santo Afonso,MT,-14.4945,-57.0091,2416.0,116638.32,116.08,0.1,1485.07,27.03,31531.91,31130.96,400.95,212.07,27.08
5107297,São José do Povo,MT,-16.4549,-54.2487,2716.0,48974.57,69.52,0.142,1148.38,14.43,7067.16,6997.11,70.05,319.68,14.53
5107305,São José do Rio Claro,MT,-13.4398,-56.7218,14455.0,452531.87,659.16,0.146,1383.32,46.96,212520.0,210619.21,1900.78,1549.28,47.12
5107354,São José do Xingu,MT,-10.7982,-52.7486,6234.0,746555.24,345.57,0.046,961.24,48.82,364460.67,351640.79,12819.88,5180.05,49.16
5107404,São Pedro da Cipa,MT,-16.0109,-54.9176,4250.0,34432.11,139.18,0.404,1229.18,34.76,11966.91,11594.46,372.45,94.46,34.85
5107578,Rondolândia,MT,-10.8376,-61.4697,3518.0,1265818.23,111.74,0.009,1269.13,83.92,1062214.79,1058027.32,4187.47,5187.56,84.26
5107602,Rondonópolis,MT,-16.4673,-54.6372,263708.0,482448.47,8719.69,1.807,1170.45,25.66,123792.31,116592.45,7199.87,2182.64,25.78
5107701,Rosário Oeste,MT,-14.8259,-56.4236,15041.0,733950.69,477.33,0.065,1426.21,62.16,456253.74,399539.76,56713.99,3253.86,62.44
5107743,Santa Cruz do Xingu,MT,-10.1532,-52.3953,2904.0,562345.68,222.92,0.04,880.84,72.36,406940.1,387866.64,19073.46,5492.81,73.08
5107750,Salto do Céu,MT,-15.1303,-58.1317,3657.0,175372.1,100.8,0.057,1348.29,42.79,75041.76,59768.02,15273.74,317.8,42.87
5107768,Santa Rita do Trivelato,MT,-13.8146,-55.2706,3536.0,474022.42,195.27,0.041,1378.26,52.45,248613.0,239366.59,9246.41,1332.55,52.6
5107776,Santa Terezinha,MT,-10.4704,-50.514,7737.0,646620.24,225.94,0.035,867.38,60.12,388757.52,296390.51,92367.01,9331.89,61.0
5107792,Santo Antônio do Leste,MT,-14.805,-53.6075,4244.0,340366.84,253.9,0.075,1259.84,44.13,150188.61,140556.16,9632.44,270.47,44.16
5107800,Santo Antônio do Leverger,MT,-15.8632,-56.0788,16839.0,951914.74,745.94,0.078,1310.39,62.36,593588.39,481873.81,111714.58,13638.98,63.26
5107859,São Félix do Araguaia,MT,-11.615,-50.6706,14604.0,1668252.84,713.28,0.043,995.11,67.64,1128405.08,830583.89,297821.19,13717.52,68.2
5107875,Sapezal,MT,-12.9892,-58.7645,32514.0,1361418.92,1231.67,0.09,1375.79,63.58,865582.16,816564.52,49017.64,3492.26,63.74
5107883,Serra Nova Dourada,MT,-12.0896,-51.4025,1941.0,149077.29,115.89,0.078,1058.99,46.59,69448.47,64997.88,4450.6,221.87,46.65
5107909,Sinop,MT,-11.8604,-55.5091,223780.0,399092.31,9373.97,2.349,1177.26,36.52,145744.26,144488.96,1255.3,14277.6,37.87
5107925,Sorriso,MT,-12.5425,-55.7211,124665.0,845480.36,5088.71,0.602,1256.14,28.03,236961.34,230486.67,6474.67,7265.9,28.27
5107941,Tabaporã,MT,-11.3007,-56.8312,9895.0,843907.13,803.64,0.095,1166.85,57.53,485490.91,460567.47,24923.44,1977.96,57.66
5107958,Tangará da Serra,MT,-14.6229,-57.4933,114603.0,1163657.12,3633.94,0.312,1431.1,72.44,842956.76,353103.28,489853.48,2292.22,72.58
5108006,Tapurah,MT,-12.695,-56.5178,15638.0,449257.12,836.98,0.186,1298.23,44.23,198713.53,198110.87,602.65,1263.78,44.36
5108055,Terra Nova do Norte,MT,-10.517,-55.231,10591.0,239975.47,418.58,0.174,1025.99,19.11,45848.52,45733.35,115.18,415.72,19.14
5108105,Tesouro,MT,-16.0809,-53.559,2935.0,424409.37,87.63,0.021,1140.44,48.48,205772.57,177202.45,28570.13,1272.19,48.63
5108204,Torixoréu,MT,-16.2006,-52.5571,4238.0,239838.84,182.1,0.076,1069.04,39.74,95311.78,83728.9,11582.88,570.96,39.83
5108303,União do Sul,MT,-11.5308,-54.3616,3904.0,459073.93,383.77,0.084,1108.64,65.84,302239.71,301034.12,1205.59,354.35,65.89
5108352,Vale de São Domingos,MT,-15.286,-59.0683,2892.0,190216.75,107.51,0.057,1247.17,62.7,119266.1,94135.35,25130.75,735.17,62.94
5108402,Várzea Grande,MT,-15.6458,-56.1322,318922.0,93987.64,9763.9,10.388,1333.44,41.5,39000.67,38637.21,363.47,1371.37,42.11
5108501,Vera,MT,-12.3017,-55.3045,10758.0,297865.52,445.66,0.15,1218.82,41.06,122315.38,121926.76,388.63,487.17,41.13
5108600,Vila Rica,MT,-10.0137,-51.1186,19686.0,743659.08,683.33,0.092,827.66,43.16,320973.64,315368.56,5605.08,1984.33,43.28
5108808,Nova Guarita,MT,-10.312,-55.4061,4546.0,112197.1,244.09,0.218,1009.81,16.76,18801.34,18410.81,390.53,730.3,16.87
5108857,Nova Marilândia,MT,-14.3568,-56.9696,3731.0,190573.38,125.42,0.066,1487.98,45.47,86647.35,83741.16,2906.19,218.98,45.52
5108907,Nova Maringá,MT,-13.0136,-57.0908,5705.0,1155346.35,507.89,0.044,1352.88,67.87,784082.5,782933.77,1148.73,3220.59,68.06
5108956,Nova Monte Verde,MT,-9.99998,-57.5261,8470.0,513928.36,420.45,0.082,1072.48,53.37,274280.4,272864.09,1416.31,1693.25,53.55
5200050,Abadia de Goiás,GO,-16.7573,-49.4412,22052.0,14335.81,1525.46,10.641,852.78,16.38,2348.41,2252.87,95.55,40.79,16.43
5200100,Abadiânia,GO,-16.197,-48.7057,17738.0,104456.71,1612.42,1.544,868.74,29.58,30893.9,30582.18,311.72,2658.84,30.35
5200134,Acreúna,GO,-17.396,-50.3749,22079.0,156676.22,928.62,0.593,831.54,16.19,25367.08,11832.75,13534.34,1297.02,16.33
5200159,Adelândia,GO,-16.4127,-50.1657,2282.0,11535.29,78.63,0.682,918.31,9.8,1130.96,1130.96,0.0,25.33,9.83
5200175,Água Fria de Goiás,GO,-14.9778,-47.7823,4979.0,202360.97,172.87,0.085,938.63,55.27,111837.38,107488.0,4349.39,2046.15,55.83
5200209,Água Limpa,GO,-18.0771,-48.7603,1843.0,45885.35,55.57,0.121,690.46,17.6,8074.38,8074.38,0.0,2932.24,18.8
5200258,Águas Lindas de Goiás,GO,-15.7617,-48.2816,245352.0,19182.15,6182.25,32.229,891.41,40.04,7681.45,7409.54,271.91,375.0,40.84
5200308,Alexânia,GO,-16.0834,-48.5076,28244.0,84685.26,2468.3,2.915,869.95,33.67,28511.65,28061.51,450.15,3932.78,35.31
5200506,Aloândia,GO,-17.7292,-49.4769,1977.0,10208.48,81.85,0.802,755.3,9.92,1012.73,942.98,69.76,69.84,9.99
5200555,Alto Horizonte,GO,-14.1978,-49.3378,6487.0,50034.32,190.13,0.38,1096.47,21.83,10924.13,10804.34,119.79,285.17,21.96
5200605,Alto Paraíso de Goiás,GO,-14.1305,-47.51,11182.0,259505.61,390.5,0.15,911.89,79.2,205537.1,160296.7,45240.39,210.81,79.27
5200803,Alvorada do Norte,GO,-14.4797,-46.491,8619.0,126833.59,373.71,0.295,800.26,42.53,53943.26,48457.91,5485.34,519.64,42.71
5200829,Amaralina,GO,-13.9236,-49.2962,3267.0,134373.11,88.49,0.066,1104.94,26.19,35186.97,34961.57,225.4,456.93,26.28
5200852,Americano do Brasil,GO,-16.2514,-49.9831,5260.0,13385.86,196.91,1.471,926.62,14.77,1977.56,1977.56,0.0,24.14,14.8
5200902,Amorinópolis,GO,-16.6151,-51.0919,2906.0,40692.32,134.91,0.332,944.54,15.09,6139.04,6113.39,25.65,20.33,15.09
5201108,Anápolis,GO,-16.3281,-48.953,420300.0,93565.51,12013.78,12.84,869.16,20.6,19274.06,19013.9,260.16,264.04,20.66
5201207,Anhanguera,GO,-18.3339,-48.2204,913.0,5557.6,46.14,0.83,640.12,25.54,1419.21,1419.21,0.0,315.33,27.07
5201306,Anicuns,GO,-16.4642,-49.9617,18306.0,97605.25,604.83,0.62,904.13,13.51,13183.37,13162.86,20.51,277.9,13.55
5201405,Aparecida de Goiânia,GO,-16.8198,-49.2469,556021.0,27993.86,14236.2,50.855,838.91,18.51,5181.39,4487.14,694.25,32.55,18.53
5201454,Aparecida do Rio Doce,GO,-18.2941,-51.1516,3045.0,60326.15,112.36,0.186,793.33,17.38,10484.88,8546.73,1938.15,256.61,17.45
5201504,Aporé,GO,-18.9607,-51.9232,4488.0,289920.83,169.36,0.058,779.78,20.64,59843.7,49232.6,10611.1,3214.97,20.87
5201603,Araçu,GO,-16.3563,-49.6804,3840.0,14976.83,128.98,0.861,903.45,14.66,2195.31,2194.19,1.12,44.23,14.7
5201702,Aragarças,GO,-15.8955,-52.2372,18601.0,66163.03,558.8,0.845,1077.17,43.32,28663.31,27913.92,749.4,910.64,43.93
5201801,Aragoiânia,GO,-16.9087,-49.4476,12806.0,21813.53,769.01,3.525,837.46,19.91,4343.23,4204.27,138.96,78.94,19.98
5202155,Araguapaz,GO,-15.0909,-50.6315,7152.0,218808.57,216.32,0.099,1072.14,31.7,69362.34,68181.31,1181.04,618.24,31.79
5202353,Arenópolis,GO,-16.3837,-51.5563,2904.0,107553.66,89.13,0.083,992.23,23.21,24967.13,24492.35,474.78,1133.87,23.46
5202502,Aruanã,GO,-14.9166,-51.075,8570.0,305471.23,873.68,0.286,1109.63,35.59,108708.8,91029.5,17679.3,7343.66,36.46
5202601,Aurilândia,GO,-16.6773,-50.4641,3237.0,56552.34,103.56,0.183,906.05,15.52,8776.17,8515.65,260.52,41.86,15.53
5202809,Avelinópolis,GO,-16.4672,-49.7579,2993.0,17022.32,101.36,0.595,895.23,13.69,2329.63,2314.1,15.53,63.67,13.74
5203104,Baliza,GO,-16.1966,-52.5393,3306.0,178014.78,74.42,0.042,1068.39,50.7,90255.96,78607.9,11648.06,586.57,50.87
5203203,Barro Alto,GO,-14.9658,-48.9086,10853.0,108024.89,431.54,0.399,999.82,46.02,49708.0,48492.9,1215.09,593.45,46.27
5203302,Bela Vista de Goiás,GO,-16.9693,-48.9513,37305.0,127403.26,1298.75,1.019,808.74,21.35,27202.26,27066.81,135.44,320.77,21.41
5203401,Bom Jardim de Goiás,GO,-16.2063,-52.1728,7775.0,190118.94,321.92,0.169,1044.83,34.46,65506.34,63916.76,1589.59,404.55,34.53
5203500,Bom Jesus de Goiás,GO,-18.2173,-49.74,24925.0,140557.0,638.23,0.454,719.43,10.63,14937.79,11240.8,3696.99,1247.32,10.72
5203559,Bonfinópolis,GO,-16.6173,-48.9616,11025.0,12191.26,370.22,3.037,842.23,26.03,3173.43,3168.2,5.23,27.36,26.09
5203575,Bonópolis,GO,-13.6329,-49.8106,3289.0,163530.85,114.78,0.07,1161.62,27.02,44186.91,43551.46,635.46,1704.61,27.31
5203609,Brazabrantes,GO,-16.4281,-49.3863,4201.0,12530.35,166.11,1.326,884.26,15.6,1954.78,1942.93,11.85,54.95,15.67
5203807,Britânia,GO,-15.2428,-51.1602,5798.0,145848.07,331.93,0.228,1081.31,25.71,37498.04,34753.98,2744.06,3221.55,26.29
5203906,Buriti Alegre,GO,-18.1378,-49.0404,10930.0,90192.61,430.4,0.477,695.23,20.93,18880.76,18824.35,56.41,7008.76,22.7
5203939,Buriti de Goiás,GO,-16.1792,-50.4302,2800.0,20254.88,119.12,0.588,953.75,18.34,3714.83,3703.99,10.83,5.76,18.35
5203962,Buritinópolis,GO,-14.4772,-46.4076,3140.0,24608.12,117.92,0.479,791.29,35.26,8677.78,8657.15,20.63,118.83,35.43
5204003,Cabeceiras,GO,-15.7995,-46.9265,7689.0,112642.43,356.54,0.317,820.61,33.42,37642.65,32557.35,5085.3,870.99,33.68
5204102,Cachoeira Alta,GO,-18.7618,-50.9432,11854.0,165720.91,322.05,0.194,737.94,18.07,29949.24,26137.06,3812.18,2499.98,18.35
5204201,Cachoeira de Goiás,GO,-16.6635,-50.646,1417.0,42447.7,93.79,0.221,916.47,27.89,11840.22,11374.96,465.26,12.09,27.9
5204250,Cachoeira Dourada,GO,-18.4859,-49.4766,7762.0,52830.89,409.28,0.775,680.1,11.46,6056.16,4876.6,1179.56,2038.98,11.92
5204300,Caçu,GO,-18.5594,-51.1328,14034.0,225436.8,423.19,0.188,767.68,14.84,33458.98,29999.87,3459.12,8586.21,15.43
5204409,Caiapônia,GO,-16.9539,-51.8091,16628.0,862793.02,640.22,0.074,954.77,34.9,301136.53,248731.19,52405.34,727.23,34.93
5204508,Caldas Novas,GO,-17.7441,-48.6246,106820.0,160852.39,5240.69,3.258,718.16,33.04,53148.23,52893.52,254.71,3956.35,33.87
5204557,Caldazinha,GO,-16.7117,-49.0013,4819.0,25171.0,132.17,0.525,835.62,26.28,6615.24,6613.86,1.37,39.68,26.32
5204607,Campestre de Goiás,GO,-16.7624,-49.695,3879.0,27273.25,82.52,0.303,862.52,27.37,7465.06,7371.92,93.14,68.28,27.44
5204656,Campinaçu,GO,-13.787,-48.5704,3760.0,197836.07,151.62,0.077,1026.89,59.47,117654.73,117307.54,347.2,24242.69,67.78
5204706,Campinorte,GO,-14.3137,-49.1511,12983.0,106451.21,584.05,0.549,1076.17,39.58,42131.36,41243.52,887.84,212.71,39.66
5204805,Campo Alegre de Goiás,GO,-17.6363,-47.7768,7807.0,245015.77,407.23,0.166,681.56,34.07,83482.62,76566.89,6915.74,4485.69,34.71
5204854,Campo Limpo de Goiás,GO,-16.2971,-49.0895,8579.0,15610.86,242.57,1.554,879.59,18.31,2858.1,2843.07,15.03,59.44,18.38
5204904,Campos Belos,GO,-13.035,-46.7681,18227.0,73507.79,739.32,1.006,835.72,54.02,39711.43,36510.29,3201.14,84.9,54.09
5204953,Campos Verdes,GO,-14.2442,-49.6528,3822.0,44313.63,196.14,0.443,1107.27,17.71,7848.58,7809.47,39.11,107.82,17.75
5205000,Carmo do Rio Verde,GO,-15.3549,-49.708,9988.0,41983.29,336.85,0.802,1003.09,14.05,5899.16,5862.41,36.75,178.89,14.11
5205059,Castelândia,GO,-18.0921,-50.203,2871.0,29919.45,132.14,0.442,755.76,9.94,2975.01,2324.77,650.25,152.8,9.99
5205109,Catalão,GO,-18.1656,-47.944,122760.0,382631.51,3762.47,0.983,639.62,27.47,105096.85,93909.93,11186.93,17704.81,28.8
5205208,Caturaí,GO,-16.4447,-49.4936,5352.0,20503.18,155.27,0.757,887.04,14.12,2894.78,2889.46,5.32,79.73,14.17
5205307,Cavalcante,GO,-13.7976,-47.4566,9730.0,694875.58,282.5,0.041,906.48,85.54,594402.81,551587.01,42815.79,7282.81,86.45
5205406,Ceres,GO,-15.3061,-49.6,22570.0,21308.7,747.93,3.51,1001.79,8.94,1905.26,1900.86,4.4,144.15,9.0
5205455,Cezarina,GO,-16.9718,-49.7758,8301.0,41705.11,278.7,0.668,844.75,20.7,8634.07,8400.85,233.22,230.62,20.82
5205471,Chapadão do Céu,GO,-18.4073,-52.549,14321.0,218395.46,801.42,0.367,867.64,24.63,53792.0,27926.07,25865.93,82.52,24.64
5205497,Cidade Ocidental,GO,-16.0765,-47.9252,101570.0,38990.05,2598.13,6.664,844.02,42.66,16632.87,15483.36,1149.52,85.98,42.75
5205513,Cocalzinho de Goiás,GO,-15.7914,-48.7747,27196.0,178533.16,973.76,0.545,911.8,49.93,89148.55,88208.18,940.37,349.44,50.03
5205521,Colinas do Sul,GO,-14.1528,-48.076,4188.0,170752.04,142.3,0.083,973.02,80.85,138053.05,137720.12,332.93,6895.46,84.25
5205703,Córrego do Ouro,GO,-16.2918,-50.5503,2441.0,45806.79,64.59,0.141,948.23,21.92,10042.1,10038.32,3.78,117.76,21.98
5205802,Corumbá de Goiás,GO,-15.9245,-48.8117,10724.0,106484.24,290.34,0.273,900.65,33.47,35636.86,35048.87,587.98,180.51,33.52
5205901,Corumbaíba,GO,-18.1415,-48.5626,9484.0,186428.13,260.7,0.14,676.64,24.21,45132.93,44785.8,347.12,16791.93,26.61
5206206,Cristalina,GO,-16.7676,-47.6131,66827.0,615401.78,3287.55,0.534,760.59,30.17,185696.78,142287.92,43408.86,12935.27,30.82
5206305,Cristianópolis,GO,-17.1987,-48.7034,3670.0,22163.98,171.94,0.776,773.11,27.6,6118.01,6055.42,62.58,47.62,27.66
5206404,Crixás,GO,-14.5412,-49.974,17532.0,467298.26,459.17,0.098,1095.17,34.42,160858.36,160505.64,352.72,803.54,34.48
5206503,Cromínia,GO,-17.2883,-49.3798,3999.0,36494.85,124.09,0.34,795.85,22.16,8086.88,7771.25,315.63,44.53,22.19
5206602,Cumari,GO,-18.2644,-48.1511,2951.0,56835.44,96.23,0.169,642.34,20.9,11875.93,11874.65,1.27,1336.17,21.4
5206701,Damianópolis,GO,-14.5604,-46.178,3917.0,41762.78,184.98,0.443,766.21,49.04,20479.8,19424.28,1055.52,22.0,49.06
5206800,Damolândia,GO,-16.2544,-49.3631,2753.0,8605.81,95.36,1.108,899.04,17.29,1487.6,1487.6,0.0,7.65,17.3
5206909,Davinópolis,GO,-18.1501,-47.5568,1889.0,48286.2,73.07,0.151,620.45,37.47,18092.33,17588.86,503.48,675.02,38.0
5207105,Diorama,GO,-16.2329,-51.2543,1991.0,68538.74,92.8,0.135,989.8,19.32,13243.44,13213.63,29.81,199.15,19.38
5207253,Doverlândia,GO,-16.7188,-52.3189,6823.0,322755.46,198.0,0.061,1007.03,31.52,101719.51,86203.72,15515.79,956.2,31.61
5207352,Edealina,GO,-17.4239,-49.6644,4104.0,59819.1,133.48,0.223,794.32,14.27,8538.46,7677.61,860.85,342.16,14.36
5207402,Edéia,GO,-17.3406,-49.9295,11982.0,146906.79,349.86,0.238,814.83,15.08,22160.05,15993.79,6166.25,704.19,15.16
5207501,Estrela do Norte,GO,-13.8665,-49.0716,3214.0,30112.6,170.94,0.568,1080.81,28.42,8556.91,8544.31,12.6,119.02,28.53
5207535,Faina,GO,-15.4473,-50.3622,7167.0,194971.36,172.07,0.088,1024.41,30.55,59554.54,59334.34,220.2,222.83,30.58
5207600,Fazenda Nova,GO,-16.1834,-50.7781,5842.0,127908.49,219.16,0.171,970.01,24.55,31400.15,31233.67,166.48,557.85,24.66
5207808,Firminópolis,GO,-16.5778,-50.304,10274.0,42235.12,357.5,0.846,908.18,9.05,3822.92,3786.75,36.17,103.99,9.07
5207907,Flores de Goiás,GO,-14.4451,-47.0417,14273.0,369514.83,156.33,0.042,859.75,33.09,122275.37,114906.91,7368.46,1483.35,33.22
5208004,Formosa,GO,-15.54,-47.337,121559.0,580428.66,3861.65,0.665,871.98,61.73,358279.54,327263.62,31015.92,2526.8,62.0
5208103,Formoso,GO,-13.6499,-48.8775,4662.0,84344.42,216.04,0.256,1060.68,44.56,37582.34,37568.51,13.83,85.1,44.6
5208152,Gameleira de Goiás,GO,-16.4854,-48.6454,3563.0,58833.26,122.13,0.208,837.69,24.14,14204.21,14096.98,107.23,66.88,24.17
5208301,Divinópolis de Goiás,GO,-13.2853,-46.3999,4405.0,82885.51,167.08,0.202,794.4,40.43,33509.84,33284.04,225.81,60.94,40.46
5208400,Goianápolis,GO,-16.5098,-49.0234,14758.0,16664.17,579.77,3.479,855.82,28.44,4739.03,4731.31,7.72,442.36,29.21
5208509,Goiandira,GO,-18.1352,-48.0875,4962.0,56991.69,151.33,0.266,650.58,26.87,15316.02,15296.71,19.31,683.21,27.2
5208608,Goianésia,GO,-15.3118,-49.1162,78009.0,154732.02,2729.43,1.764,975.83,25.3,39143.76,38900.44,243.32,503.19,25.38
5208707,Goiânia,GO,-16.6864,-49.2643,1503256.0,72931.16,31713.05,43.484,853.24,15.72,11463.39,11123.49,339.9,803.14,15.89
5208806,Goianira,GO,-16.4947,-49.427,81495.0,21379.99,2857.38,13.365,879.34,14.7,3143.66,3062.91,80.75,97.3,14.77
5208905,Goiás,GO,-15.9333,-50.14,24172.0,310841.24,733.77,0.236,965.6,30.75,95572.13,95395.68,176.45,517.51,30.8
5209101,Goiatuba,GO,-18.0105,-49.3658,36984.0,247960.58,1292.96,0.521,722.1,13.51,33496.38,28067.92,5428.46,1037.38,13.57
5209150,Gouvelândia,GO,-18.6238,-50.0805,4313.0,82738.43,160.5,0.194,698.93,7.98,6606.66,4282.87,2323.8,9064.02,8.97
5209200,Guapó,GO,-16.8297,-49.5345,20985.0,51417.83,660.67,1.285,849.05,16.89,8682.74,8509.38,173.36,194.67,16.95
5209291,Guaraíta,GO,-15.6121,-50.0265,2170.0,20552.18,46.71,0.227,993.68,24.41,5017.41,5016.11,1.29,30.59,24.45
5209408,Guarani de Goiás,GO,-13.9421,-46.4868,4091.0,122101.55,80.23,0.066,801.35,45.99,56159.28,51008.12,5151.16,36.65,46.01
5209457,Guarinos,GO,-14.7292,-49.7006,2154.0,59318.93,54.35,0.092,1062.53,28.1,16668.72,16631.59,37.12,100.01,28.15
5209606,Heitoraí,GO,-15.719,-49.8268,3342.0,22860.96,135.32,0.592,974.8,21.54,4924.69,4890.31,34.37,63.05,21.6
5209705,Hidrolândia,GO,-16.9626,-49.2265,30587.0,95211.49,1807.8,1.899,823.34,24.05,22896.37,22413.66,482.71,278.85,24.12
5209804,Hidrolina,GO,-14.7261,-49.4634,3477.0,58379.33,114.49,0.196,1050.59,29.13,17004.76,16921.0,83.75,222.24,29.24
5209903,Iaciara,GO,-14.1011,-46.6335,10289.0,154717.77,427.55,0.276,817.21,19.33,29901.57,29721.94,179.63,600.74,19.4
5209937,Inaciolândia,GO,-18.4869,-49.9888,6076.0,68920.31,204.52,0.297,706.65,8.54,5887.13,4079.39,1807.75,5409.75,9.27
5209952,Indiara,GO,-17.1387,-49.9862,17985.0,95542.71,522.38,0.547,837.54,15.89,15184.44,13554.81,1629.62,481.77,15.97
5210000,Inhumas,GO,-16.3611,-49.5001,53884.0,61489.27,1642.92,2.672,895.93,15.89,9770.96,9736.27,34.69,208.7,15.94
5210109,Ipameri,GO,-17.7215,-48.1581,26223.0,438281.39,1013.75,0.231,693.38,35.25,154482.51,150434.51,4048.0,3027.34,35.49
5210158,Ipiranga de Goiás,GO,-15.1689,-49.6695,2968.0,24417.53,102.08,0.418,1018.66,10.5,2562.68,2559.66,3.02,44.31,10.51
5210208,Iporá,GO,-16.4398,-51.118,37283.0,102726.15,1688.36,1.644,962.69,16.64,17092.37,16991.08,101.29,242.18,16.68
5210307,Israelândia,GO,-16.3144,-50.9087,2515.0,57917.95,105.55,0.182,963.81,24.58,14234.82,14201.06,33.76,273.72,24.69
5210406,Itaberaí,GO,-16.0206,-49.806,47603.0,146194.65,1304.35,0.892,942.93,16.41,23988.09,23871.98,116.11,770.8,16.5
5210562,Itaguari,GO,-15.918,-49.6071,5120.0,14265.54,215.05,1.507,944.47,13.69,1953.58,1949.27,4.3,57.65,13.75
5210604,Itaguaru,GO,-15.7565,-49.6354,4837.0,24101.05,147.52,0.612,961.18,11.52,2777.42,2775.52,1.9,38.24,11.54
5210802,Itajá,GO,-19.0673,-51.5495,4276.0,208277.79,144.77,0.07,748.33,19.25,40094.92,36194.49,3900.43,7315.64,19.95
5210901,Itapaci,GO,-14.9522,-49.5511,21891.0,95301.94,708.67,0.744,1033.15,26.75,25497.74,25415.44,82.3,307.35,26.84
5211008,Itapirapuã,GO,-15.8205,-50.6094,8133.0,204792.22,344.58,0.168,997.83,15.72,32196.97,30840.44,1356.53,882.88,15.79
5211206,Itapuranga,GO,-15.5606,-49.949,26553.0,128138.82,707.69,0.552,995.89,25.05,32093.49,31976.16,117.33,302.05,25.11
5211305,Itarumã,GO,-18.7646,-51.3485,6124.0,343733.57,161.9,0.047,762.07,16.87,57993.56,50840.58,7152.98,8304.78,17.29
5211404,Itauçu,GO,-16.2029,-49.6109,7636.0,38306.1,212.53,0.555,916.52,19.85,7603.2,7603.2,0.0,89.98,19.9
5211503,Itumbiara,GO,-18.4093,-49.2158,113322.0,244700.42,3789.67,1.549,675.4,12.76,31231.06,27761.97,3469.09,10759.89,13.35
5211602,Ivolândia,GO,-16.5995,-50.7921,2731.0,126085.07,86.45,0.069,930.16,25.96,32727.78,32161.94,565.85,509.93,26.06
5211701,Jandaia,GO,-17.0481,-50.1453,6365.0,86306.63,235.52,0.273,854.05,16.92,14602.96,13348.11,1254.85,280.98,16.98
5211800,Jaraguá,GO,-15.7529,-49.3344,46633.0,184897.3,1381.94,0.747,944.73,27.75,51310.84,51113.7,197.14,626.98,27.85
5211909,Jataí,GO,-17.8784,-51.7204,111634.0,717880.28,3743.13,0.521,864.92,19.94,143148.52,120232.76,22915.76,1495.66,19.98
5212006,Jaupaci,GO,-16.1773,-50.9508,2939.0,52879.41,125.56,0.237,979.28,25.26,13355.49,13326.61,28.88,267.03,25.38
5212055,Jesúpolis,GO,-15.9484,-49.3739,2112.0,11521.91,112.71,0.978,928.37,17.27,1989.3,1989.3,0.0,21.08,17.3
5212105,Joviânia,GO,-17.802,-49.6197,7247.0,44624.76,273.73,0.613,754.49,13.13,5857.78,5549.72,308.06,166.19,13.18
5212204,Jussara,GO,-15.8659,-50.8668,19926.0,409234.87,680.09,0.166,1005.58,25.86,105828.31,101275.12,4553.19,5584.26,26.22
5212253,Lagoa Santa,GO,-19.1832,-51.3998,1435.0,46329.62,96.73,0.209,728.48,15.84,7339.78,6060.15,1279.64,189.01,15.91
5212303,Leopoldo de Bulhões,GO,-16.619,-48.7428,9123.0,47612.2,337.91,0.71,830.04,25.81,12288.99,12242.85,46.14,87.07,25.86
5212501,Luziânia,GO,-16.253,-47.95,221262.0,396214.26,9368.03,2.364,827.23,37.39,148144.54,142320.3,5824.23,13235.1,38.68
5212600,Mairipotaba,GO,-17.2975,-49.4898,2631.0,46801.74,68.02,0.145,799.49,27.35,12800.88,11692.3,1108.58,117.4,27.42
5212709,Mambaí,GO,-14.4823,-46.1165,8493.0,85825.77,297.04,0.346,759.91,86.01,73818.25,58261.74,15556.51,504.94,86.52
5212808,Mara Rosa,GO,-14.0148,-49.1777,10806.0,169546.51,418.82,0.247,1092.0,23.9,40529.53,40353.27,176.26,395.51,23.96
5212907,Marzagão,GO,-17.983,-48.6415,2942.0,22551.44,92.97,0.412,695.96,24.84,5602.6,5575.69,26.9,521.91,25.43
5212956,Matrinchã,GO,-15.4342,-50.7456,4004.0,115048.4,135.24,0.118,1042.71,24.31,27968.95,27179.21,789.74,876.11,24.5
5213004,Maurilândia,GO,-17.9719,-50.3388,10145.0,38994.7,301.48,0.773,774.59,9.7,3784.19,2263.47,1520.72,305.51,9.78
5213053,Mimoso de Goiás,GO,-15.0515,-48.1611,2626.0,138070.42,54.95,0.04,958.4,57.73,79704.09,79473.59,230.5,579.11,57.97
5213087,Minaçu,GO,-13.5304,-48.2206,26616.0,285419.39,928.84,0.325,990.39,64.41,183848.25,183414.25,434.01,9676.26,66.67
5213103,Mineiros,GO,-17.5654,-52.5537,74999.0,904291.54,2762.51,0.305,944.69,42.58,385009.56,243657.05,141352.52,497.63,42.6
5213400,Moiporá,GO,-16.5434,-50.739,1687.0,45233.29,57.14,0.126,932.88,22.63,10238.3,10226.28,12.02,128.39,22.7
5213509,Monte Alegre de Goiás,GO,-13.2552,-46.8928,6534.0,311990.54,191.99,0.062,847.9,61.59,192153.91,190497.52,1656.39,1081.9,61.8
5213707,Montes Claros de Goiás,GO,-16.0059,-51.3979,9024.0,290038.95,455.03,0.157,1019.24,21.81,63266.13,60191.91,3074.22,3365.75,22.07
5213756,Montividiu,GO,-17.4439,-51.1728,13094.0,186962.77,532.56,0.285,871.62,14.57,27239.43,20562.64,6676.79,169.6,14.58
5213772,Montividiu do Norte,GO,-13.3485,-48.6853,3743.0,133721.11,92.81,0.069,1041.66,41.2,55091.1,54669.46,421.64,486.07,41.35
5213806,Morrinhos,GO,-17.7334,-49.1059,54326.0,284627.02,1763.47,0.62,739.23,20.06,57109.4,56631.71,477.7,1230.43,20.15
5213855,Morro Agudo de Goiás,GO,-15.3184,-50.0553,2505.0,28235.18,77.15,0.273,1025.01,21.68,6121.58,6104.49,17.09,22.35,21.7
5213905,Mossâmedes,GO,-16.124,-50.2136,4626.0,68488.46,132.57,0.194,949.49,17.9,12259.09,12033.29,225.8,135.21,17.93
5214002,Mozarlândia,GO,-14.7457,-50.5713,15199.0,173851.33,484.72,0.279,1104.63,23.33,40565.45,39791.15,774.3,1008.59,23.47
5214051,Mundo Novo,GO,-13.7729,-50.2814,6202.0,214153.76,178.91,0.084,1185.48,25.51,54634.13,52333.78,2300.34,2277.13,25.79
5214101,Mutunópolis,GO,-13.7303,-49.2745,3540.0,95512.11,135.93,0.142,1103.21,22.19,21195.48,21149.23,46.25,262.99,22.25
5214408,Nazário,GO,-16.5808,-49.8817,8349.0,28114.45,301.15,1.071,888.88,16.82,4728.86,4619.6,109.26,113.23,16.89
5214507,Nerópolis,GO,-16.4047,-49.2227,34273.0,20470.69,858.39,4.193,876.96,23.94,4900.14,4879.97,20.17,389.42,24.4
5214606,Niquelândia,GO,-14.4662,-48.4599,33890.0,984628.28,1459.8,0.148,1012.39,62.11,611579.94,598249.71,13330.22,80694.07,67.66
5214705,Nova América,GO,-15.0206,-49.8953,2380.0,20943.96,68.36,0.326,1045.16,20.49,4292.35,4279.38,12.96,13.05,20.51
5214804,Nova Aurora,GO,-18.0597,-48.2552,2132.0,30733.33,61.44,0.2,667.29,20.72,6367.38,6361.76,5.61,692.95,21.2
5214838,Nova Crixás,GO,-14.0957,-50.33,13153.0,730870.58,553.01,0.076,1157.08,26.71,195231.38,178324.21,16907.17,8051.74,27.01
5214861,Nova Glória,GO,-15.145,-49.5737,8356.0,41178.73,463.24,1.125,1015.78,11.28,4645.45,4593.08,52.36,518.35,11.42
5214879,Nova Iguaçu de Goiás,GO,-14.2868,-49.3872,3084.0,62564.11,105.43,0.169,1090.01,20.37,12741.18,12691.61,49.58,80.46,20.39
5214903,Nova Roma,GO,-13.7388,-46.8734,3022.0,213673.02,87.16,0.041,843.66,68.43,146226.53,142838.28,3388.25,991.57,68.75
5215009,Nova Veneza,GO,-16.3695,-49.3168,9883.0,12236.69,292.11,2.387,885.65,19.14,2342.4,2340.42,1.97,35.38,19.2
5215207,Novo Brasil,GO,-16.0313,-50.7113,3567.0,64934.34,129.09,0.199,981.72,16.26,10557.66,10555.94,1.72,35.69,16.27
5215231,Novo Gama,GO,-16.0592,-48.0417,107663.0,19223.66,2950.94,15.351,850.81,43.55,8371.43,6964.74,1406.7,42.46,43.64
5215256,Novo Planalto,GO,-13.2424,-49.506,3703.0,125450.43,170.24,0.136,1130.94,26.56,33317.03,32943.45,373.58,582.07,26.68
5215306,Orizona,GO,-17.0334,-48.2964,17035.0,197128.18,493.51,0.25,766.6,27.44,54098.0,53846.95,251.05,952.62,27.58
5215405,Ouro Verde de Goiás,GO,-16.2181,-49.1942,4109.0,20881.79,106.46,0.51,892.88,17.62,3680.18,3677.94,2.23,46.91,17.66
5215504,Ouvidor,GO,-18.2277,-47.8355,7665.0,41131.43,363.0,0.883,627.75,28.04,11533.67,10500.11,1033.56,1042.75,28.77
5215603,Padre Bernardo,GO,-15.1605,-48.2833,37207.0,314251.03,2444.86,0.778,952.31,52.73,165700.84,164313.43,1387.41,1099.03,52.91
5215652,Palestina de Goiás,GO,-16.7392,-51.5309,3113.0,131802.24,104.73,0.079,957.66,23.97,31592.86,29855.25,1737.61,738.73,24.11
5215702,Palmeiras de Goiás,GO,-16.8044,-49.924,34375.0,153719.42,1074.05,0.699,868.15,14.89,22888.13,22172.72,715.41,663.83,14.95
5215801,Palmelo,GO,-17.3258,-48.426,2266.0,5981.0,86.47,1.446,745.58,21.78,1302.82,1302.82,0.0,4.7,21.8
5215900,Palminópolis,GO,-16.7924,-50.1652,3959.0,39331.89,130.84,0.333,880.34,9.1,3580.41,3388.79,191.63,236.14,9.16
5216007,Panamá,GO,-18.1783,-49.355,2432.0,43219.18,113.45,0.262,704.8,16.77,7246.66,6787.9,458.76,179.8,16.84
5216304,Paranaiguara,GO,-18.9141,-50.6539,7356.0,115344.16,231.55,0.201,707.22,11.97,13802.39,13469.82,332.56,8855.22,12.96
5216403,Paraúna,GO,-16.9463,-50.4484,10727.0,378661.52,509.77,0.135,878.93,21.62,81852.62,63786.79,18065.83,1225.51,21.69
5216452,Perolândia,GO,-17.5258,-52.065,2999.0,103372.89,120.43,0.117,917.78,18.54,19160.32,15547.03,3613.3,70.69,18.55
5216809,Petrolina de Goiás,GO,-16.0968,-49.3364,9519.0,53050.4,270.74,0.51,912.29,19.82,10516.6,10512.05,4.56,136.61,19.87
5216908,Pilar de Goiás,GO,-14.7608,-49.5784,2254.0,90606.85,75.03,0.083,1053.1,23.99,21739.12,21731.76,7.36,172.11,24.04
5217104,Piracanjuba,GO,-17.302,-49.017,25373.0,237423.46,746.53,0.314,780.36,19.55,46412.58,46103.18,309.4,964.79,19.63
5217203,Piranhas,GO,-16.4258,-51.8235,11940.0,204506.83,342.74,0.168,1003.81,25.3,51747.25,50452.63,1294.62,391.81,25.35
5217302,Pirenópolis,GO,-15.8507,-48.9584,28028.0,220035.7,912.01,0.414,915.34,50.53,111175.21,110800.46,374.75,227.44,50.58
5217401,Pires do Rio,GO,-17.3019,-48.2768,33736.0,107759.81,997.74,0.926,739.75,30.68,33065.23,33027.94,37.29,711.67,30.89
5217609,Planaltina,GO,-15.452,-47.6089,112304.0,255885.05,4811.72,1.88,894.98,68.75,175913.74,171974.06,3939.68,860.73,68.98
5217708,Pontalina,GO,-17.5225,-49.4489,18763.0,143431.1,600.49,0.419,774.93,17.89,25662.87,24665.87,997.0,664.94,17.98
5218003,Porangatu,GO,-13.4391,-49.1503,45512.0,482524.16,1843.27,0.382,1091.49,27.4,132219.9,130972.31,1247.58,1757.87,27.5
5218052,Porteirão,GO,-17.8143,-50.1653,4276.0,60628.81,175.55,0.29,780.29,13.75,8336.06,5119.11,3216.95,647.95,13.9
5218102,Portelândia,GO,-17.3554,-52.6799,3191.0,55341.98,207.67,0.375,971.32,28.32,15670.77,13541.56,2129.21,24.94,28.33
5218300,Posse,GO,-14.0859,-46.3704,36291.0,207700.82,1518.96,0.731,788.78,39.71,82471.49,75871.55,6599.93,583.25,39.82
5218391,Professor Jamil,GO,-17.2497,-49.244,3750.0,35628.83,156.52,0.439,794.38,25.58,9112.55,8913.93,198.62,110.57,25.66
5218508,Quirinópolis,GO,-18.4472,-50.4547,50329.0,378603.68,1813.89,0.479,737.02,13.84,52404.51,46243.74,6160.76,7701.59,14.13
5218607,Rialma,GO,-15.3145,-49.5814,12665.0,26830.82,408.04,1.521,999.97,16.1,4320.19,4267.55,52.63,372.63,16.33
5218706,Rianápolis,GO,-15.4456,-49.5114,3893.0,15737.97,155.59,0.989,983.66,23.56,3708.61,3655.66,52.95,126.59,23.76
5218789,Rio Quente,GO,-17.774,-48.7725,4033.0,24466.57,206.0,0.842,722.4,38.94,9526.37,9516.4,9.97,67.66,39.04
5218805,Rio Verde,GO,-17.7923,-50.9192,241494.0,837420.79,5900.14,0.705,824.6,18.44,154430.79,124332.33,30098.46,1769.94,18.48
5218904,Rubiataba,GO,-15.1617,-49.8048,20186.0,75063.52,690.03,0.919,1026.77,18.08,13573.21,13558.79,14.42,97.41,18.11
5219001,Sanclerlândia,GO,-16.197,-50.3124,8085.0,50941.72,289.76,0.569,946.57,11.89,6058.63,6054.51,4.12,68.62,11.91
5219100,Santa Bárbara de Goiás,GO,-16.5714,-49.6954,6306.0,14095.08,223.7,1.587,882.02,17.88,2520.88,2443.59,77.28,131.58,18.05
5219209,Santa Cruz de Goiás,GO,-17.3155,-48.4809,3004.0,110902.19,57.51,0.052,749.59,34.82,38611.31,38493.01,118.3,336.55,34.92
5219258,Santa Fé de Goiás,GO,-15.7664,-51.1037,5047.0,116415.81,145.45,0.125,1027.09,19.55,22762.2,21704.28,1057.91,815.35,19.69
5219308,Santa Helena de Goiás,GO,-17.8115,-50.5977,39601.0,114237.58,1275.12,1.116,804.15,8.81,10062.66,7286.41,2776.25,1211.04,8.9
5219357,Santa Isabel,GO,-15.2958,-49.4259,3543.0,81271.83,147.14,0.181,993.41,17.81,14470.49,14421.8,48.69,618.44,17.94
5219407,Santa Rita do Araguaia,GO,-17.3269,-53.2012,5765.0,135718.64,268.29,0.198,1005.33,34.72,47127.34,40083.98,7043.36,345.53,34.81
5219456,Santa Rita do Novo Destino,GO,-15.1351,-49.1203,2611.0,97040.34,101.2,0.104,993.34,37.77,36652.0,36436.1,215.9,2934.35,38.95
5219506,Santa Rosa de Goiás,GO,-16.084,-49.4953,2828.0,16644.01,95.44,0.573,922.55,16.79,2795.3,2786.96,8.34,65.36,16.86
5219605,Santa Tereza de Goiás,GO,-13.7138,-49.0144,3172.0,78956.16,210.6,0.267,1075.17,30.48,24066.22,23681.33,384.89,317.8,30.6
5219704,Santa Terezinha de Goiás,GO,-14.4326,-49.7091,10837.0,120658.39,359.99,0.298,1091.73,18.71,22580.49,22482.45,98.04,594.01,18.81
5219712,Santo Antônio da Barra,GO,-17.5585,-50.6345,4279.0,45031.22,187.9,0.417,829.98,17.17,7733.06,5318.78,2414.28,197.59,17.25
5219738,Santo Antônio de Goiás,GO,-16.4815,-49.3096,8066.0,13501.96,406.5,3.011,874.83,20.28,2737.69,2712.64,25.06,107.62,20.44
5219753,Santo Antônio do Descoberto,GO,-15.9412,-48.2578,75221.0,94407.76,2050.48,2.172,872.32,51.84,48944.66,44928.87,4015.79,4959.95,54.72
5219803,São Domingos,GO,-13.621,-46.7415,9457.0,333611.71,344.83,0.103,830.0,47.22,157524.26,139141.51,18382.75,852.66,47.34
5219902,São Francisco de Goiás,GO,-15.9256,-49.2605,6507.0,41651.82,275.11,0.66,924.25,22.26,9271.89,9266.73,5.17,99.21,22.31
5220009,São João d'Aliança,GO,-14.7048,-47.5228,15026.0,333443.6,442.77,0.133,910.68,62.09,207040.34,194100.19,12940.15,3216.02,62.7
5220058,São João da Paraúna,GO,-16.8126,-50.4092,1812.0,28697.13,85.76,0.299,890.06,6.78,1944.33,1824.59,119.74,119.41,6.8
5220108,São Luís de Montes Belos,GO,-16.5211,-50.3726,35288.0,82964.23,1080.08,1.302,917.05,9.99,8287.33,8277.8,9.53,170.95,10.01
5220157,São Luiz do Norte,GO,-14.8608,-49.3285,4939.0,58380.1,249.85,0.428,1030.62,24.66,14398.31,14279.95,118.37,698.11,24.96
5220207,São Miguel do Araguaia,GO,-13.2731,-50.1634,22040.0,615020.29,965.29,0.157,1173.52,32.27,198437.51,154651.83,43785.68,6393.46,32.6
5220264,São Miguel do Passa Quatro,GO,-17.0582,-48.662,4671.0,53733.46,129.46,0.241,783.94,28.91,15536.16,15508.33,27.82,99.63,28.97
5220280,São Patrício,GO,-15.35,-49.818,2200.0,17276.72,50.82,0.294,1009.72,12.1,2091.21,2077.41,13.81,22.09,12.12
5220405,São Simão,GO,-18.996,-50.547,17181.0,41501.98,911.69,2.197,693.57,9.14,3791.58,3789.37,2.2,3787.95,10.05
5220454,Senador Canedo,GO,-16.7084,-49.0914,175042.0,24699.44,5121.46,20.735,841.09,23.26,5745.76,5701.03,44.74,99.0,23.36
5220504,Serranópolis,GO,-18.3067,-51.9586,8237.0,552176.73,246.54,0.045,841.22,32.98,182117.09,158560.82,23556.27,1711.07,33.08
5220603,Silvânia,GO,-16.66,-48.6083,23150.0,234998.81,885.95,0.377,818.92,26.97,63370.1,62188.35,1181.75,2575.12,27.26
5220686,Simolândia,GO,-14.4644,-46.4847,5634.0,34681.1,191.63,0.553,799.66,23.68,8212.96,7829.71,383.25,152.13,23.79
5220702,Sítio d'Abadia,GO,-14.7992,-46.2506,2978.0,161184.97,94.13,0.058,773.63,55.55,89531.27,71833.74,17697.53,77.8,55.57
5221007,Taquaral de Goiás,GO,-16.0521,-49.6039,4180.0,20567.12,127.88,0.622,931.84,21.66,4453.84,4451.94,1.89,46.35,21.7
5221080,Teresina de Goiás,GO,-13.7801,-47.2659,2660.0,78478.38,180.65,0.23,885.93,86.55,67921.21,64056.69,3864.52,158.43,86.72
5221197,Terezópolis de Goiás,GO,-16.3945,-49.0797,8340.0,10741.91,306.55,2.854,869.84,21.14,2270.53,2228.56,41.97,114.57,21.37
5221304,Três Ranchos,GO,-18.3539,-47.776,2976.0,28404.38,154.2,0.543,612.56,18.95,5383.65,5129.73,253.92,7723.3,26.03
5221403,Trindade,GO,-16.6517,-49.4927,153560.0,71268.91,4323.58,6.067,865.66,16.06,11449.08,11151.23,297.85,325.62,16.14
5221452,Trombas,GO,-13.5079,-48.7417,3080.0,80288.59,116.82,0.146,1046.85,42.64,34231.89,33917.42,314.47,252.7,42.77
5221502,Turvânia,GO,-16.6125,-50.1369,4449.0,48230.09,144.25,0.299,896.98,11.09,5347.97,5224.81,123.16,146.76,11.12
5221551,Turvelândia,GO,-17.8502,-50.3024,5171.0,93565.37,163.14,0.174,784.15,13.0,12168.08,6583.35,5584.72,1779.31,13.26
5221577,Uirapuru,GO,-14.2835,-49.9201,2798.0,115432.17,116.73,0.101,1117.13,28.74,33178.3,33110.99,67.32,525.19,28.87
5221601,Uruaçu,GO,-14.5238,-49.1396,44533.0,214250.23,2083.41,0.972,1054.68,33.14,70992.5,70358.18,634.32,19321.96,36.42
5221700,Uruana,GO,-15.4993,-49.6861,13857.0,52292.11,421.94,0.807,988.23,15.1,7894.36,7753.44,140.93,386.9,15.21
5221809,Urutaí,GO,-17.4651,-48.2015,3700.0,62382.88,91.01,0.146,720.11,27.94,17430.38,17416.97,13.4,460.7,28.15
5221858,Valparaíso de Goiás,GO,-16.0651,-47.9757,218416.0,6151.8,3541.0,57.56,847.34,30.94,1903.52,1792.6,110.91,0.86,30.95
5221908,Varjão,GO,-17.0471,-49.6312,3770.0,51742.79,78.89,0.152,830.9,29.62,15328.73,14192.17,1136.56,100.01,29.68
5222005,Vianópolis,GO,-16.7405,-48.5159,15644.0,95409.3,665.94,0.698,806.31,22.61,21574.86,21461.02,113.84,203.97,22.66
5222054,Vicentinópolis,GO,-17.7322,-49.8047,9175.0,73381.62,462.62,0.63,770.15,12.31,9033.38,6297.38,2736.01,598.79,12.41
5222203,Vila Boa,GO,-15.0387,-47.052,4145.0,105259.59,187.47,0.178,860.26,46.35,48788.59,45910.01,2878.58,385.83,46.52
5222302,Vila Propício,GO,-15.4542,-48.8819,6028.0,218160.01,258.87,0.119,950.21,42.14,91932.95,90326.17,1606.79,900.23,42.31
5300108,Brasília,DF,-15.7795,-47.9297,2996899.0,576091.06,72030.46,12.503,874.45,47.31,272539.16,249503.34,23035.82,6579.82,47.85
