geocodigo,bioma,frac_bioma_principal,frac_amazonia,frac_caatinga,frac_cerrado,frac_mata_atlantica,frac_pampa,frac_pantanal
1100015,Amazônia,1.0,1.0,0.0,0.0,0.0,0.0,0.0
1100023,Amazônia,1.0,1.0,0.0,0.0,0.0,0.0,0.0
1100031,Amazônia,1.0,1.0,0.0,0.0,0.0,0.0,0.0
1100049,Amazônia,1.0,1.0,0.0,0.0,0.0,0.0,0.0
1100056,Amazônia,1.0,1.0,0.0,0.0,0.0,0.0,0.0
1100064,Amazônia,1.0,1.0,0.0,0.0,0.0,0.0,0.0
1100072,Amazônia,1.0,1.0,0.0,0.0,0.0,0.0,0.0
1100080,Amazônia,1.0,1.0,0.0,0.0,0.0,0.0,0.0
1100098,Amazônia,1.0,1.0,0.0,0.0,0.0,0.0,0.0
1100106,Amazônia,1.0,1.0,0.0,0.0,0.0,0.0,0.0
1100114,Amazônia,1.0,1.0,0.0,0.0,0.0,0.0,0.0
1100122,Amazônia,1.0,1.0,0.0,0.0,0.0,0.0,0.0
1100130,Amazônia,1.0,1.0,0.0,0.0,0.0,0.0,0.0
1100148,Amazônia,1.0,1.0,0.0,0.0,0.0,0.0,0.0
1100155,Amazônia,1.0,1.0,0.0,0.0,0.0,0.0,0.0
1100189,Amazônia,1.0,1.0,0.0,0.0,0.0,0.0,0.0
1100205,Amazônia,1.0,1.0,0.0,0.0,0.0,0.0,0.0
1100254,Amazônia,1.0,1.0,0.0,0.0,0.0,0.0,0.0
1100262,Amazônia,1.0,1.0,0.0,0.0,0.0,0.0,0.0
1100288,Amazônia,1.0,1.0,0.0,0.0,0.0,0.0,0.0
1100296,Amazônia,1.0,1.0,0.0,0.0,0.0,0.0,0.0
1100304,Amazônia,0.775,0.775,0.0,0.225,0.0,0.0,0.0
1100320,Amazônia,1.0,1.0,0.0,0.0,0.0,0.0,0.0
1100338,Amazônia,1.0,1.0,0.0,0.0,0.0,0.0,0.0
1100346,Amazônia,1.0,1.0,0.0,0.0,0.0,0.0,0.0
1100379,Amazônia,1.0,1.0,0.0,0.0,0.0,0.0,0.0
1100403,Amazônia,1.0,1.0,0.0,0.0,0.0,0.0,0.0
1100452,Amazônia,1.0,1.0,0.0,0.0,0.0,0.0,0.0
1100502,Amazônia,1.0,1.0,0.0,0.0,0.0,0.0,0.0
1100601,Amazônia,1.0,1.0,0.0,0.0,0.0,0.0,0.0
1100700,Amazônia,1.0,1.0,0.0,0.0,0.0,0.0,0.0
1100809,Amazônia,1.0,1.0,0.0,0.0,0.0,0.0,0.0
1100908,Amazônia,1.0,1.0,0.0,0.0,0.0,0.0,0.0
1100924,Amazônia,1.0,1.0,0.0,0.0,0.0,0.0,0.0
1100940,Amazônia,1.0,1.0,0.0,0.0,0.0,0.0,0.0
1101005,Amazônia,1.0,1.0,0.0,0.0,0.0,0.0,0.0
1101104,Amazônia,1.0,1.0,0.0,0.0,0.0,0.0,0.0
1101203,Amazônia,1.0,1.0,0.0,0.0,0.0,0.0,0.0
1101302,Amazônia,1.0,1.0,0.0,0.0,0.0,0.0,0.0
1101401,Amazônia,1.0,1.0,0.0,0.0,0.0,0.0,0.0
1101435,Amazônia,1.0,1.0,0.0,0.0,0.0,0.0,0.0
1101450,Amazônia,1.0,1.0,0.0,0.0,0.0,0.0,0.0
1101468,Amazônia,1.0,1.0,0.0,0.0,0.0,0.0,0.0
1101476,Amazônia,1.0,1.0,0.0,0.0,0.0,0.0,0.0
1101484,Amazônia,1.0,1.0,0.0,0.0,0.0,0.0,0.0
1101492,Amazônia,1.0,1.0,0.0,0.0,0.0,0.0,0.0
1101500,Amazônia,1.0,1.0,0.0,0.0,0.0,0.0,0.0
1101559,Amazônia,1.0,1.0,0.0,0.0,0.0,0.0,0.0
1101609,Amazônia,1.0,1.0,0.0,0.0,0.0,0.0,0.0
1101708,Amazônia,1.0,1.0,0.0,0.0,0.0,0.0,0.0
1101757,Amazônia,1.0,1.0,0.0,0.0,0.0,0.0,0.0
1101807,Amazônia,1.0,1.0,0.0,0.0,0.0,0.0,0.0
1200013,Amazônia,1.0,1.0,0.0,0.0,0.0,0.0,0.0
1200054,Amazônia,1.0,1.0,0.0,0.0,0.0,0.0,0.0
1200104,Amazônia,1.0,1.0,0.0,0.0,0.0,0.0,0.0
1200138,Amazônia,1.0,1.0,0.0,0.0,0.0,0.0,0.0
1200179,Amazônia,1.0,1.0,0.0,0.0,0.0,0.0,0.0
1200203,Amazônia,1.0,1.0,0.0,0.0,0.0,0.0,0.0
1200252,Amazônia,1.0,1.0,0.0,0.0,0.0,0.0,0.0
1200302,Amazônia,1.0,1.0,0.0,0.0,0.0,0.0,0.0
1200328,Amazônia,1.0,1.0,0.0,0.0,0.0,0.0,0.0
1200336,Amazônia,1.0,1.0,0.0,0.0,0.0,0.0,0.0
1200344,Amazônia,1.0,1.0,0.0,0.0,0.0,0.0,0.0
1200351,Amazônia,1.0,1.0,0.0,0.0,0.0,0.0,0.0
1200385,Amazônia,1.0,1.0,0.0,0.0,0.0,0.0,0.0
1200393,Amazônia,1.0,1.0,0.0,0.0,0.0,0.0,0.0
1200401,Amazônia,1.0,1.0,0.0,0.0,0.0,0.0,0.0
1200427,Amazônia,1.0,1.0,0.0,0.0,0.0,0.0,0.0
1200435,Amazônia,1.0,1.0,0.0,0.0,0.0,0.0,0.0
1200450,Amazônia,1.0,1.0,0.0,0.0,0.0,0.0,0.0
1200500,Amazônia,1.0,1.0,0.0,0.0,0.0,0.0,0.0
1200609,Amazônia,1.0,1.0,0.0,0.0,0.0,0.0,0.0
1200708,Amazônia,1.0,1.0,0.0,0.0,0.0,0.0,0.0
1200807,Amazônia,1.0,1.0,0.0,0.0,0.0,0.0,0.0
1300029,Amazônia,1.0,1.0,0.0,0.0,0.0,0.0,0.0
1300060,Amazônia,1.0,1.0,0.0,0.0,0.0,0.0,0.0
1300086,Amazônia,1.0,1.0,0.0,0.0,0.0,0.0,0.0
1300102,Amazônia,1.0,1.0,0.0,0.0,0.0,0.0,0.0
1300144,Amazônia,1.0,1.0,0.0,0.0,0.0,0.0,0.0
1300201,Amazônia,1.0,1.0,0.0,0.0,0.0,0.0,0.0
1300300,Amazônia,1.0,1.0,0.0,0.0,0.0,0.0,0.0
1300409,Amazônia,1.0,1.0,0.0,0.0,0.0,0.0,0.0
1300508,Amazônia,1.0,1.0,0.0,0.0,0.0,0.0,0.0
1300607,Amazônia,1.0,1.0,0.0,0.0,0.0,0.0,0.0
1300631,Amazônia,1.0,1.0,0.0,0.0,0.0,0.0,0.0
1300680,Amazônia,1.0,1.0,0.0,0.0,0.0,0.0,0.0
1300706,Amazônia,1.0,1.0,0.0,0.0,0.0,0.0,0.0
1300805,Amazônia,1.0,1.0,0.0,0.0,0.0,0.0,0.0
1300839,Amazônia,1.0,1.0,0.0,0.0,0.0,0.0,0.0
1300904,Amazônia,1.0,1.0,0.0,0.0,0.0,0.0,0.0
1301001,Amazônia,1.0,1.0,0.0,0.0,0.0,0.0,0.0
1301100,Amazônia,1.0,1.0,0.0,0.0,0.0,0.0,0.0
1301159,Amazônia,1.0,1.0,0.0,0.0,0.0,0.0,0.0
1301209,Amazônia,1.0,1.0,0.0,0.0,0.0,0.0,0.0
1301308,Amazônia,1.0,1.0,0.0,0.0,0.0,0.0,0.0
1301407,Amazônia,1.0,1.0,0.0,0.0,0.0,0.0,0.0
1301506,Amazônia,1.0,1.0,0.0,0.0,0.0,0.0,0.0
1301605,Amazônia,1.0,1.0,0.0,0.0,0.0,0.0,0.0
1301654,Amazônia,1.0,1.0,0.0,0.0,0.0,0.0,0.0
1301704,Amazônia,1.0,1.0,0.0,0.0,0.0,0.0,0.0
1301803,Amazônia,1.0,1.0,0.0,0.0,0.0,0.0,0.0
1301852,Amazônia,1.0,1.0,0.0,0.0,0.0,0.0,0.0
1301902,Amazônia,1.0,1.0,0.0,0.0,0.0,0.0,0.0
1301951,Amazônia,1.0,1.0,0.0,0.0,0.0,0.0,0.0
1302009,Amazônia,1.0,1.0,0.0,0.0,0.0,0.0,0.0
1302108,Amazônia,1.0,1.0,0.0,0.0,0.0,0.0,0.0
1302207,Amazônia,1.0,1.0,0.0,0.0,0.0,0.0,0.0
1302306,Amazônia,1.0,1.0,0.0,0.0,0.0,0.0,0.0
1302405,Amazônia,1.0,1.0,0.0,0.0,0.0,0.0,0.0
1302504,Amazônia,1.0,1.0,0.0,0.0,0.0,0.0,0.0
1302553,Amazônia,1.0,1.0,0.0,0.0,0.0,0.0,0.0
1302603,Amazônia,1.0,1.0,0.0,0.0,0.0,0.0,0.0
1302702,Amazônia,1.0,1.0,0.0,0.0,0.0,0.0,0.0
1302801,Amazônia,1.0,1.0,0.0,0.0,0.0,0.0,0.0
1302900,Amazônia,1.0,1.0,0.0,0.0,0.0,0.0,0.0
1303007,Amazônia,1.0,1.0,0.0,0.0,0.0,0.0,0.0
1303106,Amazônia,1.0,1.0,0.0,0.0,0.0,0.0,0.0
1303205,Amazônia,1.0,1.0,0.0,0.0,0.0,0.0,0.0
1303304,Amazônia,1.0,1.0,0.0,0.0,0.0,0.0,0.0
1303403,Amazônia,1.0,1.0,0.0,0.0,0.0,0.0,0.0
1303502,Amazônia,1.0,1.0,0.0,0.0,0.0,0.0,0.0
1303536,Amazônia,1.0,1.0,0.0,0.0,0.0,0.0,0.0
1303569,Amazônia,1.0,1.0,0.0,0.0,0.0,0.0,0.0
1303601,Amazônia,1.0,1.0,0.0,0.0,0.0,0.0,0.0
1303700,Amazônia,1.0,1.0,0.0,0.0,0.0,0.0,0.0
1303809,Amazônia,1.0,1.0,0.0,0.0,0.0,0.0,0.0
1303908,Amazônia,1.0,1.0,0.0,0.0,0.0,0.0,0.0
1303957,Amazônia,1.0,1.0,0.0,0.0,0.0,0.0,0.0
1304005,Amazônia,1.0,1.0,0.0,0.0,0.0,0.0,0.0
1304062,Amazônia,1.0,1.0,0.0,0.0,0.0,0.0,0.0
1304104,Amazônia,1.0,1.0,0.0,0.0,0.0,0.0,0.0
1304203,Amazônia,1.0,1.0,0.0,0.0,0.0,0.0,0.0
1304237,Amazônia,1.0,1.0,0.0,0.0,0.0,0.0,0.0
1304260,Amazônia,1.0,1.0,0.0,0.0,0.0,0.0,0.0
1304302,Amazônia,1.0,1.0,0.0,0.0,0.0,0.0,0.0
1304401,Amazônia,1.0,1.0,0.0,0.0,0.0,0.0,0.0
1400027,Amazônia,1.0,1.0,0.0,0.0,0.0,0.0,0.0
1400050,Amazônia,1.0,1.0,0.0,0.0,0.0,0.0,0.0
1400100,Amazônia,1.0,1.0,0.0,0.0,0.0,0.0,0.0
1400159,Amazônia,1.0,1.0,0.0,0.0,0.0,0.0,0.0
1400175,Amazônia,1.0,1.0,0.0,0.0,0.0,0.0,0.0
1400209,Amazônia,1.0,1.0,0.0,0.0,0.0,0.0,0.0
1400233,Amazônia,1.0,1.0,0.0,0.0,0.0,0.0,0.0
1400282,Amazônia,1.0,1.0,0.0,0.0,0.0,0.0,0.0
1400308,Amazônia,1.0,1.0,0.0,0.0,0.0,0.0,0.0
1400407,Amazônia,1.0,1.0,0.0,0.0,0.0,0.0,0.0
1400456,Amazônia,1.0,1.0,0.0,0.0,0.0,0.0,0.0
1400472,Amazônia,1.0,1.0,0.0,0.0,0.0,0.0,0.0
1400506,Amazônia,1.0,1.0,0.0,0.0,0.0,0.0,0.0
1400605,Amazônia,1.0,1.0,0.0,0.0,0.0,0.0,0.0
1400704,Amazônia,1.0,1.0,0.0,0.0,0.0,0.0,0.0
1500107,Amazônia,1.0,1.0,0.0,0.0,0.0,0.0,0.0
1500131,Amazônia,1.0,1.0,0.0,0.0,0.0,0.0,0.0
1500206,Amazônia,1.0,1.0,0.0,0.0,0.0,0.0,0.0
1500305,Amazônia,1.0,1.0,0.0,0.0,0.0,0.0,0.0
1500347,Amazônia,1.0,1.0,0.0,0.0,0.0,0.0,0.0
1500404,Amazônia,1.0,1.0,0.0,0.0,0.0,0.0,0.0
1500503,Amazônia,1.0,1.0,0.0,0.0,0.0,0.0,0.0
1500602,Amazônia,1.0,1.0,0.0,0.0,0.0,0.0,0.0
1500701,Amazônia,1.0,1.0,0.0,0.0,0.0,0.0,0.0
1500800,Amazônia,1.0,1.0,0.0,0.0,0.0,0.0,0.0
1500859,Amazônia,1.0,1.0,0.0,0.0,0.0,0.0,0.0
1500909,Amazônia,1.0,1.0,0.0,0.0,0.0,0.0,0.0
1500958,Amazônia,1.0,1.0,0.0,0.0,0.0,0.0,0.0
1501006,Amazônia,1.0,1.0,0.0,0.0,0.0,0.0,0.0
1501105,Amazônia,1.0,1.0,0.0,0.0,0.0,0.0,0.0
1501204,Amazônia,1.0,1.0,0.0,0.0,0.0,0.0,0.0
1501253,Amazônia,1.0,1.0,0.0,0.0,0.0,0.0,0.0
1501303,Amazônia,1.0,1.0,0.0,0.0,0.0,0.0,0.0
1501402,Amazônia,1.0,1.0,0.0,0.0,0.0,0.0,0.0
1501451,Amazônia,1.0,1.0,0.0,0.0,0.0,0.0,0.0
1501501,Amazônia,1.0,1.0,0.0,0.0,0.0,0.0,0.0
1501576,Amazônia,1.0,1.0,0.0,0.0,0.0,0.0,0.0
1501600,Amazônia,1.0,1.0,0.0,0.0,0.0,0.0,0.0
1501709,Amazônia,1.0,1.0,0.0,0.0,0.0,0.0,0.0
1501725,Amazônia,1.0,1.0,0.0,0.0,0.0,0.0,0.0
1501758,Amazônia,1.0,1.0,0.0,0.0,0.0,0.0,0.0
1501782,Amazônia,1.0,1.0,0.0,0.0,0.0,0.0,0.0
1501808,Amazônia,1.0,1.0,0.0,0.0,0.0,0.0,0.0
1501907,Amazônia,1.0,1.0,0.0,0.0,0.0,0.0,0.0
1501956,Amazônia,1.0,1.0,0.0,0.0,0.0,0.0,0.0
1502004,Amazônia,1.0,1.0,0.0,0.0,0.0,0.0,0.0
1502103,Amazônia,1.0,1.0,0.0,0.0,0.0,0.0,0.0
1502152,Amazônia,1.0,1.0,0.0,0.0,0.0,0.0,0.0
1502202,Amazônia,1.0,1.0,0.0,0.0,0.0,0.0,0.0
1502301,Amazônia,1.0,1.0,0.0,0.0,0.0,0.0,0.0
1502400,Amazônia,1.0,1.0,0.0,0.0,0.0,0.0,0.0
1502509,Amazônia,1.0,1.0,0.0,0.0,0.0,0.0,0.0
1502608,Amazônia,1.0,1.0,0.0,0.0,0.0,0.0,0.0
1502707,Amazônia,0.611,0.611,0.0,0.389,0.0,0.0,0.0
1502756,Amazônia,1.0,1.0,0.0,0.0,0.0,0.0,0.0
1502764,Amazônia,1.0,1.0,0.0,0.0,0.0,0.0,0.0
1502772,Amazônia,1.0,1.0,0.0,0.0,0.0,0.0,0.0
1502806,Amazônia,1.0,1.0,0.0,0.0,0.0,0.0,0.0
1502855,Amazônia,1.0,1.0,0.0,0.0,0.0,0.0,0.0
1502905,Amazônia,1.0,1.0,0.0,0.0,0.0,0.0,0.0
1502939,Amazônia,1.0,1.0,0.0,0.0,0.0,0.0,0.0
1502954,Amazônia,1.0,1.0,0.0,0.0,0.0,0.0,0.0
1503002,Amazônia,1.0,1.0,0.0,0.0,0.0,0.0,0.0
1503044,Amazônia,0.663,0.663,0.0,0.337,0.0,0.0,0.0
1503077,Amazônia,1.0,1.0,0.0,0.0,0.0,0.0,0.0
1503093,Amazônia,1.0,1.0,0.0,0.0,0.0,0.0,0.0
1503101,Amazônia,1.0,1.0,0.0,0.0,0.0,0.0,0.0
1503200,Amazônia,1.0,1.0,0.0,0.0,0.0,0.0,0.0
1503309,Amazônia,1.0,1.0,0.0,0.0,0.0,0.0,0.0
1503408,Amazônia,1.0,1.0,0.0,0.0,0.0,0.0,0.0
1503457,Amazônia,1.0,1.0,0.0,0.0,0.0,0.0,0.0
1503507,Amazônia,1.0,1.0,0.0,0.0,0.0,0.0,0.0
1503606,Amazônia,1.0,1.0,0.0,0.0,0.0,0.0,0.0
1503705,Amazônia,1.0,1.0,0.0,0.0,0.0,0.0,0.0
1503754,Amazônia,1.0,1.0,0.0,0.0,0.0,0.0,0.0
1503804,Amazônia,1.0,1.0,0.0,0.0,0.0,0.0,0.0
1503903,Amazônia,1.0,1.0,0.0,0.0,0.0,0.0,0.0
1504000,Amazônia,1.0,1.0,0.0,0.0,0.0,0.0,0.0
1504059,Amazônia,1.0,1.0,0.0,0.0,0.0,0.0,0.0
1504109,Amazônia,1.0,1.0,0.0,0.0,0.0,0.0,0.0
1504208,Amazônia,1.0,1.0,0.0,0.0,0.0,0.0,0.0
1504307,Amazônia,1.0,1.0,0.0,0.0,0.0,0.0,0.0
1504406,Amazônia,1.0,1.0,0.0,0.0,0.0,0.0,0.0
1504422,Amazônia,1.0,1.0,0.0,0.0,0.0,0.0,0.0
1504455,Amazônia,1.0,1.0,0.0,0.0,0.0,0.0,0.0
1504505,Amazônia,1.0,1.0,0.0,0.0,0.0,0.0,0.0
1504604,Amazônia,1.0,1.0,0.0,0.0,0.0,0.0,0.0
1504703,Amazônia,1.0,1.0,0.0,0.0,0.0,0.0,0.0
1504752,Amazônia,1.0,1.0,0.0,0.0,0.0,0.0,0.0
1504802,Amazônia,1.0,1.0,0.0,0.0,0.0,0.0,0.0
1504901,Amazônia,1.0,1.0,0.0,0.0,0.0,0.0,0.0
1504950,Amazônia,1.0,1.0,0.0,0.0,0.0,0.0,0.0
1504976,Amazônia,1.0,1.0,0.0,0.0,0.0,0.0,0.0
1505007,Amazônia,1.0,1.0,0.0,0.0,0.0,0.0,0.0
1505031,Amazônia,1.0,1.0,0.0,0.0,0.0,0.0,0.0
1505064,Amazônia,1.0,1.0,0.0,0.0,0.0,0.0,0.0
1505106,Amazônia,1.0,1.0,0.0,0.0,0.0,0.0,0.0
1505205,Amazônia,1.0,1.0,0.0,0.0,0.0,0.0,0.0
1505304,Amazônia,1.0,1.0,0.0,0.0,0.0,0.0,0.0
1505403,Amazônia,1.0,1.0,0.0,0.0,0.0,0.0,0.0
1505437,Amazônia,1.0,1.0,0.0,0.0,0.0,0.0,0.0
1505486,Amazônia,1.0,1.0,0.0,0.0,0.0,0.0,0.0
1505494,Amazônia,1.0,1.0,0.0,0.0,0.0,0.0,0.0
1505502,Amazônia,1.0,1.0,0.0,0.0,0.0,0.0,0.0
1505536,Amazônia,1.0,1.0,0.0,0.0,0.0,0.0,0.0
1505551,Amazônia,0.711,0.711,0.0,0.289,0.0,0.0,0.0
1505601,Amazônia,1.0,1.0,0.0,0.0,0.0,0.0,0.0
1505635,Amazônia,1.0,1.0,0.0,0.0,0.0,0.0,0.0
1505650,Amazônia,1.0,1.0,0.0,0.0,0.0,0.0,0.0
1505700,Amazônia,1.0,1.0,0.0,0.0,0.0,0.0,0.0
1505809,Amazônia,1.0,1.0,0.0,0.0,0.0,0.0,0.0
1505908,Amazônia,1.0,1.0,0.0,0.0,0.0,0.0,0.0
1506005,Amazônia,1.0,1.0,0.0,0.0,0.0,0.0,0.0
1506104,Amazônia,1.0,1.0,0.0,0.0,0.0,0.0,0.0
1506112,Amazônia,1.0,1.0,0.0,0.0,0.0,0.0,0.0
1506138,Amazônia,0.776,0.776,0.0,0.224,0.0,0.0,0.0
1506161,Amazônia,0.975,0.975,0.0,0.025,0.0,0.0,0.0
1506187,Amazônia,1.0,1.0,0.0,0.0,0.0,0.0,0.0
1506195,Amazônia,1.0,1.0,0.0,0.0,0.0,0.0,0.0
1506203,Amazônia,1.0,1.0,0.0,0.0,0.0,0.0,0.0
1506302,Amazônia,1.0,1.0,0.0,0.0,0.0,0.0,0.0
1506351,Amazônia,1.0,1.0,0.0,0.0,0.0,0.0,0.0
1506401,Amazônia,1.0,1.0,0.0,0.0,0.0,0.0,0.0
1506500,Amazônia,1.0,1.0,0.0,0.0,0.0,0.0,0.0
1506559,Amazônia,1.0,1.0,0.0,0.0,0.0,0.0,0.0
1506583,Amazônia,0.726,0.726,0.0,0.274,0.0,0.0,0.0
1506609,Amazônia,1.0,1.0,0.0,0.0,0.0,0.0,0.0
1506708,Amazônia,0.913,0.913,0.0,0.087,0.0,0.0,0.0
1506807,Amazônia,1.0,1.0,0.0,0.0,0.0,0.0,0.0
1506906,Amazônia,1.0,1.0,0.0,0.0,0.0,0.0,0.0
1507003,Amazônia,1.0,1.0,0.0,0.0,0.0,0.0,0.0
1507102,Amazônia,1.0,1.0,0.0,0.0,0.0,0.0,0.0
1507151,Amazônia,1.0,1.0,0.0,0.0,0.0,0.0,0.0
1507201,Amazônia,1.0,1.0,0.0,0.0,0.0,0.0,0.0
1507300,Amazônia,1.0,1.0,0.0,0.0,0.0,0.0,0.0
1507409,Amazônia,1.0,1.0,0.0,0.0,0.0,0.0,0.0
1507458,Amazônia,1.0,1.0,0.0,0.0,0.0,0.0,0.0
1507466,Amazônia,1.0,1.0,0.0,0.0,0.0,0.0,0.0
1507474,Amazônia,1.0,1.0,0.0,0.0,0.0,0.0,0.0
1507508,Amazônia,1.0,1.0,0.0,0.0,0.0,0.0,0.0
1507607,Amazônia,1.0,1.0,0.0,0.0,0.0,0.0,0.0
1507706,Amazônia,1.0,1.0,0.0,0.0,0.0,0.0,0.0
1507755,Amazônia,1.0,1.0,0.0,0.0,0.0,0.0,0.0
1507805,Amazônia,1.0,1.0,0.0,0.0,0.0,0.0,0.0
1507904,Amazônia,1.0,1.0,0.0,0.0,0.0,0.0,0.0
1507953,Amazônia,1.0,1.0,0.0,0.0,0.0,0.0,0.0
1507961,Amazônia,1.0,1.0,0.0,0.0,0.0,0.0,0.0
1507979,Amazônia,1.0,1.0,0.0,0.0,0.0,0.0,0.0
1508001,Amazônia,1.0,1.0,0.0,0.0,0.0,0.0,0.0
1508035,Amazônia,1.0,1.0,0.0,0.0,0.0,0.0,0.0
1508050,Amazônia,1.0,1.0,0.0,0.0,0.0,0.0,0.0
1508084,Amazônia,1.0,1.0,0.0,0.0,0.0,0.0,0.0
1508100,Amazônia,1.0,1.0,0.0,0.0,0.0,0.0,0.0
1508126,Amazônia,1.0,1.0,0.0,0.0,0.0,0.0,0.0
1508159,Amazônia,1.0,1.0,0.0,0.0,0.0,0.0,0.0
1508209,Amazônia,1.0,1.0,0.0,0.0,0.0,0.0,0.0
1508308,Amazônia,1.0,1.0,0.0,0.0,0.0,0.0,0.0
1508357,Amazônia,1.0,1.0,0.0,0.0,0.0,0.0,0.0
1508407,Amazônia,1.0,1.0,0.0,0.0,0.0,0.0,0.0
1600055,Amazônia,1.0,1.0,0.0,0.0,0.0,0.0,0.0
1600105,Amazônia,1.0,1.0,0.0,0.0,0.0,0.0,0.0
1600154,Amazônia,1.0,1.0,0.0,0.0,0.0,0.0,0.0
1600204,Amazônia,1.0,1.0,0.0,0.0,0.0,0.0,0.0
1600212,Amazônia,1.0,1.0,0.0,0.0,0.0,0.0,0.0
1600238,Amazônia,1.0,1.0,0.0,0.0,0.0,0.0,0.0
1600253,Amazônia,1.0,1.0,0.0,0.0,0.0,0.0,0.0
1600279,Amazônia,1.0,1.0,0.0,0.0,0.0,0.0,0.0
1600303,Amazônia,1.0,1.0,0.0,0.0,0.0,0.0,0.0
1600402,Amazônia,1.0,1.0,0.0,0.0,0.0,0.0,0.0
1600501,Amazônia,1.0,1.0,0.0,0.0,0.0,0.0,0.0
1600535,Amazônia,1.0,1.0,0.0,0.0,0.0,0.0,0.0
1600550,Amazônia,1.0,1.0,0.0,0.0,0.0,0.0,0.0
1600600,Amazônia,1.0,1.0,0.0,0.0,0.0,0.0,0.0
1600709,Amazônia,1.0,1.0,0.0,0.0,0.0,0.0,0.0
1600808,Amazônia,1.0,1.0,0.0,0.0,0.0,0.0,0.0
1700251,Cerrado,1.0,0.0,0.0,1.0,0.0,0.0,0.0
1700301,Cerrado,1.0,0.0,0.0,1.0,0.0,0.0,0.0
1700350,Cerrado,1.0,0.0,0.0,1.0,0.0,0.0,0.0
1700400,Cerrado,1.0,0.0,0.0,1.0,0.0,0.0,0.0
1700707,Cerrado,1.0,0.0,0.0,1.0,0.0,0.0,0.0
1701002,Amazônia,0.755,0.755,0.0,0.245,0.0,0.0,0.0
1701051,Cerrado,0.918,0.082,0.0,0.918,0.0,0.0,0.0
1701101,Cerrado,1.0,0.0,0.0,1.0,0.0,0.0,0.0
1701309,Amazônia,1.0,1.0,0.0,0.0,0.0,0.0,0.0
1701903,Cerrado,1.0,0.0,0.0,1.0,0.0,0.0,0.0
1702000,Cerrado,1.0,0.0,0.0,1.0,0.0,0.0,0.0
1702109,Amazônia,0.715,0.715,0.0,0.285,0.0,0.0,0.0
1702158,Amazônia,1.0,1.0,0.0,0.0,0.0,0.0,0.0
1702208,Cerrado,0.529,0.471,0.0,0.529,0.0,0.0,0.0
1702307,Amazônia,1.0,1.0,0.0,0.0,0.0,0.0,0.0
1702406,Cerrado,1.0,0.0,0.0,1.0,0.0,0.0,0.0
1702554,Amazônia,0.535,0.535,0.0,0.465,0.0,0.0,0.0
1702703,Cerrado,1.0,0.0,0.0,1.0,0.0,0.0,0.0
1702901,Cerrado,1.0,0.0,0.0,1.0,0.0,0.0,0.0
1703008,Cerrado,1.0,0.0,0.0,1.0,0.0,0.0,0.0
1703057,Amazônia,0.799,0.799,0.0,0.201,0.0,0.0,0.0
1703073,Cerrado,1.0,0.0,0.0,1.0,0.0,0.0,0.0
1703107,Cerrado,1.0,0.0,0.0,1.0,0.0,0.0,0.0
1703206,Amazônia,1.0,1.0,0.0,0.0,0.0,0.0,0.0
1703305,Cerrado,1.0,0.0,0.0,1.0,0.0,0.0,0.0
1703602,Cerrado,0.918,0.082,0.0,0.918,0.0,0.0,0.0
1703701,Cerrado,1.0,0.0,0.0,1.0,0.0,0.0,0.0
1703800,Amazônia,1.0,1.0,0.0,0.0,0.0,0.0,0.0
1703826,Cerrado,1.0,0.0,0.0,1.0,0.0,0.0,0.0
1703842,Cerrado,1.0,0.0,0.0,1.0,0.0,0.0,0.0
1703867,Cerrado,1.0,0.0,0.0,1.0,0.0,0.0,0.0
1703883,Amazônia,1.0,1.0,0.0,0.0,0.0,0.0,0.0
1703891,Amazônia,1.0,1.0,0.0,0.0,0.0,0.0,0.0
1703909,Cerrado,1.0,0.0,0.0,1.0,0.0,0.0,0.0
1704105,Cerrado,1.0,0.0,0.0,1.0,0.0,0.0,0.0
1704600,Cerrado,1.0,0.0,0.0,1.0,0.0,0.0,0.0
1705102,Cerrado,1.0,0.0,0.0,1.0,0.0,0.0,0.0
1705508,Cerrado,0.675,0.325,0.0,0.675,0.0,0.0,0.0
1705557,Cerrado,1.0,0.0,0.0,1.0,0.0,0.0,0.0
1705607,Cerrado,1.0,0.0,0.0,1.0,0.0,0.0,0.0
1706001,Cerrado,0.907,0.093,0.0,0.907,0.0,0.0,0.0
1706100,Cerrado,1.0,0.0,0.0,1.0,0.0,0.0,0.0
1706258,Cerrado,1.0,0.0,0.0,1.0,0.0,0.0,0.0
1706506,Cerrado,0.928,0.072,0.0,0.928,0.0,0.0,0.0
1707009,Cerrado,1.0,0.0,0.0,1.0,0.0,0.0,0.0
1707108,Cerrado,1.0,0.0,0.0,1.0,0.0,0.0,0.0
1707207,Cerrado,1.0,0.0,0.0,1.0,0.0,0.0,0.0
1707306,Cerrado,1.0,0.0,0.0,1.0,0.0,0.0,0.0
1707405,Amazônia,1.0,1.0,0.0,0.0,0.0,0.0,0.0
1707553,Cerrado,1.0,0.0,0.0,1.0,0.0,0.0,0.0
1707652,Cerrado,1.0,0.0,0.0,1.0,0.0,0.0,0.0
1707702,Cerrado,1.0,0.0,0.0,1.0,0.0,0.0,0.0
1708205,Cerrado,1.0,0.0,0.0,1.0,0.0,0.0,0.0
1708254,Cerrado,0.938,0.062,0.0,0.938,0.0,0.0,0.0
1708304,Cerrado,0.973,0.027,0.0,0.973,0.0,0.0,0.0
1709005,Cerrado,1.0,0.0,0.0,1.0,0.0,0.0,0.0
1709302,Cerrado,0.856,0.144,0.0,0.856,0.0,0.0,0.0
1709500,Cerrado,1.0,0.0,0.0,1.0,0.0,0.0,0.0
1709807,Cerrado,1.0,0.0,0.0,1.0,0.0,0.0,0.0
1710508,Cerrado,1.0,0.0,0.0,1.0,0.0,0.0,0.0
1710706,Cerrado,1.0,0.0,0.0,1.0,0.0,0.0,0.0
1710904,Cerrado,1.0,0.0,0.0,1.0,0.0,0.0,0.0
1711100,Amazônia,1.0,1.0,0.0,0.0,0.0,0.0,0.0
1711506,Cerrado,1.0,0.0,0.0,1.0,0.0,0.0,0.0
1711803,Cerrado,0.52,0.48,0.0,0.52,0.0,0.0,0.0
1711902,Cerrado,1.0,0.0,0.0,1.0,0.0,0.0,0.0
1711951,Cerrado,1.0,0.0,0.0,1.0,0.0,0.0,0.0
1712009,Cerrado,1.0,0.0,0.0,1.0,0.0,0.0,0.0
1712157,Cerrado,1.0,0.0,0.0,1.0,0.0,0.0,0.0
1712405,Cerrado,1.0,0.0,0.0,1.0,0.0,0.0,0.0
1712454,Cerrado,1.0,0.0,0.0,1.0,0.0,0.0,0.0
1712504,Cerrado,1.0,0.0,0.0,1.0,0.0,0.0,0.0
1712702,Cerrado,1.0,0.0,0.0,1.0,0.0,0.0,0.0
1712801,Cerrado,1.0,0.0,0.0,1.0,0.0,0.0,0.0
1713205,Cerrado,1.0,0.0,0.0,1.0,0.0,0.0,0.0
1713304,Cerrado,0.996,0.004,0.0,0.996,0.0,0.0,0.0
1713601,Cerrado,1.0,0.0,0.0,1.0,0.0,0.0,0.0
1713700,Cerrado,1.0,0.0,0.0,1.0,0.0,0.0,0.0
1713809,Cerrado,1.0,0.0,0.0,1.0,0.0,0.0,0.0
1713957,Amazônia,1.0,1.0,0.0,0.0,0.0,0.0,0.0
1714203,Cerrado,1.0,0.0,0.0,1.0,0.0,0.0,0.0
1714302,Cerrado,1.0,0.0,0.0,1.0,0.0,0.0,0.0
1714880,Cerrado,0.888,0.112,0.0,0.888,0.0,0.0,0.0
1715002,Cerrado,1.0,0.0,0.0,1.0,0.0,0.0,0.0
1715101,Cerrado,1.0,0.0,0.0,1.0,0.0,0.0,0.0
1715150,Cerrado,1.0,0.0,0.0,1.0,0.0,0.0,0.0
1715259,Cerrado,1.0,0.0,0.0,1.0,0.0,0.0,0.0
1715507,Cerrado,1.0,0.0,0.0,1.0,0.0,0.0,0.0
1715705,Cerrado,1.0,0.0,0.0,1.0,0.0,0.0,0.0
1715754,Cerrado,1.0,0.0,0.0,1.0,0.0,0.0,0.0
1716109,Cerrado,1.0,0.0,0.0,1.0,0.0,0.0,0.0
1716208,Cerrado,1.0,0.0,0.0,1.0,0.0,0.0,0.0
1716307,Amazônia,0.903,0.903,0.0,0.097,0.0,0.0,0.0
1716505,Cerrado,1.0,0.0,0.0,1.0,0.0,0.0,0.0
1716604,Cerrado,1.0,0.0,0.0,1.0,0.0,0.0,0.0
1716653,Amazônia,0.715,0.715,0.0,0.285,0.0,0.0,0.0
1716703,Amazônia,0.723,0.723,0.0,0.277,0.0,0.0,0.0
1717008,Cerrado,1.0,0.0,0.0,1.0,0.0,0.0,0.0
1717206,Amazônia,0.904,0.904,0.0,0.096,0.0,0.0,0.0
1717503,Cerrado,1.0,0.0,0.0,1.0,0.0,0.0,0.0
1717800,Cerrado,1.0,0.0,0.0,1.0,0.0,0.0,0.0
1717909,Cerrado,1.0,0.0,0.0,1.0,0.0,0.0,0.0
1718006,Cerrado,1.0,0.0,0.0,1.0,0.0,0.0,0.0
1718204,Cerrado,1.0,0.0,0.0,1.0,0.0,0.0,0.0
1718303,Cerrado,1.0,0.0,0.0,1.0,0.0,0.0,0.0
1718402,Cerrado,0.76,0.24,0.0,0.76,0.0,0.0,0.0
1718451,Cerrado,1.0,0.0,0.0,1.0,0.0,0.0,0.0
1718501,Cerrado,1.0,0.0,0.0,1.0,0.0,0.0,0.0
1718550,Amazônia,0.941,0.941,0.0,0.059,0.0,0.0,0.0
1718659,Cerrado,1.0,0.0,0.0,1.0,0.0,0.0,0.0
1718709,Cerrado,1.0,0.0,0.0,1.0,0.0,0.0,0.0
1718758,Cerrado,1.0,0.0,0.0,1.0,0.0,0.0,0.0
1718808,Amazônia,0.912,0.912,0.0,0.088,0.0,0.0,0.0
1718840,Cerrado,1.0,0.0,0.0,1.0,0.0,0.0,0.0
1718865,Amazônia,1.0,1.0,0.0,0.0,0.0,0.0,0.0
1718881,Cerrado,1.0,0.0,0.0,1.0,0.0,0.0,0.0
1718899,Cerrado,1.0,0.0,0.0,1.0,0.0,0.0,0.0
1718907,Cerrado,1.0,0.0,0.0,1.0,0.0,0.0,0.0
1719004,Cerrado,1.0,0.0,0.0,1.0,0.0,0.0,0.0
1720002,Cerrado,1.0,0.0,0.0,1.0,0.0,0.0,0.0
1720101,Cerrado,0.867,0.133,0.0,0.867,0.0,0.0,0.0
1720150,Cerrado,1.0,0.0,0.0,1.0,0.0,0.0,0.0
1720200,Cerrado,1.0,0.0,0.0,1.0,0.0,0.0,0.0
1720259,Cerrado,1.0,0.0,0.0,1.0,0.0,0.0,0.0
1720309,Amazônia,1.0,1.0,0.0,0.0,0.0,0.0,0.0
1720499,Cerrado,1.0,0.0,0.0,1.0,0.0,0.0,0.0
1720655,Cerrado,1.0,0.0,0.0,1.0,0.0,0.0,0.0
1720804,Cerrado,1.0,0.0,0.0,1.0,0.0,0.0,0.0
1720853,Cerrado,1.0,0.0,0.0,1.0,0.0,0.0,0.0
1720903,Cerrado,1.0,0.0,0.0,1.0,0.0,0.0,0.0
1720937,Cerrado,1.0,0.0,0.0,1.0,0.0,0.0,0.0
1720978,Cerrado,1.0,0.0,0.0,1.0,0.0,0.0,0.0
1721000,Cerrado,1.0,0.0,0.0,1.0,0.0,0.0,0.0
1721109,Cerrado,1.0,0.0,0.0,1.0,0.0,0.0,0.0
1721208,Cerrado,1.0,0.0,0.0,1.0,0.0,0.0,0.0
1721257,Cerrado,1.0,0.0,0.0,1.0,0.0,0.0,0.0
1721307,Cerrado,1.0,0.0,0.0,1.0,0.0,0.0,0.0
1722081,Cerrado,0.881,0.119,0.0,0.881,0.0,0.0,0.0
1722107,Amazônia,1.0,1.0,0.0,0.0,0.0,0.0,0.0
2100055,Amazônia,1.0,1.0,0.0,0.0,0.0,0.0,0.0
2100105,Cerrado,1.0,0.0,0.0,1.0,0.0,0.0,0.0
2100154,Cerrado,1.0,0.0,0.0,1.0,0.0,0.0,0.0
2100204,Amazônia,1.0,1.0,0.0,0.0,0.0,0.0,0.0
2100303,Cerrado,1.0,0.0,0.0,1.0,0.0,0.0,0.0
2100402,Amazônia,1.0,1.0,0.0,0.0,0.0,0.0,0.0
2100436,Cerrado,1.0,0.0,0.0,1.0,0.0,0.0,0.0
2100477,Amazônia,1.0,1.0,0.0,0.0,0.0,0.0,0.0
2100501,Cerrado,1.0,0.0,0.0,1.0,0.0,0.0,0.0
2100550,Amazônia,1.0,1.0,0.0,0.0,0.0,0.0,0.0
2100600,Amazônia,0.594,0.594,0.0,0.406,0.0,0.0,0.0
2100709,Amazônia,1.0,1.0,0.0,0.0,0.0,0.0,0.0
2100808,Cerrado,1.0,0.0,0.0,1.0,0.0,0.0,0.0
2100832,Amazônia,1.0,1.0,0.0,0.0,0.0,0.0,0.0
2100873,Amazônia,1.0,1.0,0.0,0.0,0.0,0.0,0.0
2100907,Cerrado,1.0,0.0,0.0,1.0,0.0,0.0,0.0
2100956,Amazônia,0.954,0.954,0.0,0.046,0.0,0.0,0.0
2101004,Amazônia,0.927,0.927,0.0,0.073,0.0,0.0,0.0
2101103,Amazônia,1.0,1.0,0.0,0.0,0.0,0.0,0.0
2101202,Amazônia,0.645,0.645,0.0,0.355,0.0,0.0,0.0
2101251,Amazônia,1.0,1.0,0.0,0.0,0.0,0.0,0.0
2101301,Amazônia,1.0,1.0,0.0,0.0,0.0,0.0,0.0
2101350,Amazônia,1.0,1.0,0.0,0.0,0.0,0.0,0.0
2101400,Cerrado,1.0,0.0,0.0,1.0,0.0,0.0,0.0
2101509,Cerrado,1.0,0.0,0.0,1.0,0.0,0.0,0.0
2101608,Cerrado,1.0,0.0,0.0,1.0,0.0,0.0,0.0
2101707,Cerrado,1.0,0.0,0.0,1.0,0.0,0.0,0.0
2101731,Cerrado,1.0,0.0,0.0,1.0,0.0,0.0,0.0
2101772,Amazônia,1.0,1.0,0.0,0.0,0.0,0.0,0.0
2101806,Cerrado,1.0,0.0,0.0,1.0,0.0,0.0,0.0
2101905,Amazônia,1.0,1.0,0.0,0.0,0.0,0.0,0.0
2101939,Cerrado,1.0,0.0,0.0,1.0,0.0,0.0,0.0
2101970,Amazônia,1.0,1.0,0.0,0.0,0.0,0.0,0.0
2102002,Amazônia,1.0,1.0,0.0,0.0,0.0,0.0,0.0
2102036,Amazônia,1.0,1.0,0.0,0.0,0.0,0.0,0.0
2102077,Amazônia,0.969,0.969,0.0,0.031,0.0,0.0,0.0
2102101,Cerrado,1.0,0.0,0.0,1.0,0.0,0.0,0.0
2102150,Amazônia,0.791,0.791,0.0,0.209,0.0,0.0,0.0
2102200,Cerrado,1.0,0.0,0.0,1.0,0.0,0.0,0.0
2102309,Cerrado,1.0,0.0,0.0,1.0,0.0,0.0,0.0
2102325,Amazônia,1.0,1.0,0.0,0.0,0.0,0.0,0.0
2102358,Cerrado,0.843,0.157,0.0,0.843,0.0,0.0,0.0
2102374,Cerrado,0.823,0.177,0.0,0.823,0.0,0.0,0.0
2102408,Amazônia,1.0,1.0,0.0,0.0,0.0,0.0,0.0
2102507,Amazônia,1.0,1.0,0.0,0.0,0.0,0.0,0.0
2102556,Cerrado,1.0,0.0,0.0,1.0,0.0,0.0,0.0
2102606,Amazônia,1.0,1.0,0.0,0.0,0.0,0.0,0.0
2102705,Cerrado,1.0,0.0,0.0,1.0,0.0,0.0,0.0
2102754,Cerrado,1.0,0.0,0.0,1.0,0.0,0.0,0.0
2102804,Cerrado,1.0,0.0,0.0,1.0,0.0,0.0,0.0
2102903,Amazônia,1.0,1.0,0.0,0.0,0.0,0.0,0.0
2103000,Cerrado,1.0,0.0,0.0,1.0,0.0,0.0,0.0
2103109,Amazônia,1.0,1.0,0.0,0.0,0.0,0.0,0.0
2103125,Amazônia,1.0,1.0,0.0,0.0,0.0,0.0,0.0
2103158,Amazônia,1.0,1.0,0.0,0.0,0.0,0.0,0.0
2103174,Amazônia,1.0,1.0,0.0,0.0,0.0,0.0,0.0
2103208,Cerrado,1.0,0.0,0.0,1.0,0.0,0.0,0.0
2103257,Amazônia,0.972,0.972,0.0,0.028,0.0,0.0,0.0
2103307,Cerrado,1.0,0.0,0.0,1.0,0.0,0.0,0.0
2103406,Cerrado,1.0,0.0,0.0,1.0,0.0,0.0,0.0
2103505,Cerrado,1.0,0.0,0.0,1.0,0.0,0.0,0.0
2103554,Amazônia,1.0,1.0,0.0,0.0,0.0,0.0,0.0
2103604,Cerrado,1.0,0.0,0.0,1.0,0.0,0.0,0.0
2103703,Amazônia,1.0,1.0,0.0,0.0,0.0,0.0,0.0
2103752,Cerrado,1.0,0.0,0.0,1.0,0.0,0.0,0.0
2103802,Cerrado,1.0,0.0,0.0,1.0,0.0,0.0,0.0
2103901,Cerrado,1.0,0.0,0.0,1.0,0.0,0.0,0.0
2104008,Cerrado,1.0,0.0,0.0,1.0,0.0,0.0,0.0
2104057,Cerrado,1.0,0.0,0.0,1.0,0.0,0.0,0.0
2104073,Cerrado,1.0,0.0,0.0,1.0,0.0,0.0,0.0
2104081,Cerrado,1.0,0.0,0.0,1.0,0.0,0.0,0.0
2104099,Cerrado,1.0,0.0,0.0,1.0,0.0,0.0,0.0
2104107,Cerrado,1.0,0.0,0.0,1.0,0.0,0.0,0.0
2104206,Cerrado,1.0,0.0,0.0,1.0,0.0,0.0,0.0
2104305,Amazônia,1.0,1.0,0.0,0.0,0.0,0.0,0.0
2104404,Cerrado,1.0,0.0,0.0,1.0,0.0,0.0,0.0
2104503,Cerrado,1.0,0.0,0.0,1.0,0.0,0.0,0.0
2104552,Cerrado,1.0,0.0,0.0,1.0,0.0,0.0,0.0
2104602,Cerrado,1.0,0.0,0.0,1.0,0.0,0.0,0.0
2104628,Cerrado,1.0,0.0,0.0,1.0,0.0,0.0,0.0
2104651,Amazônia,1.0,1.0,0.0,0.0,0.0,0.0,0.0
2104677,Amazônia,1.0,1.0,0.0,0.0,0.0,0.0,0.0
2104701,Cerrado,1.0,0.0,0.0,1.0,0.0,0.0,0.0
2104800,Cerrado,0.997,0.003,0.0,0.997,0.0,0.0,0.0
2104909,Amazônia,1.0,1.0,0.0,0.0,0.0,0.0,0.0
2105005,Cerrado,0.836,0.164,0.0,0.836,0.0,0.0,0.0
2105104,Amazônia,0.8,0.8,0.0,0.2,0.0,0.0,0.0
2105153,Amazônia,1.0,1.0,0.0,0.0,0.0,0.0,0.0
2105203,Cerrado,1.0,0.0,0.0,1.0,0.0,0.0,0.0
2105302,Cerrado,0.697,0.303,0.0,0.697,0.0,0.0,0.0
2105351,Cerrado,0.81,0.19,0.0,0.81,0.0,0.0,0.0
2105401,Cerrado,0.794,0.206,0.0,0.794,0.0,0.0,0.0
2105427,Amazônia,1.0,1.0,0.0,0.0,0.0,0.0,0.0
2105450,Cerrado,1.0,0.0,0.0,1.0,0.0,0.0,0.0
2105476,Cerrado,1.0,0.0,0.0,1.0,0.0,0.0,0.0
2105500,Amazônia,0.763,0.763,0.0,0.237,0.0,0.0,0.0
2105609,Cerrado,1.0,0.0,0.0,1.0,0.0,0.0,0.0
2105658,Amazônia,1.0,1.0,0.0,0.0,0.0,0.0,0.0
2105708,Cerrado,0.713,0.287,0.0,0.713,0.0,0.0,0.0
2105807,Cerrado,0.632,0.368,0.0,0.632,0.0,0.0,0.0
2105906,Amazônia,1.0,1.0,0.0,0.0,0.0,0.0,0.0
2105922,Cerrado,1.0,0.0,0.0,1.0,0.0,0.0,0.0
2105948,Cerrado,0.89,0.11,0.0,0.89,0.0,0.0,0.0
2105963,Cerrado,1.0,0.0,0.0,1.0,0.0,0.0,0.0
2105989,Cerrado,1.0,0.0,0.0,1.0,0.0,0.0,0.0
2106003,Cerrado,1.0,0.0,0.0,1.0,0.0,0.0,0.0
2106102,Cerrado,1.0,0.0,0.0,1.0,0.0,0.0,0.0
2106201,Amazônia,1.0,1.0,0.0,0.0,0.0,0.0,0.0
2106300,Cerrado,1.0,0.0,0.0,1.0,0.0,0.0,0.0
2106326,Amazônia,1.0,1.0,0.0,0.0,0.0,0.0,0.0
2106359,Cerrado,0.53,0.47,0.0,0.53,0.0,0.0,0.0
2106375,Amazônia,1.0,1.0,0.0,0.0,0.0,0.0,0.0
2106409,Cerrado,1.0,0.0,0.0,1.0,0.0,0.0,0.0
2106508,Amazônia,1.0,1.0,0.0,0.0,0.0,0.0,0.0
2106607,Cerrado,1.0,0.0,0.0,1.0,0.0,0.0,0.0
2106631,Cerrado,0.995,0.005,0.0,0.995,0.0,0.0,0.0
2106672,Cerrado,1.0,0.0,0.0,1.0,0.0,0.0,0.0
2106706,Cerrado,1.0,0.0,0.0,1.0,0.0,0.0,0.0
2106755,Cerrado,0.72,0.28,0.0,0.72,0.0,0.0,0.0
2106805,Amazônia,1.0,1.0,0.0,0.0,0.0,0.0,0.0
2106904,Amazônia,1.0,1.0,0.0,0.0,0.0,0.0,0.0
2107001,Cerrado,1.0,0.0,0.0,1.0,0.0,0.0,0.0
2107100,Cerrado,0.861,0.139,0.0,0.861,0.0,0.0,0.0
2107209,Cerrado,0.968,0.032,0.0,0.968,0.0,0.0,0.0
2107258,Cerrado,1.0,0.0,0.0,1.0,0.0,0.0,0.0
2107308,Cerrado,1.0,0.0,0.0,1.0,0.0,0.0,0.0
2107357,Amazônia,1.0,1.0,0.0,0.0,0.0,0.0,0.0
2107407,Amazônia,1.0,1.0,0.0,0.0,0.0,0.0,0.0
2107456,Amazônia,1.0,1.0,0.0,0.0,0.0,0.0,0.0
2107506,Amazônia,1.0,1.0,0.0,0.0,0.0,0.0,0.0
2107605,Amazônia,1.0,1.0,0.0,0.0,0.0,0.0,0.0
2107704,Cerrado,1.0,0.0,0.0,1.0,0.0,0.0,0.0
2107803,Cerrado,1.0,0.0,0.0,1.0,0.0,0.0,0.0
2107902,Cerrado,1.0,0.0,0.0,1.0,0.0,0.0,0.0
2108009,Cerrado,1.0,0.0,0.0,1.0,0.0,0.0,0.0
2108058,Cerrado,1.0,0.0,0.0,1.0,0.0,0.0,0.0
2108108,Amazônia,0.65,0.65,0.0,0.35,0.0,0.0,0.0
2108207,Cerrado,1.0,0.0,0.0,1.0,0.0,0.0,0.0
2108256,Amazônia,1.0,1.0,0.0,0.0,0.0,0.0,0.0
2108306,Amazônia,1.0,1.0,0.0,0.0,0.0,0.0,0.0
2108405,Amazônia,1.0,1.0,0.0,0.0,0.0,0.0,0.0
2108454,Cerrado,1.0,0.0,0.0,1.0,0.0,0.0,0.0
2108504,Amazônia,1.0,1.0,0.0,0.0,0.0,0.0,0.0
2108603,Amazônia,1.0,1.0,0.0,0.0,0.0,0.0,0.0
2108702,Amazônia,1.0,1.0,0.0,0.0,0.0,0.0,0.0
2108801,Cerrado,1.0,0.0,0.0,1.0,0.0,0.0,0.0
2108900,Cerrado,1.0,0.0,0.0,1.0,0.0,0.0,0.0
2109007,Cerrado,1.0,0.0,0.0,1.0,0.0,0.0,0.0
2109056,Amazônia,1.0,1.0,0.0,0.0,0.0,0.0,0.0
2109106,Cerrado,1.0,0.0,0.0,1.0,0.0,0.0,0.0
2109205,Amazônia,0.991,0.991,0.0,0.009,0.0,0.0,0.0
2109239,Amazônia,1.0,1.0,0.0,0.0,0.0,0.0,0.0
2109270,Amazônia,1.0,1.0,0.0,0.0,0.0,0.0,0.0
2109304,Cerrado,0.93,0.07,0.0,0.93,0.0,0.0,0.0
2109403,Cerrado,0.981,0.019,0.0,0.981,0.0,0.0,0.0
2109452,Amazônia,1.0,1.0,0.0,0.0,0.0,0.0,0.0
2109502,Cerrado,1.0,0.0,0.0,1.0,0.0,0.0,0.0
2109551,Cerrado,1.0,0.0,0.0,1.0,0.0,0.0,0.0
2109601,Amazônia,1.0,1.0,0.0,0.0,0.0,0.0,0.0
2109700,Cerrado,1.0,0.0,0.0,1.0,0.0,0.0,0.0
2109759,Cerrado,1.0,0.0,0.0,1.0,0.0,0.0,0.0
2109809,Amazônia,1.0,1.0,0.0,0.0,0.0,0.0,0.0
2109908,Amazônia,1.0,1.0,0.0,0.0,0.0,0.0,0.0
2110005,Amazônia,1.0,1.0,0.0,0.0,0.0,0.0,0.0
2110039,Amazônia,1.0,1.0,0.0,0.0,0.0,0.0,0.0
2110104,Cerrado,1.0,0.0,0.0,1.0,0.0,0.0,0.0
2110203,Amazônia,0.897,0.897,0.0,0.103,0.0,0.0,0.0
2110237,Cerrado,1.0,0.0,0.0,1.0,0.0,0.0,0.0
2110278,Cerrado,1.0,0.0,0.0,1.0,0.0,0.0,0.0
2110302,Cerrado,1.0,0.0,0.0,1.0,0.0,0.0,0.0
2110401,Cerrado,1.0,0.0,0.0,1.0,0.0,0.0,0.0
2110500,Amazônia,1.0,1.0,0.0,0.0,0.0,0.0,0.0
2110609,Cerrado,1.0,0.0,0.0,1.0,0.0,0.0,0.0
2110658,Cerrado,1.0,0.0,0.0,1.0,0.0,0.0,0.0
2110708,Cerrado,1.0,0.0,0.0,1.0,0.0,0.0,0.0
2110807,Cerrado,1.0,0.0,0.0,1.0,0.0,0.0,0.0
2110856,Amazônia,0.999,0.999,0.0,0.001,0.0,0.0,0.0
2110906,Cerrado,1.0,0.0,0.0,1.0,0.0,0.0,0.0
2111003,Amazônia,1.0,1.0,0.0,0.0,0.0,0.0,0.0
2111029,Amazônia,1.0,1.0,0.0,0.0,0.0,0.0,0.0
2111052,Cerrado,1.0,0.0,0.0,1.0,0.0,0.0,0.0
2111078,Cerrado,1.0,0.0,0.0,1.0,0.0,0.0,0.0
2111102,Cerrado,1.0,0.0,0.0,1.0,0.0,0.0,0.0
2111201,Amazônia,1.0,1.0,0.0,0.0,0.0,0.0,0.0
2111250,Cerrado,1.0,0.0,0.0,1.0,0.0,0.0,0.0
2111300,Amazônia,1.0,1.0,0.0,0.0,0.0,0.0,0.0
2111409,Cerrado,0.946,0.054,0.0,0.946,0.0,0.0,0.0
2111508,Cerrado,0.872,0.128,0.0,0.872,0.0,0.0,0.0
2111532,Amazônia,1.0,1.0,0.0,0.0,0.0,0.0,0.0
2111573,Cerrado,1.0,0.0,0.0,1.0,0.0,0.0,0.0
2111607,Cerrado,1.0,0.0,0.0,1.0,0.0,0.0,0.0
2111631,Cerrado,1.0,0.0,0.0,1.0,0.0,0.0,0.0
2111672,Cerrado,1.0,0.0,0.0,1.0,0.0,0.0,0.0
2111706,Amazônia,1.0,1.0,0.0,0.0,0.0,0.0,0.0
2111722,Amazônia,1.0,1.0,0.0,0.0,0.0,0.0,0.0
2111748,Cerrado,1.0,0.0,0.0,1.0,0.0,0.0,0.0
2111763,Amazônia,0.536,0.536,0.0,0.464,0.0,0.0,0.0
2111789,Amazônia,1.0,1.0,0.0,0.0,0.0,0.0,0.0
2111805,Cerrado,1.0,0.0,0.0,1.0,0.0,0.0,0.0
2111904,Cerrado,1.0,0.0,0.0,1.0,0.0,0.0,0.0
2111953,Cerrado,1.0,0.0,0.0,1.0,0.0,0.0,0.0
2112001,Cerrado,1.0,0.0,0.0,1.0,0.0,0.0,0.0
2112100,Cerrado,1.0,0.0,0.0,1.0,0.0,0.0,0.0
2112209,Cerrado,1.0,0.0,0.0,1.0,0.0,0.0,0.0
2112233,Cerrado,1.0,0.0,0.0,1.0,0.0,0.0,0.0
2112274,Amazônia,1.0,1.0,0.0,0.0,0.0,0.0,0.0
2112308,Cerrado,1.0,0.0,0.0,1.0,0.0,0.0,0.0
2112407,Amazônia,1.0,1.0,0.0,0.0,0.0,0.0,0.0
2112456,Amazônia,1.0,1.0,0.0,0.0,0.0,0.0,0.0
2112506,Cerrado,1.0,0.0,0.0,1.0,0.0,0.0,0.0
2112605,Cerrado,1.0,0.0,0.0,1.0,0.0,0.0,0.0
2112704,Cerrado,1.0,0.0,0.0,1.0,0.0,0.0,0.0
2112803,Amazônia,1.0,1.0,0.0,0.0,0.0,0.0,0.0
2112852,Amazônia,1.0,1.0,0.0,0.0,0.0,0.0,0.0
2112902,Amazônia,1.0,1.0,0.0,0.0,0.0,0.0,0.0
2113009,Amazônia,1.0,1.0,0.0,0.0,0.0,0.0,0.0
2114007,Amazônia,1.0,1.0,0.0,0.0,0.0,0.0,0.0
2200053,Caatinga,1.0,0.0,1.0,0.0,0.0,0.0,0.0
2200103,Cerrado,1.0,0.0,0.0,1.0,0.0,0.0,0.0
2200202,Cerrado,1.0,0.0,0.0,1.0,0.0,0.0,0.0
2200251,Caatinga,1.0,0.0,1.0,0.0,0.0,0.0,0.0
2200277,Caatinga,1.0,0.0,1.0,0.0,0.0,0.0,0.0
2200301,Cerrado,1.0,0.0,0.0,1.0,0.0,0.0,0.0
2200400,Cerrado,1.0,0.0,0.0,1.0,0.0,0.0,0.0
2200459,Caatinga,0.616,0.0,0.616,0.384,0.0,0.0,0.0
2200509,Cerrado,0.602,0.0,0.398,0.602,0.0,0.0,0.0
2200608,Cerrado,1.0,0.0,0.0,1.0,0.0,0.0,0.0
2200707,Caatinga,1.0,0.0,1.0,0.0,0.0,0.0,0.0
2200806,Cerrado,1.0,0.0,0.0,1.0,0.0,0.0,0.0
2200905,Cerrado,1.0,0.0,0.0,1.0,0.0,0.0,0.0
2200954,Caatinga,1.0,0.0,1.0,0.0,0.0,0.0,0.0
2201002,Caatinga,0.973,0.0,0.973,0.027,0.0,0.0,0.0
2201051,Caatinga,1.0,0.0,1.0,0.0,0.0,0.0,0.0
2201101,Caatinga,1.0,0.0,1.0,0.0,0.0,0.0,0.0
2201150,Cerrado,1.0,0.0,0.0,1.0,0.0,0.0,0.0
2201176,Cerrado,1.0,0.0,0.0,1.0,0.0,0.0,0.0
2201200,Cerrado,1.0,0.0,0.0,1.0,0.0,0.0,0.0
2201309,Cerrado,1.0,0.0,0.0,1.0,0.0,0.0,0.0
2201408,Cerrado,1.0,0.0,0.0,1.0,0.0,0.0,0.0
2201507,Cerrado,1.0,0.0,0.0,1.0,0.0,0.0,0.0
2201556,Caatinga,1.0,0.0,1.0,0.0,0.0,0.0,0.0
2201572,Caatinga,1.0,0.0,1.0,0.0,0.0,0.0,0.0
2201606,Cerrado,1.0,0.0,0.0,1.0,0.0,0.0,0.0
2201705,Cerrado,1.0,0.0,0.0,1.0,0.0,0.0,0.0
2201739,Caatinga,1.0,0.0,1.0,0.0,0.0,0.0,0.0
2201770,Cerrado,1.0,0.0,0.0,1.0,0.0,0.0,0.0
2201804,Caatinga,1.0,0.0,1.0,0.0,0.0,0.0,0.0
2201903,Cerrado,0.839,0.0,0.161,0.839,0.0,0.0,0.0
2201919,Caatinga,1.0,0.0,1.0,0.0,0.0,0.0,0.0
2201929,Caatinga,1.0,0.0,1.0,0.0,0.0,0.0,0.0
2201945,Cerrado,1.0,0.0,0.0,1.0,0.0,0.0,0.0
2201960,Cerrado,0.63,0.0,0.37,0.63,0.0,0.0,0.0
2201988,Caatinga,1.0,0.0,1.0,0.0,0.0,0.0,0.0
2202000,Cerrado,0.692,0.0,0.308,0.692,0.0,0.0,0.0
2202026,Caatinga,1.0,0.0,1.0,0.0,0.0,0.0,0.0
2202059,Cerrado,1.0,0.0,0.0,1.0,0.0,0.0,0.0
2202075,Caatinga,1.0,0.0,1.0,0.0,0.0,0.0,0.0
2202083,Caatinga,1.0,0.0,1.0,0.0,0.0,0.0,0.0
2202091,Caatinga,1.0,0.0,1.0,0.0,0.0,0.0,0.0
2202109,Caatinga,1.0,0.0,1.0,0.0,0.0,0.0,0.0
2202117,Caatinga,1.0,0.0,1.0,0.0,0.0,0.0,0.0
2202133,Caatinga,1.0,0.0,1.0,0.0,0.0,0.0,0.0
2202174,Cerrado,1.0,0.0,0.0,1.0,0.0,0.0,0.0
2202208,Cerrado,1.0,0.0,0.0,1.0,0.0,0.0,0.0
2202251,Caatinga,0.515,0.0,0.515,0.485,0.0,0.0,0.0
2202307,Caatinga,1.0,0.0,1.0,0.0,0.0,0.0,0.0
2202406,Cerrado,1.0,0.0,0.0,1.0,0.0,0.0,0.0
2202455,Caatinga,1.0,0.0,1.0,0.0,0.0,0.0,0.0
2202505,Caatinga,1.0,0.0,1.0,0.0,0.0,0.0,0.0
2202539,Cerrado,1.0,0.0,0.0,1.0,0.0,0.0,0.0
2202554,Caatinga,1.0,0.0,1.0,0.0,0.0,0.0,0.0
2202604,Cerrado,0.771,0.0,0.229,0.771,0.0,0.0,0.0
2202653,Cerrado,1.0,0.0,0.0,1.0,0.0,0.0,0.0
2202703,Caatinga,0.644,0.0,0.644,0.356,0.0,0.0,0.0
2202711,Cerrado,1.0,0.0,0.0,1.0,0.0,0.0,0.0
2202729,Caatinga,0.901,0.0,0.901,0.099,0.0,0.0,0.0
2202737,Cerrado,1.0,0.0,0.0,1.0,0.0,0.0,0.0
2202752,Caatinga,0.947,0.0,0.947,0.053,0.0,0.0,0.0
2202778,Caatinga,1.0,0.0,1.0,0.0,0.0,0.0,0.0
2202802,Caatinga,1.0,0.0,1.0,0.0,0.0,0.0,0.0
2202851,Caatinga,1.0,0.0,1.0,0.0,0.0,0.0,0.0
2202901,Cerrado,0.983,0.0,0.017,0.983,0.0,0.0,0.0
2203008,Cerrado,0.999,0.0,0.001,0.999,0.0,0.0,0.0
2203107,Cerrado,0.828,0.0,0.172,0.828,0.0,0.0,0.0
2203206,Caatinga,0.911,0.0,0.911,0.089,0.0,0.0,0.0
2203230,Cerrado,1.0,0.0,0.0,1.0,0.0,0.0,0.0
2203255,Cerrado,1.0,0.0,0.0,1.0,0.0,0.0,0.0
2203271,Caatinga,1.0,0.0,1.0,0.0,0.0,0.0,0.0
2203305,Cerrado,1.0,0.0,0.0,1.0,0.0,0.0,0.0
2203354,Caatinga,1.0,0.0,1.0,0.0,0.0,0.0,0.0
2203404,Caatinga,1.0,0.0,1.0,0.0,0.0,0.0,0.0
2203420,Caatinga,1.0,0.0,1.0,0.0,0.0,0.0,0.0
2203453,Caatinga,1.0,0.0,1.0,0.0,0.0,0.0,0.0
2203503,Cerrado,1.0,0.0,0.0,1.0,0.0,0.0,0.0
2203602,Caatinga,0.811,0.0,0.811,0.189,0.0,0.0,0.0
2203701,Cerrado,1.0,0.0,0.0,1.0,0.0,0.0,0.0
2203750,Caatinga,1.0,0.0,1.0,0.0,0.0,0.0,0.0
2203800,Caatinga,0.713,0.0,0.713,0.287,0.0,0.0,0.0
2203859,Caatinga,1.0,0.0,1.0,0.0,0.0,0.0,0.0
2203909,Cerrado,0.993,0.0,0.007,0.993,0.0,0.0,0.0
2204006,Cerrado,1.0,0.0,0.0,1.0,0.0,0.0,0.0
2204105,Caatinga,0.86,0.0,0.86,0.14,0.0,0.0,0.0
2204154,Caatinga,1.0,0.0,1.0,0.0,0.0,0.0,0.0
2204204,Caatinga,1.0,0.0,1.0,0.0,0.0,0.0,0.0
2204303,Caatinga,1.0,0.0,1.0,0.0,0.0,0.0,0.0
2204352,Caatinga,1.0,0.0,1.0,0.0,0.0,0.0,0.0
2204402,Cerrado,1.0,0.0,0.0,1.0,0.0,0.0,0.0
2204501,Cerrado,1.0,0.0,0.0,1.0,0.0,0.0,0.0
2204550,Caatinga,0.891,0.0,0.891,0.109,0.0,0.0,0.0
2204600,Cerrado,1.0,0.0,0.0,1.0,0.0,0.0,0.0
2204659,Caatinga,0.957,0.0,0.957,0.043,0.0,0.0,0.0
2204709,Caatinga,0.715,0.0,0.715,0.285,0.0,0.0,0.0
2204808,Caatinga,0.797,0.0,0.797,0.203,0.0,0.0,0.0
2204907,Caatinga,1.0,0.0,1.0,0.0,0.0,0.0,0.0
2205003,Caatinga,1.0,0.0,1.0,0.0,0.0,0.0,0.0
2205102,Cerrado,0.616,0.0,0.384,0.616,0.0,0.0,0.0
2205151,Caatinga,1.0,0.0,1.0,0.0,0.0,0.0,0.0
2205201,Caatinga,1.0,0.0,1.0,0.0,0.0,0.0,0.0
2205250,Cerrado,1.0,0.0,0.0,1.0,0.0,0.0,0.0
2205276,Cerrado,1.0,0.0,0.0,1.0,0.0,0.0,0.0
2205300,Cerrado,1.0,0.0,0.0,1.0,0.0,0.0,0.0
2205359,Caatinga,1.0,0.0,1.0,0.0,0.0,0.0,0.0
2205409,Cerrado,1.0,0.0,0.0,1.0,0.0,0.0,0.0
2205458,Cerrado,1.0,0.0,0.0,1.0,0.0,0.0,0.0
2205508,Cerrado,1.0,0.0,0.0,1.0,0.0,0.0,0.0
2205516,Cerrado,0.752,0.0,0.248,0.752,0.0,0.0,0.0
2205524,Caatinga,0.932,0.0,0.932,0.068,0.0,0.0,0.0
2205532,Caatinga,1.0,0.0,1.0,0.0,0.0,0.0,0.0
2205540,Cerrado,1.0,0.0,0.0,1.0,0.0,0.0,0.0
2205557,Cerrado,1.0,0.0,0.0,1.0,0.0,0.0,0.0
2205565,Caatinga,1.0,0.0,1.0,0.0,0.0,0.0,0.0
2205573,Caatinga,0.999,0.0,0.999,0.001,0.0,0.0,0.0
2205581,Cerrado,1.0,0.0,0.0,1.0,0.0,0.0,0.0
2205599,Caatinga,0.962,0.0,0.962,0.038,0.0,0.0,0.0
2205607,Cerrado,1.0,0.0,0.0,1.0,0.0,0.0,0.0
2205706,Caatinga,1.0,0.0,1.0,0.0,0.0,0.0,0.0
2205805,Cerrado,1.0,0.0,0.0,1.0,0.0,0.0,0.0
2205854,Cerrado,1.0,0.0,0.0,1.0,0.0,0.0,0.0
2205904,Cerrado,0.626,0.0,0.374,0.626,0.0,0.0,0.0
2205953,Caatinga,1.0,0.0,1.0,0.0,0.0,0.0,0.0
2206001,Cerrado,1.0,0.0,0.0,1.0,0.0,0.0,0.0
2206050,Caatinga,1.0,0.0,1.0,0.0,0.0,0.0,0.0
2206100,Cerrado,1.0,0.0,0.0,1.0,0.0,0.0,0.0
2206209,Cerrado,1.0,0.0,0.0,1.0,0.0,0.0,0.0
2206308,Cerrado,1.0,0.0,0.0,1.0,0.0,0.0,0.0
2206357,Caatinga,0.529,0.0,0.529,0.471,0.0,0.0,0.0
2206407,Cerrado,1.0,0.0,0.0,1.0,0.0,0.0,0.0
2206506,Caatinga,1.0,0.0,1.0,0.0,0.0,0.0,0.0
2206605,Cerrado,1.0,0.0,0.0,1.0,0.0,0.0,0.0
2206654,Caatinga,0.824,0.0,0.824,0.176,0.0,0.0,0.0
2206670,Cerrado,1.0,0.0,0.0,1.0,0.0,0.0,0.0
2206696,Cerrado,1.0,0.0,0.0,1.0,0.0,0.0,0.0
2206704,Cerrado,0.531,0.0,0.469,0.531,0.0,0.0,0.0
2206720,Cerrado,1.0,0.0,0.0,1.0,0.0,0.0,0.0
2206753,Cerrado,1.0,0.0,0.0,1.0,0.0,0.0,0.0
2206803,Cerrado,1.0,0.0,0.0,1.0,0.0,0.0,0.0
2206902,Cerrado,0.994,0.0,0.006,0.994,0.0,0.0,0.0
2206951,Cerrado,1.0,0.0,0.0,1.0,0.0,0.0,0.0
2207009,Caatinga,0.901,0.0,0.901,0.099,0.0,0.0,0.0
2207108,Cerrado,1.0,0.0,0.0,1.0,0.0,0.0,0.0
2207207,Caatinga,1.0,0.0,1.0,0.0,0.0,0.0,0.0
2207306,Caatinga,1.0,0.0,1.0,0.0,0.0,0.0,0.0
2207355,Caatinga,1.0,0.0,1.0,0.0,0.0,0.0,0.0
2207405,Cerrado,1.0,0.0,0.0,1.0,0.0,0.0,0.0
2207504,Cerrado,1.0,0.0,0.0,1.0,0.0,0.0,0.0
2207553,Caatinga,1.0,0.0,1.0,0.0,0.0,0.0,0.0
2207603,Caatinga,0.801,0.0,0.801,0.199,0.0,0.0,0.0
2207702,Caatinga,0.984,0.0,0.984,0.016,0.0,0.0,0.0
2207751,Cerrado,1.0,0.0,0.0,1.0,0.0,0.0,0.0
2207777,Caatinga,1.0,0.0,1.0,0.0,0.0,0.0,0.0
2207793,Cerrado,1.0,0.0,0.0,1.0,0.0,0.0,0.0
2207801,Caatinga,1.0,0.0,1.0,0.0,0.0,0.0,0.0
2207850,Caatinga,1.0,0.0,1.0,0.0,0.0,0.0,0.0
2207900,Caatinga,0.697,0.0,0.697,0.303,0.0,0.0,0.0
2207934,Caatinga,1.0,0.0,1.0,0.0,0.0,0.0,0.0
2207959,Caatinga,1.0,0.0,1.0,0.0,0.0,0.0,0.0
2208007,Caatinga,1.0,0.0,1.0,0.0,0.0,0.0,0.0
2208106,Caatinga,0.913,0.0,0.913,0.087,0.0,0.0,0.0
2208205,Caatinga,1.0,0.0,1.0,0.0,0.0,0.0,0.0
2208304,Cerrado,0.779,0.0,0.221,0.779,0.0,0.0,0.0
2208403,Cerrado,0.834,0.0,0.166,0.834,0.0,0.0,0.0
2208502,Cerrado,1.0,0.0,0.0,1.0,0.0,0.0,0.0
2208551,Cerrado,1.0,0.0,0.0,1.0,0.0,0.0,0.0
2208601,Cerrado,1.0,0.0,0.0,1.0,0.0,0.0,0.0
2208650,Caatinga,1.0,0.0,1.0,0.0,0.0,0.0,0.0
2208700,Cerrado,0.808,0.0,0.192,0.808,0.0,0.0,0.0
2208809,Cerrado,0.802,0.0,0.198,0.802,0.0,0.0,0.0
2208858,Cerrado,0.987,0.0,0.013,0.987,0.0,0.0,0.0
2208874,Caatinga,0.917,0.0,0.917,0.083,0.0,0.0,0.0
2208908,Cerrado,1.0,0.0,0.0,1.0,0.0,0.0,0.0
2209005,Caatinga,1.0,0.0,1.0,0.0,0.0,0.0,0.0
2209104,Caatinga,1.0,0.0,1.0,0.0,0.0,0.0,0.0
2209153,Cerrado,1.0,0.0,0.0,1.0,0.0,0.0,0.0
2209203,Cerrado,1.0,0.0,0.0,1.0,0.0,0.0,0.0
2209302,Cerrado,0.821,0.0,0.179,0.821,0.0,0.0,0.0
2209351,Caatinga,1.0,0.0,1.0,0.0,0.0,0.0,0.0
2209377,Caatinga,0.982,0.0,0.982,0.018,0.0,0.0,0.0
2209401,Caatinga,1.0,0.0,1.0,0.0,0.0,0.0,0.0
2209450,Cerrado,1.0,0.0,0.0,1.0,0.0,0.0,0.0
2209500,Caatinga,1.0,0.0,1.0,0.0,0.0,0.0,0.0
2209559,Caatinga,1.0,0.0,1.0,0.0,0.0,0.0,0.0
2209609,Cerrado,1.0,0.0,0.0,1.0,0.0,0.0,0.0
2209658,Caatinga,1.0,0.0,1.0,0.0,0.0,0.0,0.0
2209708,Caatinga,0.983,0.0,0.983,0.017,0.0,0.0,0.0
2209757,Cerrado,1.0,0.0,0.0,1.0,0.0,0.0,0.0
2209807,Cerrado,1.0,0.0,0.0,1.0,0.0,0.0,0.0
2209856,Caatinga,1.0,0.0,1.0,0.0,0.0,0.0,0.0
2209872,Caatinga,1.0,0.0,1.0,0.0,0.0,0.0,0.0
2209906,Cerrado,1.0,0.0,0.0,1.0,0.0,0.0,0.0
2209955,Caatinga,1.0,0.0,1.0,0.0,0.0,0.0,0.0
2209971,Cerrado,1.0,0.0,0.0,1.0,0.0,0.0,0.0
2210003,Caatinga,1.0,0.0,1.0,0.0,0.0,0.0,0.0
2210052,Cerrado,1.0,0.0,0.0,1.0,0.0,0.0,0.0
2210102,Caatinga,0.723,0.0,0.723,0.277,0.0,0.0,0.0
2210201,Caatinga,1.0,0.0,1.0,0.0,0.0,0.0,0.0
2210300,Caatinga,1.0,0.0,1.0,0.0,0.0,0.0,0.0
2210359,Caatinga,1.0,0.0,1.0,0.0,0.0,0.0,0.0
2210375,Caatinga,1.0,0.0,1.0,0.0,0.0,0.0,0.0
2210383,Cerrado,1.0,0.0,0.0,1.0,0.0,0.0,0.0
2210391,Caatinga,1.0,0.0,1.0,0.0,0.0,0.0,0.0
2210409,Cerrado,0.516,0.0,0.484,0.516,0.0,0.0,0.0
2210508,Cerrado,1.0,0.0,0.0,1.0,0.0,0.0,0.0
2210607,Caatinga,1.0,0.0,1.0,0.0,0.0,0.0,0.0
2210623,Cerrado,0.845,0.0,0.155,0.845,0.0,0.0,0.0
2210631,Cerrado,1.0,0.0,0.0,1.0,0.0,0.0,0.0
2210656,Cerrado,1.0,0.0,0.0,1.0,0.0,0.0,0.0
2210706,Caatinga,1.0,0.0,1.0,0.0,0.0,0.0,0.0
2210805,Caatinga,1.0,0.0,1.0,0.0,0.0,0.0,0.0
2210904,Caatinga,1.0,0.0,1.0,0.0,0.0,0.0,0.0
2210938,Caatinga,1.0,0.0,1.0,0.0,0.0,0.0,0.0
2210953,Caatinga,1.0,0.0,1.0,0.0,0.0,0.0,0.0
2210979,Cerrado,0.51,0.0,0.49,0.51,0.0,0.0,0.0
2211001,Cerrado,1.0,0.0,0.0,1.0,0.0,0.0,0.0
2211100,Cerrado,1.0,0.0,0.0,1.0,0.0,0.0,0.0
2211209,Cerrado,1.0,0.0,0.0,1.0,0.0,0.0,0.0
2211308,Cerrado,0.895,0.0,0.105,0.895,0.0,0.0,0.0
2211357,Caatinga,1.0,0.0,1.0,0.0,0.0,0.0,0.0
2211407,Cerrado,1.0,0.0,0.0,1.0,0.0,0.0,0.0
2211506,Caatinga,1.0,0.0,1.0,0.0,0.0,0.0,0.0
2211605,Caatinga,1.0,0.0,1.0,0.0,0.0,0.0,0.0
2211704,Caatinga,1.0,0.0,1.0,0.0,0.0,0.0,0.0
2300101,Caatinga,1.0,0.0,1.0,0.0,0.0,0.0,0.0
2300150,Caatinga,1.0,0.0,1.0,0.0,0.0,0.0,0.0
2300200,Caatinga,1.0,0.0,1.0,0.0,0.0,0.0,0.0
2300309,Caatinga,1.0,0.0,1.0,0.0,0.0,0.0,0.0
2300408,Caatinga,1.0,0.0,1.0,0.0,0.0,0.0,0.0
2300507,Caatinga,1.0,0.0,1.0,0.0,0.0,0.0,0.0
2300606,Caatinga,1.0,0.0,1.0,0.0,0.0,0.0,0.0
2300705,Caatinga,1.0,0.0,1.0,0.0,0.0,0.0,0.0
2300754,Caatinga,1.0,0.0,1.0,0.0,0.0,0.0,0.0
2300804,Caatinga,1.0,0.0,1.0,0.0,0.0,0.0,0.0
2300903,Caatinga,1.0,0.0,1.0,0.0,0.0,0.0,0.0
2301000,Caatinga,1.0,0.0,1.0,0.0,0.0,0.0,0.0
2301109,Caatinga,1.0,0.0,1.0,0.0,0.0,0.0,0.0
2301208,Caatinga,1.0,0.0,1.0,0.0,0.0,0.0,0.0
2301257,Caatinga,1.0,0.0,1.0,0.0,0.0,0.0,0.0
2301307,Caatinga,1.0,0.0,1.0,0.0,0.0,0.0,0.0
2301406,Caatinga,1.0,0.0,1.0,0.0,0.0,0.0,0.0
2301505,Caatinga,1.0,0.0,1.0,0.0,0.0,0.0,0.0
2301604,Caatinga,1.0,0.0,1.0,0.0,0.0,0.0,0.0
2301703,Caatinga,1.0,0.0,1.0,0.0,0.0,0.0,0.0
2301802,Caatinga,1.0,0.0,1.0,0.0,0.0,0.0,0.0
2301851,Caatinga,1.0,0.0,1.0,0.0,0.0,0.0,0.0
2301901,Caatinga,1.0,0.0,1.0,0.0,0.0,0.0,0.0
2301950,Caatinga,1.0,0.0,1.0,0.0,0.0,0.0,0.0
2302008,Caatinga,1.0,0.0,1.0,0.0,0.0,0.0,0.0
2302057,Caatinga,1.0,0.0,1.0,0.0,0.0,0.0,0.0
2302107,Caatinga,1.0,0.0,1.0,0.0,0.0,0.0,0.0
2302206,Caatinga,1.0,0.0,1.0,0.0,0.0,0.0,0.0
2302305,Caatinga,1.0,0.0,1.0,0.0,0.0,0.0,0.0
2302404,Caatinga,1.0,0.0,1.0,0.0,0.0,0.0,0.0
2302503,Caatinga,1.0,0.0,1.0,0.0,0.0,0.0,0.0
2302602,Caatinga,1.0,0.0,1.0,0.0,0.0,0.0,0.0
2302701,Caatinga,1.0,0.0,1.0,0.0,0.0,0.0,0.0
2302800,Caatinga,1.0,0.0,1.0,0.0,0.0,0.0,0.0
2302909,Caatinga,1.0,0.0,1.0,0.0,0.0,0.0,0.0
2303006,Caatinga,1.0,0.0,1.0,0.0,0.0,0.0,0.0
2303105,Caatinga,1.0,0.0,1.0,0.0,0.0,0.0,0.0
2303204,Caatinga,1.0,0.0,1.0,0.0,0.0,0.0,0.0
2303303,Caatinga,1.0,0.0,1.0,0.0,0.0,0.0,0.0
2303402,Caatinga,1.0,0.0,1.0,0.0,0.0,0.0,0.0
2303501,Caatinga,1.0,0.0,1.0,0.0,0.0,0.0,0.0
2303600,Caatinga,1.0,0.0,1.0,0.0,0.0,0.0,0.0
2303659,Caatinga,1.0,0.0,1.0,0.0,0.0,0.0,0.0
2303709,Caatinga,1.0,0.0,1.0,0.0,0.0,0.0,0.0
2303808,Caatinga,1.0,0.0,1.0,0.0,0.0,0.0,0.0
2303907,Caatinga,1.0,0.0,1.0,0.0,0.0,0.0,0.0
2303931,Caatinga,1.0,0.0,1.0,0.0,0.0,0.0,0.0
2303956,Caatinga,1.0,0.0,1.0,0.0,0.0,0.0,0.0
2304004,Caatinga,1.0,0.0,1.0,0.0,0.0,0.0,0.0
2304103,Caatinga,1.0,0.0,1.0,0.0,0.0,0.0,0.0
2304202,Caatinga,1.0,0.0,1.0,0.0,0.0,0.0,0.0
2304236,Caatinga,1.0,0.0,1.0,0.0,0.0,0.0,0.0
2304251,Caatinga,1.0,0.0,1.0,0.0,0.0,0.0,0.0
2304269,Caatinga,1.0,0.0,1.0,0.0,0.0,0.0,0.0
2304277,Caatinga,1.0,0.0,1.0,0.0,0.0,0.0,0.0
2304285,Caatinga,1.0,0.0,1.0,0.0,0.0,0.0,0.0
2304301,Caatinga,1.0,0.0,1.0,0.0,0.0,0.0,0.0
2304350,Caatinga,1.0,0.0,1.0,0.0,0.0,0.0,0.0
2304400,Caatinga,1.0,0.0,1.0,0.0,0.0,0.0,0.0
2304459,Caatinga,1.0,0.0,1.0,0.0,0.0,0.0,0.0
2304509,Caatinga,1.0,0.0,1.0,0.0,0.0,0.0,0.0
2304608,Caatinga,1.0,0.0,1.0,0.0,0.0,0.0,0.0
2304657,Caatinga,1.0,0.0,1.0,0.0,0.0,0.0,0.0
2304707,Caatinga,1.0,0.0,1.0,0.0,0.0,0.0,0.0
2304806,Caatinga,1.0,0.0,1.0,0.0,0.0,0.0,0.0
2304905,Caatinga,1.0,0.0,1.0,0.0,0.0,0.0,0.0
2304954,Caatinga,1.0,0.0,1.0,0.0,0.0,0.0,0.0
2305001,Caatinga,1.0,0.0,1.0,0.0,0.0,0.0,0.0
2305100,Caatinga,1.0,0.0,1.0,0.0,0.0,0.0,0.0
2305209,Caatinga,1.0,0.0,1.0,0.0,0.0,0.0,0.0
2305233,Caatinga,1.0,0.0,1.0,0.0,0.0,0.0,0.0
2305266,Caatinga,1.0,0.0,1.0,0.0,0.0,0.0,0.0
2305308,Caatinga,1.0,0.0,1.0,0.0,0.0,0.0,0.0
2305332,Caatinga,1.0,0.0,1.0,0.0,0.0,0.0,0.0
2305357,Caatinga,1.0,0.0,1.0,0.0,0.0,0.0,0.0
2305407,Caatinga,1.0,0.0,1.0,0.0,0.0,0.0,0.0
2305506,Caatinga,1.0,0.0,1.0,0.0,0.0,0.0,0.0
2305605,Caatinga,1.0,0.0,1.0,0.0,0.0,0.0,0.0
2305654,Caatinga,1.0,0.0,1.0,0.0,0.0,0.0,0.0
2305704,Caatinga,1.0,0.0,1.0,0.0,0.0,0.0,0.0
2305803,Caatinga,1.0,0.0,1.0,0.0,0.0,0.0,0.0
2305902,Caatinga,1.0,0.0,1.0,0.0,0.0,0.0,0.0
2306009,Caatinga,1.0,0.0,1.0,0.0,0.0,0.0,0.0
2306108,Caatinga,1.0,0.0,1.0,0.0,0.0,0.0,0.0
2306207,Caatinga,1.0,0.0,1.0,0.0,0.0,0.0,0.0
2306256,Caatinga,1.0,0.0,1.0,0.0,0.0,0.0,0.0
2306306,Caatinga,1.0,0.0,1.0,0.0,0.0,0.0,0.0
2306405,Caatinga,1.0,0.0,1.0,0.0,0.0,0.0,0.0
2306504,Caatinga,1.0,0.0,1.0,0.0,0.0,0.0,0.0
2306553,Caatinga,1.0,0.0,1.0,0.0,0.0,0.0,0.0
2306603,Caatinga,1.0,0.0,1.0,0.0,0.0,0.0,0.0
2306702,Caatinga,1.0,0.0,1.0,0.0,0.0,0.0,0.0
2306801,Caatinga,1.0,0.0,1.0,0.0,0.0,0.0,0.0
2306900,Caatinga,1.0,0.0,1.0,0.0,0.0,0.0,0.0
2307007,Caatinga,1.0,0.0,1.0,0.0,0.0,0.0,0.0
2307106,Caatinga,1.0,0.0,1.0,0.0,0.0,0.0,0.0
2307205,Caatinga,1.0,0.0,1.0,0.0,0.0,0.0,0.0
2307254,Caatinga,1.0,0.0,1.0,0.0,0.0,0.0,0.0
2307304,Caatinga,1.0,0.0,1.0,0.0,0.0,0.0,0.0
2307403,Caatinga,1.0,0.0,1.0,0.0,0.0,0.0,0.0
2307502,Caatinga,1.0,0.0,1.0,0.0,0.0,0.0,0.0
2307601,Caatinga,1.0,0.0,1.0,0.0,0.0,0.0,0.0
2307635,Caatinga,1.0,0.0,1.0,0.0,0.0,0.0,0.0
2307650,Caatinga,1.0,0.0,1.0,0.0,0.0,0.0,0.0
2307700,Caatinga,1.0,0.0,1.0,0.0,0.0,0.0,0.0
2307809,Caatinga,1.0,0.0,1.0,0.0,0.0,0.0,0.0
2307908,Caatinga,1.0,0.0,1.0,0.0,0.0,0.0,0.0
2308005,Caatinga,1.0,0.0,1.0,0.0,0.0,0.0,0.0
2308104,Caatinga,1.0,0.0,1.0,0.0,0.0,0.0,0.0
2308203,Caatinga,1.0,0.0,1.0,0.0,0.0,0.0,0.0
2308302,Caatinga,1.0,0.0,1.0,0.0,0.0,0.0,0.0
2308351,Caatinga,1.0,0.0,1.0,0.0,0.0,0.0,0.0
2308377,Caatinga,1.0,0.0,1.0,0.0,0.0,0.0,0.0
2308401,Caatinga,1.0,0.0,1.0,0.0,0.0,0.0,0.0
2308500,Caatinga,1.0,0.0,1.0,0.0,0.0,0.0,0.0
2308609,Caatinga,1.0,0.0,1.0,0.0,0.0,0.0,0.0
2308708,Caatinga,1.0,0.0,1.0,0.0,0.0,0.0,0.0
2308807,Caatinga,1.0,0.0,1.0,0.0,0.0,0.0,0.0
2308906,Caatinga,1.0,0.0,1.0,0.0,0.0,0.0,0.0
2309003,Caatinga,1.0,0.0,1.0,0.0,0.0,0.0,0.0
2309102,Caatinga,1.0,0.0,1.0,0.0,0.0,0.0,0.0
2309201,Caatinga,1.0,0.0,1.0,0.0,0.0,0.0,0.0
2309300,Caatinga,1.0,0.0,1.0,0.0,0.0,0.0,0.0
2309409,Caatinga,1.0,0.0,1.0,0.0,0.0,0.0,0.0
2309458,Caatinga,1.0,0.0,1.0,0.0,0.0,0.0,0.0
2309508,Caatinga,1.0,0.0,1.0,0.0,0.0,0.0,0.0
2309607,Caatinga,1.0,0.0,1.0,0.0,0.0,0.0,0.0
2309706,Caatinga,1.0,0.0,1.0,0.0,0.0,0.0,0.0
2309805,Caatinga,1.0,0.0,1.0,0.0,0.0,0.0,0.0
2309904,Caatinga,1.0,0.0,1.0,0.0,0.0,0.0,0.0
2310001,Caatinga,1.0,0.0,1.0,0.0,0.0,0.0,0.0
2310100,Caatinga,1.0,0.0,1.0,0.0,0.0,0.0,0.0
2310209,Caatinga,1.0,0.0,1.0,0.0,0.0,0.0,0.0
2310258,Caatinga,1.0,0.0,1.0,0.0,0.0,0.0,0.0
2310308,Caatinga,1.0,0.0,1.0,0.0,0.0,0.0,0.0
2310407,Caatinga,1.0,0.0,1.0,0.0,0.0,0.0,0.0
2310506,Caatinga,1.0,0.0,1.0,0.0,0.0,0.0,0.0
2310605,Caatinga,1.0,0.0,1.0,0.0,0.0,0.0,0.0
2310704,Caatinga,1.0,0.0,1.0,0.0,0.0,0.0,0.0
2310803,Caatinga,1.0,0.0,1.0,0.0,0.0,0.0,0.0
2310852,Caatinga,1.0,0.0,1.0,0.0,0.0,0.0,0.0
2310902,Caatinga,1.0,0.0,1.0,0.0,0.0,0.0,0.0
2310951,Caatinga,1.0,0.0,1.0,0.0,0.0,0.0,0.0
2311009,Caatinga,1.0,0.0,1.0,0.0,0.0,0.0,0.0
2311108,Caatinga,1.0,0.0,1.0,0.0,0.0,0.0,0.0
2311207,Caatinga,1.0,0.0,1.0,0.0,0.0,0.0,0.0
2311231,Caatinga,1.0,0.0,1.0,0.0,0.0,0.0,0.0
2311264,Caatinga,1.0,0.0,1.0,0.0,0.0,0.0,0.0
2311306,Caatinga,1.0,0.0,1.0,0.0,0.0,0.0,0.0
2311355,Caatinga,1.0,0.0,1.0,0.0,0.0,0.0,0.0
2311405,Caatinga,1.0,0.0,1.0,0.0,0.0,0.0,0.0
2311504,Caatinga,1.0,0.0,1.0,0.0,0.0,0.0,0.0
2311603,Caatinga,1.0,0.0,1.0,0.0,0.0,0.0,0.0
2311702,Caatinga,1.0,0.0,1.0,0.0,0.0,0.0,0.0
2311801,Caatinga,1.0,0.0,1.0,0.0,0.0,0.0,0.0
2311900,Caatinga,1.0,0.0,1.0,0.0,0.0,0.0,0.0
2311959,Caatinga,1.0,0.0,1.0,0.0,0.0,0.0,0.0
2312007,Caatinga,1.0,0.0,1.0,0.0,0.0,0.0,0.0
2312106,Caatinga,1.0,0.0,1.0,0.0,0.0,0.0,0.0
2312205,Caatinga,1.0,0.0,1.0,0.0,0.0,0.0,0.0
2312304,Caatinga,1.0,0.0,1.0,0.0,0.0,0.0,0.0
2312403,Caatinga,1.0,0.0,1.0,0.0,0.0,0.0,0.0
2312502,Caatinga,1.0,0.0,1.0,0.0,0.0,0.0,0.0
2312601,Caatinga,1.0,0.0,1.0,0.0,0.0,0.0,0.0
2312700,Caatinga,1.0,0.0,1.0,0.0,0.0,0.0,0.0
2312809,Caatinga,1.0,0.0,1.0,0.0,0.0,0.0,0.0
2312908,Caatinga,1.0,0.0,1.0,0.0,0.0,0.0,0.0
2313005,Caatinga,1.0,0.0,1.0,0.0,0.0,0.0,0.0
2313104,Caatinga,1.0,0.0,1.0,0.0,0.0,0.0,0.0
2313203,Caatinga,1.0,0.0,1.0,0.0,0.0,0.0,0.0
2313252,Caatinga,1.0,0.0,1.0,0.0,0.0,0.0,0.0
2313302,Caatinga,1.0,0.0,1.0,0.0,0.0,0.0,0.0
2313351,Caatinga,1.0,0.0,1.0,0.0,0.0,0.0,0.0
2313401,Caatinga,1.0,0.0,1.0,0.0,0.0,0.0,0.0
2313500,Caatinga,1.0,0.0,1.0,0.0,0.0,0.0,0.0
2313559,Caatinga,1.0,0.0,1.0,0.0,0.0,0.0,0.0
2313609,Caatinga,1.0,0.0,1.0,0.0,0.0,0.0,0.0
2313708,Caatinga,1.0,0.0,1.0,0.0,0.0,0.0,0.0
2313757,Caatinga,1.0,0.0,1.0,0.0,0.0,0.0,0.0
2313807,Caatinga,1.0,0.0,1.0,0.0,0.0,0.0,0.0
2313906,Caatinga,1.0,0.0,1.0,0.0,0.0,0.0,0.0
2313955,Caatinga,1.0,0.0,1.0,0.0,0.0,0.0,0.0
2314003,Caatinga,1.0,0.0,1.0,0.0,0.0,0.0,0.0
2314102,Caatinga,1.0,0.0,1.0,0.0,0.0,0.0,0.0
2400109,Caatinga,1.0,0.0,1.0,0.0,0.0,0.0,0.0
2400208,Caatinga,1.0,0.0,1.0,0.0,0.0,0.0,0.0
2400307,Caatinga,1.0,0.0,1.0,0.0,0.0,0.0,0.0
2400406,Caatinga,1.0,0.0,1.0,0.0,0.0,0.0,0.0
2400505,Caatinga,1.0,0.0,1.0,0.0,0.0,0.0,0.0
2400604,Caatinga,1.0,0.0,1.0,0.0,0.0,0.0,0.0
2400703,Caatinga,1.0,0.0,1.0,0.0,0.0,0.0,0.0
2400802,Caatinga,1.0,0.0,1.0,0.0,0.0,0.0,0.0
2400901,Caatinga,1.0,0.0,1.0,0.0,0.0,0.0,0.0
2401008,Caatinga,1.0,0.0,1.0,0.0,0.0,0.0,0.0
2401107,Caatinga,1.0,0.0,1.0,0.0,0.0,0.0,0.0
2401206,Mata Atlântica,1.0,0.0,0.0,0.0,1.0,0.0,0.0
2401305,Caatinga,1.0,0.0,1.0,0.0,0.0,0.0,0.0
2401404,Mata Atlântica,1.0,0.0,0.0,0.0,1.0,0.0,0.0
2401453,Caatinga,1.0,0.0,1.0,0.0,0.0,0.0,0.0
2401503,Caatinga,1.0,0.0,1.0,0.0,0.0,0.0,0.0
2401602,Caatinga,1.0,0.0,1.0,0.0,0.0,0.0,0.0
2401651,Caatinga,1.0,0.0,1.0,0.0,0.0,0.0,0.0
2401701,Caatinga,1.0,0.0,1.0,0.0,0.0,0.0,0.0
2401800,Caatinga,1.0,0.0,1.0,0.0,0.0,0.0,0.0
2401859,Caatinga,1.0,0.0,1.0,0.0,0.0,0.0,0.0
2401909,Caatinga,1.0,0.0,1.0,0.0,0.0,0.0,0.0
2402006,Caatinga,1.0,0.0,1.0,0.0,0.0,0.0,0.0
2402105,Caatinga,1.0,0.0,1.0,0.0,0.0,0.0,0.0
2402204,Mata Atlântica,0.99,0.0,0.01,0.0,0.99,0.0,0.0
2402303,Caatinga,1.0,0.0,1.0,0.0,0.0,0.0,0.0
2402402,Caatinga,1.0,0.0,1.0,0.0,0.0,0.0,0.0
2402501,Caatinga,1.0,0.0,1.0,0.0,0.0,0.0,0.0
2402600,Caatinga,0.899,0.0,0.899,0.0,0.101,0.0,0.0
2402709,Caatinga,1.0,0.0,1.0,0.0,0.0,0.0,0.0
2402808,Caatinga,1.0,0.0,1.0,0.0,0.0,0.0,0.0
2402907,Caatinga,1.0,0.0,1.0,0.0,0.0,0.0,0.0
2403004,Caatinga,1.0,0.0,1.0,0.0,0.0,0.0,0.0
2403103,Caatinga,1.0,0.0,1.0,0.0,0.0,0.0,0.0
2403202,Caatinga,1.0,0.0,1.0,0.0,0.0,0.0,0.0
2403251,Caatinga,0.702,0.0,0.702,0.0,0.298,0.0,0.0
2403301,Caatinga,1.0,0.0,1.0,0.0,0.0,0.0,0.0
2403400,Caatinga,1.0,0.0,1.0,0.0,0.0,0.0,0.0
2403509,Mata Atlântica,0.517,0.0,0.483,0.0,0.517,0.0,0.0
2403608,Caatinga,0.534,0.0,0.534,0.0,0.466,0.0,0.0
2403707,Caatinga,1.0,0.0,1.0,0.0,0.0,0.0,0.0
2403756,Caatinga,1.0,0.0,1.0,0.0,0.0,0.0,0.0
2403806,Caatinga,1.0,0.0,1.0,0.0,0.0,0.0,0.0
2403905,Caatinga,1.0,0.0,1.0,0.0,0.0,0.0,0.0
2404002,Caatinga,1.0,0.0,1.0,0.0,0.0,0.0,0.0
2404101,Caatinga,1.0,0.0,1.0,0.0,0.0,0.0,0.0
2404200,Mata Atlântica,1.0,0.0,0.0,0.0,1.0,0.0,0.0
2404309,Caatinga,1.0,0.0,1.0,0.0,0.0,0.0,0.0
2404408,Caatinga,1.0,0.0,1.0,0.0,0.0,0.0,0.0
2404507,Caatinga,1.0,0.0,1.0,0.0,0.0,0.0,0.0
2404606,Caatinga,1.0,0.0,1.0,0.0,0.0,0.0,0.0
2404705,Caatinga,1.0,0.0,1.0,0.0,0.0,0.0,0.0
2404804,Caatinga,1.0,0.0,1.0,0.0,0.0,0.0,0.0
2404853,Caatinga,1.0,0.0,1.0,0.0,0.0,0.0,0.0
2404903,Caatinga,1.0,0.0,1.0,0.0,0.0,0.0,0.0
2405009,Caatinga,1.0,0.0,1.0,0.0,0.0,0.0,0.0
2405108,Caatinga,1.0,0.0,1.0,0.0,0.0,0.0,0.0
2405207,Caatinga,1.0,0.0,1.0,0.0,0.0,0.0,0.0
2405306,Caatinga,1.0,0.0,1.0,0.0,0.0,0.0,0.0
2405405,Caatinga,1.0,0.0,1.0,0.0,0.0,0.0,0.0
2405504,Caatinga,1.0,0.0,1.0,0.0,0.0,0.0,0.0
2405603,Caatinga,1.0,0.0,1.0,0.0,0.0,0.0,0.0
2405702,Caatinga,1.0,0.0,1.0,0.0,0.0,0.0,0.0
2405801,Caatinga,1.0,0.0,1.0,0.0,0.0,0.0,0.0
2405900,Caatinga,1.0,0.0,1.0,0.0,0.0,0.0,0.0
2406007,Caatinga,1.0,0.0,1.0,0.0,0.0,0.0,0.0
2406106,Caatinga,1.0,0.0,1.0,0.0,0.0,0.0,0.0
2406155,Caatinga,0.648,0.0,0.648,0.0,0.352,0.0,0.0
2406205,Caatinga,1.0,0.0,1.0,0.0,0.0,0.0,0.0
2406304,Caatinga,1.0,0.0,1.0,0.0,0.0,0.0,0.0
2406403,Caatinga,1.0,0.0,1.0,0.0,0.0,0.0,0.0
2406502,Caatinga,1.0,0.0,1.0,0.0,0.0,0.0,0.0
2406601,Caatinga,1.0,0.0,1.0,0.0,0.0,0.0,0.0
2406700,Caatinga,1.0,0.0,1.0,0.0,0.0,0.0,0.0
2406809,Caatinga,1.0,0.0,1.0,0.0,0.0,0.0,0.0
2406908,Caatinga,1.0,0.0,1.0,0.0,0.0,0.0,0.0
2407005,Caatinga,1.0,0.0,1.0,0.0,0.0,0.0,0.0
2407104,Caatinga,1.0,0.0,1.0,0.0,0.0,0.0,0.0
2407203,Caatinga,1.0,0.0,1.0,0.0,0.0,0.0,0.0
2407252,Caatinga,1.0,0.0,1.0,0.0,0.0,0.0,0.0
2407302,Caatinga,1.0,0.0,1.0,0.0,0.0,0.0,0.0
2407401,Caatinga,1.0,0.0,1.0,0.0,0.0,0.0,0.0
2407500,Mata Atlântica,0.5,0.0,0.5,0.0,0.5,0.0,0.0
2407609,Caatinga,1.0,0.0,1.0,0.0,0.0,0.0,0.0
2407708,Caatinga,0.992,0.0,0.992,0.0,0.008,0.0,0.0
2407807,Caatinga,0.953,0.0,0.953,0.0,0.047,0.0,0.0
2407906,Caatinga,1.0,0.0,1.0,0.0,0.0,0.0,0.0
2408003,Caatinga,1.0,0.0,1.0,0.0,0.0,0.0,0.0
2408102,Mata Atlântica,0.785,0.0,0.215,0.0,0.785,0.0,0.0
2408201,Mata Atlântica,0.739,0.0,0.261,0.0,0.739,0.0,0.0
2408300,Caatinga,1.0,0.0,1.0,0.0,0.0,0.0,0.0
2408409,Caatinga,1.0,0.0,1.0,0.0,0.0,0.0,0.0
2408508,Caatinga,1.0,0.0,1.0,0.0,0.0,0.0,0.0
2408607,Caatinga,1.0,0.0,1.0,0.0,0.0,0.0,0.0
2408706,Caatinga,1.0,0.0,1.0,0.0,0.0,0.0,0.0
2408805,Caatinga,1.0,0.0,1.0,0.0,0.0,0.0,0.0
2408904,Caatinga,1.0,0.0,1.0,0.0,0.0,0.0,0.0
2408953,Caatinga,0.57,0.0,0.57,0.0,0.43,0.0,0.0
2409100,Caatinga,1.0,0.0,1.0,0.0,0.0,0.0,0.0
2409209,Caatinga,1.0,0.0,1.0,0.0,0.0,0.0,0.0
2409308,Caatinga,1.0,0.0,1.0,0.0,0.0,0.0,0.0
2409332,Caatinga,1.0,0.0,1.0,0.0,0.0,0.0,0.0
2409407,Caatinga,1.0,0.0,1.0,0.0,0.0,0.0,0.0
2409506,Caatinga,1.0,0.0,1.0,0.0,0.0,0.0,0.0
2409605,Caatinga,1.0,0.0,1.0,0.0,0.0,0.0,0.0
2409704,Caatinga,1.0,0.0,1.0,0.0,0.0,0.0,0.0
2409803,Caatinga,0.531,0.0,0.531,0.0,0.469,0.0,0.0
2409902,Caatinga,1.0,0.0,1.0,0.0,0.0,0.0,0.0
2410009,Caatinga,1.0,0.0,1.0,0.0,0.0,0.0,0.0
2410108,Caatinga,1.0,0.0,1.0,0.0,0.0,0.0,0.0
2410207,Caatinga,1.0,0.0,1.0,0.0,0.0,0.0,0.0
2410256,Caatinga,1.0,0.0,1.0,0.0,0.0,0.0,0.0
2410306,Caatinga,1.0,0.0,1.0,0.0,0.0,0.0,0.0
2410405,Caatinga,1.0,0.0,1.0,0.0,0.0,0.0,0.0
2410504,Caatinga,1.0,0.0,1.0,0.0,0.0,0.0,0.0
2410603,Caatinga,1.0,0.0,1.0,0.0,0.0,0.0,0.0
2410702,Caatinga,1.0,0.0,1.0,0.0,0.0,0.0,0.0
2410801,Caatinga,1.0,0.0,1.0,0.0,0.0,0.0,0.0
2410900,Caatinga,1.0,0.0,1.0,0.0,0.0,0.0,0.0
2411007,Caatinga,1.0,0.0,1.0,0.0,0.0,0.0,0.0
2411056,Caatinga,1.0,0.0,1.0,0.0,0.0,0.0,0.0
2411106,Caatinga,1.0,0.0,1.0,0.0,0.0,0.0,0.0
2411205,Caatinga,1.0,0.0,1.0,0.0,0.0,0.0,0.0
2411403,Caatinga,1.0,0.0,1.0,0.0,0.0,0.0,0.0
2411429,Caatinga,1.0,0.0,1.0,0.0,0.0,0.0,0.0
2411502,Caatinga,1.0,0.0,1.0,0.0,0.0,0.0,0.0
2411601,Caatinga,1.0,0.0,1.0,0.0,0.0,0.0,0.0
2411700,Caatinga,1.0,0.0,1.0,0.0,0.0,0.0,0.0
2411809,Caatinga,1.0,0.0,1.0,0.0,0.0,0.0,0.0
2411908,Caatinga,1.0,0.0,1.0,0.0,0.0,0.0,0.0
2412005,Caatinga,0.947,0.0,0.947,0.0,0.053,0.0,0.0
2412104,Caatinga,1.0,0.0,1.0,0.0,0.0,0.0,0.0
2412203,Caatinga,0.686,0.0,0.686,0.0,0.314,0.0,0.0
2412302,Caatinga,1.0,0.0,1.0,0.0,0.0,0.0,0.0
2412401,Caatinga,1.0,0.0,1.0,0.0,0.0,0.0,0.0
2412500,Caatinga,1.0,0.0,1.0,0.0,0.0,0.0,0.0
2412559,Caatinga,1.0,0.0,1.0,0.0,0.0,0.0,0.0
2412609,Caatinga,1.0,0.0,1.0,0.0,0.0,0.0,0.0
2412708,Caatinga,1.0,0.0,1.0,0.0,0.0,0.0,0.0
2412807,Caatinga,1.0,0.0,1.0,0.0,0.0,0.0,0.0
2412906,Caatinga,1.0,0.0,1.0,0.0,0.0,0.0,0.0
2413003,Caatinga,1.0,0.0,1.0,0.0,0.0,0.0,0.0
2413102,Caatinga,1.0,0.0,1.0,0.0,0.0,0.0,0.0
2413201,Mata Atlântica,1.0,0.0,0.0,0.0,1.0,0.0,0.0
2413300,Caatinga,1.0,0.0,1.0,0.0,0.0,0.0,0.0
2413359,Caatinga,1.0,0.0,1.0,0.0,0.0,0.0,0.0
2413409,Caatinga,1.0,0.0,1.0,0.0,0.0,0.0,0.0
2413508,Caatinga,1.0,0.0,1.0,0.0,0.0,0.0,0.0
2413557,Caatinga,1.0,0.0,1.0,0.0,0.0,0.0,0.0
2413607,Caatinga,1.0,0.0,1.0,0.0,0.0,0.0,0.0
2413706,Caatinga,1.0,0.0,1.0,0.0,0.0,0.0,0.0
2413805,Caatinga,1.0,0.0,1.0,0.0,0.0,0.0,0.0
2413904,Caatinga,1.0,0.0,1.0,0.0,0.0,0.0,0.0
2414001,Caatinga,1.0,0.0,1.0,0.0,0.0,0.0,0.0
2414100,Caatinga,1.0,0.0,1.0,0.0,0.0,0.0,0.0
2414159,Caatinga,1.0,0.0,1.0,0.0,0.0,0.0,0.0
2414209,Mata Atlântica,1.0,0.0,0.0,0.0,1.0,0.0,0.0
2414308,Caatinga,1.0,0.0,1.0,0.0,0.0,0.0,0.0
2414407,Caatinga,0.84,0.0,0.84,0.0,0.16,0.0,0.0
2414456,Caatinga,1.0,0.0,1.0,0.0,0.0,0.0,0.0
2414506,Caatinga,1.0,0.0,1.0,0.0,0.0,0.0,0.0
2414605,Caatinga,1.0,0.0,1.0,0.0,0.0,0.0,0.0
2414704,Caatinga,1.0,0.0,1.0,0.0,0.0,0.0,0.0
2414753,Caatinga,1.0,0.0,1.0,0.0,0.0,0.0,0.0
2414803,Caatinga,1.0,0.0,1.0,0.0,0.0,0.0,0.0
2414902,Caatinga,1.0,0.0,1.0,0.0,0.0,0.0,0.0
2415008,Mata Atlântica,1.0,0.0,0.0,0.0,1.0,0.0,0.0
2500106,Caatinga,1.0,0.0,1.0,0.0,0.0,0.0,0.0
2500205,Caatinga,1.0,0.0,1.0,0.0,0.0,0.0,0.0
2500304,Caatinga,1.0,0.0,1.0,0.0,0.0,0.0,0.0
2500403,Caatinga,1.0,0.0,1.0,0.0,0.0,0.0,0.0
2500502,Caatinga,1.0,0.0,1.0,0.0,0.0,0.0,0.0
2500536,Caatinga,1.0,0.0,1.0,0.0,0.0,0.0,0.0
2500577,Caatinga,1.0,0.0,1.0,0.0,0.0,0.0,0.0
2500601,Mata Atlântica,1.0,0.0,0.0,0.0,1.0,0.0,0.0
2500700,Caatinga,1.0,0.0,1.0,0.0,0.0,0.0,0.0
2500734,Caatinga,1.0,0.0,1.0,0.0,0.0,0.0,0.0
2500775,Caatinga,1.0,0.0,1.0,0.0,0.0,0.0,0.0
2500809,Caatinga,1.0,0.0,1.0,0.0,0.0,0.0,0.0
2500908,Caatinga,1.0,0.0,1.0,0.0,0.0,0.0,0.0
2501005,Caatinga,1.0,0.0,1.0,0.0,0.0,0.0,0.0
2501104,Caatinga,1.0,0.0,1.0,0.0,0.0,0.0,0.0
2501153,Caatinga,1.0,0.0,1.0,0.0,0.0,0.0,0.0
2501203,Caatinga,1.0,0.0,1.0,0.0,0.0,0.0,0.0
2501302,Caatinga,1.0,0.0,1.0,0.0,0.0,0.0,0.0
2501351,Caatinga,1.0,0.0,1.0,0.0,0.0,0.0,0.0
2501401,Mata Atlântica,1.0,0.0,0.0,0.0,1.0,0.0,0.0
2501500,Caatinga,1.0,0.0,1.0,0.0,0.0,0.0,0.0
2501534,Caatinga,1.0,0.0,1.0,0.0,0.0,0.0,0.0
2501575,Caatinga,1.0,0.0,1.0,0.0,0.0,0.0,0.0
2501609,Caatinga,1.0,0.0,1.0,0.0,0.0,0.0,0.0
2501708,Caatinga,1.0,0.0,1.0,0.0,0.0,0.0,0.0
2501807,Mata Atlântica,1.0,0.0,0.0,0.0,1.0,0.0,0.0
2501906,Caatinga,1.0,0.0,1.0,0.0,0.0,0.0,0.0
2502003,Caatinga,1.0,0.0,1.0,0.0,0.0,0.0,0.0
2502052,Caatinga,1.0,0.0,1.0,0.0,0.0,0.0,0.0
2502102,Caatinga,1.0,0.0,1.0,0.0,0.0,0.0,0.0
2502151,Caatinga,1.0,0.0,1.0,0.0,0.0,0.0,0.0
2502201,Caatinga,1.0,0.0,1.0,0.0,0.0,0.0,0.0
2502300,Caatinga,1.0,0.0,1.0,0.0,0.0,0.0,0.0
2502409,Caatinga,1.0,0.0,1.0,0.0,0.0,0.0,0.0
2502508,Caatinga,1.0,0.0,1.0,0.0,0.0,0.0,0.0
2502607,Caatinga,1.0,0.0,1.0,0.0,0.0,0.0,0.0
2502706,Caatinga,1.0,0.0,1.0,0.0,0.0,0.0,0.0
2502805,Caatinga,1.0,0.0,1.0,0.0,0.0,0.0,0.0
2502904,Caatinga,1.0,0.0,1.0,0.0,0.0,0.0,0.0
2503001,Mata Atlântica,1.0,0.0,0.0,0.0,1.0,0.0,0.0
2503100,Caatinga,1.0,0.0,1.0,0.0,0.0,0.0,0.0
2503209,Mata Atlântica,1.0,0.0,0.0,0.0,1.0,0.0,0.0
2503308,Caatinga,1.0,0.0,1.0,0.0,0.0,0.0,0.0
2503407,Caatinga,1.0,0.0,1.0,0.0,0.0,0.0,0.0
2503506,Caatinga,1.0,0.0,1.0,0.0,0.0,0.0,0.0
2503555,Caatinga,1.0,0.0,1.0,0.0,0.0,0.0,0.0
2503605,Caatinga,1.0,0.0,1.0,0.0,0.0,0.0,0.0
2503704,Caatinga,1.0,0.0,1.0,0.0,0.0,0.0,0.0
2503753,Caatinga,1.0,0.0,1.0,0.0,0.0,0.0,0.0
2503803,Caatinga,1.0,0.0,1.0,0.0,0.0,0.0,0.0
2503902,Caatinga,1.0,0.0,1.0,0.0,0.0,0.0,0.0
2504009,Caatinga,1.0,0.0,1.0,0.0,0.0,0.0,0.0
2504033,Mata Atlântica,0.944,0.0,0.056,0.0,0.944,0.0,0.0
2504074,Caatinga,1.0,0.0,1.0,0.0,0.0,0.0,0.0
2504108,Caatinga,1.0,0.0,1.0,0.0,0.0,0.0,0.0
2504157,Caatinga,1.0,0.0,1.0,0.0,0.0,0.0,0.0
2504207,Caatinga,1.0,0.0,1.0,0.0,0.0,0.0,0.0
2504306,Caatinga,1.0,0.0,1.0,0.0,0.0,0.0,0.0
2504355,Caatinga,1.0,0.0,1.0,0.0,0.0,0.0,0.0
2504405,Caatinga,1.0,0.0,1.0,0.0,0.0,0.0,0.0
2504504,Caatinga,1.0,0.0,1.0,0.0,0.0,0.0,0.0
2504603,Mata Atlântica,1.0,0.0,0.0,0.0,1.0,0.0,0.0
2504702,Caatinga,1.0,0.0,1.0,0.0,0.0,0.0,0.0
2504801,Caatinga,1.0,0.0,1.0,0.0,0.0,0.0,0.0
2504850,Caatinga,1.0,0.0,1.0,0.0,0.0,0.0,0.0
2504900,Mata Atlântica,0.798,0.0,0.202,0.0,0.798,0.0,0.0
2505006,Caatinga,1.0,0.0,1.0,0.0,0.0,0.0,0.0
2505105,Caatinga,1.0,0.0,1.0,0.0,0.0,0.0,0.0
2505204,Caatinga,1.0,0.0,1.0,0.0,0.0,0.0,0.0
2505238,Caatinga,0.819,0.0,0.819,0.0,0.181,0.0,0.0
2505279,Caatinga,1.0,0.0,1.0,0.0,0.0,0.0,0.0
2505303,Caatinga,1.0,0.0,1.0,0.0,0.0,0.0,0.0
2505352,Caatinga,1.0,0.0,1.0,0.0,0.0,0.0,0.0
2505402,Caatinga,1.0,0.0,1.0,0.0,0.0,0.0,0.0
2505501,Caatinga,1.0,0.0,1.0,0.0,0.0,0.0,0.0
2505600,Caatinga,1.0,0.0,1.0,0.0,0.0,0.0,0.0
2505709,Caatinga,1.0,0.0,1.0,0.0,0.0,0.0,0.0
2505808,Caatinga,1.0,0.0,1.0,0.0,0.0,0.0,0.0
2505907,Caatinga,1.0,0.0,1.0,0.0,0.0,0.0,0.0
2506004,Caatinga,1.0,0.0,1.0,0.0,0.0,0.0,0.0
2506103,Caatinga,1.0,0.0,1.0,0.0,0.0,0.0,0.0
2506202,Caatinga,1.0,0.0,1.0,0.0,0.0,0.0,0.0
2506251,Caatinga,1.0,0.0,1.0,0.0,0.0,0.0,0.0
2506301,Caatinga,1.0,0.0,1.0,0.0,0.0,0.0,0.0
2506400,Caatinga,1.0,0.0,1.0,0.0,0.0,0.0,0.0
2506509,Caatinga,1.0,0.0,1.0,0.0,0.0,0.0,0.0
2506608,Caatinga,1.0,0.0,1.0,0.0,0.0,0.0,0.0
2506707,Caatinga,1.0,0.0,1.0,0.0,0.0,0.0,0.0
2506806,Caatinga,1.0,0.0,1.0,0.0,0.0,0.0,0.0
2506905,Caatinga,0.778,0.0,0.778,0.0,0.222,0.0,0.0
2507002,Caatinga,1.0,0.0,1.0,0.0,0.0,0.0,0.0
2507101,Caatinga,1.0,0.0,1.0,0.0,0.0,0.0,0.0
2507200,Caatinga,1.0,0.0,1.0,0.0,0.0,0.0,0.0
2507309,Caatinga,0.647,0.0,0.647,0.0,0.353,0.0,0.0
2507408,Caatinga,1.0,0.0,1.0,0.0,0.0,0.0,0.0
2507507,Mata Atlântica,1.0,0.0,0.0,0.0,1.0,0.0,0.0
2507606,Caatinga,1.0,0.0,1.0,0.0,0.0,0.0,0.0
2507705,Caatinga,1.0,0.0,1.0,0.0,0.0,0.0,0.0
2507804,Caatinga,1.0,0.0,1.0,0.0,0.0,0.0,0.0
2507903,Mata Atlântica,1.0,0.0,0.0,0.0,1.0,0.0,0.0
2508000,Caatinga,1.0,0.0,1.0,0.0,0.0,0.0,0.0
2508109,Caatinga,1.0,0.0,1.0,0.0,0.0,0.0,0.0
2508208,Caatinga,1.0,0.0,1.0,0.0,0.0,0.0,0.0
2508307,Caatinga,1.0,0.0,1.0,0.0,0.0,0.0,0.0
2508406,Caatinga,1.0,0.0,1.0,0.0,0.0,0.0,0.0
2508505,Caatinga,1.0,0.0,1.0,0.0,0.0,0.0,0.0
2508554,Caatinga,1.0,0.0,1.0,0.0,0.0,0.0,0.0
2508604,Mata Atlântica,1.0,0.0,0.0,0.0,1.0,0.0,0.0
2508703,Caatinga,1.0,0.0,1.0,0.0,0.0,0.0,0.0
2508802,Caatinga,1.0,0.0,1.0,0.0,0.0,0.0,0.0
2508901,Mata Atlântica,0.807,0.0,0.193,0.0,0.807,0.0,0.0
2509008,Caatinga,1.0,0.0,1.0,0.0,0.0,0.0,0.0
2509057,Mata Atlântica,1.0,0.0,0.0,0.0,1.0,0.0,0.0
2509107,Caatinga,0.99,0.0,0.99,0.0,0.01,0.0,0.0
2509156,Caatinga,1.0,0.0,1.0,0.0,0.0,0.0,0.0
2509206,Caatinga,1.0,0.0,1.0,0.0,0.0,0.0,0.0
2509305,Mata Atlântica,1.0,0.0,0.0,0.0,1.0,0.0,0.0
2509339,Caatinga,1.0,0.0,1.0,0.0,0.0,0.0,0.0
2509370,Caatinga,1.0,0.0,1.0,0.0,0.0,0.0,0.0
2509396,Caatinga,1.0,0.0,1.0,0.0,0.0,0.0,0.0
2509404,Caatinga,1.0,0.0,1.0,0.0,0.0,0.0,0.0
2509503,Caatinga,1.0,0.0,1.0,0.0,0.0,0.0,0.0
2509602,Caatinga,1.0,0.0,1.0,0.0,0.0,0.0,0.0
2509701,Caatinga,1.0,0.0,1.0,0.0,0.0,0.0,0.0
2509800,Caatinga,1.0,0.0,1.0,0.0,0.0,0.0,0.0
2509909,Caatinga,0.572,0.0,0.572,0.0,0.428,0.0,0.0
2510006,Caatinga,1.0,0.0,1.0,0.0,0.0,0.0,0.0
2510105,Caatinga,1.0,0.0,1.0,0.0,0.0,0.0,0.0
2510204,Caatinga,1.0,0.0,1.0,0.0,0.0,0.0,0.0
2510303,Caatinga,1.0,0.0,1.0,0.0,0.0,0.0,0.0
2510402,Caatinga,1.0,0.0,1.0,0.0,0.0,0.0,0.0
2510501,Caatinga,1.0,0.0,1.0,0.0,0.0,0.0,0.0
2510600,Caatinga,1.0,0.0,1.0,0.0,0.0,0.0,0.0
2510659,Caatinga,1.0,0.0,1.0,0.0,0.0,0.0,0.0
2510709,Caatinga,1.0,0.0,1.0,0.0,0.0,0.0,0.0
2510808,Caatinga,1.0,0.0,1.0,0.0,0.0,0.0,0.0
2510907,Caatinga,1.0,0.0,1.0,0.0,0.0,0.0,0.0
2511004,Caatinga,1.0,0.0,1.0,0.0,0.0,0.0,0.0
2511103,Caatinga,1.0,0.0,1.0,0.0,0.0,0.0,0.0
2511202,Mata Atlântica,1.0,0.0,0.0,0.0,1.0,0.0,0.0
2511301,Caatinga,1.0,0.0,1.0,0.0,0.0,0.0,0.0
2511400,Caatinga,1.0,0.0,1.0,0.0,0.0,0.0,0.0
2511509,Caatinga,0.914,0.0,0.914,0.0,0.086,0.0,0.0
2511608,Caatinga,1.0,0.0,1.0,0.0,0.0,0.0,0.0
2511707,Caatinga,1.0,0.0,1.0,0.0,0.0,0.0,0.0
2511806,Caatinga,1.0,0.0,1.0,0.0,0.0,0.0,0.0
2511905,Mata Atlântica,1.0,0.0,0.0,0.0,1.0,0.0,0.0
2512002,Caatinga,1.0,0.0,1.0,0.0,0.0,0.0,0.0
2512036,Caatinga,1.0,0.0,1.0,0.0,0.0,0.0,0.0
2512077,Caatinga,1.0,0.0,1.0,0.0,0.0,0.0,0.0
2512101,Caatinga,1.0,0.0,1.0,0.0,0.0,0.0,0.0
2512200,Caatinga,1.0,0.0,1.0,0.0,0.0,0.0,0.0
2512309,Caatinga,1.0,0.0,1.0,0.0,0.0,0.0,0.0
2512408,Caatinga,1.0,0.0,1.0,0.0,0.0,0.0,0.0
2512507,Caatinga,1.0,0.0,1.0,0.0,0.0,0.0,0.0
2512606,Caatinga,1.0,0.0,1.0,0.0,0.0,0.0,0.0
2512705,Caatinga,1.0,0.0,1.0,0.0,0.0,0.0,0.0
2512721,Caatinga,1.0,0.0,1.0,0.0,0.0,0.0,0.0
2512747,Caatinga,1.0,0.0,1.0,0.0,0.0,0.0,0.0
2512754,Caatinga,1.0,0.0,1.0,0.0,0.0,0.0,0.0
2512762,Caatinga,1.0,0.0,1.0,0.0,0.0,0.0,0.0
2512788,Caatinga,1.0,0.0,1.0,0.0,0.0,0.0,0.0
2512804,Caatinga,1.0,0.0,1.0,0.0,0.0,0.0,0.0
2512903,Mata Atlântica,0.971,0.0,0.029,0.0,0.971,0.0,0.0
2513000,Caatinga,1.0,0.0,1.0,0.0,0.0,0.0,0.0
2513109,Caatinga,0.643,0.0,0.643,0.0,0.357,0.0,0.0
2513158,Caatinga,1.0,0.0,1.0,0.0,0.0,0.0,0.0
2513208,Caatinga,1.0,0.0,1.0,0.0,0.0,0.0,0.0
2513307,Caatinga,1.0,0.0,1.0,0.0,0.0,0.0,0.0
2513356,Caatinga,1.0,0.0,1.0,0.0,0.0,0.0,0.0
2513406,Caatinga,1.0,0.0,1.0,0.0,0.0,0.0,0.0
2513505,Caatinga,1.0,0.0,1.0,0.0,0.0,0.0,0.0
2513604,Caatinga,1.0,0.0,1.0,0.0,0.0,0.0,0.0
2513653,Caatinga,1.0,0.0,1.0,0.0,0.0,0.0,0.0
2513703,Mata Atlântica,1.0,0.0,0.0,0.0,1.0,0.0,0.0
2513802,Caatinga,1.0,0.0,1.0,0.0,0.0,0.0,0.0
2513851,Caatinga,1.0,0.0,1.0,0.0,0.0,0.0,0.0
2513901,Caatinga,1.0,0.0,1.0,0.0,0.0,0.0,0.0
2513927,Caatinga,1.0,0.0,1.0,0.0,0.0,0.0,0.0
2513943,Caatinga,1.0,0.0,1.0,0.0,0.0,0.0,0.0
2513968,Caatinga,1.0,0.0,1.0,0.0,0.0,0.0,0.0
2513984,Caatinga,1.0,0.0,1.0,0.0,0.0,0.0,0.0
2514008,Caatinga,1.0,0.0,1.0,0.0,0.0,0.0,0.0
2514107,Caatinga,1.0,0.0,1.0,0.0,0.0,0.0,0.0
2514206,Caatinga,1.0,0.0,1.0,0.0,0.0,0.0,0.0
2514305,Caatinga,1.0,0.0,1.0,0.0,0.0,0.0,0.0
2514404,Caatinga,1.0,0.0,1.0,0.0,0.0,0.0,0.0
2514453,Caatinga,1.0,0.0,1.0,0.0,0.0,0.0,0.0
2514503,Caatinga,1.0,0.0,1.0,0.0,0.0,0.0,0.0
2514552,Caatinga,1.0,0.0,1.0,0.0,0.0,0.0,0.0
2514602,Caatinga,1.0,0.0,1.0,0.0,0.0,0.0,0.0
2514651,Caatinga,1.0,0.0,1.0,0.0,0.0,0.0,0.0
2514701,Caatinga,1.0,0.0,1.0,0.0,0.0,0.0,0.0
2514800,Caatinga,1.0,0.0,1.0,0.0,0.0,0.0,0.0
2514909,Caatinga,1.0,0.0,1.0,0.0,0.0,0.0,0.0
2515005,Mata Atlântica,0.568,0.0,0.432,0.0,0.568,0.0,0.0
2515104,Caatinga,1.0,0.0,1.0,0.0,0.0,0.0,0.0
2515203,Caatinga,1.0,0.0,1.0,0.0,0.0,0.0,0.0
2515302,Caatinga,0.518,0.0,0.518,0.0,0.482,0.0,0.0
2515401,Caatinga,1.0,0.0,1.0,0.0,0.0,0.0,0.0
2515500,Caatinga,1.0,0.0,1.0,0.0,0.0,0.0,0.0
2515609,Caatinga,1.0,0.0,1.0,0.0,0.0,0.0,0.0
2515708,Caatinga,1.0,0.0,1.0,0.0,0.0,0.0,0.0
2515807,Caatinga,1.0,0.0,1.0,0.0,0.0,0.0,0.0
2515906,Caatinga,1.0,0.0,1.0,0.0,0.0,0.0,0.0
2515930,Caatinga,1.0,0.0,1.0,0.0,0.0,0.0,0.0
2515971,Caatinga,1.0,0.0,1.0,0.0,0.0,0.0,0.0
2516003,Caatinga,1.0,0.0,1.0,0.0,0.0,0.0,0.0
2516102,Caatinga,1.0,0.0,1.0,0.0,0.0,0.0,0.0
2516151,Caatinga,1.0,0.0,1.0,0.0,0.0,0.0,0.0
2516201,Caatinga,1.0,0.0,1.0,0.0,0.0,0.0,0.0
2516300,Caatinga,1.0,0.0,1.0,0.0,0.0,0.0,0.0
2516409,Caatinga,1.0,0.0,1.0,0.0,0.0,0.0,0.0
2516508,Caatinga,1.0,0.0,1.0,0.0,0.0,0.0,0.0
2516607,Caatinga,1.0,0.0,1.0,0.0,0.0,0.0,0.0
2516706,Caatinga,1.0,0.0,1.0,0.0,0.0,0.0,0.0
2516755,Caatinga,1.0,0.0,1.0,0.0,0.0,0.0,0.0
2516805,Caatinga,1.0,0.0,1.0,0.0,0.0,0.0,0.0
2516904,Caatinga,1.0,0.0,1.0,0.0,0.0,0.0,0.0
2517001,Caatinga,0.942,0.0,0.942,0.0,0.058,0.0,0.0
2517100,Caatinga,1.0,0.0,1.0,0.0,0.0,0.0,0.0
2517209,Caatinga,1.0,0.0,1.0,0.0,0.0,0.0,0.0
2517407,Caatinga,1.0,0.0,1.0,0.0,0.0,0.0,0.0
2600054,Mata Atlântica,1.0,0.0,0.0,0.0,1.0,0.0,0.0
2600104,Caatinga,1.0,0.0,1.0,0.0,0.0,0.0,0.0
2600203,Caatinga,1.0,0.0,1.0,0.0,0.0,0.0,0.0
2600302,Caatinga,0.905,0.0,0.905,0.0,0.095,0.0,0.0
2600401,Mata Atlântica,1.0,0.0,0.0,0.0,1.0,0.0,0.0
2600500,Caatinga,1.0,0.0,1.0,0.0,0.0,0.0,0.0
2600609,Caatinga,1.0,0.0,1.0,0.0,0.0,0.0,0.0
2600708,Mata Atlântica,1.0,0.0,0.0,0.0,1.0,0.0,0.0
2600807,Caatinga,0.935,0.0,0.935,0.0,0.065,0.0,0.0
2600906,Mata Atlântica,1.0,0.0,0.0,0.0,1.0,0.0,0.0
2601003,Caatinga,0.579,0.0,0.579,0.0,0.421,0.0,0.0
2601052,Mata Atlântica,1.0,0.0,0.0,0.0,1.0,0.0,0.0
2601102,Caatinga,1.0,0.0,1.0,0.0,0.0,0.0,0.0
2601201,Caatinga,1.0,0.0,1.0,0.0,0.0,0.0,0.0
2601300,Mata Atlântica,1.0,0.0,0.0,0.0,1.0,0.0,0.0
2601409,Mata Atlântica,1.0,0.0,0.0,0.0,1.0,0.0,0.0
2601508,Mata Atlântica,0.546,0.0,0.454,0.0,0.546,0.0,0.0
2601607,Caatinga,1.0,0.0,1.0,0.0,0.0,0.0,0.0
2601706,Caatinga,1.0,0.0,1.0,0.0,0.0,0.0,0.0
2601805,Caatinga,1.0,0.0,1.0,0.0,0.0,0.0,0.0
2601904,Caatinga,0.871,0.0,0.871,0.0,0.129,0.0,0.0
2602001,Caatinga,1.0,0.0,1.0,0.0,0.0,0.0,0.0
2602100,Mata Atlântica,0.578,0.0,0.422,0.0,0.578,0.0,0.0
2602209,Caatinga,0.526,0.0,0.526,0.0,0.474,0.0,0.0
2602308,Mata Atlântica,0.752,0.0,0.248,0.0,0.752,0.0,0.0
2602407,Mata Atlântica,0.625,0.0,0.375,0.0,0.625,0.0,0.0
2602506,Caatinga,1.0,0.0,1.0,0.0,0.0,0.0,0.0
2602605,Caatinga,1.0,0.0,1.0,0.0,0.0,0.0,0.0
2602704,Mata Atlântica,1.0,0.0,0.0,0.0,1.0,0.0,0.0
2602803,Caatinga,1.0,0.0,1.0,0.0,0.0,0.0,0.0
2602902,Mata Atlântica,1.0,0.0,0.0,0.0,1.0,0.0,0.0
2603009,Caatinga,1.0,0.0,1.0,0.0,0.0,0.0,0.0
2603108,Caatinga,1.0,0.0,1.0,0.0,0.0,0.0,0.0
2603207,Caatinga,1.0,0.0,1.0,0.0,0.0,0.0,0.0
2603306,Caatinga,1.0,0.0,1.0,0.0,0.0,0.0,0.0
2603405,Caatinga,1.0,0.0,1.0,0.0,0.0,0.0,0.0
2603454,Mata Atlântica,1.0,0.0,0.0,0.0,1.0,0.0,0.0
2603504,Mata Atlântica,0.845,0.0,0.155,0.0,0.845,0.0,0.0
2603603,Mata Atlântica,1.0,0.0,0.0,0.0,1.0,0.0,0.0
2603702,Mata Atlântica,0.83,0.0,0.17,0.0,0.83,0.0,0.0
2603801,Caatinga,1.0,0.0,1.0,0.0,0.0,0.0,0.0
2603900,Caatinga,1.0,0.0,1.0,0.0,0.0,0.0,0.0
2603926,Caatinga,1.0,0.0,1.0,0.0,0.0,0.0,0.0
2604007,Mata Atlântica,1.0,0.0,0.0,0.0,1.0,0.0,0.0
2604106,Caatinga,0.929,0.0,0.929,0.0,0.071,0.0,0.0
2604155,Caatinga,0.928,0.0,0.928,0.0,0.072,0.0,0.0
2604205,Mata Atlântica,0.973,0.0,0.027,0.0,0.973,0.0,0.0
2604304,Caatinga,1.0,0.0,1.0,0.0,0.0,0.0,0.0
2604403,Mata Atlântica,1.0,0.0,0.0,0.0,1.0,0.0,0.0
2604502,Mata Atlântica,0.999,0.0,0.001,0.0,0.999,0.0,0.0
2604601,Mata Atlântica,1.0,0.0,0.0,0.0,1.0,0.0,0.0
2604700,Mata Atlântica,1.0,0.0,0.0,0.0,1.0,0.0,0.0
2604809,Mata Atlântica,1.0,0.0,0.0,0.0,1.0,0.0,0.0
2604908,Caatinga,1.0,0.0,1.0,0.0,0.0,0.0,0.0
2605004,Caatinga,0.907,0.0,0.907,0.0,0.093,0.0,0.0
2605103,Caatinga,1.0,0.0,1.0,0.0,0.0,0.0,0.0
2605152,Caatinga,1.0,0.0,1.0,0.0,0.0,0.0,0.0
2605202,Mata Atlântica,1.0,0.0,0.0,0.0,1.0,0.0,0.0
2605301,Caatinga,1.0,0.0,1.0,0.0,0.0,0.0,0.0
2605400,Mata Atlântica,0.999,0.0,0.001,0.0,0.999,0.0,0.0
2605459,Mata Atlântica,1.0,0.0,0.0,0.0,1.0,0.0,0.0
2605509,Mata Atlântica,1.0,0.0,0.0,0.0,1.0,0.0,0.0
2605608,Caatinga,1.0,0.0,1.0,0.0,0.0,0.0,0.0
2605707,Caatinga,1.0,0.0,1.0,0.0,0.0,0.0,0.0
2605806,Caatinga,1.0,0.0,1.0,0.0,0.0,0.0,0.0
2605905,Mata Atlântica,1.0,0.0,0.0,0.0,1.0,0.0,0.0
2606002,Caatinga,0.793,0.0,0.793,0.0,0.207,0.0,0.0
2606101,Mata Atlântica,1.0,0.0,0.0,0.0,1.0,0.0,0.0
2606200,Mata Atlântica,1.0,0.0,0.0,0.0,1.0,0.0,0.0
2606309,Caatinga,1.0,0.0,1.0,0.0,0.0,0.0,0.0
2606408,Caatinga,0.564,0.0,0.564,0.0,0.436,0.0,0.0
2606507,Caatinga,1.0,0.0,1.0,0.0,0.0,0.0,0.0
2606606,Caatinga,1.0,0.0,1.0,0.0,0.0,0.0,0.0
2606705,Caatinga,1.0,0.0,1.0,0.0,0.0,0.0,0.0
2606804,Mata Atlântica,1.0,0.0,0.0,0.0,1.0,0.0,0.0
2606903,Caatinga,1.0,0.0,1.0,0.0,0.0,0.0,0.0
2607000,Caatinga,1.0,0.0,1.0,0.0,0.0,0.0,0.0
2607109,Caatinga,1.0,0.0,1.0,0.0,0.0,0.0,0.0
2607208,Mata Atlântica,1.0,0.0,0.0,0.0,1.0,0.0,0.0
2607307,Caatinga,1.0,0.0,1.0,0.0,0.0,0.0,0.0
2607406,Caatinga,1.0,0.0,1.0,0.0,0.0,0.0,0.0
2607505,Caatinga,1.0,0.0,1.0,0.0,0.0,0.0,0.0
2607604,Mata Atlântica,1.0,0.0,0.0,0.0,1.0,0.0,0.0
2607653,Mata Atlântica,1.0,0.0,0.0,0.0,1.0,0.0,0.0
2607703,Caatinga,1.0,0.0,1.0,0.0,0.0,0.0,0.0
2607752,Mata Atlântica,1.0,0.0,0.0,0.0,1.0,0.0,0.0
2607802,Mata Atlântica,1.0,0.0,0.0,0.0,1.0,0.0,0.0
2607901,Mata Atlântica,1.0,0.0,0.0,0.0,1.0,0.0,0.0
2607950,Mata Atlântica,1.0,0.0,0.0,0.0,1.0,0.0,0.0
2608008,Caatinga,1.0,0.0,1.0,0.0,0.0,0.0,0.0
2608057,Caatinga,1.0,0.0,1.0,0.0,0.0,0.0,0.0
2608107,Caatinga,0.924,0.0,0.924,0.0,0.076,0.0,0.0
2608206,Mata Atlântica,1.0,0.0,0.0,0.0,1.0,0.0,0.0
2608255,Caatinga,1.0,0.0,1.0,0.0,0.0,0.0,0.0
2608305,Caatinga,1.0,0.0,1.0,0.0,0.0,0.0,0.0
2608404,Mata Atlântica,0.629,0.0,0.371,0.0,0.629,0.0,0.0
2608453,Mata Atlântica,1.0,0.0,0.0,0.0,1.0,0.0,0.0
2608503,Mata Atlântica,1.0,0.0,0.0,0.0,1.0,0.0,0.0
2608602,Mata Atlântica,1.0,0.0,0.0,0.0,1.0,0.0,0.0
2608701,Mata Atlântica,0.757,0.0,0.243,0.0,0.757,0.0,0.0
2608750,Caatinga,1.0,0.0,1.0,0.0,0.0,0.0,0.0
2608800,Caatinga,1.0,0.0,1.0,0.0,0.0,0.0,0.0
2608909,Mata Atlântica,0.918,0.0,0.082,0.0,0.918,0.0,0.0
2609006,Mata Atlântica,1.0,0.0,0.0,0.0,1.0,0.0,0.0
2609105,Mata Atlântica,1.0,0.0,0.0,0.0,1.0,0.0,0.0
2609154,Caatinga,1.0,0.0,1.0,0.0,0.0,0.0,0.0
2609204,Mata Atlântica,1.0,0.0,0.0,0.0,1.0,0.0,0.0
2609303,Caatinga,1.0,0.0,1.0,0.0,0.0,0.0,0.0
2609402,Mata Atlântica,1.0,0.0,0.0,0.0,1.0,0.0,0.0
2609501,Mata Atlântica,1.0,0.0,0.0,0.0,1.0,0.0,0.0
2609600,Mata Atlântica,1.0,0.0,0.0,0.0,1.0,0.0,0.0
2609709,Mata Atlântica,0.987,0.0,0.013,0.0,0.987,0.0,0.0
2609808,Caatinga,1.0,0.0,1.0,0.0,0.0,0.0,0.0
2609907,Caatinga,1.0,0.0,1.0,0.0,0.0,0.0,0.0
2610004,Mata Atlântica,1.0,0.0,0.0,0.0,1.0,0.0,0.0
2610103,Mata Atlântica,1.0,0.0,0.0,0.0,1.0,0.0,0.0
2610202,Caatinga,0.718,0.0,0.718,0.0,0.282,0.0,0.0
2610301,Caatinga,1.0,0.0,1.0,0.0,0.0,0.0,0.0
2610400,Caatinga,1.0,0.0,1.0,0.0,0.0,0.0,0.0
2610509,Caatinga,0.827,0.0,0.827,0.0,0.173,0.0,0.0
2610608,Mata Atlântica,1.0,0.0,0.0,0.0,1.0,0.0,0.0
2610707,Mata Atlântica,1.0,0.0,0.0,0.0,1.0,0.0,0.0
2610806,Caatinga,1.0,0.0,1.0,0.0,0.0,0.0,0.0
2610905,Caatinga,1.0,0.0,1.0,0.0,0.0,0.0,0.0
2611002,Caatinga,1.0,0.0,1.0,0.0,0.0,0.0,0.0
2611101,Caatinga,1.0,0.0,1.0,0.0,0.0,0.0,0.0
2611200,Caatinga,1.0,0.0,1.0,0.0,0.0,0.0,0.0
2611309,Mata Atlântica,1.0,0.0,0.0,0.0,1.0,0.0,0.0
2611408,Mata Atlântica,1.0,0.0,0.0,0.0,1.0,0.0,0.0
2611507,Mata Atlântica,1.0,0.0,0.0,0.0,1.0,0.0,0.0
2611533,Caatinga,1.0,0.0,1.0,0.0,0.0,0.0,0.0
2611606,Mata Atlântica,1.0,0.0,0.0,0.0,1.0,0.0,0.0
2611705,Caatinga,1.0,0.0,1.0,0.0,0.0,0.0,0.0
2611804,Mata Atlântica,1.0,0.0,0.0,0.0,1.0,0.0,0.0
2611903,Mata Atlântica,1.0,0.0,0.0,0.0,1.0,0.0,0.0
2612000,Mata Atlântica,0.904,0.0,0.096,0.0,0.904,0.0,0.0
2612109,Caatinga,1.0,0.0,1.0,0.0,0.0,0.0,0.0
2612208,Caatinga,1.0,0.0,1.0,0.0,0.0,0.0,0.0
2612307,Caatinga,0.964,0.0,0.964,0.0,0.036,0.0,0.0
2612406,Caatinga,1.0,0.0,1.0,0.0,0.0,0.0,0.0
2612455,Caatinga,1.0,0.0,1.0,0.0,0.0,0.0,0.0
2612471,Caatinga,1.0,0.0,1.0,0.0,0.0,0.0,0.0
2612505,Caatinga,1.0,0.0,1.0,0.0,0.0,0.0,0.0
2612554,Caatinga,1.0,0.0,1.0,0.0,0.0,0.0,0.0
2612604,Caatinga,1.0,0.0,1.0,0.0,0.0,0.0,0.0
2612703,Caatinga,1.0,0.0,1.0,0.0,0.0,0.0,0.0
2612802,Caatinga,1.0,0.0,1.0,0.0,0.0,0.0,0.0
2612901,Mata Atlântica,1.0,0.0,0.0,0.0,1.0,0.0,0.0
2613008,Caatinga,1.0,0.0,1.0,0.0,0.0,0.0,0.0
2613107,Caatinga,0.986,0.0,0.986,0.0,0.014,0.0,0.0
2613206,Caatinga,0.578,0.0,0.578,0.0,0.422,0.0,0.0
2613305,Caatinga,0.695,0.0,0.695,0.0,0.305,0.0,0.0
2613404,Mata Atlântica,1.0,0.0,0.0,0.0,1.0,0.0,0.0
2613503,Caatinga,1.0,0.0,1.0,0.0,0.0,0.0,0.0
2613602,Caatinga,1.0,0.0,1.0,0.0,0.0,0.0,0.0
2613701,Mata Atlântica,1.0,0.0,0.0,0.0,1.0,0.0,0.0
2613800,Mata Atlântica,1.0,0.0,0.0,0.0,1.0,0.0,0.0
2613909,Caatinga,1.0,0.0,1.0,0.0,0.0,0.0,0.0
2614006,Caatinga,1.0,0.0,1.0,0.0,0.0,0.0,0.0
2614105,Caatinga,1.0,0.0,1.0,0.0,0.0,0.0,0.0
2614204,Mata Atlântica,1.0,0.0,0.0,0.0,1.0,0.0,0.0
2614303,Caatinga,1.0,0.0,1.0,0.0,0.0,0.0,0.0
2614402,Caatinga,1.0,0.0,1.0,0.0,0.0,0.0,0.0
2614501,Caatinga,1.0,0.0,1.0,0.0,0.0,0.0,0.0
2614600,Caatinga,1.0,0.0,1.0,0.0,0.0,0.0,0.0
2614709,Caatinga,1.0,0.0,1.0,0.0,0.0,0.0,0.0
2614808,Caatinga,1.0,0.0,1.0,0.0,0.0,0.0,0.0
2614857,Mata Atlântica,1.0,0.0,0.0,0.0,1.0,0.0,0.0
2615003,Caatinga,1.0,0.0,1.0,0.0,0.0,0.0,0.0
2615102,Mata Atlântica,0.853,0.0,0.147,0.0,0.853,0.0,0.0
2615201,Caatinga,1.0,0.0,1.0,0.0,0.0,0.0,0.0
2615300,Mata Atlântica,1.0,0.0,0.0,0.0,1.0,0.0,0.0
2615409,Caatinga,1.0,0.0,1.0,0.0,0.0,0.0,0.0
2615508,Mata Atlântica,1.0,0.0,0.0,0.0,1.0,0.0,0.0
2615607,Caatinga,1.0,0.0,1.0,0.0,0.0,0.0,0.0
2615706,Caatinga,1.0,0.0,1.0,0.0,0.0,0.0,0.0
2615805,Caatinga,1.0,0.0,1.0,0.0,0.0,0.0,0.0
2615904,Caatinga,1.0,0.0,1.0,0.0,0.0,0.0,0.0
2616001,Caatinga,1.0,0.0,1.0,0.0,0.0,0.0,0.0
2616100,Caatinga,1.0,0.0,1.0,0.0,0.0,0.0,0.0
2616183,Caatinga,1.0,0.0,1.0,0.0,0.0,0.0,0.0
2616209,Caatinga,1.0,0.0,1.0,0.0,0.0,0.0,0.0
2616308,Mata Atlântica,1.0,0.0,0.0,0.0,1.0,0.0,0.0
2616407,Mata Atlântica,1.0,0.0,0.0,0.0,1.0,0.0,0.0
2616506,Mata Atlântica,1.0,0.0,0.0,0.0,1.0,0.0,0.0
2700102,Caatinga,1.0,0.0,1.0,0.0,0.0,0.0,0.0
2700201,Mata Atlântica,1.0,0.0,0.0,0.0,1.0,0.0,0.0
2700300,Caatinga,0.697,0.0,0.697,0.0,0.303,0.0,0.0
2700409,Mata Atlântica,1.0,0.0,0.0,0.0,1.0,0.0,0.0
2700508,Mata Atlântica,1.0,0.0,0.0,0.0,1.0,0.0,0.0
2700607,Mata Atlântica,1.0,0.0,0.0,0.0,1.0,0.0,0.0
2700706,Caatinga,1.0,0.0,1.0,0.0,0.0,0.0,0.0
2700805,Caatinga,0.593,0.0,0.593,0.0,0.407,0.0,0.0
2700904,Caatinga,1.0,0.0,1.0,0.0,0.0,0.0,0.0
2701001,Mata Atlântica,1.0,0.0,0.0,0.0,1.0,0.0,0.0
2701100,Mata Atlântica,1.0,0.0,0.0,0.0,1.0,0.0,0.0
2701209,Caatinga,1.0,0.0,1.0,0.0,0.0,0.0,0.0
2701308,Mata Atlântica,1.0,0.0,0.0,0.0,1.0,0.0,0.0
2701357,Mata Atlântica,1.0,0.0,0.0,0.0,1.0,0.0,0.0
2701407,Mata Atlântica,1.0,0.0,0.0,0.0,1.0,0.0,0.0
2701506,Caatinga,1.0,0.0,1.0,0.0,0.0,0.0,0.0
2701605,Caatinga,1.0,0.0,1.0,0.0,0.0,0.0,0.0
2701704,Mata Atlântica,1.0,0.0,0.0,0.0,1.0,0.0,0.0
2701803,Caatinga,1.0,0.0,1.0,0.0,0.0,0.0,0.0
2701902,Mata Atlântica,1.0,0.0,0.0,0.0,1.0,0.0,0.0
2702009,Caatinga,1.0,0.0,1.0,0.0,0.0,0.0,0.0
2702108,Mata Atlântica,1.0,0.0,0.0,0.0,1.0,0.0,0.0
2702207,Mata Atlântica,1.0,0.0,0.0,0.0,1.0,0.0,0.0
2702306,Mata Atlântica,1.0,0.0,0.0,0.0,1.0,0.0,0.0
2702355,Caatinga,1.0,0.0,1.0,0.0,0.0,0.0,0.0
2702405,Caatinga,1.0,0.0,1.0,0.0,0.0,0.0,0.0
2702504,Caatinga,1.0,0.0,1.0,0.0,0.0,0.0,0.0
2702553,Caatinga,0.96,0.0,0.96,0.0,0.04,0.0,0.0
2702603,Caatinga,0.894,0.0,0.894,0.0,0.106,0.0,0.0
2702702,Mata Atlântica,1.0,0.0,0.0,0.0,1.0,0.0,0.0
2702801,Mata Atlântica,1.0,0.0,0.0,0.0,1.0,0.0,0.0
2702900,Caatinga,1.0,0.0,1.0,0.0,0.0,0.0,0.0
2703007,Mata Atlântica,1.0,0.0,0.0,0.0,1.0,0.0,0.0
2703106,Caatinga,1.0,0.0,1.0,0.0,0.0,0.0,0.0
2703205,Mata Atlântica,0.575,0.0,0.425,0.0,0.575,0.0,0.0
2703304,Caatinga,1.0,0.0,1.0,0.0,0.0,0.0,0.0
2703403,Caatinga,1.0,0.0,1.0,0.0,0.0,0.0,0.0
2703502,Mata Atlântica,1.0,0.0,0.0,0.0,1.0,0.0,0.0
2703601,Mata Atlântica,1.0,0.0,0.0,0.0,1.0,0.0,0.0
2703700,Caatinga,1.0,0.0,1.0,0.0,0.0,0.0,0.0
2703759,Mata Atlântica,1.0,0.0,0.0,0.0,1.0,0.0,0.0
2703809,Mata Atlântica,1.0,0.0,0.0,0.0,1.0,0.0,0.0
2703908,Mata Atlântica,1.0,0.0,0.0,0.0,1.0,0.0,0.0
2704005,Mata Atlântica,1.0,0.0,0.0,0.0,1.0,0.0,0.0
2704104,Caatinga,1.0,0.0,1.0,0.0,0.0,0.0,0.0
2704203,Mata Atlântica,0.729,0.0,0.271,0.0,0.729,0.0,0.0
2704302,Mata Atlântica,1.0,0.0,0.0,0.0,1.0,0.0,0.0
2704401,Caatinga,1.0,0.0,1.0,0.0,0.0,0.0,0.0
2704500,Mata Atlântica,1.0,0.0,0.0,0.0,1.0,0.0,0.0
2704609,Caatinga,1.0,0.0,1.0,0.0,0.0,0.0,0.0
2704708,Mata Atlântica,1.0,0.0,0.0,0.0,1.0,0.0,0.0
2704807,Mata Atlântica,1.0,0.0,0.0,0.0,1.0,0.0,0.0
2704906,Mata Atlântica,0.984,0.0,0.016,0.0,0.984,0.0,0.0
2705002,Caatinga,1.0,0.0,1.0,0.0,0.0,0.0,0.0
2705101,Mata Atlântica,1.0,0.0,0.0,0.0,1.0,0.0,0.0
2705200,Mata Atlântica,1.0,0.0,0.0,0.0,1.0,0.0,0.0
2705309,Caatinga,1.0,0.0,1.0,0.0,0.0,0.0,0.0
2705408,Caatinga,1.0,0.0,1.0,0.0,0.0,0.0,0.0
2705507,Mata Atlântica,1.0,0.0,0.0,0.0,1.0,0.0,0.0
2705606,Mata Atlântica,1.0,0.0,0.0,0.0,1.0,0.0,0.0
2705705,Caatinga,1.0,0.0,1.0,0.0,0.0,0.0,0.0
2705804,Caatinga,1.0,0.0,1.0,0.0,0.0,0.0,0.0
2705903,Caatinga,1.0,0.0,1.0,0.0,0.0,0.0,0.0
2706000,Caatinga,1.0,0.0,1.0,0.0,0.0,0.0,0.0
2706109,Caatinga,1.0,0.0,1.0,0.0,0.0,0.0,0.0
2706208,Caatinga,1.0,0.0,1.0,0.0,0.0,0.0,0.0
2706307,Caatinga,0.56,0.0,0.56,0.0,0.44,0.0,0.0
2706406,Caatinga,1.0,0.0,1.0,0.0,0.0,0.0,0.0
2706422,Caatinga,1.0,0.0,1.0,0.0,0.0,0.0,0.0
2706448,Mata Atlântica,1.0,0.0,0.0,0.0,1.0,0.0,0.0
2706505,Mata Atlântica,1.0,0.0,0.0,0.0,1.0,0.0,0.0
2706604,Mata Atlântica,1.0,0.0,0.0,0.0,1.0,0.0,0.0
2706703,Mata Atlântica,1.0,0.0,0.0,0.0,1.0,0.0,0.0
2706802,Mata Atlântica,1.0,0.0,0.0,0.0,1.0,0.0,0.0
2706901,Mata Atlântica,1.0,0.0,0.0,0.0,1.0,0.0,0.0
2707008,Mata Atlântica,1.0,0.0,0.0,0.0,1.0,0.0,0.0
2707107,Caatinga,1.0,0.0,1.0,0.0,0.0,0.0,0.0
2707206,Caatinga,1.0,0.0,1.0,0.0,0.0,0.0,0.0
2707305,Mata Atlântica,1.0,0.0,0.0,0.0,1.0,0.0,0.0
2707404,Mata Atlântica,1.0,0.0,0.0,0.0,1.0,0.0,0.0
2707503,Caatinga,0.549,0.0,0.549,0.0,0.451,0.0,0.0
2707602,Mata Atlântica,1.0,0.0,0.0,0.0,1.0,0.0,0.0
2707701,Mata Atlântica,1.0,0.0,0.0,0.0,1.0,0.0,0.0
2707800,Mata Atlântica,1.0,0.0,0.0,0.0,1.0,0.0,0.0
2707909,Mata Atlântica,1.0,0.0,0.0,0.0,1.0,0.0,0.0
2708006,Caatinga,1.0,0.0,1.0,0.0,0.0,0.0,0.0
2708105,Mata Atlântica,1.0,0.0,0.0,0.0,1.0,0.0,0.0
2708204,Caatinga,0.882,0.0,0.882,0.0,0.118,0.0,0.0
2708303,Mata Atlântica,1.0,0.0,0.0,0.0,1.0,0.0,0.0
2708402,Caatinga,1.0,0.0,1.0,0.0,0.0,0.0,0.0
2708501,Mata Atlântica,1.0,0.0,0.0,0.0,1.0,0.0,0.0
2708600,Mata Atlântica,1.0,0.0,0.0,0.0,1.0,0.0,0.0
2708709,Mata Atlântica,1.0,0.0,0.0,0.0,1.0,0.0,0.0
2708808,Mata Atlântica,0.698,0.0,0.302,0.0,0.698,0.0,0.0
2708907,Mata Atlântica,1.0,0.0,0.0,0.0,1.0,0.0,0.0
2708956,Caatinga,1.0,0.0,1.0,0.0,0.0,0.0,0.0
2709004,Mata Atlântica,0.946,0.0,0.054,0.0,0.946,0.0,0.0
2709103,Caatinga,0.667,0.0,0.667,0.0,0.333,0.0,0.0
2709152,Mata Atlântica,1.0,0.0,0.0,0.0,1.0,0.0,0.0
2709202,Caatinga,1.0,0.0,1.0,0.0,0.0,0.0,0.0
2709301,Mata Atlântica,1.0,0.0,0.0,0.0,1.0,0.0,0.0
2709400,Mata Atlântica,1.0,0.0,0.0,0.0,1.0,0.0,0.0
2800100,Caatinga,1.0,0.0,1.0,0.0,0.0,0.0,0.0
2800209,Caatinga,0.517,0.0,0.517,0.0,0.483,0.0,0.0
2800308,Mata Atlântica,1.0,0.0,0.0,0.0,1.0,0.0,0.0
2800407,Mata Atlântica,1.0,0.0,0.0,0.0,1.0,0.0,0.0
2800506,Mata Atlântica,1.0,0.0,0.0,0.0,1.0,0.0,0.0
2800605,Mata Atlântica,1.0,0.0,0.0,0.0,1.0,0.0,0.0
2800670,Mata Atlântica,1.0,0.0,0.0,0.0,1.0,0.0,0.0
2800704,Mata Atlântica,1.0,0.0,0.0,0.0,1.0,0.0,0.0
2801009,Caatinga,0.575,0.0,0.575,0.0,0.425,0.0,0.0
2801108,Caatinga,0.912,0.0,0.912,0.0,0.088,0.0,0.0
2801207,Caatinga,1.0,0.0,1.0,0.0,0.0,0.0,0.0
2801306,Mata Atlântica,1.0,0.0,0.0,0.0,1.0,0.0,0.0
2801405,Caatinga,1.0,0.0,1.0,0.0,0.0,0.0,0.0
2801504,Mata Atlântica,1.0,0.0,0.0,0.0,1.0,0.0,0.0
2801603,Caatinga,0.503,0.0,0.503,0.0,0.497,0.0,0.0
2801702,Mata Atlântica,1.0,0.0,0.0,0.0,1.0,0.0,0.0
2801900,Mata Atlântica,0.868,0.0,0.132,0.0,0.868,0.0,0.0
2802007,Mata Atlântica,1.0,0.0,0.0,0.0,1.0,0.0,0.0
2802106,Mata Atlântica,1.0,0.0,0.0,0.0,1.0,0.0,0.0
2802205,Caatinga,0.998,0.0,0.998,0.0,0.002,0.0,0.0
2802304,Caatinga,1.0,0.0,1.0,0.0,0.0,0.0,0.0
2802403,Caatinga,1.0,0.0,1.0,0.0,0.0,0.0,0.0
2802502,Mata Atlântica,1.0,0.0,0.0,0.0,1.0,0.0,0.0
2802601,Caatinga,0.588,0.0,0.588,0.0,0.412,0.0,0.0
2802700,Mata Atlântica,1.0,0.0,0.0,0.0,1.0,0.0,0.0
2802809,Mata Atlântica,1.0,0.0,0.0,0.0,1.0,0.0,0.0
2802908,Caatinga,0.803,0.0,0.803,0.0,0.197,0.0,0.0
2803005,Caatinga,0.68,0.0,0.68,0.0,0.32,0.0,0.0
2803104,Caatinga,0.776,0.0,0.776,0.0,0.224,0.0,0.0
2803203,Mata Atlântica,1.0,0.0,0.0,0.0,1.0,0.0,0.0
2803302,Mata Atlântica,1.0,0.0,0.0,0.0,1.0,0.0,0.0
2803401,Mata Atlântica,1.0,0.0,0.0,0.0,1.0,0.0,0.0
2803500,Caatinga,0.8,0.0,0.8,0.0,0.2,0.0,0.0
2803609,Mata Atlântica,1.0,0.0,0.0,0.0,1.0,0.0,0.0
2803708,Caatinga,0.999,0.0,0.999,0.0,0.001,0.0,0.0
2803807,Caatinga,0.756,0.0,0.756,0.0,0.244,0.0,0.0
2803906,Mata Atlântica,1.0,0.0,0.0,0.0,1.0,0.0,0.0
2804003,Mata Atlântica,1.0,0.0,0.0,0.0,1.0,0.0,0.0
2804102,Caatinga,0.621,0.0,0.621,0.0,0.379,0.0,0.0
2804201,Caatinga,1.0,0.0,1.0,0.0,0.0,0.0,0.0
2804300,Mata Atlântica,0.789,0.0,0.211,0.0,0.789,0.0,0.0
2804409,Mata Atlântica,1.0,0.0,0.0,0.0,1.0,0.0,0.0
2804458,Caatinga,0.999,0.0,0.999,0.0,0.001,0.0,0.0
2804508,Caatinga,1.0,0.0,1.0,0.0,0.0,0.0,0.0
2804607,Mata Atlântica,0.919,0.0,0.081,0.0,0.919,0.0,0.0
2804706,Caatinga,1.0,0.0,1.0,0.0,0.0,0.0,0.0
2804805,Mata Atlântica,1.0,0.0,0.0,0.0,1.0,0.0,0.0
2804904,Mata Atlântica,1.0,0.0,0.0,0.0,1.0,0.0,0.0
2805000,Caatinga,1.0,0.0,1.0,0.0,0.0,0.0,0.0
2805109,Mata Atlântica,1.0,0.0,0.0,0.0,1.0,0.0,0.0
2805208,Caatinga,1.0,0.0,1.0,0.0,0.0,0.0,0.0
2805307,Mata Atlântica,1.0,0.0,0.0,0.0,1.0,0.0,0.0
2805406,Caatinga,1.0,0.0,1.0,0.0,0.0,0.0,0.0
2805505,Caatinga,1.0,0.0,1.0,0.0,0.0,0.0,0.0
2805604,Caatinga,1.0,0.0,1.0,0.0,0.0,0.0,0.0
2805703,Mata Atlântica,1.0,0.0,0.0,0.0,1.0,0.0,0.0
2805802,Caatinga,0.69,0.0,0.69,0.0,0.31,0.0,0.0
2805901,Mata Atlântica,1.0,0.0,0.0,0.0,1.0,0.0,0.0
2806008,Caatinga,0.529,0.0,0.529,0.0,0.471,0.0,0.0
2806107,Mata Atlântica,1.0,0.0,0.0,0.0,1.0,0.0,0.0
2806206,Mata Atlântica,1.0,0.0,0.0,0.0,1.0,0.0,0.0
2806305,Mata Atlântica,1.0,0.0,0.0,0.0,1.0,0.0,0.0
2806404,Mata Atlântica,1.0,0.0,0.0,0.0,1.0,0.0,0.0
2806503,Mata Atlântica,1.0,0.0,0.0,0.0,1.0,0.0,0.0
2806602,Mata Atlântica,1.0,0.0,0.0,0.0,1.0,0.0,0.0
2806701,Mata Atlântica,1.0,0.0,0.0,0.0,1.0,0.0,0.0
2806800,Mata Atlântica,0.718,0.0,0.282,0.0,0.718,0.0,0.0
2806909,Mata Atlântica,1.0,0.0,0.0,0.0,1.0,0.0,0.0
2807006,Mata Atlântica,0.612,0.0,0.388,0.0,0.612,0.0,0.0
2807105,Caatinga,1.0,0.0,1.0,0.0,0.0,0.0,0.0
2807204,Mata Atlântica,1.0,0.0,0.0,0.0,1.0,0.0,0.0
2807303,Mata Atlântica,0.621,0.0,0.379,0.0,0.621,0.0,0.0
2807402,Caatinga,1.0,0.0,1.0,0.0,0.0,0.0,0.0
2807501,Caatinga,0.826,0.0,0.826,0.0,0.174,0.0,0.0
2807600,Mata Atlântica,1.0,0.0,0.0,0.0,1.0,0.0,0.0
2900108,Caatinga,1.0,0.0,1.0,0.0,0.0,0.0,0.0
2900207,Caatinga,1.0,0.0,1.0,0.0,0.0,0.0,0.0
2900306,Mata Atlântica,0.683,0.0,0.317,0.0,0.683,0.0,0.0
2900355,Caatinga,1.0,0.0,1.0,0.0,0.0,0.0,0.0
2900405,Mata Atlântica,0.771,0.0,0.229,0.0,0.771,0.0,0.0
2900504,Caatinga,1.0,0.0,1.0,0.0,0.0,0.0,0.0
2900603,Mata Atlântica,1.0,0.0,0.0,0.0,1.0,0.0,0.0
2900702,Mata Atlântica,1.0,0.0,0.0,0.0,1.0,0.0,0.0
2900801,Mata Atlântica,1.0,0.0,0.0,0.0,1.0,0.0,0.0
2900900,Mata Atlântica,1.0,0.0,0.0,0.0,1.0,0.0,0.0
2901007,Mata Atlântica,0.995,0.0,0.005,0.0,0.995,0.0,0.0
2901106,Mata Atlântica,1.0,0.0,0.0,0.0,1.0,0.0,0.0
2901155,Caatinga,1.0,0.0,1.0,0.0,0.0,0.0,0.0
2901205,Caatinga,0.973,0.0,0.973,0.0,0.027,0.0,0.0
2901304,Caatinga,1.0,0.0,1.0,0.0,0.0,0.0,0.0
2901353,Caatinga,1.0,0.0,1.0,0.0,0.0,0.0,0.0
2901403,Caatinga,0.823,0.0,0.823,0.177,0.0,0.0,0.0
2901502,Mata Atlântica,1.0,0.0,0.0,0.0,1.0,0.0,0.0
2901601,Caatinga,1.0,0.0,1.0,0.0,0.0,0.0,0.0
2901700,Mata Atlântica,1.0,0.0,0.0,0.0,1.0,0.0,0.0
2901809,Caatinga,1.0,0.0,1.0,0.0,0.0,0.0,0.0
2901908,Mata Atlântica,0.661,0.0,0.339,0.0,0.661,0.0,0.0
2901957,Mata Atlântica,1.0,0.0,0.0,0.0,1.0,0.0,0.0
2902005,Caatinga,1.0,0.0,1.0,0.0,0.0,0.0,0.0
2902054,Mata Atlântica,1.0,0.0,0.0,0.0,1.0,0.0,0.0
2902104,Caatinga,1.0,0.0,1.0,0.0,0.0,0.0,0.0
2902203,Mata Atlântica,1.0,0.0,0.0,0.0,1.0,0.0,0.0
2902252,Mata Atlântica,1.0,0.0,0.0,0.0,1.0,0.0,0.0
2902302,Mata Atlântica,1.0,0.0,0.0,0.0,1.0,0.0,0.0
2902401,Mata Atlântica,1.0,0.0,0.0,0.0,1.0,0.0,0.0
2902500,Cerrado,1.0,0.0,0.0,1.0,0.0,0.0,0.0
2902609,Caatinga,1.0,0.0,1.0,0.0,0.0,0.0,0.0
2902658,Caatinga,1.0,0.0,1.0,0.0,0.0,0.0,0.0
2902708,Caatinga,1.0,0.0,1.0,0.0,0.0,0.0,0.0
2902807,Caatinga,1.0,0.0,1.0,0.0,0.0,0.0,0.0
2902906,Mata Atlântica,1.0,0.0,0.0,0.0,1.0,0.0,0.0
2903003,Caatinga,1.0,0.0,1.0,0.0,0.0,0.0,0.0
2903102,Mata Atlântica,1.0,0.0,0.0,0.0,1.0,0.0,0.0
2903201,Cerrado,0.993,0.0,0.007,0.993,0.0,0.0,0.0
2903235,Caatinga,1.0,0.0,1.0,0.0,0.0,0.0,0.0
2903276,Caatinga,1.0,0.0,1.0,0.0,0.0,0.0,0.0
2903300,Mata Atlântica,1.0,0.0,0.0,0.0,1.0,0.0,0.0
2903409,Mata Atlântica,1.0,0.0,0.0,0.0,1.0,0.0,0.0
2903508,Mata Atlântica,0.581,0.0,0.419,0.0,0.581,0.0,0.0
2903607,Caatinga,1.0,0.0,1.0,0.0,0.0,0.0,0.0
2903706,Mata Atlântica,0.519,0.0,0.481,0.0,0.519,0.0,0.0
2903805,Caatinga,1.0,0.0,1.0,0.0,0.0,0.0,0.0
2903904,Caatinga,0.994,0.0,0.994,0.006,0.0,0.0,0.0
2903953,Caatinga,1.0,0.0,1.0,0.0,0.0,0.0,0.0
2904001,Caatinga,1.0,0.0,1.0,0.0,0.0,0.0,0.0
2904050,Caatinga,1.0,0.0,1.0,0.0,0.0,0.0,0.0
2904100,Caatinga,0.88,0.0,0.88,0.12,0.0,0.0,0.0
2904209,Caatinga,0.972,0.0,0.972,0.028,0.0,0.0,0.0
2904308,Mata Atlântica,0.732,0.0,0.268,0.0,0.732,0.0,0.0
2904407,Caatinga,0.826,0.0,0.826,0.174,0.0,0.0,0.0
2904506,Caatinga,1.0,0.0,1.0,0.0,0.0,0.0,0.0
2904605,Caatinga,1.0,0.0,1.0,0.0,0.0,0.0,0.0
2904704,Mata Atlântica,1.0,0.0,0.0,0.0,1.0,0.0,0.0
2904753,Caatinga,1.0,0.0,1.0,0.0,0.0,0.0,0.0
2904803,Mata Atlântica,1.0,0.0,0.0,0.0,1.0,0.0,0.0
2904852,Mata Atlântica,1.0,0.0,0.0,0.0,1.0,0.0,0.0
2904902,Mata Atlântica,1.0,0.0,0.0,0.0,1.0,0.0,0.0
2905008,Caatinga,0.999,0.0,0.999,0.001,0.0,0.0,0.0
2905107,Caatinga,1.0,0.0,1.0,0.0,0.0,0.0,0.0
2905156,Caatinga,1.0,0.0,1.0,0.0,0.0,0.0,0.0
2905206,Cerrado,0.674,0.0,0.326,0.674,0.0,0.0,0.0
2905305,Caatinga,1.0,0.0,1.0,0.0,0.0,0.0,0.0
2905404,Mata Atlântica,1.0,0.0,0.0,0.0,1.0,0.0,0.0
2905503,Caatinga,1.0,0.0,1.0,0.0,0.0,0.0,0.0
2905602,Mata Atlântica,1.0,0.0,0.0,0.0,1.0,0.0,0.0
2905701,Mata Atlântica,1.0,0.0,0.0,0.0,1.0,0.0,0.0
2905800,Mata Atlântica,1.0,0.0,0.0,0.0,1.0,0.0,0.0
2905909,Caatinga,1.0,0.0,1.0,0.0,0.0,0.0,0.0
2906006,Caatinga,1.0,0.0,1.0,0.0,0.0,0.0,0.0
2906105,Caatinga,0.513,0.0,0.513,0.487,0.0,0.0,0.0
2906204,Caatinga,1.0,0.0,1.0,0.0,0.0,0.0,0.0
2906303,Mata Atlântica,1.0,0.0,0.0,0.0,1.0,0.0,0.0
2906402,Caatinga,0.932,0.0,0.932,0.0,0.068,0.0,0.0
2906501,Mata Atlântica,1.0,0.0,0.0,0.0,1.0,0.0,0.0
2906600,Caatinga,1.0,0.0,1.0,0.0,0.0,0.0,0.0
2906709,Mata Atlântica,1.0,0.0,0.0,0.0,1.0,0.0,0.0
2906808,Caatinga,1.0,0.0,1.0,0.0,0.0,0.0,0.0
2906824,Caatinga,1.0,0.0,1.0,0.0,0.0,0.0,0.0
2906857,Caatinga,1.0,0.0,1.0,0.0,0.0,0.0,0.0
2906873,Caatinga,1.0,0.0,1.0,0.0,0.0,0.0,0.0
2906899,Caatinga,1.0,0.0,1.0,0.0,0.0,0.0,0.0
2906907,Mata Atlântica,1.0,0.0,0.0,0.0,1.0,0.0,0.0
2907004,Mata Atlântica,1.0,0.0,0.0,0.0,1.0,0.0,0.0
2907103,Caatinga,1.0,0.0,1.0,0.0,0.0,0.0,0.0
2907202,Caatinga,1.0,0.0,1.0,0.0,0.0,0.0,0.0
2907301,Mata Atlântica,1.0,0.0,0.0,0.0,1.0,0.0,0.0
2907400,Cerrado,1.0,0.0,0.0,1.0,0.0,0.0,0.0
2907509,Mata Atlântica,1.0,0.0,0.0,0.0,1.0,0.0,0.0
2907558,Caatinga,1.0,0.0,1.0,0.0,0.0,0.0,0.0
2907608,Caatinga,1.0,0.0,1.0,0.0,0.0,0.0,0.0
2907707,Caatinga,1.0,0.0,1.0,0.0,0.0,0.0,0.0
2907806,Caatinga,1.0,0.0,1.0,0.0,0.0,0.0,0.0
2907905,Caatinga,1.0,0.0,1.0,0.0,0.0,0.0,0.0
2908002,Mata Atlântica,1.0,0.0,0.0,0.0,1.0,0.0,0.0
2908101,Cerrado,0.95,0.0,0.05,0.95,0.0,0.0,0.0
2908200,Mata Atlântica,1.0,0.0,0.0,0.0,1.0,0.0,0.0
2908309,Mata Atlântica,1.0,0.0,0.0,0.0,1.0,0.0,0.0
2908408,Caatinga,1.0,0.0,1.0,0.0,0.0,0.0,0.0
2908507,Mata Atlântica,0.958,0.0,0.042,0.0,0.958,0.0,0.0
2908606,Mata Atlântica,1.0,0.0,0.0,0.0,1.0,0.0,0.0
2908705,Caatinga,0.982,0.0,0.982,0.018,0.0,0.0,0.0
2908804,Caatinga,1.0,0.0,1.0,0.0,0.0,0.0,0.0
2908903,Mata Atlântica,0.766,0.0,0.234,0.0,0.766,0.0,0.0
2909000,Caatinga,0.797,0.0,0.797,0.203,0.0,0.0,0.0
2909109,Cerrado,0.506,0.0,0.494,0.506,0.0,0.0,0.0
2909208,Caatinga,1.0,0.0,1.0,0.0,0.0,0.0,0.0
2909307,Cerrado,0.953,0.0,0.047,0.953,0.0,0.0,0.0
2909406,Cerrado,0.576,0.0,0.424,0.576,0.0,0.0,0.0
2909505,Mata Atlântica,1.0,0.0,0.0,0.0,1.0,0.0,0.0
2909604,Caatinga,1.0,0.0,1.0,0.0,0.0,0.0,0.0
2909703,Cerrado,0.968,0.0,0.032,0.968,0.0,0.0,0.0
2909802,Mata Atlântica,1.0,0.0,0.0,0.0,1.0,0.0,0.0
2909901,Caatinga,1.0,0.0,1.0,0.0,0.0,0.0,0.0
2910008,Mata Atlântica,1.0,0.0,0.0,0.0,1.0,0.0,0.0
2910057,Mata Atlântica,1.0,0.0,0.0,0.0,1.0,0.0,0.0
2910107,Caatinga,1.0,0.0,1.0,0.0,0.0,0.0,0.0
2910206,Mata Atlântica,1.0,0.0,0.0,0.0,1.0,0.0,0.0
2910305,Mata Atlântica,1.0,0.0,0.0,0.0,1.0,0.0,0.0
2910404,Mata Atlântica,1.0,0.0,0.0,0.0,1.0,0.0,0.0
2910503,Mata Atlântica,1.0,0.0,0.0,0.0,1.0,0.0,0.0
2910602,Mata Atlântica,1.0,0.0,0.0,0.0,1.0,0.0,0.0
2910701,Caatinga,1.0,0.0,1.0,0.0,0.0,0.0,0.0
2910727,Mata Atlântica,1.0,0.0,0.0,0.0,1.0,0.0,0.0
2910750,Caatinga,1.0,0.0,1.0,0.0,0.0,0.0,0.0
2910776,Caatinga,1.0,0.0,1.0,0.0,0.0,0.0,0.0
2910800,Mata Atlântica,0.59,0.0,0.41,0.0,0.59,0.0,0.0
2910859,Caatinga,1.0,0.0,1.0,0.0,0.0,0.0,0.0
2910909,Mata Atlântica,1.0,0.0,0.0,0.0,1.0,0.0,0.0
2911006,Mata Atlântica,1.0,0.0,0.0,0.0,1.0,0.0,0.0
2911105,Cerrado,1.0,0.0,0.0,1.0,0.0,0.0,0.0
2911204,Mata Atlântica,1.0,0.0,0.0,0.0,1.0,0.0,0.0
2911253,Caatinga,1.0,0.0,1.0,0.0,0.0,0.0,0.0
2911303,Caatinga,1.0,0.0,1.0,0.0,0.0,0.0,0.0
2911402,Caatinga,1.0,0.0,1.0,0.0,0.0,0.0,0.0
2911501,Mata Atlântica,1.0,0.0,0.0,0.0,1.0,0.0,0.0
2911600,Mata Atlântica,1.0,0.0,0.0,0.0,1.0,0.0,0.0
2911659,Caatinga,1.0,0.0,1.0,0.0,0.0,0.0,0.0
2911709,Caatinga,0.903,0.0,0.903,0.097,0.0,0.0,0.0
2911808,Mata Atlântica,1.0,0.0,0.0,0.0,1.0,0.0,0.0
2911857,Caatinga,1.0,0.0,1.0,0.0,0.0,0.0,0.0
2911907,Caatinga,1.0,0.0,1.0,0.0,0.0,0.0,0.0
2912004,Caatinga,1.0,0.0,1.0,0.0,0.0,0.0,0.0
2912103,Mata Atlântica,1.0,0.0,0.0,0.0,1.0,0.0,0.0
2912202,Caatinga,1.0,0.0,1.0,0.0,0.0,0.0,0.0
2912301,Mata Atlântica,1.0,0.0,0.0,0.0,1.0,0.0,0.0
2912400,Caatinga,1.0,0.0,1.0,0.0,0.0,0.0,0.0
2912509,Caatinga,1.0,0.0,1.0,0.0,0.0,0.0,0.0
2912608,Caatinga,1.0,0.0,1.0,0.0,0.0,0.0,0.0
2912707,Mata Atlântica,1.0,0.0,0.0,0.0,1.0,0.0,0.0
2912806,Mata Atlântica,1.0,0.0,0.0,0.0,1.0,0.0,0.0
2912905,Mata Atlântica,1.0,0.0,0.0,0.0,1.0,0.0,0.0
2913002,Caatinga,1.0,0.0,1.0,0.0,0.0,0.0,0.0
2913101,Caatinga,1.0,0.0,1.0,0.0,0.0,0.0,0.0
2913200,Caatinga,1.0,0.0,1.0,0.0,0.0,0.0,0.0
2913309,Caatinga,1.0,0.0,1.0,0.0,0.0,0.0,0.0
2913408,Cerrado,0.761,0.0,0.239,0.761,0.0,0.0,0.0
2913457,Mata Atlântica,1.0,0.0,0.0,0.0,1.0,0.0,0.0
2913507,Mata Atlântica,1.0,0.0,0.0,0.0,1.0,0.0,0.0
2913606,Mata Atlântica,1.0,0.0,0.0,0.0,1.0,0.0,0.0
2913705,Mata Atlântica,0.545,0.0,0.455,0.0,0.545,0.0,0.0
2913804,Caatinga,0.638,0.0,0.638,0.0,0.362,0.0,0.0
2913903,Mata Atlântica,1.0,0.0,0.0,0.0,1.0,0.0,0.0
2914000,Caatinga,1.0,0.0,1.0,0.0,0.0,0.0,0.0
2914109,Caatinga,1.0,0.0,1.0,0.0,0.0,0.0,0.0
2914208,Mata Atlântica,0.76,0.0,0.24,0.0,0.76,0.0,0.0
2914307,Caatinga,1.0,0.0,1.0,0.0,0.0,0.0,0.0
2914406,Caatinga,1.0,0.0,1.0,0.0,0.0,0.0,0.0
2914505,Mata Atlântica,0.857,0.0,0.143,0.0,0.857,0.0,0.0
2914604,Caatinga,1.0,0.0,1.0,0.0,0.0,0.0,0.0
2914653,Mata Atlântica,1.0,0.0,0.0,0.0,1.0,0.0,0.0
2914703,Caatinga,1.0,0.0,1.0,0.0,0.0,0.0,0.0
2914802,Mata Atlântica,1.0,0.0,0.0,0.0,1.0,0.0,0.0
2914901,Mata Atlântica,1.0,0.0,0.0,0.0,1.0,0.0,0.0
2915007,Caatinga,1.0,0.0,1.0,0.0,0.0,0.0,0.0
2915106,Mata Atlântica,1.0,0.0,0.0,0.0,1.0,0.0,0.0
2915205,Mata Atlântica,1.0,0.0,0.0,0.0,1.0,0.0,0.0
2915304,Mata Atlântica,1.0,0.0,0.0,0.0,1.0,0.0,0.0
2915353,Caatinga,1.0,0.0,1.0,0.0,0.0,0.0,0.0
2915403,Mata Atlântica,1.0,0.0,0.0,0.0,1.0,0.0,0.0
2915502,Mata Atlântica,1.0,0.0,0.0,0.0,1.0,0.0,0.0
2915601,Mata Atlântica,1.0,0.0,0.0,0.0,1.0,0.0,0.0
2915700,Mata Atlântica,1.0,0.0,0.0,0.0,1.0,0.0,0.0
2915809,Mata Atlântica,1.0,0.0,0.0,0.0,1.0,0.0,0.0
2915908,Mata Atlântica,1.0,0.0,0.0,0.0,1.0,0.0,0.0
2916005,Mata Atlântica,1.0,0.0,0.0,0.0,1.0,0.0,0.0
2916104,Mata Atlântica,1.0,0.0,0.0,0.0,1.0,0.0,0.0
2916203,Mata Atlântica,1.0,0.0,0.0,0.0,1.0,0.0,0.0
2916302,Mata Atlântica,1.0,0.0,0.0,0.0,1.0,0.0,0.0
2916401,Mata Atlântica,1.0,0.0,0.0,0.0,1.0,0.0,0.0
2916500,Caatinga,0.87,0.0,0.87,0.0,0.13,0.0,0.0
2916609,Mata Atlântica,1.0,0.0,0.0,0.0,1.0,0.0,0.0
2916708,Mata Atlântica,1.0,0.0,0.0,0.0,1.0,0.0,0.0
2916807,Mata Atlântica,1.0,0.0,0.0,0.0,1.0,0.0,0.0
2916856,Caatinga,0.996,0.0,0.996,0.0,0.004,0.0,0.0
2916906,Mata Atlântica,0.987,0.0,0.013,0.0,0.987,0.0,0.0
2917003,Caatinga,1.0,0.0,1.0,0.0,0.0,0.0,0.0
2917102,Mata Atlântica,1.0,0.0,0.0,0.0,1.0,0.0,0.0
2917201,Caatinga,1.0,0.0,1.0,0.0,0.0,0.0,0.0
2917300,Mata Atlântica,1.0,0.0,0.0,0.0,1.0,0.0,0.0
2917334,Caatinga,1.0,0.0,1.0,0.0,0.0,0.0,0.0
2917359,Cerrado,0.948,0.0,0.052,0.948,0.0,0.0,0.0
2917409,Caatinga,0.962,0.0,0.962,0.038,0.0,0.0,0.0
2917508,Caatinga,1.0,0.0,1.0,0.0,0.0,0.0,0.0
2917607,Mata Atlântica,0.995,0.0,0.005,0.0,0.995,0.0,0.0
2917706,Caatinga,1.0,0.0,1.0,0.0,0.0,0.0,0.0
2917805,Mata Atlântica,1.0,0.0,0.0,0.0,1.0,0.0,0.0
2917904,Mata Atlântica,1.0,0.0,0.0,0.0,1.0,0.0,0.0
2918001,Caatinga,0.595,0.0,0.595,0.0,0.405,0.0,0.0
2918100,Caatinga,1.0,0.0,1.0,0.0,0.0,0.0,0.0
2918209,Mata Atlântica,1.0,0.0,0.0,0.0,1.0,0.0,0.0
2918308,Mata Atlântica,1.0,0.0,0.0,0.0,1.0,0.0,0.0
2918357,Caatinga,1.0,0.0,1.0,0.0,0.0,0.0,0.0
2918407,Caatinga,1.0,0.0,1.0,0.0,0.0,0.0,0.0
2918456,Mata Atlântica,1.0,0.0,0.0,0.0,1.0,0.0,0.0
2918506,Caatinga,1.0,0.0,1.0,0.0,0.0,0.0,0.0
2918555,Mata Atlântica,1.0,0.0,0.0,0.0,1.0,0.0,0.0
2918605,Caatinga,1.0,0.0,1.0,0.0,0.0,0.0,0.0
2918704,Mata Atlântica,0.774,0.0,0.226,0.0,0.774,0.0,0.0
2918753,Caatinga,0.951,0.0,0.951,0.049,0.0,0.0,0.0
2918803,Mata Atlântica,1.0,0.0,0.0,0.0,1.0,0.0,0.0
2918902,Mata Atlântica,1.0,0.0,0.0,0.0,1.0,0.0,0.0
2919009,Caatinga,1.0,0.0,1.0,0.0,0.0,0.0,0.0
2919058,Mata Atlântica,0.988,0.0,0.012,0.0,0.988,0.0,0.0
2919108,Caatinga,1.0,0.0,1.0,0.0,0.0,0.0,0.0
2919157,Caatinga,1.0,0.0,1.0,0.0,0.0,0.0,0.0
2919207,Mata Atlântica,1.0,0.0,0.0,0.0,1.0,0.0,0.0
2919306,Caatinga,1.0,0.0,1.0,0.0,0.0,0.0,0.0
2919405,Caatinga,0.796,0.0,0.796,0.204,0.0,0.0,0.0
2919504,Caatinga,0.994,0.0,0.994,0.006,0.0,0.0,0.0
2919553,Cerrado,1.0,0.0,0.0,1.0,0.0,0.0,0.0
2919603,Caatinga,1.0,0.0,1.0,0.0,0.0,0.0,0.0
2919702,Mata Atlântica,1.0,0.0,0.0,0.0,1.0,0.0,0.0
2919801,Caatinga,0.605,0.0,0.605,0.395,0.0,0.0,0.0
2919900,Caatinga,1.0,0.0,1.0,0.0,0.0,0.0,0.0
2919926,Mata Atlântica,1.0,0.0,0.0,0.0,1.0,0.0,0.0
2919959,Caatinga,1.0,0.0,1.0,0.0,0.0,0.0,0.0
2920007,Mata Atlântica,1.0,0.0,0.0,0.0,1.0,0.0,0.0
2920106,Caatinga,1.0,0.0,1.0,0.0,0.0,0.0,0.0
2920205,Caatinga,1.0,0.0,1.0,0.0,0.0,0.0,0.0
2920304,Caatinga,1.0,0.0,1.0,0.0,0.0,0.0,0.0
2920403,Caatinga,0.997,0.0,0.997,0.0,0.003,0.0,0.0
2920452,Cerrado,0.671,0.0,0.329,0.671,0.0,0.0,0.0
2920502,Caatinga,0.756,0.0,0.756,0.0,0.244,0.0,0.0
2920601,Mata Atlântica,1.0,0.0,0.0,0.0,1.0,0.0,0.0
2920700,Mata Atlântica,1.0,0.0,0.0,0.0,1.0,0.0,0.0
2920809,Caatinga,1.0,0.0,1.0,0.0,0.0,0.0,0.0
2920908,Mata Atlântica,1.0,0.0,0.0,0.0,1.0,0.0,0.0
2921005,Mata Atlântica,1.0,0.0,0.0,0.0,1.0,0.0,0.0
2921054,Caatinga,0.934,0.0,0.934,0.066,0.0,0.0,0.0
2921104,Mata Atlântica,1.0,0.0,0.0,0.0,1.0,0.0,0.0
2921203,Caatinga,1.0,0.0,1.0,0.0,0.0,0.0,0.0
2921302,Caatinga,0.86,0.0,0.86,0.0,0.14,0.0,0.0
2921401,Caatinga,1.0,0.0,1.0,0.0,0.0,0.0,0.0
2921450,Caatinga,1.0,0.0,1.0,0.0,0.0,0.0,0.0
2921500,Caatinga,1.0,0.0,1.0,0.0,0.0,0.0,0.0
2921609,Caatinga,1.0,0.0,1.0,0.0,0.0,0.0,0.0
2921708,Caatinga,1.0,0.0,1.0,0.0,0.0,0.0,0.0
2921807,Caatinga,0.885,0.0,0.885,0.115,0.0,0.0,0.0
2921906,Caatinga,1.0,0.0,1.0,0.0,0.0,0.0,0.0
2922003,Mata Atlântica,1.0,0.0,0.0,0.0,1.0,0.0,0.0
2922052,Caatinga,1.0,0.0,1.0,0.0,0.0,0.0,0.0
2922102,Caatinga,1.0,0.0,1.0,0.0,0.0,0.0,0.0
2922201,Mata Atlântica,1.0,0.0,0.0,0.0,1.0,0.0,0.0
2922250,Caatinga,0.992,0.0,0.992,0.008,0.0,0.0,0.0
2922300,Mata Atlântica,1.0,0.0,0.0,0.0,1.0,0.0,0.0
2922409,Mata Atlântica,1.0,0.0,0.0,0.0,1.0,0.0,0.0
2922508,Mata Atlântica,1.0,0.0,0.0,0.0,1.0,0.0,0.0
2922607,Mata Atlântica,1.0,0.0,0.0,0.0,1.0,0.0,0.0
2922656,Caatinga,1.0,0.0,1.0,0.0,0.0,0.0,0.0
2922706,Mata Atlântica,1.0,0.0,0.0,0.0,1.0,0.0,0.0
2922730,Caatinga,1.0,0.0,1.0,0.0,0.0,0.0,0.0
2922755,Mata Atlântica,1.0,0.0,0.0,0.0,1.0,0.0,0.0
2922805,Caatinga,0.717,0.0,0.717,0.0,0.283,0.0,0.0
2922854,Caatinga,1.0,0.0,1.0,0.0,0.0,0.0,0.0
2922904,Caatinga,1.0,0.0,1.0,0.0,0.0,0.0,0.0
2923001,Mata Atlântica,1.0,0.0,0.0,0.0,1.0,0.0,0.0
2923035,Caatinga,1.0,0.0,1.0,0.0,0.0,0.0,0.0
2923050,Caatinga,1.0,0.0,1.0,0.0,0.0,0.0,0.0
2923100,Caatinga,1.0,0.0,1.0,0.0,0.0,0.0,0.0
2923209,Caatinga,0.999,0.0,0.999,0.001,0.0,0.0,0.0
2923308,Mata Atlântica,1.0,0.0,0.0,0.0,1.0,0.0,0.0
2923357,Caatinga,1.0,0.0,1.0,0.0,0.0,0.0,0.0
2923407,Caatinga,1.0,0.0,1.0,0.0,0.0,0.0,0.0
2923506,Caatinga,1.0,0.0,1.0,0.0,0.0,0.0,0.0
2923605,Caatinga,0.944,0.0,0.944,0.056,0.0,0.0,0.0
2923704,Caatinga,0.926,0.0,0.926,0.074,0.0,0.0,0.0
2923803,Caatinga,1.0,0.0,1.0,0.0,0.0,0.0,0.0
2923902,Mata Atlântica,1.0,0.0,0.0,0.0,1.0,0.0,0.0
2924009,Caatinga,1.0,0.0,1.0,0.0,0.0,0.0,0.0
2924058,Caatinga,1.0,0.0,1.0,0.0,0.0,0.0,0.0
2924108,Mata Atlântica,1.0,0.0,0.0,0.0,1.0,0.0,0.0
2924207,Caatinga,1.0,0.0,1.0,0.0,0.0,0.0,0.0
2924306,Caatinga,1.0,0.0,1.0,0.0,0.0,0.0,0.0
2924405,Caatinga,0.998,0.0,0.998,0.002,0.0,0.0,0.0
2924504,Caatinga,0.739,0.0,0.739,0.261,0.0,0.0,0.0
2924603,Caatinga,1.0,0.0,1.0,0.0,0.0,0.0,0.0
2924652,Caatinga,1.0,0.0,1.0,0.0,0.0,0.0,0.0
2924678,Mata Atlântica,1.0,0.0,0.0,0.0,1.0,0.0,0.0
2924702,Caatinga,0.733,0.0,0.733,0.051,0.216,0.0,0.0
2924801,Caatinga,1.0,0.0,1.0,0.0,0.0,0.0,0.0
2924900,Caatinga,0.958,0.0,0.958,0.0,0.042,0.0,0.0
2925006,Mata Atlântica,0.703,0.0,0.297,0.0,0.703,0.0,0.0
2925105,Caatinga,0.612,0.0,0.612,0.0,0.388,0.0,0.0
2925204,Mata Atlântica,1.0,0.0,0.0,0.0,1.0,0.0,0.0
2925253,Caatinga,1.0,0.0,1.0,0.0,0.0,0.0,0.0
2925303,Mata Atlântica,1.0,0.0,0.0,0.0,1.0,0.0,0.0
2925402,Mata Atlântica,1.0,0.0,0.0,0.0,1.0,0.0,0.0
2925501,Mata Atlântica,1.0,0.0,0.0,0.0,1.0,0.0,0.0
2925600,Caatinga,1.0,0.0,1.0,0.0,0.0,0.0,0.0
2925709,Caatinga,1.0,0.0,1.0,0.0,0.0,0.0,0.0
2925758,Mata Atlântica,1.0,0.0,0.0,0.0,1.0,0.0,0.0
2925808,Caatinga,1.0,0.0,1.0,0.0,0.0,0.0,0.0
2925907,Caatinga,1.0,0.0,1.0,0.0,0.0,0.0,0.0
2925931,Caatinga,1.0,0.0,1.0,0.0,0.0,0.0,0.0
2925956,Caatinga,0.961,0.0,0.961,0.0,0.039,0.0,0.0
2926004,Caatinga,1.0,0.0,1.0,0.0,0.0,0.0,0.0
2926103,Caatinga,1.0,0.0,1.0,0.0,0.0,0.0,0.0
2926202,Cerrado,1.0,0.0,0.0,1.0,0.0,0.0,0.0
2926301,Caatinga,0.922,0.0,0.922,0.0,0.078,0.0,0.0
2926400,Caatinga,0.743,0.0,0.743,0.257,0.0,0.0,0.0
2926509,Caatinga,1.0,0.0,1.0,0.0,0.0,0.0,0.0
2926608,Caatinga,1.0,0.0,1.0,0.0,0.0,0.0,0.0
2926657,Mata Atlântica,1.0,0.0,0.0,0.0,1.0,0.0,0.0
2926707,Caatinga,1.0,0.0,1.0,0.0,0.0,0.0,0.0
2926806,Caatinga,1.0,0.0,1.0,0.0,0.0,0.0,0.0
2926905,Caatinga,1.0,0.0,1.0,0.0,0.0,0.0,0.0
2927002,Mata Atlântica,0.736,0.0,0.264,0.0,0.736,0.0,0.0
2927101,Caatinga,1.0,0.0,1.0,0.0,0.0,0.0,0.0
2927200,Caatinga,1.0,0.0,1.0,0.0,0.0,0.0,0.0
2927309,Mata Atlântica,1.0,0.0,0.0,0.0,1.0,0.0,0.0
2927408,Mata Atlântica,1.0,0.0,0.0,0.0,1.0,0.0,0.0
2927507,Caatinga,0.816,0.0,0.816,0.0,0.184,0.0,0.0
2927606,Caatinga,1.0,0.0,1.0,0.0,0.0,0.0,0.0
2927705,Mata Atlântica,1.0,0.0,0.0,0.0,1.0,0.0,0.0
2927804,Mata Atlântica,1.0,0.0,0.0,0.0,1.0,0.0,0.0
2927903,Mata Atlântica,1.0,0.0,0.0,0.0,1.0,0.0,0.0
2928000,Caatinga,1.0,0.0,1.0,0.0,0.0,0.0,0.0
2928059,Mata Atlântica,1.0,0.0,0.0,0.0,1.0,0.0,0.0
2928109,Caatinga,0.535,0.0,0.535,0.465,0.0,0.0,0.0
2928208,Caatinga,0.932,0.0,0.932,0.068,0.0,0.0,0.0
2928307,Caatinga,1.0,0.0,1.0,0.0,0.0,0.0,0.0
2928406,Cerrado,0.685,0.0,0.315,0.685,0.0,0.0,0.0
2928505,Caatinga,0.584,0.0,0.584,0.0,0.416,0.0,0.0
2928604,Mata Atlântica,0.991,0.0,0.009,0.0,0.991,0.0,0.0
2928703,Mata Atlântica,1.0,0.0,0.0,0.0,1.0,0.0,0.0
2928802,Caatinga,0.551,0.0,0.551,0.0,0.449,0.0,0.0
2928901,Cerrado,1.0,0.0,0.0,1.0,0.0,0.0,0.0
2928950,Caatinga,1.0,0.0,1.0,0.0,0.0,0.0,0.0
2929008,Mata Atlântica,1.0,0.0,0.0,0.0,1.0,0.0,0.0
2929057,Caatinga,1.0,0.0,1.0,0.0,0.0,0.0,0.0
2929107,Mata Atlântica,1.0,0.0,0.0,0.0,1.0,0.0,0.0
2929206,Mata Atlântica,1.0,0.0,0.0,0.0,1.0,0.0,0.0
2929255,Caatinga,1.0,0.0,1.0,0.0,0.0,0.0,0.0
2929305,Mata Atlântica,0.668,0.0,0.332,0.0,0.668,0.0,0.0
2929354,Mata Atlântica,1.0,0.0,0.0,0.0,1.0,0.0,0.0
2929370,Caatinga,1.0,0.0,1.0,0.0,0.0,0.0,0.0
2929404,Mata Atlântica,1.0,0.0,0.0,0.0,1.0,0.0,0.0
2929503,Mata Atlântica,1.0,0.0,0.0,0.0,1.0,0.0,0.0
2929602,Mata Atlântica,1.0,0.0,0.0,0.0,1.0,0.0,0.0
2929701,Caatinga,1.0,0.0,1.0,0.0,0.0,0.0,0.0
2929750,Mata Atlântica,1.0,0.0,0.0,0.0,1.0,0.0,0.0
2929800,Caatinga,1.0,0.0,1.0,0.0,0.0,0.0,0.0
2929909,Caatinga,1.0,0.0,1.0,0.0,0.0,0.0,0.0
2930006,Caatinga,1.0,0.0,1.0,0.0,0.0,0.0,0.0
2930105,Caatinga,1.0,0.0,1.0,0.0,0.0,0.0,0.0
2930154,Caatinga,1.0,0.0,1.0,0.0,0.0,0.0,0.0
2930204,Caatinga,1.0,0.0,1.0,0.0,0.0,0.0,0.0
2930303,Caatinga,0.961,0.0,0.961,0.039,0.0,0.0,0.0
2930402,Mata Atlântica,0.518,0.0,0.482,0.0,0.518,0.0,0.0
2930501,Caatinga,1.0,0.0,1.0,0.0,0.0,0.0,0.0
2930600,Caatinga,1.0,0.0,1.0,0.0,0.0,0.0,0.0
2930709,Mata Atlântica,1.0,0.0,0.0,0.0,1.0,0.0,0.0
2930758,Caatinga,1.0,0.0,1.0,0.0,0.0,0.0,0.0
2930766,Caatinga,1.0,0.0,1.0,0.0,0.0,0.0,0.0
2930774,Caatinga,1.0,0.0,1.0,0.0,0.0,0.0,0.0
2930808,Caatinga,1.0,0.0,1.0,0.0,0.0,0.0,0.0
2930907,Cerrado,0.893,0.0,0.107,0.893,0.0,0.0,0.0
2931004,Caatinga,1.0,0.0,1.0,0.0,0.0,0.0,0.0
2931053,Caatinga,0.531,0.0,0.531,0.469,0.0,0.0,0.0
2931103,Mata Atlântica,0.597,0.0,0.403,0.0,0.597,0.0,0.0
2931202,Mata Atlântica,1.0,0.0,0.0,0.0,1.0,0.0,0.0
2931301,Caatinga,1.0,0.0,1.0,0.0,0.0,0.0,0.0
2931350,Mata Atlântica,1.0,0.0,0.0,0.0,1.0,0.0,0.0
2931400,Mata Atlântica,1.0,0.0,0.0,0.0,1.0,0.0,0.0
2931509,Caatinga,1.0,0.0,1.0,0.0,0.0,0.0,0.0
2931608,Mata Atlântica,1.0,0.0,0.0,0.0,1.0,0.0,0.0
2931707,Mata Atlântica,1.0,0.0,0.0,0.0,1.0,0.0,0.0
2931806,Caatinga,0.571,0.0,0.571,0.0,0.428,0.0,0.0
2931905,Caatinga,1.0,0.0,1.0,0.0,0.0,0.0,0.0
2932002,Caatinga,1.0,0.0,1.0,0.0,0.0,0.0,0.0
2932101,Mata Atlântica,1.0,0.0,0.0,0.0,1.0,0.0,0.0
2932200,Mata Atlântica,1.0,0.0,0.0,0.0,1.0,0.0,0.0
2932309,Mata Atlântica,1.0,0.0,0.0,0.0,1.0,0.0,0.0
2932408,Caatinga,1.0,0.0,1.0,0.0,0.0,0.0,0.0
2932457,Caatinga,1.0,0.0,1.0,0.0,0.0,0.0,0.0
2932507,Mata Atlântica,1.0,0.0,0.0,0.0,1.0,0.0,0.0
2932606,Caatinga,0.797,0.0,0.797,0.203,0.0,0.0,0.0
2932705,Mata Atlântica,1.0,0.0,0.0,0.0,1.0,0.0,0.0
2932804,Caatinga,1.0,0.0,1.0,0.0,0.0,0.0,0.0
2932903,Mata Atlântica,1.0,0.0,0.0,0.0,1.0,0.0,0.0
2933000,Caatinga,1.0,0.0,1.0,0.0,0.0,0.0,0.0
2933059,Caatinga,1.0,0.0,1.0,0.0,0.0,0.0,0.0
2933109,Caatinga,1.0,0.0,1.0,0.0,0.0,0.0,0.0
2933158,Caatinga,1.0,0.0,1.0,0.0,0.0,0.0,0.0
2933174,Mata Atlântica,1.0,0.0,0.0,0.0,1.0,0.0,0.0
2933208,Mata Atlântica,1.0,0.0,0.0,0.0,1.0,0.0,0.0
2933257,Mata Atlântica,1.0,0.0,0.0,0.0,1.0,0.0,0.0
2933307,Mata Atlântica,0.855,0.0,0.145,0.0,0.855,0.0,0.0
2933406,Caatinga,1.0,0.0,1.0,0.0,0.0,0.0,0.0
2933455,Caatinga,0.952,0.0,0.952,0.048,0.0,0.0,0.0
2933505,Mata Atlântica,1.0,0.0,0.0,0.0,1.0,0.0,0.0
2933604,Caatinga,1.0,0.0,1.0,0.0,0.0,0.0,0.0
3100104,Cerrado,1.0,0.0,0.0,1.0,0.0,0.0,0.0
3100203,Cerrado,1.0,0.0,0.0,1.0,0.0,0.0,0.0
3100302,Mata Atlântica,1.0,0.0,0.0,0.0,1.0,0.0,0.0
3100401,Mata Atlântica,1.0,0.0,0.0,0.0,1.0,0.0,0.0
3100500,Mata Atlântica,1.0,0.0,0.0,0.0,1.0,0.0,0.0
3100609,Mata Atlântica,0.999,0.0,0.0,0.001,0.999,0.0,0.0
3100708,Mata Atlântica,0.963,0.0,0.0,0.037,0.963,0.0,0.0
3100807,Mata Atlântica,0.755,0.0,0.0,0.245,0.755,0.0,0.0
3100906,Mata Atlântica,1.0,0.0,0.0,0.0,1.0,0.0,0.0
3101003,Mata Atlântica,1.0,0.0,0.0,0.0,1.0,0.0,0.0
3101102,Mata Atlântica,1.0,0.0,0.0,0.0,1.0,0.0,0.0
3101201,Mata Atlântica,1.0,0.0,0.0,0.0,1.0,0.0,0.0
3101300,Mata Atlântica,1.0,0.0,0.0,0.0,1.0,0.0,0.0
3101409,Mata Atlântica,1.0,0.0,0.0,0.0,1.0,0.0,0.0
3101508,Mata Atlântica,1.0,0.0,0.0,0.0,1.0,0.0,0.0
3101607,Mata Atlântica,1.0,0.0,0.0,0.0,1.0,0.0,0.0
3101631,Mata Atlântica,1.0,0.0,0.0,0.0,1.0,0.0,0.0
3101706,Mata Atlântica,1.0,0.0,0.0,0.0,1.0,0.0,0.0
3101805,Mata Atlântica,1.0,0.0,0.0,0.0,1.0,0.0,0.0
3101904,Cerrado,0.594,0.0,0.0,0.594,0.406,0.0,0.0
3102001,Mata Atlântica,1.0,0.0,0.0,0.0,1.0,0.0,0.0
3102050,Mata Atlântica,1.0,0.0,0.0,0.0,1.0,0.0,0.0
3102100,Mata Atlântica,1.0,0.0,0.0,0.0,1.0,0.0,0.0
3102209,Mata Atlântica,1.0,0.0,0.0,0.0,1.0,0.0,0.0
3102308,Mata Atlântica,1.0,0.0,0.0,0.0,1.0,0.0,0.0
3102407,Mata Atlântica,1.0,0.0,0.0,0.0,1.0,0.0,0.0
3102506,Mata Atlântica,1.0,0.0,0.0,0.0,1.0,0.0,0.0
3102605,Mata Atlântica,1.0,0.0,0.0,0.0,1.0,0.0,0.0
3102704,Mata Atlântica,1.0,0.0,0.0,0.0,1.0,0.0,0.0
3102803,Mata Atlântica,1.0,0.0,0.0,0.0,1.0,0.0,0.0
3102852,Mata Atlântica,0.607,0.0,0.0,0.393,0.607,0.0,0.0
3102902,Mata Atlântica,1.0,0.0,0.0,0.0,1.0,0.0,0.0
3103009,Mata Atlântica,1.0,0.0,0.0,0.0,1.0,0.0,0.0
3103108,Mata Atlântica,1.0,0.0,0.0,0.0,1.0,0.0,0.0
3103207,Cerrado,1.0,0.0,0.0,1.0,0.0,0.0,0.0
3103306,Mata Atlântica,1.0,0.0,0.0,0.0,1.0,0.0,0.0
3103405,Mata Atlântica,0.957,0.0,0.0,0.043,0.957,0.0,0.0
3103504,Cerrado,0.769,0.0,0.0,0.769,0.231,0.0,0.0
3103603,Mata Atlântica,1.0,0.0,0.0,0.0,1.0,0.0,0.0
3103702,Mata Atlântica,1.0,0.0,0.0,0.0,1.0,0.0,0.0
3103751,Mata Atlântica,0.995,0.0,0.0,0.005,0.995,0.0,0.0
3103801,Cerrado,1.0,0.0,0.0,1.0,0.0,0.0,0.0
3103900,Cerrado,1.0,0.0,0.0,1.0,0.0,0.0,0.0
3104007,Cerrado,1.0,0.0,0.0,1.0,0.0,0.0,0.0
3104106,Mata Atlântica,1.0,0.0,0.0,0.0,1.0,0.0,0.0
3104205,Cerrado,0.62,0.0,0.0,0.62,0.38,0.0,0.0
3104304,Mata Atlântica,1.0,0.0,0.0,0.0,1.0,0.0,0.0
3104403,Mata Atlântica,1.0,0.0,0.0,0.0,1.0,0.0,0.0
3104452,Mata Atlântica,0.99,0.0,0.0,0.01,0.99,0.0,0.0
3104502,Cerrado,1.0,0.0,0.0,1.0,0.0,0.0,0.0
3104601,Mata Atlântica,1.0,0.0,0.0,0.0,1.0,0.0,0.0
3104700,Mata Atlântica,1.0,0.0,0.0,0.0,1.0,0.0,0.0
3104809,Cerrado,1.0,0.0,0.0,1.0,0.0,0.0,0.0
3104908,Mata Atlântica,1.0,0.0,0.0,0.0,1.0,0.0,0.0
3105004,Cerrado,1.0,0.0,0.0,1.0,0.0,0.0,0.0
3105103,Cerrado,1.0,0.0,0.0,1.0,0.0,0.0,0.0
3105202,Mata Atlântica,1.0,0.0,0.0,0.0,1.0,0.0,0.0
3105301,Mata Atlântica,1.0,0.0,0.0,0.0,1.0,0.0,0.0
3105400,Mata Atlântica,0.862,0.0,0.0,0.138,0.862,0.0,0.0
3105509,Mata Atlântica,1.0,0.0,0.0,0.0,1.0,0.0,0.0
3105608,Mata Atlântica,1.0,0.0,0.0,0.0,1.0,0.0,0.0
3105707,Mata Atlântica,1.0,0.0,0.0,0.0,1.0,0.0,0.0
3105905,Mata Atlântica,1.0,0.0,0.0,0.0,1.0,0.0,0.0
3106002,Mata Atlântica,1.0,0.0,0.0,0.0,1.0,0.0,0.0
3106101,Mata Atlântica,1.0,0.0,0.0,0.0,1.0,0.0,0.0
3106200,Mata Atlântica,0.656,0.0,0.0,0.344,0.656,0.0,0.0
3106309,Mata Atlântica,1.0,0.0,0.0,0.0,1.0,0.0,0.0
3106408,Mata Atlântica,1.0,0.0,0.0,0.0,1.0,0.0,0.0
3106507,Cerrado,1.0,0.0,0.0,1.0,0.0,0.0,0.0
3106606,Mata Atlântica,1.0,0.0,0.0,0.0,1.0,0.0,0.0
3106655,Mata Atlântica,1.0,0.0,0.0,0.0,1.0,0.0,0.0
3106705,Mata Atlântica,0.603,0.0,0.0,0.397,0.603,0.0,0.0
3106804,Mata Atlântica,1.0,0.0,0.0,0.0,1.0,0.0,0.0
3106903,Mata Atlântica,1.0,0.0,0.0,0.0,1.0,0.0,0.0
3107000,Cerrado,1.0,0.0,0.0,1.0,0.0,0.0,0.0
3107109,Cerrado,0.789,0.0,0.0,0.789,0.211,0.0,0.0
3107208,Mata Atlântica,1.0,0.0,0.0,0.0,1.0,0.0,0.0
3107307,Cerrado,1.0,0.0,0.0,1.0,0.0,0.0,0.0
3107406,Cerrado,1.0,0.0,0.0,1.0,0.0,0.0,0.0
3107505,Mata Atlântica,1.0,0.0,0.0,0.0,1.0,0.0,0.0
3107604,Mata Atlântica,1.0,0.0,0.0,0.0,1.0,0.0,0.0
3107703,Cerrado,0.998,0.0,0.0,0.998,0.002,0.0,0.0
3107802,Mata Atlântica,1.0,0.0,0.0,0.0,1.0,0.0,0.0
3107901,Mata Atlântica,1.0,0.0,0.0,0.0,1.0,0.0,0.0
3108008,Mata Atlântica,1.0,0.0,0.0,0.0,1.0,0.0,0.0
3108107,Mata Atlântica,1.0,0.0,0.0,0.0,1.0,0.0,0.0
3108206,Cerrado,1.0,0.0,0.0,1.0,0.0,0.0,0.0
3108255,Cerrado,1.0,0.0,0.0,1.0,0.0,0.0,0.0
3108305,Mata Atlântica,1.0,0.0,0.0,0.0,1.0,0.0,0.0
3108404,Mata Atlântica,1.0,0.0,0.0,0.0,1.0,0.0,0.0
3108503,Cerrado,1.0,0.0,0.0,1.0,0.0,0.0,0.0
3108552,Cerrado,1.0,0.0,0.0,1.0,0.0,0.0,0.0
3108602,Cerrado,0.955,0.0,0.045,0.955,0.0,0.0,0.0
3108701,Mata Atlântica,1.0,0.0,0.0,0.0,1.0,0.0,0.0
3108800,Mata Atlântica,1.0,0.0,0.0,0.0,1.0,0.0,0.0
3108909,Mata Atlântica,1.0,0.0,0.0,0.0,1.0,0.0,0.0
3109006,Mata Atlântica,1.0,0.0,0.0,0.0,1.0,0.0,0.0
3109105,Mata Atlântica,1.0,0.0,0.0,0.0,1.0,0.0,0.0
3109204,Cerrado,1.0,0.0,0.0,1.0,0.0,0.0,0.0
3109253,Mata Atlântica,1.0,0.0,0.0,0.0,1.0,0.0,0.0
3109303,Cerrado,1.0,0.0,0.0,1.0,0.0,0.0,0.0
3109402,Cerrado,1.0,0.0,0.0,1.0,0.0,0.0,0.0
3109451,Cerrado,1.0,0.0,0.0,1.0,0.0,0.0,0.0
3109501,Mata Atlântica,1.0,0.0,0.0,0.0,1.0,0.0,0.0
3109600,Cerrado,1.0,0.0,0.0,1.0,0.0,0.0,0.0
3109709,Mata Atlântica,1.0,0.0,0.0,0.0,1.0,0.0,0.0
3109808,Mata Atlântica,1.0,0.0,0.0,0.0,1.0,0.0,0.0
3109907,Cerrado,1.0,0.0,0.0,1.0,0.0,0.0,0.0
3110004,Mata Atlântica,0.974,0.0,0.0,0.026,0.974,0.0,0.0
3110103,Mata Atlântica,1.0,0.0,0.0,0.0,1.0,0.0,0.0
3110202,Mata Atlântica,1.0,0.0,0.0,0.0,1.0,0.0,0.0
3110301,Mata Atlântica,1.0,0.0,0.0,0.0,1.0,0.0,0.0
3110400,Mata Atlântica,1.0,0.0,0.0,0.0,1.0,0.0,0.0
3110509,Mata Atlântica,1.0,0.0,0.0,0.0,1.0,0.0,0.0
3110608,Mata Atlântica,1.0,0.0,0.0,0.0,1.0,0.0,0.0
3110707,Mata Atlântica,1.0,0.0,0.0,0.0,1.0,0.0,0.0
3110806,Mata Atlântica,1.0,0.0,0.0,0.0,1.0,0.0,0.0
3110905,Mata Atlântica,1.0,0.0,0.0,0.0,1.0,0.0,0.0
3111002,Mata Atlântica,1.0,0.0,0.0,0.0,1.0,0.0,0.0
3111101,Cerrado,0.998,0.0,0.0,0.998,0.002,0.0,0.0
3111150,Cerrado,1.0,0.0,0.0,1.0,0.0,0.0,0.0
3111200,Mata Atlântica,0.898,0.0,0.0,0.102,0.898,0.0,0.0
3111309,Cerrado,0.72,0.0,0.0,0.72,0.28,0.0,0.0
3111408,Cerrado,0.9,0.0,0.0,0.9,0.1,0.0,0.0
3111507,Cerrado,1.0,0.0,0.0,1.0,0.0,0.0,0.0
3111606,Cerrado,0.636,0.0,0.0,0.636,0.364,0.0,0.0
3111705,Mata Atlântica,1.0,0.0,0.0,0.0,1.0,0.0,0.0
3111804,Cerrado,0.529,0.0,0.0,0.529,0.471,0.0,0.0
3111903,Mata Atlântica,1.0,0.0,0.0,0.0,1.0,0.0,0.0
3112000,Mata Atlântica,0.657,0.0,0.0,0.343,0.657,0.0,0.0
3112059,Mata Atlântica,1.0,0.0,0.0,0.0,1.0,0.0,0.0
3112109,Mata Atlântica,1.0,0.0,0.0,0.0,1.0,0.0,0.0
3112208,Mata Atlântica,1.0,0.0,0.0,0.0,1.0,0.0,0.0
3112307,Cerrado,0.58,0.0,0.0,0.58,0.42,0.0,0.0
3112406,Mata Atlântica,0.922,0.0,0.0,0.078,0.922,0.0,0.0
3112505,Cerrado,1.0,0.0,0.0,1.0,0.0,0.0,0.0
3112604,Mata Atlântica,0.861,0.0,0.0,0.139,0.861,0.0,0.0
3112653,Mata Atlântica,1.0,0.0,0.0,0.0,1.0,0.0,0.0
3112703,Caatinga,1.0,0.0,1.0,0.0,0.0,0.0,0.0
3112802,Cerrado,1.0,0.0,0.0,1.0,0.0,0.0,0.0
3112901,Mata Atlântica,1.0,0.0,0.0,0.0,1.0,0.0,0.0
3113008,Mata Atlântica,1.0,0.0,0.0,0.0,1.0,0.0,0.0
3113107,Mata Atlântica,1.0,0.0,0.0,0.0,1.0,0.0,0.0
3113206,Mata Atlântica,1.0,0.0,0.0,0.0,1.0,0.0,0.0
3113305,Mata Atlântica,1.0,0.0,0.0,0.0,1.0,0.0,0.0
3113404,Mata Atlântica,1.0,0.0,0.0,0.0,1.0,0.0,0.0
3113503,Cerrado,1.0,0.0,0.0,1.0,0.0,0.0,0.0
3113602,Mata Atlântica,1.0,0.0,0.0,0.0,1.0,0.0,0.0
3113701,Mata Atlântica,1.0,0.0,0.0,0.0,1.0,0.0,0.0
3113800,Mata Atlântica,1.0,0.0,0.0,0.0,1.0,0.0,0.0
3113909,Mata Atlântica,1.0,0.0,0.0,0.0,1.0,0.0,0.0
3114006,Mata Atlântica,0.87,0.0,0.0,0.13,0.87,0.0,0.0
3114105,Mata Atlântica,1.0,0.0,0.0,0.0,1.0,0.0,0.0
3114204,Cerrado,0.742,0.0,0.0,0.742,0.258,0.0,0.0
3114303,Cerrado,1.0,0.0,0.0,1.0,0.0,0.0,0.0
3114402,Mata Atlântica,0.595,0.0,0.0,0.405,0.595,0.0,0.0
3114501,Mata Atlântica,1.0,0.0,0.0,0.0,1.0,0.0,0.0
3114550,Cerrado,0.754,0.0,0.0,0.754,0.246,0.0,0.0
3114600,Mata Atlântica,1.0,0.0,0.0,0.0,1.0,0.0,0.0
3114709,Mata Atlântica,1.0,0.0,0.0,0.0,1.0,0.0,0.0
3114808,Mata Atlântica,1.0,0.0,0.0,0.0,1.0,0.0,0.0
3114907,Mata Atlântica,1.0,0.0,0.0,0.0,1.0,0.0,0.0
3115003,Cerrado,1.0,0.0,0.0,1.0,0.0,0.0,0.0
3115102,Cerrado,0.631,0.0,0.0,0.631,0.369,0.0,0.0
3115201,Mata Atlântica,1.0,0.0,0.0,0.0,1.0,0.0,0.0
3115300,Mata Atlântica,1.0,0.0,0.0,0.0,1.0,0.0,0.0
3115359,Mata Atlântica,1.0,0.0,0.0,0.0,1.0,0.0,0.0
3115409,Mata Atlântica,1.0,0.0,0.0,0.0,1.0,0.0,0.0
3115458,Mata Atlântica,1.0,0.0,0.0,0.0,1.0,0.0,0.0
3115474,Caatinga,1.0,0.0,1.0,0.0,0.0,0.0,0.0
3115508,Mata Atlântica,1.0,0.0,0.0,0.0,1.0,0.0,0.0
3115607,Cerrado,1.0,0.0,0.0,1.0,0.0,0.0,0.0
3115706,Mata Atlântica,1.0,0.0,0.0,0.0,1.0,0.0,0.0
3115805,Mata Atlântica,0.644,0.0,0.0,0.356,0.644,0.0,0.0
3115904,Mata Atlântica,1.0,0.0,0.0,0.0,1.0,0.0,0.0
3116001,Mata Atlântica,1.0,0.0,0.0,0.0,1.0,0.0,0.0
3116100,Cerrado,0.704,0.0,0.0,0.704,0.296,0.0,0.0
3116159,Cerrado,1.0,0.0,0.0,1.0,0.0,0.0,0.0
3116209,Mata Atlântica,1.0,0.0,0.0,0.0,1.0,0.0,0.0
3116308,Mata Atlântica,1.0,0.0,0.0,0.0,1.0,0.0,0.0
3116407,Mata Atlântica,0.8,0.0,0.0,0.2,0.8,0.0,0.0
3116506,Cerrado,1.0,0.0,0.0,1.0,0.0,0.0,0.0
3116605,Cerrado,0.77,0.0,0.0,0.77,0.23,0.0,0.0
3116704,Mata Atlântica,1.0,0.0,0.0,0.0,1.0,0.0,0.0
3116803,Mata Atlântica,1.0,0.0,0.0,0.0,1.0,0.0,0.0
3116902,Cerrado,1.0,0.0,0.0,1.0,0.0,0.0,0.0
3117009,Mata Atlântica,1.0,0.0,0.0,0.0,1.0,0.0,0.0
3117108,Mata Atlântica,1.0,0.0,0.0,0.0,1.0,0.0,0.0
3117207,Mata Atlântica,1.0,0.0,0.0,0.0,1.0,0.0,0.0
3117306,Mata Atlântica,0.608,0.0,0.0,0.392,0.608,0.0,0.0
3117405,Mata Atlântica,1.0,0.0,0.0,0.0,1.0,0.0,0.0
3117504,Mata Atlântica,0.802,0.0,0.0,0.198,0.802,0.0,0.0
3117603,Cerrado,0.761,0.0,0.0,0.761,0.239,0.0,0.0
3117702,Mata Atlântica,1.0,0.0,0.0,0.0,1.0,0.0,0.0
3117801,Mata Atlântica,1.0,0.0,0.0,0.0,1.0,0.0,0.0
3117836,Cerrado,0.939,0.0,0.061,0.939,0.0,0.0,0.0
3117876,Cerrado,1.0,0.0,0.0,1.0,0.0,0.0,0.0
3117900,Mata Atlântica,1.0,0.0,0.0,0.0,1.0,0.0,0.0
3118007,Mata Atlântica,1.0,0.0,0.0,0.0,1.0,0.0,0.0
3118106,Mata Atlântica,0.521,0.0,0.0,0.479,0.521,0.0,0.0
3118205,Mata Atlântica,0.929,0.0,0.0,0.071,0.929,0.0,0.0
3118304,Mata Atlântica,1.0,0.0,0.0,0.0,1.0,0.0,0.0
3118403,Mata Atlântica,1.0,0.0,0.0,0.0,1.0,0.0,0.0
3118502,Mata Atlântica,1.0,0.0,0.0,0.0,1.0,0.0,0.0
3118601,Cerrado,0.764,0.0,0.0,0.764,0.236,0.0,0.0
3118700,Mata Atlântica,0.681,0.0,0.0,0.319,0.681,0.0,0.0
3118809,Cerrado,1.0,0.0,0.0,1.0,0.0,0.0,0.0
3118908,Cerrado,1.0,0.0,0.0,1.0,0.0,0.0,0.0
3119005,Mata Atlântica,1.0,0.0,0.0,0.0,1.0,0.0,0.0
3119104,Cerrado,1.0,0.0,0.0,1.0,0.0,0.0,0.0
3119203,Mata Atlântica,1.0,0.0,0.0,0.0,1.0,0.0,0.0
3119302,Cerrado,1.0,0.0,0.0,1.0,0.0,0.0,0.0
3119401,Mata Atlântica,1.0,0.0,0.0,0.0,1.0,0.0,0.0
3119500,Mata Atlântica,0.811,0.0,0.0,0.189,0.811,0.0,0.0
3119609,Mata Atlântica,1.0,0.0,0.0,0.0,1.0,0.0,0.0
3119708,Mata Atlântica,1.0,0.0,0.0,0.0,1.0,0.0,0.0
3119807,Cerrado,1.0,0.0,0.0,1.0,0.0,0.0,0.0
3119906,Mata Atlântica,1.0,0.0,0.0,0.0,1.0,0.0,0.0
3119955,Cerrado,0.84,0.0,0.0,0.84,0.16,0.0,0.0
3120003,Mata Atlântica,1.0,0.0,0.0,0.0,1.0,0.0,0.0
3120102,Cerrado,0.98,0.0,0.0,0.98,0.02,0.0,0.0
3120151,Mata Atlântica,1.0,0.0,0.0,0.0,1.0,0.0,0.0
3120201,Cerrado,0.815,0.0,0.0,0.815,0.185,0.0,0.0
3120300,Cerrado,1.0,0.0,0.0,1.0,0.0,0.0,0.0
3120409,Mata Atlântica,1.0,0.0,0.0,0.0,1.0,0.0,0.0
3120508,Mata Atlântica,1.0,0.0,0.0,0.0,1.0,0.0,0.0
3120607,Mata Atlântica,1.0,0.0,0.0,0.0,1.0,0.0,0.0
3120706,Cerrado,1.0,0.0,0.0,1.0,0.0,0.0,0.0
3120805,Mata Atlântica,1.0,0.0,0.0,0.0,1.0,0.0,0.0
3120839,Mata Atlântica,1.0,0.0,0.0,0.0,1.0,0.0,0.0
3120870,Mata Atlântica,0.916,0.0,0.0,0.084,0.916,0.0,0.0
3120904,Cerrado,1.0,0.0,0.0,1.0,0.0,0.0,0.0
3121001,Cerrado,0.983,0.0,0.0,0.983,0.017,0.0,0.0
3121100,Mata Atlântica,1.0,0.0,0.0,0.0,1.0,0.0,0.0
3121209,Cerrado,1.0,0.0,0.0,1.0,0.0,0.0,0.0
3121258,Mata Atlântica,1.0,0.0,0.0,0.0,1.0,0.0,0.0
3121308,Mata Atlântica,1.0,0.0,0.0,0.0,1.0,0.0,0.0
3121407,Mata Atlântica,1.0,0.0,0.0,0.0,1.0,0.0,0.0
3121506,Mata Atlântica,1.0,0.0,0.0,0.0,1.0,0.0,0.0
3121605,Cerrado,1.0,0.0,0.0,1.0,0.0,0.0,0.0
3121704,Mata Atlântica,1.0,0.0,0.0,0.0,1.0,0.0,0.0
3121803,Mata Atlântica,1.0,0.0,0.0,0.0,1.0,0.0,0.0
3121902,Mata Atlântica,1.0,0.0,0.0,0.0,1.0,0.0,0.0
3122009,Mata Atlântica,1.0,0.0,0.0,0.0,1.0,0.0,0.0
3122108,Mata Atlântica,1.0,0.0,0.0,0.0,1.0,0.0,0.0
3122207,Mata Atlântica,1.0,0.0,0.0,0.0,1.0,0.0,0.0
3122306,Cerrado,0.805,0.0,0.0,0.805,0.195,0.0,0.0
3122355,Mata Atlântica,1.0,0.0,0.0,0.0,1.0,0.0,0.0
3122405,Mata Atlântica,1.0,0.0,0.0,0.0,1.0,0.0,0.0
3122454,Mata Atlântica,1.0,0.0,0.0,0.0,1.0,0.0,0.0
3122470,Cerrado,1.0,0.0,0.0,1.0,0.0,0.0,0.0
3122504,Mata Atlântica,1.0,0.0,0.0,0.0,1.0,0.0,0.0
3122603,Mata Atlântica,1.0,0.0,0.0,0.0,1.0,0.0,0.0
3122702,Mata Atlântica,1.0,0.0,0.0,0.0,1.0,0.0,0.0
3122801,Mata Atlântica,1.0,0.0,0.0,0.0,1.0,0.0,0.0
3122900,Mata Atlântica,1.0,0.0,0.0,0.0,1.0,0.0,0.0
3123007,Mata Atlântica,1.0,0.0,0.0,0.0,1.0,0.0,0.0
3123106,Mata Atlântica,1.0,0.0,0.0,0.0,1.0,0.0,0.0
3123205,Cerrado,1.0,0.0,0.0,1.0,0.0,0.0,0.0
3123304,Mata Atlântica,1.0,0.0,0.0,0.0,1.0,0.0,0.0
3123403,Cerrado,1.0,0.0,0.0,1.0,0.0,0.0,0.0
3123502,Cerrado,1.0,0.0,0.0,1.0,0.0,0.0,0.0
3123528,Mata Atlântica,1.0,0.0,0.0,0.0,1.0,0.0,0.0
3123601,Mata Atlântica,1.0,0.0,0.0,0.0,1.0,0.0,0.0
3123700,Mata Atlântica,1.0,0.0,0.0,0.0,1.0,0.0,0.0
3123809,Cerrado,1.0,0.0,0.0,1.0,0.0,0.0,0.0
3123858,Mata Atlântica,1.0,0.0,0.0,0.0,1.0,0.0,0.0
3123908,Mata Atlântica,1.0,0.0,0.0,0.0,1.0,0.0,0.0
3124005,Mata Atlântica,1.0,0.0,0.0,0.0,1.0,0.0,0.0
3124104,Cerrado,1.0,0.0,0.0,1.0,0.0,0.0,0.0
3124203,Mata Atlântica,1.0,0.0,0.0,0.0,1.0,0.0,0.0
3124302,Caatinga,0.857,0.0,0.857,0.143,0.0,0.0,0.0
3124401,Mata Atlântica,1.0,0.0,0.0,0.0,1.0,0.0,0.0
3124500,Mata Atlântica,1.0,0.0,0.0,0.0,1.0,0.0,0.0
3124609,Mata Atlântica,1.0,0.0,0.0,0.0,1.0,0.0,0.0
3124708,Cerrado,1.0,0.0,0.0,1.0,0.0,0.0,0.0
3124807,Cerrado,1.0,0.0,0.0,1.0,0.0,0.0,0.0
3124906,Mata Atlântica,1.0,0.0,0.0,0.0,1.0,0.0,0.0
3125002,Mata Atlântica,1.0,0.0,0.0,0.0,1.0,0.0,0.0
3125101,Mata Atlântica,1.0,0.0,0.0,0.0,1.0,0.0,0.0
3125200,Mata Atlântica,1.0,0.0,0.0,0.0,1.0,0.0,0.0
3125309,Mata Atlântica,1.0,0.0,0.0,0.0,1.0,0.0,0.0
3125408,Cerrado,0.958,0.0,0.0,0.958,0.042,0.0,0.0
3125507,Cerrado,1.0,0.0,0.0,1.0,0.0,0.0,0.0
3125606,Mata Atlântica,1.0,0.0,0.0,0.0,1.0,0.0,0.0
3125705,Cerrado,1.0,0.0,0.0,1.0,0.0,0.0,0.0
3125804,Mata Atlântica,1.0,0.0,0.0,0.0,1.0,0.0,0.0
3125903,Mata Atlântica,1.0,0.0,0.0,0.0,1.0,0.0,0.0
3125952,Mata Atlântica,1.0,0.0,0.0,0.0,1.0,0.0,0.0
3126000,Cerrado,0.969,0.0,0.0,0.969,0.031,0.0,0.0
3126109,Cerrado,0.529,0.0,0.0,0.529,0.471,0.0,0.0
3126208,Cerrado,1.0,0.0,0.0,1.0,0.0,0.0,0.0
3126307,Mata Atlântica,1.0,0.0,0.0,0.0,1.0,0.0,0.0
3126406,Cerrado,1.0,0.0,0.0,1.0,0.0,0.0,0.0
3126505,Cerrado,0.595,0.0,0.0,0.595,0.405,0.0,0.0
3126604,Cerrado,1.0,0.0,0.0,1.0,0.0,0.0,0.0
3126703,Caatinga,0.595,0.0,0.595,0.405,0.0,0.0,0.0
3126752,Mata Atlântica,1.0,0.0,0.0,0.0,1.0,0.0,0.0
3126802,Mata Atlântica,1.0,0.0,0.0,0.0,1.0,0.0,0.0
3126901,Mata Atlântica,1.0,0.0,0.0,0.0,1.0,0.0,0.0
3126950,Mata Atlântica,1.0,0.0,0.0,0.0,1.0,0.0,0.0
3127008,Cerrado,0.985,0.0,0.0,0.985,0.015,0.0,0.0
3127057,Mata Atlântica,1.0,0.0,0.0,0.0,1.0,0.0,0.0
3127073,Cerrado,0.938,0.0,0.0,0.938,0.062,0.0,0.0
3127107,Cerrado,0.721,0.0,0.0,0.721,0.279,0.0,0.0
3127206,Cerrado,1.0,0.0,0.0,1.0,0.0,0.0,0.0
3127305,Mata Atlântica,1.0,0.0,0.0,0.0,1.0,0.0,0.0
3127339,Caatinga,1.0,0.0,1.0,0.0,0.0,0.0,0.0
3127354,Cerrado,1.0,0.0,0.0,1.0,0.0,0.0,0.0
3127370,Mata Atlântica,1.0,0.0,0.0,0.0,1.0,0.0,0.0
3127388,Mata Atlântica,1.0,0.0,0.0,0.0,1.0,0.0,0.0
3127404,Mata Atlântica,1.0,0.0,0.0,0.0,1.0,0.0,0.0
3127503,Mata Atlântica,1.0,0.0,0.0,0.0,1.0,0.0,0.0
3127602,Cerrado,1.0,0.0,0.0,1.0,0.0,0.0,0.0
3127701,Mata Atlântica,1.0,0.0,0.0,0.0,1.0,0.0,0.0
3127800,Cerrado,1.0,0.0,0.0,1.0,0.0,0.0,0.0
3127909,Cerrado,1.0,0.0,0.0,1.0,0.0,0.0,0.0
3128006,Mata Atlântica,1.0,0.0,0.0,0.0,1.0,0.0,0.0
3128105,Cerrado,1.0,0.0,0.0,1.0,0.0,0.0,0.0
3128204,Mata Atlântica,1.0,0.0,0.0,0.0,1.0,0.0,0.0
3128253,Cerrado,1.0,0.0,0.0,1.0,0.0,0.0,0.0
3128303,Mata Atlântica,1.0,0.0,0.0,0.0,1.0,0.0,0.0
3128402,Mata Atlântica,1.0,0.0,0.0,0.0,1.0,0.0,0.0
3128501,Mata Atlântica,1.0,0.0,0.0,0.0,1.0,0.0,0.0
3128600,Cerrado,1.0,0.0,0.0,1.0,0.0,0.0,0.0
3128709,Mata Atlântica,1.0,0.0,0.0,0.0,1.0,0.0,0.0
3128808,Mata Atlântica,1.0,0.0,0.0,0.0,1.0,0.0,0.0
3128907,Cerrado,1.0,0.0,0.0,1.0,0.0,0.0,0.0
3129004,Mata Atlântica,1.0,0.0,0.0,0.0,1.0,0.0,0.0
3129103,Cerrado,0.899,0.0,0.0,0.899,0.101,0.0,0.0
3129202,Mata Atlântica,1.0,0.0,0.0,0.0,1.0,0.0,0.0
3129301,Mata Atlântica,1.0,0.0,0.0,0.0,1.0,0.0,0.0
3129400,Mata Atlântica,1.0,0.0,0.0,0.0,1.0,0.0,0.0
3129509,Cerrado,1.0,0.0,0.0,1.0,0.0,0.0,0.0
3129608,Cerrado,1.0,0.0,0.0,1.0,0.0,0.0,0.0
3129657,Cerrado,0.5,0.0,0.5,0.5,0.0,0.0,0.0
3129707,Cerrado,0.547,0.0,0.0,0.547,0.453,0.0,0.0
3129806,Mata Atlântica,1.0,0.0,0.0,0.0,1.0,0.0,0.0
3129905,Mata Atlântica,1.0,0.0,0.0,0.0,1.0,0.0,0.0
3130002,Mata Atlântica,1.0,0.0,0.0,0.0,1.0,0.0,0.0
3130051,Cerrado,1.0,0.0,0.0,1.0,0.0,0.0,0.0
3130101,Cerrado,0.794,0.0,0.0,0.794,0.206,0.0,0.0
3130200,Cerrado,0.714,0.0,0.0,0.714,0.286,0.0,0.0
3130309,Cerrado,1.0,0.0,0.0,1.0,0.0,0.0,0.0
3130408,Mata Atlântica,1.0,0.0,0.0,0.0,1.0,0.0,0.0
3130507,Cerrado,1.0,0.0,0.0,1.0,0.0,0.0,0.0
3130556,Mata Atlântica,1.0,0.0,0.0,0.0,1.0,0.0,0.0
3130606,Mata Atlântica,1.0,0.0,0.0,0.0,1.0,0.0,0.0
3130655,Cerrado,0.948,0.0,0.0,0.948,0.052,0.0,0.0
3130705,Cerrado,1.0,0.0,0.0,1.0,0.0,0.0,0.0
3130804,Mata Atlântica,1.0,0.0,0.0,0.0,1.0,0.0,0.0
3130903,Mata Atlântica,1.0,0.0,0.0,0.0,1.0,0.0,0.0
3131000,Cerrado,1.0,0.0,0.0,1.0,0.0,0.0,0.0
3131109,Cerrado,1.0,0.0,0.0,1.0,0.0,0.0,0.0
3131158,Mata Atlântica,1.0,0.0,0.0,0.0,1.0,0.0,0.0
3131208,Mata Atlântica,1.0,0.0,0.0,0.0,1.0,0.0,0.0
3131307,Mata Atlântica,1.0,0.0,0.0,0.0,1.0,0.0,0.0
3131406,Mata Atlântica,0.998,0.0,0.0,0.002,0.998,0.0,0.0
3131505,Mata Atlântica,1.0,0.0,0.0,0.0,1.0,0.0,0.0
3131604,Cerrado,1.0,0.0,0.0,1.0,0.0,0.0,0.0
3131703,Mata Atlântica,0.544,0.0,0.0,0.456,0.544,0.0,0.0
3131802,Mata Atlântica,1.0,0.0,0.0,0.0,1.0,0.0,0.0
3131901,Mata Atlântica,1.0,0.0,0.0,0.0,1.0,0.0,0.0
3132008,Cerrado,1.0,0.0,0.0,1.0,0.0,0.0,0.0
3132107,Caatinga,0.801,0.0,0.801,0.199,0.0,0.0,0.0
3132206,Mata Atlântica,0.936,0.0,0.0,0.064,0.936,0.0,0.0
3132305,Mata Atlântica,1.0,0.0,0.0,0.0,1.0,0.0,0.0
3132404,Mata Atlântica,1.0,0.0,0.0,0.0,1.0,0.0,0.0
3132503,Cerrado,0.661,0.0,0.0,0.661,0.339,0.0,0.0
3132602,Mata Atlântica,1.0,0.0,0.0,0.0,1.0,0.0,0.0
3132701,Mata Atlântica,1.0,0.0,0.0,0.0,1.0,0.0,0.0
3132800,Cerrado,0.786,0.0,0.0,0.786,0.214,0.0,0.0
3132909,Mata Atlântica,0.957,0.0,0.0,0.043,0.957,0.0,0.0
3133006,Mata Atlântica,1.0,0.0,0.0,0.0,1.0,0.0,0.0
3133105,Mata Atlântica,1.0,0.0,0.0,0.0,1.0,0.0,0.0
3133204,Mata Atlântica,1.0,0.0,0.0,0.0,1.0,0.0,0.0
3133303,Mata Atlântica,1.0,0.0,0.0,0.0,1.0,0.0,0.0
3133402,Cerrado,0.741,0.0,0.0,0.741,0.259,0.0,0.0
3133501,Mata Atlântica,0.645,0.0,0.0,0.355,0.645,0.0,0.0
3133600,Mata Atlântica,1.0,0.0,0.0,0.0,1.0,0.0,0.0
3133709,Mata Atlântica,1.0,0.0,0.0,0.0,1.0,0.0,0.0
3133758,Cerrado,0.67,0.0,0.0,0.67,0.33,0.0,0.0
3133808,Mata Atlântica,0.784,0.0,0.0,0.216,0.784,0.0,0.0
3133907,Mata Atlântica,1.0,0.0,0.0,0.0,1.0,0.0,0.0
3134004,Mata Atlântica,1.0,0.0,0.0,0.0,1.0,0.0,0.0
3134103,Mata Atlântica,1.0,0.0,0.0,0.0,1.0,0.0,0.0
3134202,Cerrado,0.887,0.0,0.0,0.887,0.113,0.0,0.0
3134301,Mata Atlântica,1.0,0.0,0.0,0.0,1.0,0.0,0.0
3134400,Cerrado,0.7,0.0,0.0,0.7,0.3,0.0,0.0
3134509,Mata Atlântica,1.0,0.0,0.0,0.0,1.0,0.0,0.0
3134608,Cerrado,1.0,0.0,0.0,1.0,0.0,0.0,0.0
3134707,Mata Atlântica,1.0,0.0,0.0,0.0,1.0,0.0,0.0
3134806,Mata Atlântica,1.0,0.0,0.0,0.0,1.0,0.0,0.0
3134905,Mata Atlântica,1.0,0.0,0.0,0.0,1.0,0.0,0.0
3135001,Mata Atlântica,1.0,0.0,0.0,0.0,1.0,0.0,0.0
3135050,Caatinga,1.0,0.0,1.0,0.0,0.0,0.0,0.0
3135076,Mata Atlântica,1.0,0.0,0.0,0.0,1.0,0.0,0.0
3135100,Caatinga,0.948,0.0,0.948,0.052,0.0,0.0,0.0
3135209,Cerrado,0.807,0.0,0.193,0.807,0.0,0.0,0.0
3135308,Cerrado,0.979,0.0,0.0,0.979,0.021,0.0,0.0
3135357,Cerrado,0.508,0.0,0.492,0.508,0.0,0.0,0.0
3135407,Mata Atlântica,1.0,0.0,0.0,0.0,1.0,0.0,0.0
3135456,Mata Atlântica,0.694,0.0,0.0,0.306,0.694,0.0,0.0
3135506,Mata Atlântica,1.0,0.0,0.0,0.0,1.0,0.0,0.0
3135605,Cerrado,1.0,0.0,0.0,1.0,0.0,0.0,0.0
3135704,Cerrado,1.0,0.0,0.0,1.0,0.0,0.0,0.0
3135803,Mata Atlântica,1.0,0.0,0.0,0.0,1.0,0.0,0.0
3135902,Mata Atlântica,1.0,0.0,0.0,0.0,1.0,0.0,0.0
3136009,Mata Atlântica,1.0,0.0,0.0,0.0,1.0,0.0,0.0
3136108,Mata Atlântica,1.0,0.0,0.0,0.0,1.0,0.0,0.0
3136207,Mata Atlântica,1.0,0.0,0.0,0.0,1.0,0.0,0.0
3136306,Cerrado,1.0,0.0,0.0,1.0,0.0,0.0,0.0
3136405,Cerrado,1.0,0.0,0.0,1.0,0.0,0.0,0.0
3136504,Mata Atlântica,1.0,0.0,0.0,0.0,1.0,0.0,0.0
3136520,Cerrado,1.0,0.0,0.0,1.0,0.0,0.0,0.0
3136553,Mata Atlântica,1.0,0.0,0.0,0.0,1.0,0.0,0.0
3136579,Cerrado,1.0,0.0,0.0,1.0,0.0,0.0,0.0
3136603,Cerrado,0.916,0.0,0.0,0.916,0.084,0.0,0.0
3136652,Cerrado,0.84,0.0,0.0,0.84,0.16,0.0,0.0
3136702,Mata Atlântica,1.0,0.0,0.0,0.0,1.0,0.0,0.0
3136801,Cerrado,1.0,0.0,0.0,1.0,0.0,0.0,0.0
3136900,Mata Atlântica,1.0,0.0,0.0,0.0,1.0,0.0,0.0
3136959,Caatinga,1.0,0.0,1.0,0.0,0.0,0.0,0.0
3137007,Mata Atlântica,1.0,0.0,0.0,0.0,1.0,0.0,0.0
3137106,Cerrado,1.0,0.0,0.0,1.0,0.0,0.0,0.0
3137205,Cerrado,0.998,0.0,0.0,0.998,0.002,0.0,0.0
3137304,Cerrado,1.0,0.0,0.0,1.0,0.0,0.0,0.0
3137403,Mata Atlântica,1.0,0.0,0.0,0.0,1.0,0.0,0.0
3137502,Cerrado,1.0,0.0,0.0,1.0,0.0,0.0,0.0
3137536,Cerrado,1.0,0.0,0.0,1.0,0.0,0.0,0.0
3137601,Cerrado,1.0,0.0,0.0,1.0,0.0,0.0,0.0
3137700,Mata Atlântica,1.0,0.0,0.0,0.0,1.0,0.0,0.0
3137809,Mata Atlântica,1.0,0.0,0.0,0.0,1.0,0.0,0.0
3137908,Mata Atlântica,1.0,0.0,0.0,0.0,1.0,0.0,0.0
3138005,Mata Atlântica,1.0,0.0,0.0,0.0,1.0,0.0,0.0
3138104,Cerrado,1.0,0.0,0.0,1.0,0.0,0.0,0.0
3138203,Mata Atlântica,1.0,0.0,0.0,0.0,1.0,0.0,0.0
3138302,Cerrado,0.794,0.0,0.0,0.794,0.206,0.0,0.0
3138351,Cerrado,1.0,0.0,0.0,1.0,0.0,0.0,0.0
3138401,Mata Atlântica,1.0,0.0,0.0,0.0,1.0,0.0,0.0
3138500,Mata Atlântica,1.0,0.0,0.0,0.0,1.0,0.0,0.0
3138609,Mata Atlântica,1.0,0.0,0.0,0.0,1.0,0.0,0.0
3138625,Cerrado,0.896,0.0,0.0,0.896,0.104,0.0,0.0
3138658,Cerrado,0.544,0.0,0.456,0.544,0.0,0.0,0.0
3138674,Mata Atlântica,1.0,0.0,0.0,0.0,1.0,0.0,0.0
3138682,Cerrado,1.0,0.0,0.0,1.0,0.0,0.0,0.0
3138708,Mata Atlântica,1.0,0.0,0.0,0.0,1.0,0.0,0.0
3138807,Cerrado,1.0,0.0,0.0,1.0,0.0,0.0,0.0
3138906,Mata Atlântica,1.0,0.0,0.0,0.0,1.0,0.0,0.0
3139003,Mata Atlântica,1.0,0.0,0.0,0.0,1.0,0.0,0.0
3139102,Mata Atlântica,1.0,0.0,0.0,0.0,1.0,0.0,0.0
3139201,Mata Atlântica,1.0,0.0,0.0,0.0,1.0,0.0,0.0
3139250,Caatinga,1.0,0.0,1.0,0.0,0.0,0.0,0.0
3139300,Caatinga,0.981,0.0,0.981,0.019,0.0,0.0,0.0
3139409,Mata Atlântica,1.0,0.0,0.0,0.0,1.0,0.0,0.0
3139508,Mata Atlântica,1.0,0.0,0.0,0.0,1.0,0.0,0.0
3139607,Mata Atlântica,1.0,0.0,0.0,0.0,1.0,0.0,0.0
3139706,Mata Atlântica,0.579,0.0,0.0,0.421,0.579,0.0,0.0
3139805,Mata Atlântica,1.0,0.0,0.0,0.0,1.0,0.0,0.0
3139904,Mata Atlântica,1.0,0.0,0.0,0.0,1.0,0.0,0.0
3140001,Mata Atlântica,1.0,0.0,0.0,0.0,1.0,0.0,0.0
3140100,Mata Atlântica,1.0,0.0,0.0,0.0,1.0,0.0,0.0
3140159,Mata Atlântica,1.0,0.0,0.0,0.0,1.0,0.0,0.0
3140209,Mata Atlântica,1.0,0.0,0.0,0.0,1.0,0.0,0.0
3140308,Mata Atlântica,1.0,0.0,0.0,0.0,1.0,0.0,0.0
3140407,Mata Atlântica,1.0,0.0,0.0,0.0,1.0,0.0,0.0
3140506,Cerrado,1.0,0.0,0.0,1.0,0.0,0.0,0.0
3140530,Mata Atlântica,1.0,0.0,0.0,0.0,1.0,0.0,0.0
3140555,Mata Atlântica,1.0,0.0,0.0,0.0,1.0,0.0,0.0
3140605,Mata Atlântica,1.0,0.0,0.0,0.0,1.0,0.0,0.0
3140704,Cerrado,0.639,0.0,0.0,0.639,0.361,0.0,0.0
3140803,Mata Atlântica,1.0,0.0,0.0,0.0,1.0,0.0,0.0
3140852,Caatinga,1.0,0.0,1.0,0.0,0.0,0.0,0.0
3140902,Mata Atlântica,1.0,0.0,0.0,0.0,1.0,0.0,0.0
3141009,Caatinga,0.801,0.0,0.801,0.199,0.0,0.0,0.0
3141108,Cerrado,1.0,0.0,0.0,1.0,0.0,0.0,0.0
3141207,Cerrado,1.0,0.0,0.0,1.0,0.0,0.0,0.0
3141306,Cerrado,1.0,0.0,0.0,1.0,0.0,0.0,0.0
3141405,Mata Atlântica,1.0,0.0,0.0,0.0,1.0,0.0,0.0
3141504,Mata Atlântica,1.0,0.0,0.0,0.0,1.0,0.0,0.0
3141603,Mata Atlântica,1.0,0.0,0.0,0.0,1.0,0.0,0.0
3141702,Mata Atlântica,1.0,0.0,0.0,0.0,1.0,0.0,0.0
3141801,Cerrado,0.808,0.0,0.0,0.808,0.192,0.0,0.0
3141900,Mata Atlântica,1.0,0.0,0.0,0.0,1.0,0.0,0.0
3142007,Cerrado,0.936,0.0,0.064,0.936,0.0,0.0,0.0
3142106,Mata Atlântica,1.0,0.0,0.0,0.0,1.0,0.0,0.0
3142205,Mata Atlântica,1.0,0.0,0.0,0.0,1.0,0.0,0.0
3142254,Cerrado,0.731,0.0,0.269,0.731,0.0,0.0,0.0
3142304,Mata Atlântica,1.0,0.0,0.0,0.0,1.0,0.0,0.0
3142403,Cerrado,1.0,0.0,0.0,1.0,0.0,0.0,0.0
3142502,Cerrado,1.0,0.0,0.0,1.0,0.0,0.0,0.0
3142601,Mata Atlântica,1.0,0.0,0.0,0.0,1.0,0.0,0.0
3142700,Cerrado,0.51,0.0,0.49,0.51,0.0,0.0,0.0
3142809,Cerrado,0.957,0.0,0.0,0.957,0.043,0.0,0.0
3142908,Caatinga,0.906,0.0,0.906,0.094,0.0,0.0,0.0
3143005,Mata Atlântica,1.0,0.0,0.0,0.0,1.0,0.0,0.0
3143104,Cerrado,1.0,0.0,0.0,1.0,0.0,0.0,0.0
3143153,Mata Atlântica,1.0,0.0,0.0,0.0,1.0,0.0,0.0
3143203,Mata Atlântica,0.796,0.0,0.0,0.204,0.796,0.0,0.0
3143302,Cerrado,0.836,0.0,0.164,0.836,0.0,0.0,0.0
3143401,Mata Atlântica,1.0,0.0,0.0,0.0,1.0,0.0,0.0
3143450,Cerrado,0.998,0.0,0.002,0.998,0.0,0.0,0.0
3143500,Cerrado,1.0,0.0,0.0,1.0,0.0,0.0,0.0
3143609,Cerrado,1.0,0.0,0.0,1.0,0.0,0.0,0.0
3143708,Mata Atlântica,0.722,0.0,0.0,0.278,0.722,0.0,0.0
3143807,Mata Atlântica,1.0,0.0,0.0,0.0,1.0,0.0,0.0
3143906,Mata Atlântica,1.0,0.0,0.0,0.0,1.0,0.0,0.0
3144003,Mata Atlântica,1.0,0.0,0.0,0.0,1.0,0.0,0.0
3144102,Mata Atlântica,1.0,0.0,0.0,0.0,1.0,0.0,0.0
3144201,Mata Atlântica,1.0,0.0,0.0,0.0,1.0,0.0,0.0
3144300,Mata Atlântica,1.0,0.0,0.0,0.0,1.0,0.0,0.0
3144359,Mata Atlântica,1.0,0.0,0.0,0.0,1.0,0.0,0.0
3144375,Cerrado,1.0,0.0,0.0,1.0,0.0,0.0,0.0
3144409,Mata Atlântica,1.0,0.0,0.0,0.0,1.0,0.0,0.0
3144508,Mata Atlântica,1.0,0.0,0.0,0.0,1.0,0.0,0.0
3144607,Mata Atlântica,0.999,0.0,0.0,0.001,0.999,0.0,0.0
3144656,Mata Atlântica,0.98,0.0,0.0,0.02,0.98,0.0,0.0
3144672,Mata Atlântica,1.0,0.0,0.0,0.0,1.0,0.0,0.0
3144706,Mata Atlântica,1.0,0.0,0.0,0.0,1.0,0.0,0.0
3144805,Mata Atlântica,1.0,0.0,0.0,0.0,1.0,0.0,0.0
3144904,Mata Atlântica,1.0,0.0,0.0,0.0,1.0,0.0,0.0
3145000,Cerrado,1.0,0.0,0.0,1.0,0.0,0.0,0.0
3145059,Caatinga,1.0,0.0,1.0,0.0,0.0,0.0,0.0
3145109,Mata Atlântica,1.0,0.0,0.0,0.0,1.0,0.0,0.0
3145208,Cerrado,1.0,0.0,0.0,1.0,0.0,0.0,0.0
3145307,Mata Atlântica,1.0,0.0,0.0,0.0,1.0,0.0,0.0
3145356,Mata Atlântica,1.0,0.0,0.0,0.0,1.0,0.0,0.0
3145372,Cerrado,0.78,0.0,0.0,0.78,0.22,0.0,0.0
3145406,Mata Atlântica,1.0,0.0,0.0,0.0,1.0,0.0,0.0
3145455,Cerrado,1.0,0.0,0.0,1.0,0.0,0.0,0.0
3145505,Mata Atlântica,1.0,0.0,0.0,0.0,1.0,0.0,0.0
3145604,Mata Atlântica,1.0,0.0,0.0,0.0,1.0,0.0,0.0
3145703,Mata Atlântica,1.0,0.0,0.0,0.0,1.0,0.0,0.0
3145802,Mata Atlântica,0.819,0.0,0.0,0.181,0.819,0.0,0.0
3145851,Mata Atlântica,1.0,0.0,0.0,0.0,1.0,0.0,0.0
3145877,Mata Atlântica,1.0,0.0,0.0,0.0,1.0,0.0,0.0
3145901,Mata Atlântica,1.0,0.0,0.0,0.0,1.0,0.0,0.0
3146008,Mata Atlântica,1.0,0.0,0.0,0.0,1.0,0.0,0.0
3146107,Mata Atlântica,1.0,0.0,0.0,0.0,1.0,0.0,0.0
3146206,Mata Atlântica,1.0,0.0,0.0,0.0,1.0,0.0,0.0
3146255,Cerrado,1.0,0.0,0.0,1.0,0.0,0.0,0.0
3146305,Mata Atlântica,1.0,0.0,0.0,0.0,1.0,0.0,0.0
3146404,Cerrado,1.0,0.0,0.0,1.0,0.0,0.0,0.0
3146503,Cerrado,1.0,0.0,0.0,1.0,0.0,0.0,0.0
3146552,Caatinga,1.0,0.0,1.0,0.0,0.0,0.0,0.0
3146602,Mata Atlântica,1.0,0.0,0.0,0.0,1.0,0.0,0.0
3146701,Mata Atlântica,1.0,0.0,0.0,0.0,1.0,0.0,0.0
3146750,Mata Atlântica,1.0,0.0,0.0,0.0,1.0,0.0,0.0
3146909,Cerrado,0.961,0.0,0.0,0.961,0.039,0.0,0.0
3147006,Cerrado,1.0,0.0,0.0,1.0,0.0,0.0,0.0
3147105,Mata Atlântica,0.617,0.0,0.0,0.383,0.617,0.0,0.0
3147204,Mata Atlântica,1.0,0.0,0.0,0.0,1.0,0.0,0.0
3147303,Mata Atlântica,1.0,0.0,0.0,0.0,1.0,0.0,0.0
3147402,Cerrado,1.0,0.0,0.0,1.0,0.0,0.0,0.0
3147501,Mata Atlântica,1.0,0.0,0.0,0.0,1.0,0.0,0.0
3147600,Mata Atlântica,1.0,0.0,0.0,0.0,1.0,0.0,0.0
3147709,Mata Atlântica,1.0,0.0,0.0,0.0,1.0,0.0,0.0
3147808,Mata Atlântica,1.0,0.0,0.0,0.0,1.0,0.0,0.0
3147907,Cerrado,0.821,0.0,0.0,0.821,0.179,0.0,0.0
3147956,Caatinga,0.617,0.0,0.617,0.383,0.0,0.0,0.0
3148004,Cerrado,1.0,0.0,0.0,1.0,0.0,0.0,0.0
3148103,Cerrado,1.0,0.0,0.0,1.0,0.0,0.0,0.0
3148202,Mata Atlântica,1.0,0.0,0.0,0.0,1.0,0.0,0.0
3148301,Mata Atlântica,1.0,0.0,0.0,0.0,1.0,0.0,0.0
3148400,Mata Atlântica,1.0,0.0,0.0,0.0,1.0,0.0,0.0
3148509,Mata Atlântica,1.0,0.0,0.0,0.0,1.0,0.0,0.0
3148608,Mata Atlântica,1.0,0.0,0.0,0.0,1.0,0.0,0.0
3148707,Mata Atlântica,1.0,0.0,0.0,0.0,1.0,0.0,0.0
3148756,Mata Atlântica,1.0,0.0,0.0,0.0,1.0,0.0,0.0
3148806,Mata Atlântica,1.0,0.0,0.0,0.0,1.0,0.0,0.0
3148905,Mata Atlântica,1.0,0.0,0.0,0.0,1.0,0.0,0.0
3149002,Mata Atlântica,1.0,0.0,0.0,0.0,1.0,0.0,0.0
3149101,Mata Atlântica,1.0,0.0,0.0,0.0,1.0,0.0,0.0
3149150,Caatinga,0.996,0.0,0.996,0.004,0.0,0.0,0.0
3149200,Cerrado,1.0,0.0,0.0,1.0,0.0,0.0,0.0
3149309,Cerrado,1.0,0.0,0.0,1.0,0.0,0.0,0.0
3149408,Mata Atlântica,1.0,0.0,0.0,0.0,1.0,0.0,0.0
3149507,Mata Atlântica,1.0,0.0,0.0,0.0,1.0,0.0,0.0
3149606,Cerrado,0.563,0.0,0.0,0.563,0.437,0.0,0.0
3149705,Cerrado,0.882,0.0,0.0,0.882,0.118,0.0,0.0
3149804,Cerrado,1.0,0.0,0.0,1.0,0.0,0.0,0.0
3149903,Mata Atlântica,1.0,0.0,0.0,0.0,1.0,0.0,0.0
3149952,Mata Atlântica,1.0,0.0,0.0,0.0,1.0,0.0,0.0
3150000,Mata Atlântica,1.0,0.0,0.0,0.0,1.0,0.0,0.0
3150109,Mata Atlântica,1.0,0.0,0.0,0.0,1.0,0.0,0.0
3150158,Mata Atlântica,1.0,0.0,0.0,0.0,1.0,0.0,0.0
3150208,Mata Atlântica,1.0,0.0,0.0,0.0,1.0,0.0,0.0
3150307,Mata Atlântica,1.0,0.0,0.0,0.0,1.0,0.0,0.0
3150406,Mata Atlântica,1.0,0.0,0.0,0.0,1.0,0.0,0.0
3150505,Cerrado,1.0,0.0,0.0,1.0,0.0,0.0,0.0
3150539,Mata Atlântica,1.0,0.0,0.0,0.0,1.0,0.0,0.0
3150570,Cerrado,0.987,0.0,0.013,0.987,0.0,0.0,0.0
3150604,Mata Atlântica,1.0,0.0,0.0,0.0,1.0,0.0,0.0
3150703,Mata Atlântica,0.7,0.0,0.0,0.3,0.7,0.0,0.0
3150802,Mata Atlântica,1.0,0.0,0.0,0.0,1.0,0.0,0.0
3150901,Mata Atlântica,1.0,0.0,0.0,0.0,1.0,0.0,0.0
3151008,Mata Atlântica,1.0,0.0,0.0,0.0,1.0,0.0,0.0
3151107,Mata Atlântica,1.0,0.0,0.0,0.0,1.0,0.0,0.0
3151206,Cerrado,1.0,0.0,0.0,1.0,0.0,0.0,0.0
3151305,Mata Atlântica,1.0,0.0,0.0,0.0,1.0,0.0,0.0
3151404,Cerrado,0.802,0.0,0.0,0.802,0.198,0.0,0.0
3151503,Cerrado,1.0,0.0,0.0,1.0,0.0,0.0,0.0
3151602,Cerrado,0.711,0.0,0.0,0.711,0.289,0.0,0.0
3151701,Mata Atlântica,1.0,0.0,0.0,0.0,1.0,0.0,0.0
3151800,Mata Atlântica,1.0,0.0,0.0,0.0,1.0,0.0,0.0
3151909,Mata Atlântica,1.0,0.0,0.0,0.0,1.0,0.0,0.0
3152006,Cerrado,1.0,0.0,0.0,1.0,0.0,0.0,0.0
3152105,Mata Atlântica,1.0,0.0,0.0,0.0,1.0,0.0,0.0
3152131,Cerrado,1.0,0.0,0.0,1.0,0.0,0.0,0.0
3152170,Mata Atlântica,1.0,0.0,0.0,0.0,1.0,0.0,0.0
3152204,Caatinga,0.893,0.0,0.893,0.107,0.0,0.0,0.0
3152303,Mata Atlântica,1.0,0.0,0.0,0.0,1.0,0.0,0.0
3152402,Mata Atlântica,1.0,0.0,0.0,0.0,1.0,0.0,0.0
3152501,Mata Atlântica,1.0,0.0,0.0,0.0,1.0,0.0,0.0
3152600,Mata Atlântica,1.0,0.0,0.0,0.0,1.0,0.0,0.0
3152709,Mata Atlântica,1.0,0.0,0.0,0.0,1.0,0.0,0.0
3152808,Cerrado,1.0,0.0,0.0,1.0,0.0,0.0,0.0
3152907,Mata Atlântica,0.572,0.0,0.0,0.428,0.572,0.0,0.0
3153004,Cerrado,1.0,0.0,0.0,1.0,0.0,0.0,0.0
3153103,Mata Atlântica,1.0,0.0,0.0,0.0,1.0,0.0,0.0
3153202,Cerrado,1.0,0.0,0.0,1.0,0.0,0.0,0.0
3153301,Mata Atlântica,0.56,0.0,0.0,0.44,0.56,0.0,0.0
3153400,Cerrado,1.0,0.0,0.0,1.0,0.0,0.0,0.0
3153509,Mata Atlântica,1.0,0.0,0.0,0.0,1.0,0.0,0.0
3153608,Cerrado,1.0,0.0,0.0,1.0,0.0,0.0,0.0
3153707,Cerrado,1.0,0.0,0.0,1.0,0.0,0.0,0.0
3153806,Mata Atlântica,1.0,0.0,0.0,0.0,1.0,0.0,0.0
3153905,Mata Atlântica,1.0,0.0,0.0,0.0,1.0,0.0,0.0
3154002,Mata Atlântica,1.0,0.0,0.0,0.0,1.0,0.0,0.0
3154101,Mata Atlântica,1.0,0.0,0.0,0.0,1.0,0.0,0.0
3154150,Mata Atlântica,1.0,0.0,0.0,0.0,1.0,0.0,0.0
3154200,Mata Atlântica,1.0,0.0,0.0,0.0,1.0,0.0,0.0
3154309,Mata Atlântica,1.0,0.0,0.0,0.0,1.0,0.0,0.0
3154408,Mata Atlântica,1.0,0.0,0.0,0.0,1.0,0.0,0.0
3154457,Cerrado,1.0,0.0,0.0,1.0,0.0,0.0,0.0
3154507,Cerrado,0.73,0.0,0.27,0.73,0.0,0.0,0.0
3154606,Cerrado,1.0,0.0,0.0,1.0,0.0,0.0,0.0
3154705,Mata Atlântica,1.0,0.0,0.0,0.0,1.0,0.0,0.0
3154804,Mata Atlântica,1.0,0.0,0.0,0.0,1.0,0.0,0.0
3154903,Mata Atlântica,1.0,0.0,0.0,0.0,1.0,0.0,0.0
3155009,Mata Atlântica,1.0,0.0,0.0,0.0,1.0,0.0,0.0
3155108,Mata Atlântica,1.0,0.0,0.0,0.0,1.0,0.0,0.0
3155207,Mata Atlântica,1.0,0.0,0.0,0.0,1.0,0.0,0.0
3155306,Mata Atlântica,1.0,0.0,0.0,0.0,1.0,0.0,0.0
3155405,Mata Atlântica,1.0,0.0,0.0,0.0,1.0,0.0,0.0
3155504,Cerrado,1.0,0.0,0.0,1.0,0.0,0.0,0.0
3155603,Cerrado,1.0,0.0,0.0,1.0,0.0,0.0,0.0
3155702,Mata Atlântica,1.0,0.0,0.0,0.0,1.0,0.0,0.0
3155801,Mata Atlântica,1.0,0.0,0.0,0.0,1.0,0.0,0.0
3155900,Mata Atlântica,1.0,0.0,0.0,0.0,1.0,0.0,0.0
3156007,Mata Atlântica,0.911,0.0,0.0,0.089,0.911,0.0,0.0
3156106,Mata Atlântica,1.0,0.0,0.0,0.0,1.0,0.0,0.0
3156205,Mata Atlântica,1.0,0.0,0.0,0.0,1.0,0.0,0.0
3156304,Mata Atlântica,1.0,0.0,0.0,0.0,1.0,0.0,0.0
3156403,Cerrado,1.0,0.0,0.0,1.0,0.0,0.0,0.0
3156452,Mata Atlântica,1.0,0.0,0.0,0.0,1.0,0.0,0.0
3156502,Mata Atlântica,0.823,0.0,0.0,0.177,0.823,0.0,0.0
3156601,Mata Atlântica,1.0,0.0,0.0,0.0,1.0,0.0,0.0
3156700,Mata Atlântica,0.814,0.0,0.0,0.186,0.814,0.0,0.0
3156809,Mata Atlântica,1.0,0.0,0.0,0.0,1.0,0.0,0.0
3156908,Cerrado,0.911,0.0,0.0,0.911,0.089,0.0,0.0
3157005,Mata Atlântica,0.922,0.0,0.0,0.078,0.922,0.0,0.0
3157104,Mata Atlântica,1.0,0.0,0.0,0.0,1.0,0.0,0.0
3157203,Mata Atlântica,1.0,0.0,0.0,0.0,1.0,0.0,0.0
3157252,Mata Atlântica,1.0,0.0,0.0,0.0,1.0,0.0,0.0
3157278,Mata Atlântica,1.0,0.0,0.0,0.0,1.0,0.0,0.0
3157302,Mata Atlântica,1.0,0.0,0.0,0.0,1.0,0.0,0.0
3157336,Mata Atlântica,1.0,0.0,0.0,0.0,1.0,0.0,0.0
3157377,Mata Atlântica,0.878,0.0,0.0,0.122,0.878,0.0,0.0
3157401,Mata Atlântica,1.0,0.0,0.0,0.0,1.0,0.0,0.0
3157500,Mata Atlântica,1.0,0.0,0.0,0.0,1.0,0.0,0.0
3157609,Cerrado,1.0,0.0,0.0,1.0,0.0,0.0,0.0
3157658,Mata Atlântica,1.0,0.0,0.0,0.0,1.0,0.0,0.0
3157708,Cerrado,1.0,0.0,0.0,1.0,0.0,0.0,0.0
3157807,Cerrado,0.927,0.0,0.0,0.927,0.073,0.0,0.0
3157906,Mata Atlântica,1.0,0.0,0.0,0.0,1.0,0.0,0.0
3158003,Mata Atlântica,0.999,0.0,0.0,0.001,0.999,0.0,0.0
3158102,Mata Atlântica,1.0,0.0,0.0,0.0,1.0,0.0,0.0
3158201,Mata Atlântica,1.0,0.0,0.0,0.0,1.0,0.0,0.0
3158300,Mata Atlântica,0.895,0.0,0.0,0.105,0.895,0.0,0.0
3158409,Mata Atlântica,1.0,0.0,0.0,0.0,1.0,0.0,0.0
3158508,Cerrado,1.0,0.0,0.0,1.0,0.0,0.0,0.0
3158607,Mata Atlântica,1.0,0.0,0.0,0.0,1.0,0.0,0.0
3158706,Mata Atlântica,1.0,0.0,0.0,0.0,1.0,0.0,0.0
3158805,Mata Atlântica,1.0,0.0,0.0,0.0,1.0,0.0,0.0
3158904,Mata Atlântica,1.0,0.0,0.0,0.0,1.0,0.0,0.0
3158953,Mata Atlântica,1.0,0.0,0.0,0.0,1.0,0.0,0.0
3159001,Cerrado,0.988,0.0,0.0,0.988,0.012,0.0,0.0
3159100,Mata Atlântica,1.0,0.0,0.0,0.0,1.0,0.0,0.0
3159209,Mata Atlântica,1.0,0.0,0.0,0.0,1.0,0.0,0.0
3159308,Mata Atlântica,1.0,0.0,0.0,0.0,1.0,0.0,0.0
3159357,Mata Atlântica,1.0,0.0,0.0,0.0,1.0,0.0,0.0
3159407,Mata Atlântica,1.0,0.0,0.0,0.0,1.0,0.0,0.0
3159506,Mata Atlântica,1.0,0.0,0.0,0.0,1.0,0.0,0.0
3159605,Mata Atlântica,1.0,0.0,0.0,0.0,1.0,0.0,0.0
3159704,Cerrado,1.0,0.0,0.0,1.0,0.0,0.0,0.0
3159803,Cerrado,0.722,0.0,0.0,0.722,0.278,0.0,0.0
3159902,Mata Atlântica,1.0,0.0,0.0,0.0,1.0,0.0,0.0
3160009,Mata Atlântica,1.0,0.0,0.0,0.0,1.0,0.0,0.0
3160108,Mata Atlântica,1.0,0.0,0.0,0.0,1.0,0.0,0.0
3160207,Mata Atlântica,0.916,0.0,0.0,0.084,0.916,0.0,0.0
3160306,Mata Atlântica,1.0,0.0,0.0,0.0,1.0,0.0,0.0
3160405,Cerrado,0.613,0.0,0.0,0.613,0.387,0.0,0.0
3160454,Cerrado,1.0,0.0,0.0,1.0,0.0,0.0,0.0
3160504,Mata Atlântica,1.0,0.0,0.0,0.0,1.0,0.0,0.0
3160603,Cerrado,1.0,0.0,0.0,1.0,0.0,0.0,0.0
3160702,Mata Atlântica,1.0,0.0,0.0,0.0,1.0,0.0,0.0
3160801,Mata Atlântica,1.0,0.0,0.0,0.0,1.0,0.0,0.0
3160900,Mata Atlântica,1.0,0.0,0.0,0.0,1.0,0.0,0.0
3160959,Mata Atlântica,1.0,0.0,0.0,0.0,1.0,0.0,0.0
3161007,Mata Atlântica,1.0,0.0,0.0,0.0,1.0,0.0,0.0
3161056,Mata Atlântica,1.0,0.0,0.0,0.0,1.0,0.0,0.0
3161106,Cerrado,0.596,0.0,0.404,0.596,0.0,0.0,0.0
3161205,Mata Atlântica,1.0,0.0,0.0,0.0,1.0,0.0,0.0
3161304,Cerrado,0.798,0.0,0.0,0.798,0.202,0.0,0.0
3161403,Mata Atlântica,1.0,0.0,0.0,0.0,1.0,0.0,0.0
3161502,Mata Atlântica,1.0,0.0,0.0,0.0,1.0,0.0,0.0
3161601,Mata Atlântica,1.0,0.0,0.0,0.0,1.0,0.0,0.0
3161650,Mata Atlântica,1.0,0.0,0.0,0.0,1.0,0.0,0.0
3161700,Cerrado,1.0,0.0,0.0,1.0,0.0,0.0,0.0
3161809,Cerrado,1.0,0.0,0.0,1.0,0.0,0.0,0.0
3161908,Mata Atlântica,0.721,0.0,0.0,0.279,0.721,0.0,0.0
3162005,Mata Atlântica,1.0,0.0,0.0,0.0,1.0,0.0,0.0
3162104,Cerrado,1.0,0.0,0.0,1.0,0.0,0.0,0.0
3162203,Cerrado,1.0,0.0,0.0,1.0,0.0,0.0,0.0
3162252,Cerrado,1.0,0.0,0.0,1.0,0.0,0.0,0.0
3162302,Mata Atlântica,1.0,0.0,0.0,0.0,1.0,0.0,0.0
3162401,Caatinga,0.883,0.0,0.883,0.117,0.0,0.0,0.0
3162450,Caatinga,0.601,0.0,0.601,0.399,0.0,0.0,0.0
3162500,Mata Atlântica,1.0,0.0,0.0,0.0,1.0,0.0,0.0
3162559,Mata Atlântica,1.0,0.0,0.0,0.0,1.0,0.0,0.0
3162575,Mata Atlântica,1.0,0.0,0.0,0.0,1.0,0.0,0.0
3162609,Mata Atlântica,1.0,0.0,0.0,0.0,1.0,0.0,0.0
3162658,Cerrado,1.0,0.0,0.0,1.0,0.0,0.0,0.0
3162708,Mata Atlântica,0.565,0.0,0.006,0.43,0.565,0.0,0.0
3162807,Mata Atlântica,1.0,0.0,0.0,0.0,1.0,0.0,0.0
3162906,Mata Atlântica,1.0,0.0,0.0,0.0,1.0,0.0,0.0
3162922,Mata Atlântica,0.989,0.0,0.0,0.011,0.989,0.0,0.0
3162948,Cerrado,1.0,0.0,0.0,1.0,0.0,0.0,0.0
3162955,Cerrado,1.0,0.0,0.0,1.0,0.0,0.0,0.0
3163003,Mata Atlântica,1.0,0.0,0.0,0.0,1.0,0.0,0.0
3163102,Cerrado,0.71,0.0,0.0,0.71,0.29,0.0,0.0
3163201,Mata Atlântica,1.0,0.0,0.0,0.0,1.0,0.0,0.0
3163300,Mata Atlântica,1.0,0.0,0.0,0.0,1.0,0.0,0.0
3163409,Mata Atlântica,1.0,0.0,0.0,0.0,1.0,0.0,0.0
3163508,Mata Atlântica,1.0,0.0,0.0,0.0,1.0,0.0,0.0
3163607,Mata Atlântica,1.0,0.0,0.0,0.0,1.0,0.0,0.0
3163706,Mata Atlântica,1.0,0.0,0.0,0.0,1.0,0.0,0.0
3163805,Mata Atlântica,1.0,0.0,0.0,0.0,1.0,0.0,0.0
3163904,Mata Atlântica,1.0,0.0,0.0,0.0,1.0,0.0,0.0
3164001,Mata Atlântica,1.0,0.0,0.0,0.0,1.0,0.0,0.0
3164100,Mata Atlântica,1.0,0.0,0.0,0.0,1.0,0.0,0.0
3164209,Cerrado,1.0,0.0,0.0,1.0,0.0,0.0,0.0
3164308,Cerrado,1.0,0.0,0.0,1.0,0.0,0.0,0.0
3164407,Mata Atlântica,1.0,0.0,0.0,0.0,1.0,0.0,0.0
3164431,Mata Atlântica,1.0,0.0,0.0,0.0,1.0,0.0,0.0
3164472,Mata Atlântica,1.0,0.0,0.0,0.0,1.0,0.0,0.0
3164506,Mata Atlântica,1.0,0.0,0.0,0.0,1.0,0.0,0.0
3164605,Cerrado,0.515,0.0,0.0,0.515,0.485,0.0,0.0
3164704,Mata Atlântica,0.972,0.0,0.0,0.028,0.972,0.0,0.0
3164803,Mata Atlântica,0.848,0.0,0.0,0.152,0.848,0.0,0.0
3164902,Mata Atlântica,1.0,0.0,0.0,0.0,1.0,0.0,0.0
3165008,Mata Atlântica,1.0,0.0,0.0,0.0,1.0,0.0,0.0
3165107,Mata Atlântica,0.907,0.0,0.0,0.093,0.907,0.0,0.0
3165206,Mata Atlântica,1.0,0.0,0.0,0.0,1.0,0.0,0.0
3165305,Mata Atlântica,1.0,0.0,0.0,0.0,1.0,0.0,0.0
3165404,Mata Atlântica,1.0,0.0,0.0,0.0,1.0,0.0,0.0
3165503,Mata Atlântica,1.0,0.0,0.0,0.0,1.0,0.0,0.0
3165537,Mata Atlântica,1.0,0.0,0.0,0.0,1.0,0.0,0.0
3165552,Mata Atlântica,0.908,0.0,0.0,0.092,0.908,0.0,0.0
3165560,Mata Atlântica,1.0,0.0,0.0,0.0,1.0,0.0,0.0
3165578,Mata Atlântica,1.0,0.0,0.0,0.0,1.0,0.0,0.0
3165602,Mata Atlântica,1.0,0.0,0.0,0.0,1.0,0.0,0.0
3165701,Mata Atlântica,1.0,0.0,0.0,0.0,1.0,0.0,0.0
3165800,Mata Atlântica,1.0,0.0,0.0,0.0,1.0,0.0,0.0
3165909,Cerrado,0.938,0.0,0.0,0.938,0.062,0.0,0.0
3166006,Mata Atlântica,1.0,0.0,0.0,0.0,1.0,0.0,0.0
3166105,Mata Atlântica,1.0,0.0,0.0,0.0,1.0,0.0,0.0
3166204,Mata Atlântica,1.0,0.0,0.0,0.0,1.0,0.0,0.0
3166303,Mata Atlântica,1.0,0.0,0.0,0.0,1.0,0.0,0.0
3166402,Mata Atlântica,1.0,0.0,0.0,0.0,1.0,0.0,0.0
3166501,Mata Atlântica,0.898,0.0,0.0,0.102,0.898,0.0,0.0
3166600,Cerrado,1.0,0.0,0.0,1.0,0.0,0.0,0.0
3166709,Mata Atlântica,1.0,0.0,0.0,0.0,1.0,0.0,0.0
3166808,Cerrado,1.0,0.0,0.0,1.0,0.0,0.0,0.0
3166907,Mata Atlântica,1.0,0.0,0.0,0.0,1.0,0.0,0.0
3166956,Caatinga,0.534,0.0,0.534,0.466,0.0,0.0,0.0
3167004,Mata Atlântica,1.0,0.0,0.0,0.0,1.0,0.0,0.0
3167103,Mata Atlântica,0.559,0.0,0.0,0.441,0.559,0.0,0.0
3167202,Cerrado,1.0,0.0,0.0,1.0,0.0,0.0,0.0
3167301,Mata Atlântica,1.0,0.0,0.0,0.0,1.0,0.0,0.0
3167400,Mata Atlântica,1.0,0.0,0.0,0.0,1.0,0.0,0.0
3167509,Mata Atlântica,1.0,0.0,0.0,0.0,1.0,0.0,0.0
3167608,Mata Atlântica,1.0,0.0,0.0,0.0,1.0,0.0,0.0
3167707,Mata Atlântica,1.0,0.0,0.0,0.0,1.0,0.0,0.0
3167806,Mata Atlântica,1.0,0.0,0.0,0.0,1.0,0.0,0.0
3167905,Mata Atlântica,1.0,0.0,0.0,0.0,1.0,0.0,0.0
3168002,Cerrado,0.823,0.0,0.0,0.823,0.177,0.0,0.0
3168051,Mata Atlântica,1.0,0.0,0.0,0.0,1.0,0.0,0.0
3168101,Cerrado,1.0,0.0,0.0,1.0,0.0,0.0,0.0
3168200,Cerrado,1.0,0.0,0.0,1.0,0.0,0.0,0.0
3168309,Cerrado,0.93,0.0,0.0,0.93,0.07,0.0,0.0
3168408,Mata Atlântica,1.0,0.0,0.0,0.0,1.0,0.0,0.0
3168507,Mata Atlântica,1.0,0.0,0.0,0.0,1.0,0.0,0.0
3168606,Mata Atlântica,1.0,0.0,0.0,0.0,1.0,0.0,0.0
3168705,Mata Atlântica,1.0,0.0,0.0,0.0,1.0,0.0,0.0
3168804,Mata Atlântica,1.0,0.0,0.0,0.0,1.0,0.0,0.0
3168903,Cerrado,1.0,0.0,0.0,1.0,0.0,0.0,0.0
3169000,Mata Atlântica,1.0,0.0,0.0,0.0,1.0,0.0,0.0
3169059,Mata Atlântica,1.0,0.0,0.0,0.0,1.0,0.0,0.0
3169109,Mata Atlântica,1.0,0.0,0.0,0.0,1.0,0.0,0.0
3169208,Mata Atlântica,1.0,0.0,0.0,0.0,1.0,0.0,0.0
3169307,Mata Atlântica,1.0,0.0,0.0,0.0,1.0,0.0,0.0
3169356,Cerrado,1.0,0.0,0.0,1.0,0.0,0.0,0.0
3169406,Mata Atlântica,0.753,0.0,0.0,0.247,0.753,0.0,0.0
3169505,Mata Atlântica,1.0,0.0,0.0,0.0,1.0,0.0,0.0
3169604,Cerrado,0.58,0.0,0.0,0.58,0.42,0.0,0.0
3169703,Cerrado,1.0,0.0,0.0,1.0,0.0,0.0,0.0
3169802,Mata Atlântica,1.0,0.0,0.0,0.0,1.0,0.0,0.0
3169901,Mata Atlântica,1.0,0.0,0.0,0.0,1.0,0.0,0.0
3170008,Cerrado,1.0,0.0,0.0,1.0,0.0,0.0,0.0
3170057,Mata Atlântica,1.0,0.0,0.0,0.0,1.0,0.0,0.0
3170107,Cerrado,0.81,0.0,0.0,0.81,0.19,0.0,0.0
3170206,Cerrado,0.971,0.0,0.0,0.971,0.029,0.0,0.0
3170305,Mata Atlântica,1.0,0.0,0.0,0.0,1.0,0.0,0.0
3170404,Cerrado,1.0,0.0,0.0,1.0,0.0,0.0,0.0
3170438,Cerrado,1.0,0.0,0.0,1.0,0.0,0.0,0.0
3170479,Cerrado,1.0,0.0,0.0,1.0,0.0,0.0,0.0
3170503,Mata Atlântica,1.0,0.0,0.0,0.0,1.0,0.0,0.0
3170529,Cerrado,1.0,0.0,0.0,1.0,0.0,0.0,0.0
3170578,Mata Atlântica,1.0,0.0,0.0,0.0,1.0,0.0,0.0
3170602,Cerrado,1.0,0.0,0.0,1.0,0.0,0.0,0.0
3170651,Cerrado,1.0,0.0,0.0,1.0,0.0,0.0,0.0
3170701,Mata Atlântica,1.0,0.0,0.0,0.0,1.0,0.0,0.0
3170750,Cerrado,1.0,0.0,0.0,1.0,0.0,0.0,0.0
3170800,Cerrado,1.0,0.0,0.0,1.0,0.0,0.0,0.0
3170909,Caatinga,0.974,0.0,0.974,0.026,0.0,0.0,0.0
3171006,Cerrado,1.0,0.0,0.0,1.0,0.0,0.0,0.0
3171030,Caatinga,1.0,0.0,1.0,0.0,0.0,0.0,0.0
3171071,Cerrado,1.0,0.0,0.0,1.0,0.0,0.0,0.0
3171105,Cerrado,0.946,0.0,0.0,0.946,0.054,0.0,0.0
3171154,Mata Atlântica,1.0,0.0,0.0,0.0,1.0,0.0,0.0
3171204,Cerrado,1.0,0.0,0.0,1.0,0.0,0.0,0.0
3171303,Mata Atlântica,1.0,0.0,0.0,0.0,1.0,0.0,0.0
3171402,Mata Atlântica,1.0,0.0,0.0,0.0,1.0,0.0,0.0
3171501,Mata Atlântica,1.0,0.0,0.0,0.0,1.0,0.0,0.0
3171600,Cerrado,0.802,0.0,0.0,0.802,0.198,0.0,0.0
3171709,Mata Atlântica,1.0,0.0,0.0,0.0,1.0,0.0,0.0
3171808,Mata Atlântica,1.0,0.0,0.0,0.0,1.0,0.0,0.0
3171907,Mata Atlântica,1.0,0.0,0.0,0.0,1.0,0.0,0.0
3172004,Mata Atlântica,1.0,0.0,0.0,0.0,1.0,0.0,0.0
3172103,Mata Atlântica,1.0,0.0,0.0,0.0,1.0,0.0,0.0
3172202,Mata Atlântica,1.0,0.0,0.0,0.0,1.0,0.0,0.0
3200102,Mata Atlântica,1.0,0.0,0.0,0.0,1.0,0.0,0.0
3200136,Mata Atlântica,1.0,0.0,0.0,0.0,1.0,0.0,0.0
3200169,Mata Atlântica,1.0,0.0,0.0,0.0,1.0,0.0,0.0
3200201,Mata Atlântica,1.0,0.0,0.0,0.0,1.0,0.0,0.0
3200300,Mata Atlântica,1.0,0.0,0.0,0.0,1.0,0.0,0.0
3200359,Mata Atlântica,1.0,0.0,0.0,0.0,1.0,0.0,0.0
3200409,Mata Atlântica,1.0,0.0,0.0,0.0,1.0,0.0,0.0
3200508,Mata Atlântica,1.0,0.0,0.0,0.0,1.0,0.0,0.0
3200607,Mata Atlântica,1.0,0.0,0.0,0.0,1.0,0.0,0.0
3200706,Mata Atlântica,1.0,0.0,0.0,0.0,1.0,0.0,0.0
3200805,Mata Atlântica,1.0,0.0,0.0,0.0,1.0,0.0,0.0
3200904,Mata Atlântica,1.0,0.0,0.0,0.0,1.0,0.0,0.0
3201001,Mata Atlântica,1.0,0.0,0.0,0.0,1.0,0.0,0.0
3201100,Mata Atlântica,1.0,0.0,0.0,0.0,1.0,0.0,0.0
3201159,Mata Atlântica,1.0,0.0,0.0,0.0,1.0,0.0,0.0
3201209,Mata Atlântica,1.0,0.0,0.0,0.0,1.0,0.0,0.0
3201308,Mata Atlântica,1.0,0.0,0.0,0.0,1.0,0.0,0.0
3201407,Mata Atlântica,1.0,0.0,0.0,0.0,1.0,0.0,0.0
3201506,Mata Atlântica,1.0,0.0,0.0,0.0,1.0,0.0,0.0
3201605,Mata Atlântica,1.0,0.0,0.0,0.0,1.0,0.0,0.0
3201704,Mata Atlântica,1.0,0.0,0.0,0.0,1.0,0.0,0.0
3201803,Mata Atlântica,1.0,0.0,0.0,0.0,1.0,0.0,0.0
3201902,Mata Atlântica,1.0,0.0,0.0,0.0,1.0,0.0,0.0
3202009,Mata Atlântica,1.0,0.0,0.0,0.0,1.0,0.0,0.0
3202108,Mata Atlântica,1.0,0.0,0.0,0.0,1.0,0.0,0.0
3202207,Mata Atlântica,1.0,0.0,0.0,0.0,1.0,0.0,0.0
3202256,Mata Atlântica,1.0,0.0,0.0,0.0,1.0,0.0,0.0
3202306,Mata Atlântica,1.0,0.0,0.0,0.0,1.0,0.0,0.0
3202405,Mata Atlântica,1.0,0.0,0.0,0.0,1.0,0.0,0.0
3202454,Mata Atlântica,1.0,0.0,0.0,0.0,1.0,0.0,0.0
3202504,Mata Atlântica,1.0,0.0,0.0,0.0,1.0,0.0,0.0
3202553,Mata Atlântica,1.0,0.0,0.0,0.0,1.0,0.0,0.0
3202603,Mata Atlântica,1.0,0.0,0.0,0.0,1.0,0.0,0.0
3202652,Mata Atlântica,1.0,0.0,0.0,0.0,1.0,0.0,0.0
3202702,Mata Atlântica,1.0,0.0,0.0,0.0,1.0,0.0,0.0
3202801,Mata Atlântica,1.0,0.0,0.0,0.0,1.0,0.0,0.0
3202900,Mata Atlântica,1.0,0.0,0.0,0.0,1.0,0.0,0.0
3203007,Mata Atlântica,1.0,0.0,0.0,0.0,1.0,0.0,0.0
3203056,Mata Atlântica,1.0,0.0,0.0,0.0,1.0,0.0,0.0
3203106,Mata Atlântica,1.0,0.0,0.0,0.0,1.0,0.0,0.0
3203130,Mata Atlântica,1.0,0.0,0.0,0.0,1.0,0.0,0.0
3203163,Mata Atlântica,1.0,0.0,0.0,0.0,1.0,0.0,0.0
3203205,Mata Atlântica,1.0,0.0,0.0,0.0,1.0,0.0,0.0
3203304,Mata Atlântica,1.0,0.0,0.0,0.0,1.0,0.0,0.0
3203320,Mata Atlântica,1.0,0.0,0.0,0.0,1.0,0.0,0.0
3203346,Mata Atlântica,1.0,0.0,0.0,0.0,1.0,0.0,0.0
3203353,Mata Atlântica,1.0,0.0,0.0,0.0,1.0,0.0,0.0
3203403,Mata Atlântica,1.0,0.0,0.0,0.0,1.0,0.0,0.0
3203502,Mata Atlântica,1.0,0.0,0.0,0.0,1.0,0.0,0.0
3203601,Mata Atlântica,1.0,0.0,0.0,0.0,1.0,0.0,0.0
3203700,Mata Atlântica,1.0,0.0,0.0,0.0,1.0,0.0,0.0
3203809,Mata Atlântica,1.0,0.0,0.0,0.0,1.0,0.0,0.0
3203908,Mata Atlântica,1.0,0.0,0.0,0.0,1.0,0.0,0.0
3204005,Mata Atlântica,1.0,0.0,0.0,0.0,1.0,0.0,0.0
3204054,Mata Atlântica,1.0,0.0,0.0,0.0,1.0,0.0,0.0
3204104,Mata Atlântica,1.0,0.0,0.0,0.0,1.0,0.0,0.0
3204203,Mata Atlântica,1.0,0.0,0.0,0.0,1.0,0.0,0.0
3204252,Mata Atlântica,1.0,0.0,0.0,0.0,1.0,0.0,0.0
3204302,Mata Atlântica,1.0,0.0,0.0,0.0,1.0,0.0,0.0
3204351,Mata Atlântica,1.0,0.0,0.0,0.0,1.0,0.0,0.0
3204401,Mata Atlântica,1.0,0.0,0.0,0.0,1.0,0.0,0.0
3204500,Mata Atlântica,1.0,0.0,0.0,0.0,1.0,0.0,0.0
3204559,Mata Atlântica,1.0,0.0,0.0,0.0,1.0,0.0,0.0
3204609,Mata Atlântica,1.0,0.0,0.0,0.0,1.0,0.0,0.0
3204658,Mata Atlântica,1.0,0.0,0.0,0.0,1.0,0.0,0.0
3204708,Mata Atlântica,1.0,0.0,0.0,0.0,1.0,0.0,0.0
3204807,Mata Atlântica,1.0,0.0,0.0,0.0,1.0,0.0,0.0
3204906,Mata Atlântica,1.0,0.0,0.0,0.0,1.0,0.0,0.0
3204955,Mata Atlântica,1.0,0.0,0.0,0.0,1.0,0.0,0.0
3205002,Mata Atlântica,1.0,0.0,0.0,0.0,1.0,0.0,0.0
3205010,Mata Atlântica,1.0,0.0,0.0,0.0,1.0,0.0,0.0
3205036,Mata Atlântica,1.0,0.0,0.0,0.0,1.0,0.0,0.0
3205069,Mata Atlântica,1.0,0.0,0.0,0.0,1.0,0.0,0.0
3205101,Mata Atlântica,1.0,0.0,0.0,0.0,1.0,0.0,0.0
3205150,Mata Atlântica,1.0,0.0,0.0,0.0,1.0,0.0,0.0
3205176,Mata Atlântica,1.0,0.0,0.0,0.0,1.0,0.0,0.0
3205200,Mata Atlântica,1.0,0.0,0.0,0.0,1.0,0.0,0.0
3205309,Mata Atlântica,1.0,0.0,0.0,0.0,1.0,0.0,0.0
3300100,Mata Atlântica,1.0,0.0,0.0,0.0,1.0,0.0,0.0
3300159,Mata Atlântica,1.0,0.0,0.0,0.0,1.0,0.0,0.0
3300209,Mata Atlântica,1.0,0.0,0.0,0.0,1.0,0.0,0.0
3300225,Mata Atlântica,1.0,0.0,0.0,0.0,1.0,0.0,0.0
3300233,Mata Atlântica,1.0,0.0,0.0,0.0,1.0,0.0,0.0
3300258,Mata Atlântica,1.0,0.0,0.0,0.0,1.0,0.0,0.0
3300308,Mata Atlântica,1.0,0.0,0.0,0.0,1.0,0.0,0.0
3300407,Mata Atlântica,1.0,0.0,0.0,0.0,1.0,0.0,0.0
3300456,Mata Atlântica,1.0,0.0,0.0,0.0,1.0,0.0,0.0
3300506,Mata Atlântica,1.0,0.0,0.0,0.0,1.0,0.0,0.0
3300605,Mata Atlântica,1.0,0.0,0.0,0.0,1.0,0.0,0.0
3300704,Mata Atlântica,1.0,0.0,0.0,0.0,1.0,0.0,0.0
3300803,Mata Atlântica,1.0,0.0,0.0,0.0,1.0,0.0,0.0
3300902,Mata Atlântica,1.0,0.0,0.0,0.0,1.0,0.0,0.0
3300936,Mata Atlântica,1.0,0.0,0.0,0.0,1.0,0.0,0.0
3300951,Mata Atlântica,1.0,0.0,0.0,0.0,1.0,0.0,0.0
3301009,Mata Atlântica,1.0,0.0,0.0,0.0,1.0,0.0,0.0
3301108,Mata Atlântica,1.0,0.0,0.0,0.0,1.0,0.0,0.0
3301157,Mata Atlântica,1.0,0.0,0.0,0.0,1.0,0.0,0.0
3301207,Mata Atlântica,1.0,0.0,0.0,0.0,1.0,0.0,0.0
3301306,Mata Atlântica,1.0,0.0,0.0,0.0,1.0,0.0,0.0
3301405,Mata Atlântica,1.0,0.0,0.0,0.0,1.0,0.0,0.0
3301504,Mata Atlântica,1.0,0.0,0.0,0.0,1.0,0.0,0.0
3301603,Mata Atlântica,1.0,0.0,0.0,0.0,1.0,0.0,0.0
3301702,Mata Atlântica,1.0,0.0,0.0,0.0,1.0,0.0,0.0
3301801,Mata Atlântica,1.0,0.0,0.0,0.0,1.0,0.0,0.0
3301850,Mata Atlântica,1.0,0.0,0.0,0.0,1.0,0.0,0.0
3301876,Mata Atlântica,1.0,0.0,0.0,0.0,1.0,0.0,0.0
3301900,Mata Atlântica,1.0,0.0,0.0,0.0,1.0,0.0,0.0
3302007,Mata Atlântica,1.0,0.0,0.0,0.0,1.0,0.0,0.0
3302056,Mata Atlântica,1.0,0.0,0.0,0.0,1.0,0.0,0.0
3302106,Mata Atlântica,1.0,0.0,0.0,0.0,1.0,0.0,0.0
3302205,Mata Atlântica,1.0,0.0,0.0,0.0,1.0,0.0,0.0
3302254,Mata Atlântica,1.0,0.0,0.0,0.0,1.0,0.0,0.0
3302270,Mata Atlântica,1.0,0.0,0.0,0.0,1.0,0.0,0.0
3302304,Mata Atlântica,1.0,0.0,0.0,0.0,1.0,0.0,0.0
3302403,Mata Atlântica,1.0,0.0,0.0,0.0,1.0,0.0,0.0
3302452,Mata Atlântica,1.0,0.0,0.0,0.0,1.0,0.0,0.0
3302502,Mata Atlântica,1.0,0.0,0.0,0.0,1.0,0.0,0.0
3302601,Mata Atlântica,1.0,0.0,0.0,0.0,1.0,0.0,0.0
3302700,Mata Atlântica,1.0,0.0,0.0,0.0,1.0,0.0,0.0
3302809,Mata Atlântica,1.0,0.0,0.0,0.0,1.0,0.0,0.0
3302858,Mata Atlântica,1.0,0.0,0.0,0.0,1.0,0.0,0.0
3302908,Mata Atlântica,1.0,0.0,0.0,0.0,1.0,0.0,0.0
3303005,Mata Atlântica,1.0,0.0,0.0,0.0,1.0,0.0,0.0
3303104,Mata Atlântica,1.0,0.0,0.0,0.0,1.0,0.0,0.0
3303203,Mata Atlântica,1.0,0.0,0.0,0.0,1.0,0.0,0.0
3303302,Mata Atlântica,1.0,0.0,0.0,0.0,1.0,0.0,0.0
3303401,Mata Atlântica,1.0,0.0,0.0,0.0,1.0,0.0,0.0
3303500,Mata Atlântica,1.0,0.0,0.0,0.0,1.0,0.0,0.0
3303609,Mata Atlântica,1.0,0.0,0.0,0.0,1.0,0.0,0.0
3303708,Mata Atlântica,1.0,0.0,0.0,0.0,1.0,0.0,0.0
3303807,Mata Atlântica,1.0,0.0,0.0,0.0,1.0,0.0,0.0
3303856,Mata Atlântica,1.0,0.0,0.0,0.0,1.0,0.0,0.0
3303906,Mata Atlântica,1.0,0.0,0.0,0.0,1.0,0.0,0.0
3303955,Mata Atlântica,1.0,0.0,0.0,0.0,1.0,0.0,0.0
3304003,Mata Atlântica,1.0,0.0,0.0,0.0,1.0,0.0,0.0
3304102,Mata Atlântica,1.0,0.0,0.0,0.0,1.0,0.0,0.0
3304110,Mata Atlântica,1.0,0.0,0.0,0.0,1.0,0.0,0.0
3304128,Mata Atlântica,1.0,0.0,0.0,0.0,1.0,0.0,0.0
3304144,Mata Atlântica,1.0,0.0,0.0,0.0,1.0,0.0,0.0
3304151,Mata Atlântica,1.0,0.0,0.0,0.0,1.0,0.0,0.0
3304201,Mata Atlântica,1.0,0.0,0.0,0.0,1.0,0.0,0.0
3304300,Mata Atlântica,1.0,0.0,0.0,0.0,1.0,0.0,0.0
3304409,Mata Atlântica,1.0,0.0,0.0,0.0,1.0,0.0,0.0
3304508,Mata Atlântica,1.0,0.0,0.0,0.0,1.0,0.0,0.0
3304524,Mata Atlântica,1.0,0.0,0.0,0.0,1.0,0.0,0.0
3304557,Mata Atlântica,1.0,0.0,0.0,0.0,1.0,0.0,0.0
3304607,Mata Atlântica,1.0,0.0,0.0,0.0,1.0,0.0,0.0
3304706,Mata Atlântica,1.0,0.0,0.0,0.0,1.0,0.0,0.0
3304755,Mata Atlântica,1.0,0.0,0.0,0.0,1.0,0.0,0.0
3304805,Mata Atlântica,1.0,0.0,0.0,0.0,1.0,0.0,0.0
3304904,Mata Atlântica,1.0,0.0,0.0,0.0,1.0,0.0,0.0
3305000,Mata Atlântica,1.0,0.0,0.0,0.0,1.0,0.0,0.0
3305109,Mata Atlântica,1.0,0.0,0.0,0.0,1.0,0.0,0.0
3305133,Mata Atlântica,1.0,0.0,0.0,0.0,1.0,0.0,0.0
3305158,Mata Atlântica,1.0,0.0,0.0,0.0,1.0,0.0,0.0
3305208,Mata Atlântica,1.0,0.0,0.0,0.0,1.0,0.0,0.0
3305307,Mata Atlântica,1.0,0.0,0.0,0.0,1.0,0.0,0.0
3305406,Mata Atlântica,1.0,0.0,0.0,0.0,1.0,0.0,0.0
3305505,Mata Atlântica,1.0,0.0,0.0,0.0,1.0,0.0,0.0
3305554,Mata Atlântica,1.0,0.0,0.0,0.0,1.0,0.0,0.0
3305604,Mata Atlântica,1.0,0.0,0.0,0.0,1.0,0.0,0.0
3305703,Mata Atlântica,1.0,0.0,0.0,0.0,1.0,0.0,0.0
3305752,Mata Atlântica,1.0,0.0,0.0,0.0,1.0,0.0,0.0
3305802,Mata Atlântica,1.0,0.0,0.0,0.0,1.0,0.0,0.0
3305901,Mata Atlântica,1.0,0.0,0.0,0.0,1.0,0.0,0.0
3306008,Mata Atlântica,1.0,0.0,0.0,0.0,1.0,0.0,0.0
3306107,Mata Atlântica,1.0,0.0,0.0,0.0,1.0,0.0,0.0
3306156,Mata Atlântica,1.0,0.0,0.0,0.0,1.0,0.0,0.0
3306206,Mata Atlântica,1.0,0.0,0.0,0.0,1.0,0.0,0.0
3306305,Mata Atlântica,1.0,0.0,0.0,0.0,1.0,0.0,0.0
3500105,Mata Atlântica,1.0,0.0,0.0,0.0,1.0,0.0,0.0
3500204,Mata Atlântica,1.0,0.0,0.0,0.0,1.0,0.0,0.0
3500303,Mata Atlântica,0.521,0.0,0.0,0.479,0.521,0.0,0.0
3500402,Mata Atlântica,1.0,0.0,0.0,0.0,1.0,0.0,0.0
3500501,Mata Atlântica,1.0,0.0,0.0,0.0,1.0,0.0,0.0
3500550,Cerrado,0.79,0.0,0.0,0.79,0.21,0.0,0.0
3500600,Mata Atlântica,0.729,0.0,0.0,0.271,0.729,0.0,0.0
3500709,Cerrado,0.86,0.0,0.0,0.86,0.14,0.0,0.0
3500758,Mata Atlântica,0.988,0.0,0.0,0.012,0.988,0.0,0.0
3500808,Mata Atlântica,1.0,0.0,0.0,0.0,1.0,0.0,0.0
3500907,Mata Atlântica,0.77,0.0,0.0,0.23,0.77,0.0,0.0
3501004,Cerrado,0.767,0.0,0.0,0.767,0.233,0.0,0.0
3501103,Mata Atlântica,1.0,0.0,0.0,0.0,1.0,0.0,0.0
3501152,Mata Atlântica,1.0,0.0,0.0,0.0,1.0,0.0,0.0
3501202,Mata Atlântica,0.959,0.0,0.0,0.041,0.959,0.0,0.0
3501301,Mata Atlântica,1.0,0.0,0.0,0.0,1.0,0.0,0.0
3501400,Mata Atlântica,1.0,0.0,0.0,0.0,1.0,0.0,0.0
3501509,Mata Atlântica,0.869,0.0,0.0,0.131,0.869,0.0,0.0
3501608,Mata Atlântica,1.0,0.0,0.0,0.0,1.0,0.0,0.0
3501707,Cerrado,0.521,0.0,0.0,0.521,0.479,0.0,0.0
3501806,Mata Atlântica,0.88,0.0,0.0,0.12,0.88,0.0,0.0
3501905,Mata Atlântica,1.0,0.0,0.0,0.0,1.0,0.0,0.0
3502002,Cerrado,0.693,0.0,0.0,0.693,0.307,0.0,0.0
3502101,Mata Atlântica,1.0,0.0,0.0,0.0,1.0,0.0,0.0
3502200,Cerrado,0.633,0.0,0.0,0.633,0.367,0.0,0.0
3502309,Cerrado,0.529,0.0,0.0,0.529,0.471,0.0,0.0
3502408,Mata Atlântica,0.636,0.0,0.0,0.364,0.636,0.0,0.0
3502507,Mata Atlântica,1.0,0.0,0.0,0.0,1.0,0.0,0.0
3502606,Mata Atlântica,1.0,0.0,0.0,0.0,1.0,0.0,0.0
3502705,Mata Atlântica,1.0,0.0,0.0,0.0,1.0,0.0,0.0
3502754,Mata Atlântica,1.0,0.0,0.0,0.0,1.0,0.0,0.0
3502804,Mata Atlântica,1.0,0.0,0.0,0.0,1.0,0.0,0.0
3502903,Mata Atlântica,1.0,0.0,0.0,0.0,1.0,0.0,0.0
3503000,Cerrado,0.604,0.0,0.0,0.604,0.396,0.0,0.0
3503109,Mata Atlântica,0.723,0.0,0.0,0.277,0.723,0.0,0.0
3503158,Mata Atlântica,1.0,0.0,0.0,0.0,1.0,0.0,0.0
3503208,Cerrado,0.629,0.0,0.0,0.629,0.371,0.0,0.0
3503307,Mata Atlântica,0.944,0.0,0.0,0.056,0.944,0.0,0.0
3503356,Mata Atlântica,1.0,0.0,0.0,0.0,1.0,0.0,0.0
3503406,Cerrado,0.734,0.0,0.0,0.734,0.266,0.0,0.0
3503505,Mata Atlântica,1.0,0.0,0.0,0.0,1.0,0.0,0.0
3503604,Mata Atlântica,0.671,0.0,0.0,0.329,0.671,0.0,0.0
3503703,Mata Atlântica,1.0,0.0,0.0,0.0,1.0,0.0,0.0
3503802,Mata Atlântica,1.0,0.0,0.0,0.0,1.0,0.0,0.0
3503901,Mata Atlântica,1.0,0.0,0.0,0.0,1.0,0.0,0.0
3503950,Mata Atlântica,1.0,0.0,0.0,0.0,1.0,0.0,0.0
3504008,Cerrado,0.874,0.0,0.0,0.874,0.126,0.0,0.0
3504107,Mata Atlântica,1.0,0.0,0.0,0.0,1.0,0.0,0.0
3504206,Mata Atlântica,1.0,0.0,0.0,0.0,1.0,0.0,0.0
3504305,Mata Atlântica,0.74,0.0,0.0,0.26,0.74,0.0,0.0
3504404,Mata Atlântica,1.0,0.0,0.0,0.0,1.0,0.0,0.0
3504503,Cerrado,0.742,0.0,0.0,0.742,0.258,0.0,0.0
3504602,Mata Atlântica,1.0,0.0,0.0,0.0,1.0,0.0,0.0
3504701,Mata Atlântica,1.0,0.0,0.0,0.0,1.0,0.0,0.0
3504800,Mata Atlântica,1.0,0.0,0.0,0.0,1.0,0.0,0.0
3504909,Mata Atlântica,1.0,0.0,0.0,0.0,1.0,0.0,0.0
3505005,Mata Atlântica,1.0,0.0,0.0,0.0,1.0,0.0,0.0
3505104,Mata Atlântica,1.0,0.0,0.0,0.0,1.0,0.0,0.0
3505203,Mata Atlântica,0.709,0.0,0.0,0.291,0.709,0.0,0.0
3505302,Mata Atlântica,1.0,0.0,0.0,0.0,1.0,0.0,0.0
3505351,Mata Atlântica,1.0,0.0,0.0,0.0,1.0,0.0,0.0
3505401,Mata Atlântica,1.0,0.0,0.0,0.0,1.0,0.0,0.0
3505500,Cerrado,0.641,0.0,0.0,0.641,0.359,0.0,0.0
3505609,Mata Atlântica,1.0,0.0,0.0,0.0,1.0,0.0,0.0
3505708,Mata Atlântica,1.0,0.0,0.0,0.0,1.0,0.0,0.0
3505807,Mata Atlântica,1.0,0.0,0.0,0.0,1.0,0.0,0.0
3505906,Mata Atlântica,0.535,0.0,0.0,0.465,0.535,0.0,0.0
3506003,Cerrado,0.552,0.0,0.0,0.552,0.448,0.0,0.0
3506102,Cerrado,0.758,0.0,0.0,0.758,0.242,0.0,0.0
3506201,Mata Atlântica,1.0,0.0,0.0,0.0,1.0,0.0,0.0
3506300,Mata Atlântica,1.0,0.0,0.0,0.0,1.0,0.0,0.0
3506359,Mata Atlântica,1.0,0.0,0.0,0.0,1.0,0.0,0.0
3506409,Mata Atlântica,1.0,0.0,0.0,0.0,1.0,0.0,0.0
3506508,Mata Atlântica,1.0,0.0,0.0,0.0,1.0,0.0,0.0
3506607,Mata Atlântica,1.0,0.0,0.0,0.0,1.0,0.0,0.0
3506706,Cerrado,0.858,0.0,0.0,0.858,0.142,0.0,0.0
3506805,Mata Atlântica,0.607,0.0,0.0,0.393,0.607,0.0,0.0
3506904,Cerrado,0.62,0.0,0.0,0.62,0.38,0.0,0.0
3507001,Mata Atlântica,1.0,0.0,0.0,0.0,1.0,0.0,0.0
3507100,Mata Atlântica,1.0,0.0,0.0,0.0,1.0,0.0,0.0
3507159,Mata Atlântica,0.997,0.0,0.0,0.003,0.997,0.0,0.0
3507209,Mata Atlântica,0.964,0.0,0.0,0.036,0.964,0.0,0.0
3507308,Mata Atlântica,1.0,0.0,0.0,0.0,1.0,0.0,0.0
3507407,Mata Atlântica,1.0,0.0,0.0,0.0,1.0,0.0,0.0
3507456,Cerrado,0.853,0.0,0.0,0.853,0.147,0.0,0.0
3507506,Cerrado,0.84,0.0,0.0,0.84,0.16,0.0,0.0
3507605,Mata Atlântica,1.0,0.0,0.0,0.0,1.0,0.0,0.0
3507704,Mata Atlântica,1.0,0.0,0.0,0.0,1.0,0.0,0.0
3507753,Mata Atlântica,1.0,0.0,0.0,0.0,1.0,0.0,0.0
3507803,Mata Atlântica,0.574,0.0,0.0,0.426,0.574,0.0,0.0
3507902,Cerrado,0.747,0.0,0.0,0.747,0.253,0.0,0.0
3508009,Mata Atlântica,0.703,0.0,0.0,0.297,0.703,0.0,0.0
3508108,Mata Atlântica,1.0,0.0,0.0,0.0,1.0,0.0,0.0
3508207,Cerrado,0.615,0.0,0.0,0.615,0.385,0.0,0.0
3508306,Cerrado,0.954,0.0,0.0,0.954,0.046,0.0,0.0
3508405,Mata Atlântica,1.0,0.0,0.0,0.0,1.0,0.0,0.0
3508504,Mata Atlântica,1.0,0.0,0.0,0.0,1.0,0.0,0.0
3508603,Mata Atlântica,1.0,0.0,0.0,0.0,1.0,0.0,0.0
3508702,Mata Atlântica,1.0,0.0,0.0,0.0,1.0,0.0,0.0
3508801,Mata Atlântica,1.0,0.0,0.0,0.0,1.0,0.0,0.0
3508900,Mata Atlântica,1.0,0.0,0.0,0.0,1.0,0.0,0.0
3509007,Mata Atlântica,1.0,0.0,0.0,0.0,1.0,0.0,0.0
3509106,Mata Atlântica,1.0,0.0,0.0,0.0,1.0,0.0,0.0
3509205,Mata Atlântica,1.0,0.0,0.0,0.0,1.0,0.0,0.0
3509254,Mata Atlântica,1.0,0.0,0.0,0.0,1.0,0.0,0.0
3509304,Mata Atlântica,1.0,0.0,0.0,0.0,1.0,0.0,0.0
3509403,Cerrado,0.507,0.0,0.0,0.507,0.493,0.0,0.0
3509452,Cerrado,0.683,0.0,0.0,0.683,0.317,0.0,0.0
3509502,Mata Atlântica,1.0,0.0,0.0,0.0,1.0,0.0,0.0
3509601,Mata Atlântica,1.0,0.0,0.0,0.0,1.0,0.0,0.0
3509700,Mata Atlântica,1.0,0.0,0.0,0.0,1.0,0.0,0.0
3509809,Cerrado,0.997,0.0,0.0,0.997,0.003,0.0,0.0
3509908,Mata Atlântica,1.0,0.0,0.0,0.0,1.0,0.0,0.0
3509957,Mata Atlântica,1.0,0.0,0.0,0.0,1.0,0.0,0.0
3510005,Mata Atlântica,0.905,0.0,0.0,0.095,0.905,0.0,0.0
3510104,Mata Atlântica,1.0,0.0,0.0,0.0,1.0,0.0,0.0
3510153,Mata Atlântica,1.0,0.0,0.0,0.0,1.0,0.0,0.0
3510203,Mata Atlântica,0.937,0.0,0.0,0.063,0.937,0.0,0.0
3510302,Mata Atlântica,1.0,0.0,0.0,0.0,1.0,0.0,0.0
3510401,Mata Atlântica,1.0,0.0,0.0,0.0,1.0,0.0,0.0
3510500,Mata Atlântica,1.0,0.0,0.0,0.0,1.0,0.0,0.0
3510609,Mata Atlântica,1.0,0.0,0.0,0.0,1.0,0.0,0.0
3510708,Mata Atlântica,0.554,0.0,0.0,0.446,0.554,0.0,0.0
3510807,Mata Atlântica,0.545,0.0,0.0,0.455,0.545,0.0,0.0
3510906,Cerrado,0.805,0.0,0.0,0.805,0.195,0.0,0.0
3511003,Mata Atlântica,1.0,0.0,0.0,0.0,1.0,0.0,0.0
3511102,Mata Atlântica,1.0,0.0,0.0,0.0,1.0,0.0,0.0
3511201,Mata Atlântica,1.0,0.0,0.0,0.0,1.0,0.0,0.0
3511300,Mata Atlântica,1.0,0.0,0.0,0.0,1.0,0.0,0.0
3511409,Cerrado,0.622,0.0,0.0,0.622,0.378,0.0,0.0
3511508,Mata Atlântica,1.0,0.0,0.0,0.0,1.0,0.0,0.0
3511607,Mata Atlântica,1.0,0.0,0.0,0.0,1.0,0.0,0.0
3511706,Cerrado,0.627,0.0,0.0,0.627,0.373,0.0,0.0
3511904,Mata Atlântica,1.0,0.0,0.0,0.0,1.0,0.0,0.0
3512001,Cerrado,0.628,0.0,0.0,0.628,0.372,0.0,0.0
3512100,Cerrado,0.625,0.0,0.0,0.625,0.375,0.0,0.0
3512209,Cerrado,0.942,0.0,0.0,0.942,0.058,0.0,0.0
3512308,Mata Atlântica,0.669,0.0,0.0,0.331,0.669,0.0,0.0
3512407,Mata Atlântica,1.0,0.0,0.0,0.0,1.0,0.0,0.0
3512506,Mata Atlântica,1.0,0.0,0.0,0.0,1.0,0.0,0.0
3512605,Mata Atlântica,0.621,0.0,0.0,0.379,0.621,0.0,0.0
3512704,Mata Atlântica,0.622,0.0,0.0,0.378,0.622,0.0,0.0
3512803,Mata Atlântica,1.0,0.0,0.0,0.0,1.0,0.0,0.0
3512902,Mata Atlântica,0.92,0.0,0.0,0.08,0.92,0.0,0.0
3513009,Mata Atlântica,1.0,0.0,0.0,0.0,1.0,0.0,0.0
3513108,Mata Atlântica,0.894,0.0,0.0,0.106,0.894,0.0,0.0
3513207,Mata Atlântica,0.577,0.0,0.0,0.423,0.577,0.0,0.0
3513306,Mata Atlântica,1.0,0.0,0.0,0.0,1.0,0.0,0.0
3513405,Mata Atlântica,1.0,0.0,0.0,0.0,1.0,0.0,0.0
3513504,Mata Atlântica,1.0,0.0,0.0,0.0,1.0,0.0,0.0
3513603,Mata Atlântica,1.0,0.0,0.0,0.0,1.0,0.0,0.0
3513702,Cerrado,0.594,0.0,0.0,0.594,0.406,0.0,0.0
3513801,Mata Atlântica,1.0,0.0,0.0,0.0,1.0,0.0,0.0
3513850,Mata Atlântica,1.0,0.0,0.0,0.0,1.0,0.0,0.0
3513900,Mata Atlântica,1.0,0.0,0.0,0.0,1.0,0.0,0.0
3514007,Mata Atlântica,1.0,0.0,0.0,0.0,1.0,0.0,0.0
3514106,Mata Atlântica,0.733,0.0,0.0,0.267,0.733,0.0,0.0
3514205,Mata Atlântica,1.0,0.0,0.0,0.0,1.0,0.0,0.0
3514304,Mata Atlântica,0.578,0.0,0.0,0.422,0.578,0.0,0.0
3514403,Mata Atlântica,1.0,0.0,0.0,0.0,1.0,0.0,0.0
3514502,Mata Atlântica,0.739,0.0,0.0,0.261,0.739,0.0,0.0
3514601,Mata Atlântica,1.0,0.0,0.0,0.0,1.0,0.0,0.0
3514700,Cerrado,0.62,0.0,0.0,0.62,0.38,0.0,0.0
3514809,Mata Atlântica,1.0,0.0,0.0,0.0,1.0,0.0,0.0
3514908,Mata Atlântica,1.0,0.0,0.0,0.0,1.0,0.0,0.0
3514924,Mata Atlântica,1.0,0.0,0.0,0.0,1.0,0.0,0.0
3514957,Mata Atlântica,1.0,0.0,0.0,0.0,1.0,0.0,0.0
3515004,Mata Atlântica,1.0,0.0,0.0,0.0,1.0,0.0,0.0
3515103,Mata Atlântica,1.0,0.0,0.0,0.0,1.0,0.0,0.0
3515129,Mata Atlântica,1.0,0.0,0.0,0.0,1.0,0.0,0.0
3515152,Mata Atlântica,0.864,0.0,0.0,0.136,0.864,0.0,0.0
3515186,Mata Atlântica,1.0,0.0,0.0,0.0,1.0,0.0,0.0
3515194,Cerrado,1.0,0.0,0.0,1.0,0.0,0.0,0.0
3515202,Mata Atlântica,1.0,0.0,0.0,0.0,1.0,0.0,0.0
3515301,Mata Atlântica,0.925,0.0,0.0,0.075,0.925,0.0,0.0
3515350,Mata Atlântica,1.0,0.0,0.0,0.0,1.0,0.0,0.0
3515400,Mata Atlântica,1.0,0.0,0.0,0.0,1.0,0.0,0.0
3515509,Mata Atlântica,1.0,0.0,0.0,0.0,1.0,0.0,0.0
3515608,Mata Atlântica,1.0,0.0,0.0,0.0,1.0,0.0,0.0
3515657,Mata Atlântica,0.523,0.0,0.0,0.477,0.523,0.0,0.0
3515707,Mata Atlântica,1.0,0.0,0.0,0.0,1.0,0.0,0.0
3515806,Mata Atlântica,1.0,0.0,0.0,0.0,1.0,0.0,0.0
3515905,Mata Atlântica,1.0,0.0,0.0,0.0,1.0,0.0,0.0
3516002,Mata Atlântica,1.0,0.0,0.0,0.0,1.0,0.0,0.0
3516101,Mata Atlântica,1.0,0.0,0.0,0.0,1.0,0.0,0.0
3516200,Cerrado,0.506,0.0,0.0,0.506,0.494,0.0,0.0
3516309,Mata Atlântica,1.0,0.0,0.0,0.0,1.0,0.0,0.0
3516408,Mata Atlântica,1.0,0.0,0.0,0.0,1.0,0.0,0.0
3516507,Mata Atlântica,1.0,0.0,0.0,0.0,1.0,0.0,0.0
3516606,Mata Atlântica,0.978,0.0,0.0,0.022,0.978,0.0,0.0
3516705,Mata Atlântica,1.0,0.0,0.0,0.0,1.0,0.0,0.0
3516804,Mata Atlântica,1.0,0.0,0.0,0.0,1.0,0.0,0.0
3516853,Cerrado,0.598,0.0,0.0,0.598,0.402,0.0,0.0
3516903,Mata Atlântica,1.0,0.0,0.0,0.0,1.0,0.0,0.0
3517000,Mata Atlântica,1.0,0.0,0.0,0.0,1.0,0.0,0.0
3517109,Mata Atlântica,1.0,0.0,0.0,0.0,1.0,0.0,0.0
3517208,Mata Atlântica,1.0,0.0,0.0,0.0,1.0,0.0,0.0
3517307,Mata Atlântica,1.0,0.0,0.0,0.0,1.0,0.0,0.0
3517406,Mata Atlântica,0.733,0.0,0.0,0.267,0.733,0.0,0.0
3517505,Mata Atlântica,1.0,0.0,0.0,0.0,1.0,0.0,0.0
3517604,Mata Atlântica,1.0,0.0,0.0,0.0,1.0,0.0,0.0
3517703,Mata Atlântica,0.771,0.0,0.0,0.229,0.771,0.0,0.0
3517802,Mata Atlântica,1.0,0.0,0.0,0.0,1.0,0.0,0.0
3517901,Cerrado,0.867,0.0,0.0,0.867,0.133,0.0,0.0
3518008,Mata Atlântica,1.0,0.0,0.0,0.0,1.0,0.0,0.0
3518107,Mata Atlântica,1.0,0.0,0.0,0.0,1.0,0.0,0.0
3518206,Mata Atlântica,1.0,0.0,0.0,0.0,1.0,0.0,0.0
3518305,Mata Atlântica,1.0,0.0,0.0,0.0,1.0,0.0,0.0
3518404,Mata Atlântica,1.0,0.0,0.0,0.0,1.0,0.0,0.0
3518503,Mata Atlântica,0.622,0.0,0.0,0.378,0.622,0.0,0.0
3518602,Mata Atlântica,0.98,0.0,0.0,0.02,0.98,0.0,0.0
3518701,Mata Atlântica,1.0,0.0,0.0,0.0,1.0,0.0,0.0
3518800,Mata Atlântica,1.0,0.0,0.0,0.0,1.0,0.0,0.0
3518859,Mata Atlântica,0.598,0.0,0.0,0.402,0.598,0.0,0.0
3518909,Mata Atlântica,1.0,0.0,0.0,0.0,1.0,0.0,0.0
3519006,Mata Atlântica,1.0,0.0,0.0,0.0,1.0,0.0,0.0
3519055,Mata Atlântica,1.0,0.0,0.0,0.0,1.0,0.0,0.0
3519071,Mata Atlântica,1.0,0.0,0.0,0.0,1.0,0.0,0.0
3519105,Mata Atlântica,0.891,0.0,0.0,0.109,0.891,0.0,0.0
3519204,Mata Atlântica,1.0,0.0,0.0,0.0,1.0,0.0,0.0
3519253,Cerrado,1.0,0.0,0.0,1.0,0.0,0.0,0.0
3519303,Cerrado,0.745,0.0,0.0,0.745,0.255,0.0,0.0
3519402,Mata Atlântica,1.0,0.0,0.0,0.0,1.0,0.0,0.0
3519501,Mata Atlântica,0.745,0.0,0.0,0.255,0.745,0.0,0.0
3519600,Mata Atlântica,0.851,0.0,0.0,0.149,0.851,0.0,0.0
3519709,Mata Atlântica,1.0,0.0,0.0,0.0,1.0,0.0,0.0
3519808,Cerrado,0.895,0.0,0.0,0.895,0.105,0.0,0.0
3519907,Mata Atlântica,0.686,0.0,0.0,0.314,0.686,0.0,0.0
3520004,Mata Atlântica,1.0,0.0,0.0,0.0,1.0,0.0,0.0
3520103,Mata Atlântica,0.959,0.0,0.0,0.041,0.959,0.0,0.0
3520202,Mata Atlântica,1.0,0.0,0.0,0.0,1.0,0.0,0.0
3520301,Mata Atlântica,1.0,0.0,0.0,0.0,1.0,0.0,0.0
3520400,Mata Atlântica,1.0,0.0,0.0,0.0,1.0,0.0,0.0
3520426,Mata Atlântica,1.0,0.0,0.0,0.0,1.0,0.0,0.0
3520442,Mata Atlântica,0.997,0.0,0.0,0.003,0.997,0.0,0.0
3520509,Mata Atlântica,1.0,0.0,0.0,0.0,1.0,0.0,0.0
3520608,Mata Atlântica,0.8,0.0,0.0,0.2,0.8,0.0,0.0
3520707,Mata Atlântica,1.0,0.0,0.0,0.0,1.0,0.0,0.0
3520806,Mata Atlântica,1.0,0.0,0.0,0.0,1.0,0.0,0.0
3520905,Mata Atlântica,1.0,0.0,0.0,0.0,1.0,0.0,0.0
3521002,Mata Atlântica,1.0,0.0,0.0,0.0,1.0,0.0,0.0
3521101,Mata Atlântica,0.638,0.0,0.0,0.362,0.638,0.0,0.0
3521150,Mata Atlântica,1.0,0.0,0.0,0.0,1.0,0.0,0.0
3521200,Mata Atlântica,1.0,0.0,0.0,0.0,1.0,0.0,0.0
3521309,Mata Atlântica,1.0,0.0,0.0,0.0,1.0,0.0,0.0
3521408,Mata Atlântica,1.0,0.0,0.0,0.0,1.0,0.0,0.0
3521507,Mata Atlântica,1.0,0.0,0.0,0.0,1.0,0.0,0.0
3521606,Mata Atlântica,1.0,0.0,0.0,0.0,1.0,0.0,0.0
3521705,Mata Atlântica,0.574,0.0,0.0,0.426,0.574,0.0,0.0
3521804,Cerrado,0.813,0.0,0.0,0.813,0.187,0.0,0.0
3521903,Mata Atlântica,1.0,0.0,0.0,0.0,1.0,0.0,0.0
3522000,Mata Atlântica,0.76,0.0,0.0,0.24,0.76,0.0,0.0
3522109,Mata Atlântica,1.0,0.0,0.0,0.0,1.0,0.0,0.0
3522158,Mata Atlântica,1.0,0.0,0.0,0.0,1.0,0.0,0.0
3522208,Mata Atlântica,1.0,0.0,0.0,0.0,1.0,0.0,0.0
3522307,Mata Atlântica,0.57,0.0,0.0,0.43,0.57,0.0,0.0
3522406,Cerrado,0.644,0.0,0.0,0.644,0.356,0.0,0.0
3522505,Mata Atlântica,1.0,0.0,0.0,0.0,1.0,0.0,0.0
3522604,Mata Atlântica,1.0,0.0,0.0,0.0,1.0,0.0,0.0
3522653,Mata Atlântica,1.0,0.0,0.0,0.0,1.0,0.0,0.0
3522703,Mata Atlântica,1.0,0.0,0.0,0.0,1.0,0.0,0.0
3522802,Mata Atlântica,0.994,0.0,0.0,0.006,0.994,0.0,0.0
3522901,Mata Atlântica,1.0,0.0,0.0,0.0,1.0,0.0,0.0
3523008,Mata Atlântica,1.0,0.0,0.0,0.0,1.0,0.0,0.0
3523107,Mata Atlântica,1.0,0.0,0.0,0.0,1.0,0.0,0.0
3523206,Cerrado,0.577,0.0,0.0,0.577,0.423,0.0,0.0
3523305,Mata Atlântica,1.0,0.0,0.0,0.0,1.0,0.0,0.0
3523404,Mata Atlântica,1.0,0.0,0.0,0.0,1.0,0.0,0.0
3523503,Cerrado,0.878,0.0,0.0,0.878,0.122,0.0,0.0
3523602,Cerrado,0.607,0.0,0.0,0.607,0.393,0.0,0.0
3523701,Mata Atlântica,0.938,0.0,0.0,0.062,0.938,0.0,0.0
3523800,Mata Atlântica,1.0,0.0,0.0,0.0,1.0,0.0,0.0
3523909,Mata Atlântica,1.0,0.0,0.0,0.0,1.0,0.0,0.0
3524006,Mata Atlântica,1.0,0.0,0.0,0.0,1.0,0.0,0.0
3524105,Mata Atlântica,0.786,0.0,0.0,0.214,0.786,0.0,0.0
3524204,Mata Atlântica,0.941,0.0,0.0,0.059,0.941,0.0,0.0
3524303,Mata Atlântica,0.729,0.0,0.0,0.271,0.729,0.0,0.0
3524402,Mata Atlântica,1.0,0.0,0.0,0.0,1.0,0.0,0.0
3524501,Mata Atlântica,1.0,0.0,0.0,0.0,1.0,0.0,0.0
3524600,Mata Atlântica,1.0,0.0,0.0,0.0,1.0,0.0,0.0
3524709,Mata Atlântica,1.0,0.0,0.0,0.0,1.0,0.0,0.0
3524808,Mata Atlântica,1.0,0.0,0.0,0.0,1.0,0.0,0.0
3524907,Mata Atlântica,1.0,0.0,0.0,0.0,1.0,0.0,0.0
3525003,Mata Atlântica,1.0,0.0,0.0,0.0,1.0,0.0,0.0
3525102,Mata Atlântica,0.957,0.0,0.0,0.043,0.957,0.0,0.0
3525201,Mata Atlântica,1.0,0.0,0.0,0.0,1.0,0.0,0.0
3525300,Mata Atlântica,0.999,0.0,0.0,0.001,0.999,0.0,0.0
3525409,Cerrado,0.753,0.0,0.0,0.753,0.247,0.0,0.0
3525508,Mata Atlântica,1.0,0.0,0.0,0.0,1.0,0.0,0.0
3525607,Mata Atlântica,0.547,0.0,0.0,0.453,0.547,0.0,0.0
3525706,Mata Atlântica,1.0,0.0,0.0,0.0,1.0,0.0,0.0
3525805,Mata Atlântica,1.0,0.0,0.0,0.0,1.0,0.0,0.0
3525854,Mata Atlântica,1.0,0.0,0.0,0.0,1.0,0.0,0.0
3525904,Mata Atlântica,1.0,0.0,0.0,0.0,1.0,0.0,0.0
3526001,Mata Atlântica,1.0,0.0,0.0,0.0,1.0,0.0,0.0
3526100,Mata Atlântica,1.0,0.0,0.0,0.0,1.0,0.0,0.0
3526209,Mata Atlântica,1.0,0.0,0.0,0.0,1.0,0.0,0.0
3526308,Mata Atlântica,1.0,0.0,0.0,0.0,1.0,0.0,0.0
3526407,Mata Atlântica,1.0,0.0,0.0,0.0,1.0,0.0,0.0
3526506,Mata Atlântica,1.0,0.0,0.0,0.0,1.0,0.0,0.0
3526605,Mata Atlântica,1.0,0.0,0.0,0.0,1.0,0.0,0.0
3526704,Mata Atlântica,0.809,0.0,0.0,0.191,0.809,0.0,0.0
3526803,Cerrado,0.913,0.0,0.0,0.913,0.087,0.0,0.0
3526902,Mata Atlântica,1.0,0.0,0.0,0.0,1.0,0.0,0.0
3527009,Mata Atlântica,1.0,0.0,0.0,0.0,1.0,0.0,0.0
3527108,Mata Atlântica,1.0,0.0,0.0,0.0,1.0,0.0,0.0
3527207,Mata Atlântica,1.0,0.0,0.0,0.0,1.0,0.0,0.0
3527256,Mata Atlântica,1.0,0.0,0.0,0.0,1.0,0.0,0.0
3527306,Mata Atlântica,1.0,0.0,0.0,0.0,1.0,0.0,0.0
3527405,Mata Atlântica,1.0,0.0,0.0,0.0,1.0,0.0,0.0
3527504,Cerrado,0.589,0.0,0.0,0.589,0.411,0.0,0.0
3527603,Cerrado,0.554,0.0,0.0,0.554,0.446,0.0,0.0
3527702,Mata Atlântica,1.0,0.0,0.0,0.0,1.0,0.0,0.0
3527801,Mata Atlântica,0.865,0.0,0.0,0.135,0.865,0.0,0.0
3527900,Mata Atlântica,0.517,0.0,0.0,0.483,0.517,0.0,0.0
3528007,Mata Atlântica,0.673,0.0,0.0,0.327,0.673,0.0,0.0
3528106,Mata Atlântica,1.0,0.0,0.0,0.0,1.0,0.0,0.0
3528205,Mata Atlântica,0.929,0.0,0.0,0.071,0.929,0.0,0.0
3528304,Mata Atlântica,1.0,0.0,0.0,0.0,1.0,0.0,0.0
3528403,Mata Atlântica,1.0,0.0,0.0,0.0,1.0,0.0,0.0
3528502,Mata Atlântica,1.0,0.0,0.0,0.0,1.0,0.0,0.0
3528601,Mata Atlântica,0.817,0.0,0.0,0.183,0.817,0.0,0.0
3528700,Mata Atlântica,1.0,0.0,0.0,0.0,1.0,0.0,0.0
3528809,Mata Atlântica,0.721,0.0,0.0,0.279,0.721,0.0,0.0
3528858,Mata Atlântica,1.0,0.0,0.0,0.0,1.0,0.0,0.0
3528908,Mata Atlântica,1.0,0.0,0.0,0.0,1.0,0.0,0.0
3529005,Mata Atlântica,0.967,0.0,0.0,0.033,0.967,0.0,0.0
3529104,Mata Atlântica,1.0,0.0,0.0,0.0,1.0,0.0,0.0
3529203,Cerrado,0.534,0.0,0.0,0.534,0.466,0.0,0.0
3529302,Mata Atlântica,0.966,0.0,0.0,0.034,0.966,0.0,0.0
3529401,Mata Atlântica,1.0,0.0,0.0,0.0,1.0,0.0,0.0
3529500,Mata Atlântica,1.0,0.0,0.0,0.0,1.0,0.0,0.0
3529609,Mata Atlântica,1.0,0.0,0.0,0.0,1.0,0.0,0.0
3529658,Mata Atlântica,1.0,0.0,0.0,0.0,1.0,0.0,0.0
3529708,Mata Atlântica,0.743,0.0,0.0,0.257,0.743,0.0,0.0
3529807,Mata Atlântica,0.79,0.0,0.0,0.21,0.79,0.0,0.0
3529906,Mata Atlântica,1.0,0.0,0.0,0.0,1.0,0.0,0.0
3530003,Mata Atlântica,0.975,0.0,0.0,0.025,0.975,0.0,0.0
3530102,Mata Atlântica,1.0,0.0,0.0,0.0,1.0,0.0,0.0
3530201,Mata Atlântica,0.97,0.0,0.0,0.03,0.97,0.0,0.0
3530300,Mata Atlântica,1.0,0.0,0.0,0.0,1.0,0.0,0.0
3530409,Mata Atlântica,1.0,0.0,0.0,0.0,1.0,0.0,0.0
3530508,Mata Atlântica,0.715,0.0,0.0,0.285,0.715,0.0,0.0
3530607,Mata Atlântica,1.0,0.0,0.0,0.0,1.0,0.0,0.0
3530706,Mata Atlântica,0.517,0.0,0.0,0.483,0.517,0.0,0.0
3530805,Mata Atlântica,0.888,0.0,0.0,0.112,0.888,0.0,0.0
3530904,Mata Atlântica,1.0,0.0,0.0,0.0,1.0,0.0,0.0
3531001,Mata Atlântica,1.0,0.0,0.0,0.0,1.0,0.0,0.0
3531100,Mata Atlântica,1.0,0.0,0.0,0.0,1.0,0.0,0.0
3531209,Mata Atlântica,1.0,0.0,0.0,0.0,1.0,0.0,0.0
3531308,Mata Atlântica,1.0,0.0,0.0,0.0,1.0,0.0,0.0
3531407,Mata Atlântica,1.0,0.0,0.0,0.0,1.0,0.0,0.0
3531506,Mata Atlântica,0.961,0.0,0.0,0.039,0.961,0.0,0.0
3531605,Mata Atlântica,1.0,0.0,0.0,0.0,1.0,0.0,0.0
3531704,Mata Atlântica,1.0,0.0,0.0,0.0,1.0,0.0,0.0
3531803,Mata Atlântica,1.0,0.0,0.0,0.0,1.0,0.0,0.0
3531902,Mata Atlântica,0.997,0.0,0.0,0.003,0.997,0.0,0.0
3532009,Mata Atlântica,1.0,0.0,0.0,0.0,1.0,0.0,0.0
3532058,Mata Atlântica,0.926,0.0,0.0,0.074,0.926,0.0,0.0
3532108,Mata Atlântica,1.0,0.0,0.0,0.0,1.0,0.0,0.0
3532157,Mata Atlântica,0.642,0.0,0.0,0.358,0.642,0.0,0.0
3532207,Mata Atlântica,0.757,0.0,0.0,0.243,0.757,0.0,0.0
3532306,Mata Atlântica,1.0,0.0,0.0,0.0,1.0,0.0,0.0
3532405,Mata Atlântica,1.0,0.0,0.0,0.0,1.0,0.0,0.0
3532504,Mata Atlântica,1.0,0.0,0.0,0.0,1.0,0.0,0.0
3532603,Mata Atlântica,1.0,0.0,0.0,0.0,1.0,0.0,0.0
3532702,Mata Atlântica,1.0,0.0,0.0,0.0,1.0,0.0,0.0
3532801,Mata Atlântica,1.0,0.0,0.0,0.0,1.0,0.0,0.0
3532827,Mata Atlântica,0.816,0.0,0.0,0.184,0.816,0.0,0.0
3532843,Mata Atlântica,1.0,0.0,0.0,0.0,1.0,0.0,0.0
3532868,Mata Atlântica,1.0,0.0,0.0,0.0,1.0,0.0,0.0
3532900,Mata Atlântica,0.699,0.0,0.0,0.301,0.699,0.0,0.0
3533007,Mata Atlântica,0.744,0.0,0.0,0.256,0.744,0.0,0.0
3533106,Mata Atlântica,1.0,0.0,0.0,0.0,1.0,0.0,0.0
3533205,Mata Atlântica,1.0,0.0,0.0,0.0,1.0,0.0,0.0
3533254,Mata Atlântica,1.0,0.0,0.0,0.0,1.0,0.0,0.0
3533304,Mata Atlântica,1.0,0.0,0.0,0.0,1.0,0.0,0.0
3533403,Mata Atlântica,1.0,0.0,0.0,0.0,1.0,0.0,0.0
3533502,Mata Atlântica,1.0,0.0,0.0,0.0,1.0,0.0,0.0
3533601,Mata Atlântica,0.534,0.0,0.0,0.466,0.534,0.0,0.0
3533700,Cerrado,0.521,0.0,0.0,0.521,0.479,0.0,0.0
3533809,Mata Atlântica,0.996,0.0,0.0,0.004,0.996,0.0,0.0
3533908,Mata Atlântica,0.983,0.0,0.0,0.017,0.983,0.0,0.0
3534005,Mata Atlântica,1.0,0.0,0.0,0.0,1.0,0.0,0.0
3534104,Mata Atlântica,1.0,0.0,0.0,0.0,1.0,0.0,0.0
3534203,Cerrado,0.727,0.0,0.0,0.727,0.273,0.0,0.0
3534302,Mata Atlântica,0.562,0.0,0.0,0.438,0.562,0.0,0.0
3534401,Mata Atlântica,1.0,0.0,0.0,0.0,1.0,0.0,0.0
3534500,Mata Atlântica,0.982,0.0,0.0,0.018,0.982,0.0,0.0
3534609,Mata Atlântica,1.0,0.0,0.0,0.0,1.0,0.0,0.0
3534708,Mata Atlântica,1.0,0.0,0.0,0.0,1.0,0.0,0.0
3534757,Mata Atlântica,1.0,0.0,0.0,0.0,1.0,0.0,0.0
3534807,Mata Atlântica,1.0,0.0,0.0,0.0,1.0,0.0,0.0
3534906,Mata Atlântica,1.0,0.0,0.0,0.0,1.0,0.0,0.0
3535002,Mata Atlântica,0.582,0.0,0.0,0.418,0.582,0.0,0.0
3535101,Mata Atlântica,1.0,0.0,0.0,0.0,1.0,0.0,0.0
3535200,Mata Atlântica,1.0,0.0,0.0,0.0,1.0,0.0,0.0
3535309,Mata Atlântica,0.957,0.0,0.0,0.043,0.957,0.0,0.0
3535408,Mata Atlântica,1.0,0.0,0.0,0.0,1.0,0.0,0.0
3535507,Cerrado,0.84,0.0,0.0,0.84,0.16,0.0,0.0
3535606,Mata Atlântica,1.0,0.0,0.0,0.0,1.0,0.0,0.0
3535705,Mata Atlântica,1.0,0.0,0.0,0.0,1.0,0.0,0.0
3535804,Cerrado,0.7,0.0,0.0,0.7,0.3,0.0,0.0
3535903,Mata Atlântica,1.0,0.0,0.0,0.0,1.0,0.0,0.0
3536000,Mata Atlântica,1.0,0.0,0.0,0.0,1.0,0.0,0.0
3536109,Mata Atlântica,0.517,0.0,0.0,0.483,0.517,0.0,0.0
3536208,Mata Atlântica,1.0,0.0,0.0,0.0,1.0,0.0,0.0
3536257,Mata Atlântica,0.955,0.0,0.0,0.045,0.955,0.0,0.0
3536307,Cerrado,0.534,0.0,0.0,0.534,0.466,0.0,0.0
3536406,Mata Atlântica,1.0,0.0,0.0,0.0,1.0,0.0,0.0
3536505,Mata Atlântica,1.0,0.0,0.0,0.0,1.0,0.0,0.0
3536570,Cerrado,1.0,0.0,0.0,1.0,0.0,0.0,0.0
3536604,Cerrado,0.63,0.0,0.0,0.63,0.37,0.0,0.0
3536703,Cerrado,0.54,0.0,0.0,0.54,0.46,0.0,0.0
3536802,Mata Atlântica,1.0,0.0,0.0,0.0,1.0,0.0,0.0
3536901,Mata Atlântica,0.824,0.0,0.0,0.176,0.824,0.0,0.0
3537008,Cerrado,0.597,0.0,0.0,0.597,0.403,0.0,0.0
3537107,Mata Atlântica,1.0,0.0,0.0,0.0,1.0,0.0,0.0
3537156,Mata Atlântica,1.0,0.0,0.0,0.0,1.0,0.0,0.0
3537206,Mata Atlântica,1.0,0.0,0.0,0.0,1.0,0.0,0.0
3537305,Mata Atlântica,1.0,0.0,0.0,0.0,1.0,0.0,0.0
3537404,Mata Atlântica,1.0,0.0,0.0,0.0,1.0,0.0,0.0
3537503,Mata Atlântica,1.0,0.0,0.0,0.0,1.0,0.0,0.0
3537602,Mata Atlântica,1.0,0.0,0.0,0.0,1.0,0.0,0.0
3537701,Mata Atlântica,1.0,0.0,0.0,0.0,1.0,0.0,0.0
3537800,Mata Atlântica,1.0,0.0,0.0,0.0,1.0,0.0,0.0
3537909,Mata Atlântica,1.0,0.0,0.0,0.0,1.0,0.0,0.0
3538006,Mata Atlântica,1.0,0.0,0.0,0.0,1.0,0.0,0.0
3538105,Mata Atlântica,1.0,0.0,0.0,0.0,1.0,0.0,0.0
3538204,Mata Atlântica,1.0,0.0,0.0,0.0,1.0,0.0,0.0
3538303,Mata Atlântica,1.0,0.0,0.0,0.0,1.0,0.0,0.0
3538501,Mata Atlântica,1.0,0.0,0.0,0.0,1.0,0.0,0.0
3538600,Mata Atlântica,1.0,0.0,0.0,0.0,1.0,0.0,0.0
3538709,Mata Atlântica,0.813,0.0,0.0,0.187,0.813,0.0,0.0
3538808,Mata Atlântica,0.925,0.0,0.0,0.075,0.925,0.0,0.0
3538907,Mata Atlântica,1.0,0.0,0.0,0.0,1.0,0.0,0.0
3539004,Mata Atlântica,1.0,0.0,0.0,0.0,1.0,0.0,0.0
3539103,Mata Atlântica,1.0,0.0,0.0,0.0,1.0,0.0,0.0
3539202,Mata Atlântica,0.941,0.0,0.0,0.059,0.941,0.0,0.0
3539301,Cerrado,0.523,0.0,0.0,0.523,0.477,0.0,0.0
3539400,Mata Atlântica,0.685,0.0,0.0,0.315,0.685,0.0,0.0
3539509,Mata Atlântica,0.768,0.0,0.0,0.232,0.768,0.0,0.0
3539608,Mata Atlântica,1.0,0.0,0.0,0.0,1.0,0.0,0.0
3539707,Cerrado,0.984,0.0,0.0,0.984,0.016,0.0,0.0
3539806,Mata Atlântica,1.0,0.0,0.0,0.0,1.0,0.0,0.0
3539905,Mata Atlântica,1.0,0.0,0.0,0.0,1.0,0.0,0.0
3540002,Mata Atlântica,1.0,0.0,0.0,0.0,1.0,0.0,0.0
3540101,Mata Atlântica,1.0,0.0,0.0,0.0,1.0,0.0,0.0
3540200,Mata Atlântica,1.0,0.0,0.0,0.0,1.0,0.0,0.0
3540259,Mata Atlântica,1.0,0.0,0.0,0.0,1.0,0.0,0.0
3540309,Mata Atlântica,0.641,0.0,0.0,0.359,0.641,0.0,0.0
3540408,Mata Atlântica,1.0,0.0,0.0,0.0,1.0,0.0,0.0
3540507,Mata Atlântica,0.935,0.0,0.0,0.065,0.935,0.0,0.0
3540606,Mata Atlântica,1.0,0.0,0.0,0.0,1.0,0.0,0.0
3540705,Cerrado,0.683,0.0,0.0,0.683,0.317,0.0,0.0
3540754,Mata Atlântica,1.0,0.0,0.0,0.0,1.0,0.0,0.0
3540804,Mata Atlântica,1.0,0.0,0.0,0.0,1.0,0.0,0.0
3540853,Mata Atlântica,1.0,0.0,0.0,0.0,1.0,0.0,0.0
3540903,Mata Atlântica,0.645,0.0,0.0,0.355,0.645,0.0,0.0
3541000,Mata Atlântica,1.0,0.0,0.0,0.0,1.0,0.0,0.0
3541059,Cerrado,1.0,0.0,0.0,1.0,0.0,0.0,0.0
3541109,Mata Atlântica,1.0,0.0,0.0,0.0,1.0,0.0,0.0
3541208,Mata Atlântica,0.786,0.0,0.0,0.214,0.786,0.0,0.0
3541307,Mata Atlântica,1.0,0.0,0.0,0.0,1.0,0.0,0.0
3541406,Mata Atlântica,1.0,0.0,0.0,0.0,1.0,0.0,0.0
3541505,Mata Atlântica,1.0,0.0,0.0,0.0,1.0,0.0,0.0
3541604,Mata Atlântica,1.0,0.0,0.0,0.0,1.0,0.0,0.0
3541653,Mata Atlântica,1.0,0.0,0.0,0.0,1.0,0.0,0.0
3541703,Mata Atlântica,0.865,0.0,0.0,0.135,0.865,0.0,0.0
3541802,Mata Atlântica,1.0,0.0,0.0,0.0,1.0,0.0,0.0
3541901,Mata Atlântica,1.0,0.0,0.0,0.0,1.0,0.0,0.0
3542008,Mata Atlântica,1.0,0.0,0.0,0.0,1.0,0.0,0.0
3542107,Mata Atlântica,1.0,0.0,0.0,0.0,1.0,0.0,0.0
3542206,Mata Atlântica,0.537,0.0,0.0,0.463,0.537,0.0,0.0
3542305,Mata Atlântica,1.0,0.0,0.0,0.0,1.0,0.0,0.0
3542404,Mata Atlântica,0.671,0.0,0.0,0.329,0.671,0.0,0.0
3542503,Mata Atlântica,0.852,0.0,0.0,0.148,0.852,0.0,0.0
3542602,Mata Atlântica,1.0,0.0,0.0,0.0,1.0,0.0,0.0
3542701,Mata Atlântica,0.768,0.0,0.0,0.232,0.768,0.0,0.0
3542800,Mata Atlântica,1.0,0.0,0.0,0.0,1.0,0.0,0.0
3542909,Cerrado,0.592,0.0,0.0,0.592,0.408,0.0,0.0
3543006,Mata Atlântica,0.987,0.0,0.0,0.013,0.987,0.0,0.0
3543105,Cerrado,0.589,0.0,0.0,0.589,0.411,0.0,0.0
3543204,Cerrado,0.523,0.0,0.0,0.523,0.477,0.0,0.0
3543238,Mata Atlântica,1.0,0.0,0.0,0.0,1.0,0.0,0.0
3543253,Mata Atlântica,1.0,0.0,0.0,0.0,1.0,0.0,0.0
3543303,Mata Atlântica,1.0,0.0,0.0,0.0,1.0,0.0,0.0
3543402,Mata Atlântica,0.769,0.0,0.0,0.231,0.769,0.0,0.0
3543501,Mata Atlântica,1.0,0.0,0.0,0.0,1.0,0.0,0.0
3543600,Cerrado,0.601,0.0,0.0,0.601,0.399,0.0,0.0
3543709,Mata Atlântica,0.526,0.0,0.0,0.474,0.526,0.0,0.0
3543808,Mata Atlântica,1.0,0.0,0.0,0.0,1.0,0.0,0.0
3543907,Mata Atlântica,0.913,0.0,0.0,0.087,0.913,0.0,0.0
3544004,Mata Atlântica,1.0,0.0,0.0,0.0,1.0,0.0,0.0
3544103,Mata Atlântica,1.0,0.0,0.0,0.0,1.0,0.0,0.0
3544202,Mata Atlântica,0.623,0.0,0.0,0.377,0.623,0.0,0.0
3544251,Mata Atlântica,1.0,0.0,0.0,0.0,1.0,0.0,0.0
3544301,Mata Atlântica,1.0,0.0,0.0,0.0,1.0,0.0,0.0
3544400,Mata Atlântica,1.0,0.0,0.0,0.0,1.0,0.0,0.0
3544509,Mata Atlântica,0.988,0.0,0.0,0.012,0.988,0.0,0.0
3544608,Mata Atlântica,1.0,0.0,0.0,0.0,1.0,0.0,0.0
3544707,Mata Atlântica,1.0,0.0,0.0,0.0,1.0,0.0,0.0
3544806,Mata Atlântica,1.0,0.0,0.0,0.0,1.0,0.0,0.0
3544905,Mata Atlântica,0.697,0.0,0.0,0.303,0.697,0.0,0.0
3545001,Mata Atlântica,1.0,0.0,0.0,0.0,1.0,0.0,0.0
3545100,Mata Atlântica,1.0,0.0,0.0,0.0,1.0,0.0,0.0
3545159,Mata Atlântica,1.0,0.0,0.0,0.0,1.0,0.0,0.0
3545209,Mata Atlântica,1.0,0.0,0.0,0.0,1.0,0.0,0.0
3545308,Mata Atlântica,1.0,0.0,0.0,0.0,1.0,0.0,0.0
3545407,Mata Atlântica,1.0,0.0,0.0,0.0,1.0,0.0,0.0
3545506,Mata Atlântica,0.827,0.0,0.0,0.173,0.827,0.0,0.0
3545605,Mata Atlântica,1.0,0.0,0.0,0.0,1.0,0.0,0.0
3545704,Mata Atlântica,1.0,0.0,0.0,0.0,1.0,0.0,0.0
3545803,Mata Atlântica,1.0,0.0,0.0,0.0,1.0,0.0,0.0
3546009,Mata Atlântica,1.0,0.0,0.0,0.0,1.0,0.0,0.0
3546108,Mata Atlântica,1.0,0.0,0.0,0.0,1.0,0.0,0.0
3546207,Cerrado,0.582,0.0,0.0,0.582,0.418,0.0,0.0
3546256,Cerrado,0.626,0.0,0.0,0.626,0.374,0.0,0.0
3546306,Mata Atlântica,0.639,0.0,0.0,0.361,0.639,0.0,0.0
3546405,Mata Atlântica,0.685,0.0,0.0,0.315,0.685,0.0,0.0
3546504,Mata Atlântica,1.0,0.0,0.0,0.0,1.0,0.0,0.0
3546603,Mata Atlântica,1.0,0.0,0.0,0.0,1.0,0.0,0.0
3546702,Mata Atlântica,1.0,0.0,0.0,0.0,1.0,0.0,0.0
3546801,Mata Atlântica,1.0,0.0,0.0,0.0,1.0,0.0,0.0
3546900,Mata Atlântica,0.601,0.0,0.0,0.399,0.601,0.0,0.0
3547007,Cerrado,0.684,0.0,0.0,0.684,0.316,0.0,0.0
3547106,Mata Atlântica,1.0,0.0,0.0,0.0,1.0,0.0,0.0
3547205,Mata Atlântica,1.0,0.0,0.0,0.0,1.0,0.0,0.0
3547304,Mata Atlântica,1.0,0.0,0.0,0.0,1.0,0.0,0.0
3547403,Mata Atlântica,1.0,0.0,0.0,0.0,1.0,0.0,0.0
3547502,Cerrado,0.618,0.0,0.0,0.618,0.382,0.0,0.0
3547601,Cerrado,0.518,0.0,0.0,0.518,0.482,0.0,0.0
3547650,Mata Atlântica,1.0,0.0,0.0,0.0,1.0,0.0,0.0
3547700,Mata Atlântica,1.0,0.0,0.0,0.0,1.0,0.0,0.0
3547809,Mata Atlântica,1.0,0.0,0.0,0.0,1.0,0.0,0.0
3547908,Cerrado,0.649,0.0,0.0,0.649,0.351,0.0,0.0
3548005,Mata Atlântica,1.0,0.0,0.0,0.0,1.0,0.0,0.0
3548054,Mata Atlântica,1.0,0.0,0.0,0.0,1.0,0.0,0.0
3548104,Mata Atlântica,1.0,0.0,0.0,0.0,1.0,0.0,0.0
3548203,Mata Atlântica,1.0,0.0,0.0,0.0,1.0,0.0,0.0
3548302,Mata Atlântica,1.0,0.0,0.0,0.0,1.0,0.0,0.0
3548401,Mata Atlântica,1.0,0.0,0.0,0.0,1.0,0.0,0.0
3548500,Mata Atlântica,1.0,0.0,0.0,0.0,1.0,0.0,0.0
3548609,Mata Atlântica,1.0,0.0,0.0,0.0,1.0,0.0,0.0
3548708,Mata Atlântica,1.0,0.0,0.0,0.0,1.0,0.0,0.0
3548807,Mata Atlântica,1.0,0.0,0.0,0.0,1.0,0.0,0.0
3548906,Cerrado,0.633,0.0,0.0,0.633,0.367,0.0,0.0
3549003,Mata Atlântica,1.0,0.0,0.0,0.0,1.0,0.0,0.0
3549102,Mata Atlântica,1.0,0.0,0.0,0.0,1.0,0.0,0.0
3549201,Mata Atlântica,1.0,0.0,0.0,0.0,1.0,0.0,0.0
3549250,Mata Atlântica,1.0,0.0,0.0,0.0,1.0,0.0,0.0
3549300,Mata Atlântica,1.0,0.0,0.0,0.0,1.0,0.0,0.0
3549409,Mata Atlântica,0.945,0.0,0.0,0.055,0.945,0.0,0.0
3549508,Mata Atlântica,0.85,0.0,0.0,0.15,0.85,0.0,0.0
3549607,Mata Atlântica,1.0,0.0,0.0,0.0,1.0,0.0,0.0
3549706,Mata Atlântica,1.0,0.0,0.0,0.0,1.0,0.0,0.0
3549805,Mata Atlântica,1.0,0.0,0.0,0.0,1.0,0.0,0.0
3549904,Mata Atlântica,1.0,0.0,0.0,0.0,1.0,0.0,0.0
3549953,Mata Atlântica,1.0,0.0,0.0,0.0,1.0,0.0,0.0
3550001,Mata Atlântica,1.0,0.0,0.0,0.0,1.0,0.0,0.0
3550100,Cerrado,0.526,0.0,0.0,0.526,0.474,0.0,0.0
3550209,Mata Atlântica,1.0,0.0,0.0,0.0,1.0,0.0,0.0
3550308,Mata Atlântica,1.0,0.0,0.0,0.0,1.0,0.0,0.0
3550407,Mata Atlântica,0.716,0.0,0.0,0.284,0.716,0.0,0.0
3550506,Cerrado,0.69,0.0,0.0,0.69,0.31,0.0,0.0
3550605,Mata Atlântica,1.0,0.0,0.0,0.0,1.0,0.0,0.0
3550704,Mata Atlântica,1.0,0.0,0.0,0.0,1.0,0.0,0.0
3550803,Mata Atlântica,1.0,0.0,0.0,0.0,1.0,0.0,0.0
3550902,Cerrado,0.651,0.0,0.0,0.651,0.349,0.0,0.0
3551009,Mata Atlântica,1.0,0.0,0.0,0.0,1.0,0.0,0.0
3551108,Mata Atlântica,0.85,0.0,0.0,0.15,0.85,0.0,0.0
3551207,Mata Atlântica,1.0,0.0,0.0,0.0,1.0,0.0,0.0
3551306,Mata Atlântica,1.0,0.0,0.0,0.0,1.0,0.0,0.0
3551405,Cerrado,0.613,0.0,0.0,0.613,0.387,0.0,0.0
3551504,Mata Atlântica,0.807,0.0,0.0,0.193,0.807,0.0,0.0
3551603,Mata Atlântica,1.0,0.0,0.0,0.0,1.0,0.0,0.0
3551702,Mata Atlântica,1.0,0.0,0.0,0.0,1.0,0.0,0.0
3551801,Mata Atlântica,1.0,0.0,0.0,0.0,1.0,0.0,0.0
3551900,Mata Atlântica,1.0,0.0,0.0,0.0,1.0,0.0,0.0
3552007,Mata Atlântica,1.0,0.0,0.0,0.0,1.0,0.0,0.0
3552106,Mata Atlântica,1.0,0.0,0.0,0.0,1.0,0.0,0.0
3552205,Mata Atlântica,1.0,0.0,0.0,0.0,1.0,0.0,0.0
3552304,Mata Atlântica,1.0,0.0,0.0,0.0,1.0,0.0,0.0
3552403,Mata Atlântica,1.0,0.0,0.0,0.0,1.0,0.0,0.0
3552502,Mata Atlântica,1.0,0.0,0.0,0.0,1.0,0.0,0.0
3552551,Mata Atlântica,1.0,0.0,0.0,0.0,1.0,0.0,0.0
3552601,Mata Atlântica,1.0,0.0,0.0,0.0,1.0,0.0,0.0
3552700,Mata Atlântica,0.999,0.0,0.0,0.001,0.999,0.0,0.0
3552809,Mata Atlântica,1.0,0.0,0.0,0.0,1.0,0.0,0.0
3552908,Mata Atlântica,0.774,0.0,0.0,0.226,0.774,0.0,0.0
3553005,Mata Atlântica,1.0,0.0,0.0,0.0,1.0,0.0,0.0
3553104,Mata Atlântica,1.0,0.0,0.0,0.0,1.0,0.0,0.0
3553203,Cerrado,0.702,0.0,0.0,0.702,0.298,0.0,0.0
3553302,Mata Atlântica,0.598,0.0,0.0,0.402,0.598,0.0,0.0
3553401,Mata Atlântica,0.963,0.0,0.0,0.037,0.963,0.0,0.0
3553500,Mata Atlântica,1.0,0.0,0.0,0.0,1.0,0.0,0.0
3553609,Mata Atlântica,1.0,0.0,0.0,0.0,1.0,0.0,0.0
3553658,Cerrado,1.0,0.0,0.0,1.0,0.0,0.0,0.0
3553708,Mata Atlântica,1.0,0.0,0.0,0.0,1.0,0.0,0.0
3553807,Mata Atlântica,0.667,0.0,0.0,0.333,0.667,0.0,0.0
3553856,Cerrado,0.963,0.0,0.0,0.963,0.037,0.0,0.0
3553906,Mata Atlântica,0.584,0.0,0.0,0.416,0.584,0.0,0.0
3553955,Mata Atlântica,0.847,0.0,0.0,0.153,0.847,0.0,0.0
3554003,Mata Atlântica,1.0,0.0,0.0,0.0,1.0,0.0,0.0
3554102,Mata Atlântica,1.0,0.0,0.0,0.0,1.0,0.0,0.0
3554201,Mata Atlântica,0.743,0.0,0.0,0.257,0.743,0.0,0.0
3554300,Mata Atlântica,1.0,0.0,0.0,0.0,1.0,0.0,0.0
3554409,Mata Atlântica,0.746,0.0,0.0,0.254,0.746,0.0,0.0
3554508,Mata Atlântica,1.0,0.0,0.0,0.0,1.0,0.0,0.0
3554607,Mata Atlântica,1.0,0.0,0.0,0.0,1.0,0.0,0.0
3554656,Cerrado,0.577,0.0,0.0,0.577,0.423,0.0,0.0
3554706,Mata Atlântica,0.901,0.0,0.0,0.099,0.901,0.0,0.0
3554755,Cerrado,0.769,0.0,0.0,0.769,0.231,0.0,0.0
3554805,Mata Atlântica,1.0,0.0,0.0,0.0,1.0,0.0,0.0
3554904,Mata Atlântica,1.0,0.0,0.0,0.0,1.0,0.0,0.0
3554953,Mata Atlântica,1.0,0.0,0.0,0.0,1.0,0.0,0.0
3555000,Mata Atlântica,1.0,0.0,0.0,0.0,1.0,0.0,0.0
3555109,Mata Atlântica,1.0,0.0,0.0,0.0,1.0,0.0,0.0
3555208,Mata Atlântica,1.0,0.0,0.0,0.0,1.0,0.0,0.0
3555307,Mata Atlântica,1.0,0.0,0.0,0.0,1.0,0.0,0.0
3555356,Mata Atlântica,1.0,0.0,0.0,0.0,1.0,0.0,0.0
3555406,Mata Atlântica,1.0,0.0,0.0,0.0,1.0,0.0,0.0
3555505,Cerrado,0.721,0.0,0.0,0.721,0.279,0.0,0.0
3555604,Mata Atlântica,1.0,0.0,0.0,0.0,1.0,0.0,0.0
3555703,Mata Atlântica,1.0,0.0,0.0,0.0,1.0,0.0,0.0
3555802,Mata Atlântica,1.0,0.0,0.0,0.0,1.0,0.0,0.0
3555901,Mata Atlântica,1.0,0.0,0.0,0.0,1.0,0.0,0.0
3556008,Mata Atlântica,1.0,0.0,0.0,0.0,1.0,0.0,0.0
3556107,Mata Atlântica,1.0,0.0,0.0,0.0,1.0,0.0,0.0
3556206,Mata Atlântica,1.0,0.0,0.0,0.0,1.0,0.0,0.0
3556305,Mata Atlântica,1.0,0.0,0.0,0.0,1.0,0.0,0.0
3556354,Mata Atlântica,1.0,0.0,0.0,0.0,1.0,0.0,0.0
3556404,Mata Atlântica,0.734,0.0,0.0,0.266,0.734,0.0,0.0
3556453,Mata Atlântica,1.0,0.0,0.0,0.0,1.0,0.0,0.0
3556503,Mata Atlântica,1.0,0.0,0.0,0.0,1.0,0.0,0.0
3556602,Mata Atlântica,1.0,0.0,0.0,0.0,1.0,0.0,0.0
3556701,Mata Atlântica,1.0,0.0,0.0,0.0,1.0,0.0,0.0
3556800,Mata Atlântica,0.627,0.0,0.0,0.373,0.627,0.0,0.0
3556909,Mata Atlântica,1.0,0.0,0.0,0.0,1.0,0.0,0.0
3556958,Mata Atlântica,1.0,0.0,0.0,0.0,1.0,0.0,0.0
3557006,Mata Atlântica,1.0,0.0,0.0,0.0,1.0,0.0,0.0
3557105,Mata Atlântica,1.0,0.0,0.0,0.0,1.0,0.0,0.0
3557154,Mata Atlântica,1.0,0.0,0.0,0.0,1.0,0.0,0.0
3557204,Mata Atlântica,1.0,0.0,0.0,0.0,1.0,0.0,0.0
3557303,Mata Atlântica,0.573,0.0,0.0,0.427,0.573,0.0,0.0
4100103,Mata Atlântica,1.0,0.0,0.0,0.0,1.0,0.0,0.0
4100202,Mata Atlântica,1.0,0.0,0.0,0.0,1.0,0.0,0.0
4100301,Mata Atlântica,1.0,0.0,0.0,0.0,1.0,0.0,0.0
4100400,Mata Atlântica,1.0,0.0,0.0,0.0,1.0,0.0,0.0
4100459,Mata Atlântica,1.0,0.0,0.0,0.0,1.0,0.0,0.0
4100509,Mata Atlântica,1.0,0.0,0.0,0.0,1.0,0.0,0.0
4100608,Mata Atlântica,1.0,0.0,0.0,0.0,1.0,0.0,0.0
4100707,Mata Atlântica,1.0,0.0,0.0,0.0,1.0,0.0,0.0
4100806,Mata Atlântica,1.0,0.0,0.0,0.0,1.0,0.0,0.0
4100905,Mata Atlântica,1.0,0.0,0.0,0.0,1.0,0.0,0.0
4101002,Mata Atlântica,1.0,0.0,0.0,0.0,1.0,0.0,0.0
4101051,Mata Atlântica,1.0,0.0,0.0,0.0,1.0,0.0,0.0
4101101,Mata Atlântica,1.0,0.0,0.0,0.0,1.0,0.0,0.0
4101150,Mata Atlântica,1.0,0.0,0.0,0.0,1.0,0.0,0.0
4101200,Mata Atlântica,1.0,0.0,0.0,0.0,1.0,0.0,0.0
4101309,Mata Atlântica,1.0,0.0,0.0,0.0,1.0,0.0,0.0
4101408,Mata Atlântica,1.0,0.0,0.0,0.0,1.0,0.0,0.0
4101507,Mata Atlântica,1.0,0.0,0.0,0.0,1.0,0.0,0.0
4101606,Mata Atlântica,0.738,0.0,0.0,0.262,0.738,0.0,0.0
4101655,Mata Atlântica,1.0,0.0,0.0,0.0,1.0,0.0,0.0
4101705,Mata Atlântica,1.0,0.0,0.0,0.0,1.0,0.0,0.0
4101804,Mata Atlântica,1.0,0.0,0.0,0.0,1.0,0.0,0.0
4101853,Mata Atlântica,1.0,0.0,0.0,0.0,1.0,0.0,0.0
4101903,Mata Atlântica,1.0,0.0,0.0,0.0,1.0,0.0,0.0
4102000,Mata Atlântica,1.0,0.0,0.0,0.0,1.0,0.0,0.0
4102109,Mata Atlântica,1.0,0.0,0.0,0.0,1.0,0.0,0.0
4102208,Mata Atlântica,1.0,0.0,0.0,0.0,1.0,0.0,0.0
4102307,Mata Atlântica,1.0,0.0,0.0,0.0,1.0,0.0,0.0
4102406,Mata Atlântica,1.0,0.0,0.0,0.0,1.0,0.0,0.0
4102505,Mata Atlântica,1.0,0.0,0.0,0.0,1.0,0.0,0.0
4102604,Mata Atlântica,1.0,0.0,0.0,0.0,1.0,0.0,0.0
4102703,Mata Atlântica,1.0,0.0,0.0,0.0,1.0,0.0,0.0
4102752,Mata Atlântica,1.0,0.0,0.0,0.0,1.0,0.0,0.0
4102802,Mata Atlântica,1.0,0.0,0.0,0.0,1.0,0.0,0.0
4102901,Mata Atlântica,1.0,0.0,0.0,0.0,1.0,0.0,0.0
4103008,Mata Atlântica,1.0,0.0,0.0,0.0,1.0,0.0,0.0
4103024,Mata Atlântica,1.0,0.0,0.0,0.0,1.0,0.0,0.0
4103040,Mata Atlântica,1.0,0.0,0.0,0.0,1.0,0.0,0.0
4103057,Mata Atlântica,1.0,0.0,0.0,0.0,1.0,0.0,0.0
4103107,Mata Atlântica,1.0,0.0,0.0,0.0,1.0,0.0,0.0
4103156,Mata Atlântica,1.0,0.0,0.0,0.0,1.0,0.0,0.0
4103206,Mata Atlântica,1.0,0.0,0.0,0.0,1.0,0.0,0.0
4103222,Mata Atlântica,1.0,0.0,0.0,0.0,1.0,0.0,0.0
4103305,Mata Atlântica,1.0,0.0,0.0,0.0,1.0,0.0,0.0
4103354,Mata Atlântica,1.0,0.0,0.0,0.0,1.0,0.0,0.0
4103370,Mata Atlântica,1.0,0.0,0.0,0.0,1.0,0.0,0.0
4103404,Mata Atlântica,1.0,0.0,0.0,0.0,1.0,0.0,0.0
4103453,Mata Atlântica,1.0,0.0,0.0,0.0,1.0,0.0,0.0
4103479,Mata Atlântica,1.0,0.0,0.0,0.0,1.0,0.0,0.0
4103503,Mata Atlântica,1.0,0.0,0.0,0.0,1.0,0.0,0.0
4103602,Mata Atlântica,1.0,0.0,0.0,0.0,1.0,0.0,0.0
4103701,Mata Atlântica,1.0,0.0,0.0,0.0,1.0,0.0,0.0
4103800,Mata Atlântica,1.0,0.0,0.0,0.0,1.0,0.0,0.0
4103909,Mata Atlântica,1.0,0.0,0.0,0.0,1.0,0.0,0.0
4103958,Mata Atlântica,1.0,0.0,0.0,0.0,1.0,0.0,0.0
4104006,Mata Atlântica,1.0,0.0,0.0,0.0,1.0,0.0,0.0
4104055,Mata Atlântica,1.0,0.0,0.0,0.0,1.0,0.0,0.0
4104105,Mata Atlântica,1.0,0.0,0.0,0.0,1.0,0.0,0.0
4104204,Mata Atlântica,1.0,0.0,0.0,0.0,1.0,0.0,0.0
4104253,Mata Atlântica,1.0,0.0,0.0,0.0,1.0,0.0,0.0
4104303,Mata Atlântica,1.0,0.0,0.0,0.0,1.0,0.0,0.0
4104402,Mata Atlântica,1.0,0.0,0.0,0.0,1.0,0.0,0.0
4104428,Mata Atlântica,1.0,0.0,0.0,0.0,1.0,0.0,0.0
4104451,Mata Atlântica,1.0,0.0,0.0,0.0,1.0,0.0,0.0
4104501,Mata Atlântica,1.0,0.0,0.0,0.0,1.0,0.0,0.0
4104600,Mata Atlântica,1.0,0.0,0.0,0.0,1.0,0.0,0.0
4104659,Mata Atlântica,1.0,0.0,0.0,0.0,1.0,0.0,0.0
4104709,Mata Atlântica,1.0,0.0,0.0,0.0,1.0,0.0,0.0
4104808,Mata Atlântica,1.0,0.0,0.0,0.0,1.0,0.0,0.0
4104907,Mata Atlântica,0.992,0.0,0.0,0.008,0.992,0.0,0.0
4105003,Mata Atlântica,1.0,0.0,0.0,0.0,1.0,0.0,0.0
4105102,Mata Atlântica,1.0,0.0,0.0,0.0,1.0,0.0,0.0
4105201,Mata Atlântica,1.0,0.0,0.0,0.0,1.0,0.0,0.0
4105300,Mata Atlântica,1.0,0.0,0.0,0.0,1.0,0.0,0.0
4105409,Mata Atlântica,1.0,0.0,0.0,0.0,1.0,0.0,0.0
4105508,Mata Atlântica,1.0,0.0,0.0,0.0,1.0,0.0,0.0
4105607,Mata Atlântica,1.0,0.0,0.0,0.0,1.0,0.0,0.0
4105706,Mata Atlântica,1.0,0.0,0.0,0.0,1.0,0.0,0.0
4105805,Mata Atlântica,1.0,0.0,0.0,0.0,1.0,0.0,0.0
4105904,Mata Atlântica,1.0,0.0,0.0,0.0,1.0,0.0,0.0
4106001,Mata Atlântica,1.0,0.0,0.0,0.0,1.0,0.0,0.0
4106100,Mata Atlântica,1.0,0.0,0.0,0.0,1.0,0.0,0.0
4106209,Mata Atlântica,1.0,0.0,0.0,0.0,1.0,0.0,0.0
4106308,Mata Atlântica,1.0,0.0,0.0,0.0,1.0,0.0,0.0
4106407,Mata Atlântica,1.0,0.0,0.0,0.0,1.0,0.0,0.0
4106456,Mata Atlântica,1.0,0.0,0.0,0.0,1.0,0.0,0.0
4106506,Mata Atlântica,1.0,0.0,0.0,0.0,1.0,0.0,0.0
4106555,Mata Atlântica,1.0,0.0,0.0,0.0,1.0,0.0,0.0
4106571,Mata Atlântica,1.0,0.0,0.0,0.0,1.0,0.0,0.0
4106605,Mata Atlântica,1.0,0.0,0.0,0.0,1.0,0.0,0.0
4106704,Mata Atlântica,1.0,0.0,0.0,0.0,1.0,0.0,0.0
4106803,Mata Atlântica,1.0,0.0,0.0,0.0,1.0,0.0,0.0
4106852,Mata Atlântica,1.0,0.0,0.0,0.0,1.0,0.0,0.0
4106902,Mata Atlântica,1.0,0.0,0.0,0.0,1.0,0.0,0.0
4107009,Mata Atlântica,1.0,0.0,0.0,0.0,1.0,0.0,0.0
4107108,Mata Atlântica,1.0,0.0,0.0,0.0,1.0,0.0,0.0
4107124,Mata Atlântica,1.0,0.0,0.0,0.0,1.0,0.0,0.0
4107157,Mata Atlântica,1.0,0.0,0.0,0.0,1.0,0.0,0.0
4107207,Mata Atlântica,1.0,0.0,0.0,0.0,1.0,0.0,0.0
4107256,Mata Atlântica,1.0,0.0,0.0,0.0,1.0,0.0,0.0
4107306,Mata Atlântica,1.0,0.0,0.0,0.0,1.0,0.0,0.0
4107405,Mata Atlântica,1.0,0.0,0.0,0.0,1.0,0.0,0.0
4107504,Mata Atlântica,1.0,0.0,0.0,0.0,1.0,0.0,0.0
4107520,Mata Atlântica,1.0,0.0,0.0,0.0,1.0,0.0,0.0
4107538,Mata Atlântica,1.0,0.0,0.0,0.0,1.0,0.0,0.0
4107546,Mata Atlântica,1.0,0.0,0.0,0.0,1.0,0.0,0.0
4107553,Mata Atlântica,1.0,0.0,0.0,0.0,1.0,0.0,0.0
4107603,Mata Atlântica,1.0,0.0,0.0,0.0,1.0,0.0,0.0
4107652,Mata Atlântica,1.0,0.0,0.0,0.0,1.0,0.0,0.0
4107702,Mata Atlântica,1.0,0.0,0.0,0.0,1.0,0.0,0.0
4107736,Mata Atlântica,1.0,0.0,0.0,0.0,1.0,0.0,0.0
4107751,Mata Atlântica,1.0,0.0,0.0,0.0,1.0,0.0,0.0
4107801,Mata Atlântica,1.0,0.0,0.0,0.0,1.0,0.0,0.0
4107850,Mata Atlântica,1.0,0.0,0.0,0.0,1.0,0.0,0.0
4107900,Mata Atlântica,1.0,0.0,0.0,0.0,1.0,0.0,0.0
4108007,Mata Atlântica,1.0,0.0,0.0,0.0,1.0,0.0,0.0
4108106,Mata Atlântica,1.0,0.0,0.0,0.0,1.0,0.0,0.0
4108205,Mata Atlântica,1.0,0.0,0.0,0.0,1.0,0.0,0.0
4108304,Mata Atlântica,1.0,0.0,0.0,0.0,1.0,0.0,0.0
4108320,Mata Atlântica,1.0,0.0,0.0,0.0,1.0,0.0,0.0
4108403,Mata Atlântica,1.0,0.0,0.0,0.0,1.0,0.0,0.0
4108452,Mata Atlântica,1.0,0.0,0.0,0.0,1.0,0.0,0.0
4108502,Mata Atlântica,1.0,0.0,0.0,0.0,1.0,0.0,0.0
4108551,Mata Atlântica,1.0,0.0,0.0,0.0,1.0,0.0,0.0
4108601,Mata Atlântica,1.0,0.0,0.0,0.0,1.0,0.0,0.0
4108650,Mata Atlântica,1.0,0.0,0.0,0.0,1.0,0.0,0.0
4108700,Mata Atlântica,1.0,0.0,0.0,0.0,1.0,0.0,0.0
4108809,Mata Atlântica,1.0,0.0,0.0,0.0,1.0,0.0,0.0
4108908,Mata Atlântica,1.0,0.0,0.0,0.0,1.0,0.0,0.0
4108957,Mata Atlântica,1.0,0.0,0.0,0.0,1.0,0.0,0.0
4109005,Mata Atlântica,1.0,0.0,0.0,0.0,1.0,0.0,0.0
4109104,Mata Atlântica,1.0,0.0,0.0,0.0,1.0,0.0,0.0
4109203,Mata Atlântica,1.0,0.0,0.0,0.0,1.0,0.0,0.0
4109302,Mata Atlântica,1.0,0.0,0.0,0.0,1.0,0.0,0.0
4109401,Mata Atlântica,1.0,0.0,0.0,0.0,1.0,0.0,0.0
4109500,Mata Atlântica,1.0,0.0,0.0,0.0,1.0,0.0,0.0
4109609,Mata Atlântica,1.0,0.0,0.0,0.0,1.0,0.0,0.0
4109658,Mata Atlântica,1.0,0.0,0.0,0.0,1.0,0.0,0.0
4109708,Mata Atlântica,1.0,0.0,0.0,0.0,1.0,0.0,0.0
4109757,Mata Atlântica,1.0,0.0,0.0,0.0,1.0,0.0,0.0
4109807,Mata Atlântica,1.0,0.0,0.0,0.0,1.0,0.0,0.0
4109906,Mata Atlântica,1.0,0.0,0.0,0.0,1.0,0.0,0.0
4110003,Mata Atlântica,1.0,0.0,0.0,0.0,1.0,0.0,0.0
4110052,Mata Atlântica,1.0,0.0,0.0,0.0,1.0,0.0,0.0
4110078,Mata Atlântica,1.0,0.0,0.0,0.0,1.0,0.0,0.0
4110102,Mata Atlântica,1.0,0.0,0.0,0.0,1.0,0.0,0.0
4110201,Mata Atlântica,1.0,0.0,0.0,0.0,1.0,0.0,0.0
4110300,Mata Atlântica,1.0,0.0,0.0,0.0,1.0,0.0,0.0
4110409,Mata Atlântica,1.0,0.0,0.0,0.0,1.0,0.0,0.0
4110508,Mata Atlântica,1.0,0.0,0.0,0.0,1.0,0.0,0.0
4110607,Mata Atlântica,1.0,0.0,0.0,0.0,1.0,0.0,0.0
4110656,Mata Atlântica,1.0,0.0,0.0,0.0,1.0,0.0,0.0
4110706,Mata Atlântica,1.0,0.0,0.0,0.0,1.0,0.0,0.0
4110805,Mata Atlântica,1.0,0.0,0.0,0.0,1.0,0.0,0.0
4110904,Mata Atlântica,1.0,0.0,0.0,0.0,1.0,0.0,0.0
4110953,Mata Atlântica,1.0,0.0,0.0,0.0,1.0,0.0,0.0
4111001,Mata Atlântica,1.0,0.0,0.0,0.0,1.0,0.0,0.0
4111100,Mata Atlântica,1.0,0.0,0.0,0.0,1.0,0.0,0.0
4111209,Mata Atlântica,1.0,0.0,0.0,0.0,1.0,0.0,0.0
4111258,Mata Atlântica,1.0,0.0,0.0,0.0,1.0,0.0,0.0
4111308,Mata Atlântica,1.0,0.0,0.0,0.0,1.0,0.0,0.0
4111407,Mata Atlântica,1.0,0.0,0.0,0.0,1.0,0.0,0.0
4111506,Mata Atlântica,1.0,0.0,0.0,0.0,1.0,0.0,0.0
4111555,Mata Atlântica,1.0,0.0,0.0,0.0,1.0,0.0,0.0
4111605,Mata Atlântica,1.0,0.0,0.0,0.0,1.0,0.0,0.0
4111704,Mata Atlântica,1.0,0.0,0.0,0.0,1.0,0.0,0.0
4111803,Mata Atlântica,1.0,0.0,0.0,0.0,1.0,0.0,0.0
4111902,Mata Atlântica,1.0,0.0,0.0,0.0,1.0,0.0,0.0
4112009,Cerrado,0.573,0.0,0.0,0.573,0.427,0.0,0.0
4112108,Mata Atlântica,1.0,0.0,0.0,0.0,1.0,0.0,0.0
4112207,Mata Atlântica,1.0,0.0,0.0,0.0,1.0,0.0,0.0
4112306,Mata Atlântica,1.0,0.0,0.0,0.0,1.0,0.0,0.0
4112405,Mata Atlântica,1.0,0.0,0.0,0.0,1.0,0.0,0.0
4112504,Mata Atlântica,1.0,0.0,0.0,0.0,1.0,0.0,0.0
4112603,Mata Atlântica,1.0,0.0,0.0,0.0,1.0,0.0,0.0
4112702,Mata Atlântica,1.0,0.0,0.0,0.0,1.0,0.0,0.0
4112751,Mata Atlântica,1.0,0.0,0.0,0.0,1.0,0.0,0.0
4112801,Mata Atlântica,1.0,0.0,0.0,0.0,1.0,0.0,0.0
4112900,Mata Atlântica,1.0,0.0,0.0,0.0,1.0,0.0,0.0
4112959,Mata Atlântica,1.0,0.0,0.0,0.0,1.0,0.0,0.0
4113007,Mata Atlântica,1.0,0.0,0.0,0.0,1.0,0.0,0.0
4113106,Mata Atlântica,1.0,0.0,0.0,0.0,1.0,0.0,0.0
4113205,Mata Atlântica,1.0,0.0,0.0,0.0,1.0,0.0,0.0
4113254,Mata Atlântica,1.0,0.0,0.0,0.0,1.0,0.0,0.0
4113304,Mata Atlântica,1.0,0.0,0.0,0.0,1.0,0.0,0.0
4113403,Mata Atlântica,1.0,0.0,0.0,0.0,1.0,0.0,0.0
4113429,Mata Atlântica,1.0,0.0,0.0,0.0,1.0,0.0,0.0
4113452,Mata Atlântica,1.0,0.0,0.0,0.0,1.0,0.0,0.0
4113502,Mata Atlântica,1.0,0.0,0.0,0.0,1.0,0.0,0.0
4113601,Mata Atlântica,1.0,0.0,0.0,0.0,1.0,0.0,0.0
4113700,Mata Atlântica,1.0,0.0,0.0,0.0,1.0,0.0,0.0
4113734,Mata Atlântica,1.0,0.0,0.0,0.0,1.0,0.0,0.0
4113759,Mata Atlântica,1.0,0.0,0.0,0.0,1.0,0.0,0.0
4113809,Mata Atlântica,1.0,0.0,0.0,0.0,1.0,0.0,0.0
4113908,Mata Atlântica,1.0,0.0,0.0,0.0,1.0,0.0,0.0
4114005,Mata Atlântica,1.0,0.0,0.0,0.0,1.0,0.0,0.0
4114104,Mata Atlântica,1.0,0.0,0.0,0.0,1.0,0.0,0.0
4114203,Mata Atlântica,1.0,0.0,0.0,0.0,1.0,0.0,0.0
4114302,Mata Atlântica,1.0,0.0,0.0,0.0,1.0,0.0,0.0
4114351,Mata Atlântica,1.0,0.0,0.0,0.0,1.0,0.0,0.0
4114401,Mata Atlântica,1.0,0.0,0.0,0.0,1.0,0.0,0.0
4114500,Mata Atlântica,1.0,0.0,0.0,0.0,1.0,0.0,0.0
4114609,Mata Atlântica,1.0,0.0,0.0,0.0,1.0,0.0,0.0
4114708,Mata Atlântica,1.0,0.0,0.0,0.0,1.0,0.0,0.0
4114807,Mata Atlântica,1.0,0.0,0.0,0.0,1.0,0.0,0.0
4114906,Mata Atlântica,1.0,0.0,0.0,0.0,1.0,0.0,0.0
4115002,Mata Atlântica,1.0,0.0,0.0,0.0,1.0,0.0,0.0
4115101,Mata Atlântica,1.0,0.0,0.0,0.0,1.0,0.0,0.0
4115200,Mata Atlântica,1.0,0.0,0.0,0.0,1.0,0.0,0.0
4115309,Mata Atlântica,1.0,0.0,0.0,0.0,1.0,0.0,0.0
4115358,Mata Atlântica,1.0,0.0,0.0,0.0,1.0,0.0,0.0
4115408,Mata Atlântica,1.0,0.0,0.0,0.0,1.0,0.0,0.0
4115457,Mata Atlântica,1.0,0.0,0.0,0.0,1.0,0.0,0.0
4115507,Mata Atlântica,1.0,0.0,0.0,0.0,1.0,0.0,0.0
4115606,Mata Atlântica,1.0,0.0,0.0,0.0,1.0,0.0,0.0
4115705,Mata Atlântica,1.0,0.0,0.0,0.0,1.0,0.0,0.0
4115739,Mata Atlântica,1.0,0.0,0.0,0.0,1.0,0.0,0.0
4115754,Mata Atlântica,1.0,0.0,0.0,0.0,1.0,0.0,0.0
4115804,Mata Atlântica,1.0,0.0,0.0,0.0,1.0,0.0,0.0
4115853,Mata Atlântica,1.0,0.0,0.0,0.0,1.0,0.0,0.0
4115903,Mata Atlântica,1.0,0.0,0.0,0.0,1.0,0.0,0.0
4116000,Mata Atlântica,1.0,0.0,0.0,0.0,1.0,0.0,0.0
4116059,Mata Atlântica,1.0,0.0,0.0,0.0,1.0,0.0,0.0
4116109,Mata Atlântica,1.0,0.0,0.0,0.0,1.0,0.0,0.0
4116208,Mata Atlântica,1.0,0.0,0.0,0.0,1.0,0.0,0.0
4116307,Mata Atlântica,1.0,0.0,0.0,0.0,1.0,0.0,0.0
4116406,Mata Atlântica,1.0,0.0,0.0,0.0,1.0,0.0,0.0
4116505,Mata Atlântica,1.0,0.0,0.0,0.0,1.0,0.0,0.0
4116604,Mata Atlântica,1.0,0.0,0.0,0.0,1.0,0.0,0.0
4116703,Mata Atlântica,1.0,0.0,0.0,0.0,1.0,0.0,0.0
4116802,Mata Atlântica,1.0,0.0,0.0,0.0,1.0,0.0,0.0
4116901,Mata Atlântica,1.0,0.0,0.0,0.0,1.0,0.0,0.0
4116950,Mata Atlântica,1.0,0.0,0.0,0.0,1.0,0.0,0.0
4117008,Mata Atlântica,1.0,0.0,0.0,0.0,1.0,0.0,0.0
4117057,Mata Atlântica,1.0,0.0,0.0,0.0,1.0,0.0,0.0
4117107,Mata Atlântica,1.0,0.0,0.0,0.0,1.0,0.0,0.0
4117206,Mata Atlântica,1.0,0.0,0.0,0.0,1.0,0.0,0.0
4117214,Mata Atlântica,1.0,0.0,0.0,0.0,1.0,0.0,0.0
4117222,Mata Atlântica,1.0,0.0,0.0,0.0,1.0,0.0,0.0
4117255,Mata Atlântica,1.0,0.0,0.0,0.0,1.0,0.0,0.0
4117271,Mata Atlântica,1.0,0.0,0.0,0.0,1.0,0.0,0.0
4117297,Mata Atlântica,1.0,0.0,0.0,0.0,1.0,0.0,0.0
4117305,Mata Atlântica,1.0,0.0,0.0,0.0,1.0,0.0,0.0
4117404,Mata Atlântica,1.0,0.0,0.0,0.0,1.0,0.0,0.0
4117453,Mata Atlântica,1.0,0.0,0.0,0.0,1.0,0.0,0.0
4117503,Mata Atlântica,1.0,0.0,0.0,0.0,1.0,0.0,0.0
4117602,Mata Atlântica,1.0,0.0,0.0,0.0,1.0,0.0,0.0
4117701,Mata Atlântica,1.0,0.0,0.0,0.0,1.0,0.0,0.0
4117800,Mata Atlântica,1.0,0.0,0.0,0.0,1.0,0.0,0.0
4117909,Mata Atlântica,1.0,0.0,0.0,0.0,1.0,0.0,0.0
4118006,Mata Atlântica,1.0,0.0,0.0,0.0,1.0,0.0,0.0
4118105,Mata Atlântica,1.0,0.0,0.0,0.0,1.0,0.0,0.0
4118204,Mata Atlântica,1.0,0.0,0.0,0.0,1.0,0.0,0.0
4118303,Mata Atlântica,1.0,0.0,0.0,0.0,1.0,0.0,0.0
4118402,Mata Atlântica,1.0,0.0,0.0,0.0,1.0,0.0,0.0
4118451,Mata Atlântica,1.0,0.0,0.0,0.0,1.0,0.0,0.0
4118501,Mata Atlântica,1.0,0.0,0.0,0.0,1.0,0.0,0.0
4118600,Mata Atlântica,1.0,0.0,0.0,0.0,1.0,0.0,0.0
4118709,Mata Atlântica,1.0,0.0,0.0,0.0,1.0,0.0,0.0
4118808,Mata Atlântica,1.0,0.0,0.0,0.0,1.0,0.0,0.0
4118857,Mata Atlântica,1.0,0.0,0.0,0.0,1.0,0.0,0.0
4118907,Mata Atlântica,1.0,0.0,0.0,0.0,1.0,0.0,0.0
4119004,Mata Atlântica,1.0,0.0,0.0,0.0,1.0,0.0,0.0
4119103,Mata Atlântica,1.0,0.0,0.0,0.0,1.0,0.0,0.0
4119152,Mata Atlântica,1.0,0.0,0.0,0.0,1.0,0.0,0.0
4119202,Mata Atlântica,1.0,0.0,0.0,0.0,1.0,0.0,0.0
4119251,Mata Atlântica,1.0,0.0,0.0,0.0,1.0,0.0,0.0
4119301,Mata Atlântica,1.0,0.0,0.0,0.0,1.0,0.0,0.0
4119400,Mata Atlântica,0.574,0.0,0.0,0.426,0.574,0.0,0.0
4119509,Mata Atlântica,1.0,0.0,0.0,0.0,1.0,0.0,0.0
4119608,Mata Atlântica,1.0,0.0,0.0,0.0,1.0,0.0,0.0
4119657,Mata Atlântica,1.0,0.0,0.0,0.0,1.0,0.0,0.0
4119707,Mata Atlântica,1.0,0.0,0.0,0.0,1.0,0.0,0.0
4119806,Mata Atlântica,1.0,0.0,0.0,0.0,1.0,0.0,0.0
4119905,Mata Atlântica,1.0,0.0,0.0,0.0,1.0,0.0,0.0
4119954,Mata Atlântica,1.0,0.0,0.0,0.0,1.0,0.0,0.0
4120002,Mata Atlântica,1.0,0.0,0.0,0.0,1.0,0.0,0.0
4120101,Mata Atlântica,1.0,0.0,0.0,0.0,1.0,0.0,0.0
4120150,Mata Atlântica,1.0,0.0,0.0,0.0,1.0,0.0,0.0
4120200,Mata Atlântica,1.0,0.0,0.0,0.0,1.0,0.0,0.0
4120309,Mata Atlântica,1.0,0.0,0.0,0.0,1.0,0.0,0.0
4120333,Mata Atlântica,1.0,0.0,0.0,0.0,1.0,0.0,0.0
4120358,Mata Atlântica,1.0,0.0,0.0,0.0,1.0,0.0,0.0
4120408,Mata Atlântica,1.0,0.0,0.0,0.0,1.0,0.0,0.0
4120507,Mata Atlântica,1.0,0.0,0.0,0.0,1.0,0.0,0.0
4120606,Mata Atlântica,1.0,0.0,0.0,0.0,1.0,0.0,0.0
4120655,Mata Atlântica,1.0,0.0,0.0,0.0,1.0,0.0,0.0
4120705,Mata Atlântica,1.0,0.0,0.0,0.0,1.0,0.0,0.0
4120804,Mata Atlântica,1.0,0.0,0.0,0.0,1.0,0.0,0.0
4120853,Mata Atlântica,1.0,0.0,0.0,0.0,1.0,0.0,0.0
4120903,Mata Atlântica,1.0,0.0,0.0,0.0,1.0,0.0,0.0
4121000,Mata Atlântica,1.0,0.0,0.0,0.0,1.0,0.0,0.0
4121109,Mata Atlântica,1.0,0.0,0.0,0.0,1.0,0.0,0.0
4121208,Mata Atlântica,1.0,0.0,0.0,0.0,1.0,0.0,0.0
4121257,Mata Atlântica,1.0,0.0,0.0,0.0,1.0,0.0,0.0
4121307,Mata Atlântica,1.0,0.0,0.0,0.0,1.0,0.0,0.0
4121356,Mata Atlântica,1.0,0.0,0.0,0.0,1.0,0.0,0.0
4121406,Mata Atlântica,1.0,0.0,0.0,0.0,1.0,0.0,0.0
4121505,Mata Atlântica,1.0,0.0,0.0,0.0,1.0,0.0,0.0
4121604,Mata Atlântica,1.0,0.0,0.0,0.0,1.0,0.0,0.0
4121703,Mata Atlântica,1.0,0.0,0.0,0.0,1.0,0.0,0.0
4121752,Mata Atlântica,1.0,0.0,0.0,0.0,1.0,0.0,0.0
4121802,Mata Atlântica,1.0,0.0,0.0,0.0,1.0,0.0,0.0
4121901,Mata Atlântica,1.0,0.0,0.0,0.0,1.0,0.0,0.0
4122008,Mata Atlântica,1.0,0.0,0.0,0.0,1.0,0.0,0.0
4122107,Mata Atlântica,1.0,0.0,0.0,0.0,1.0,0.0,0.0
4122156,Mata Atlântica,1.0,0.0,0.0,0.0,1.0,0.0,0.0
4122172,Mata Atlântica,1.0,0.0,0.0,0.0,1.0,0.0,0.0
4122206,Mata Atlântica,1.0,0.0,0.0,0.0,1.0,0.0,0.0
4122305,Mata Atlântica,1.0,0.0,0.0,0.0,1.0,0.0,0.0
4122404,Mata Atlântica,1.0,0.0,0.0,0.0,1.0,0.0,0.0
4122503,Mata Atlântica,1.0,0.0,0.0,0.0,1.0,0.0,0.0
4122602,Mata Atlântica,1.0,0.0,0.0,0.0,1.0,0.0,0.0
4122651,Mata Atlântica,1.0,0.0,0.0,0.0,1.0,0.0,0.0
4122701,Mata Atlântica,1.0,0.0,0.0,0.0,1.0,0.0,0.0
4122800,Mata Atlântica,1.0,0.0,0.0,0.0,1.0,0.0,0.0
4122909,Mata Atlântica,1.0,0.0,0.0,0.0,1.0,0.0,0.0
4123006,Mata Atlântica,1.0,0.0,0.0,0.0,1.0,0.0,0.0
4123105,Mata Atlântica,1.0,0.0,0.0,0.0,1.0,0.0,0.0
4123204,Mata Atlântica,1.0,0.0,0.0,0.0,1.0,0.0,0.0
4123303,Mata Atlântica,1.0,0.0,0.0,0.0,1.0,0.0,0.0
4123402,Mata Atlântica,1.0,0.0,0.0,0.0,1.0,0.0,0.0
4123501,Mata Atlântica,1.0,0.0,0.0,0.0,1.0,0.0,0.0
4123600,Mata Atlântica,1.0,0.0,0.0,0.0,1.0,0.0,0.0
4123709,Mata Atlântica,1.0,0.0,0.0,0.0,1.0,0.0,0.0
4123808,Mata Atlântica,1.0,0.0,0.0,0.0,1.0,0.0,0.0
4123824,Mata Atlântica,1.0,0.0,0.0,0.0,1.0,0.0,0.0
4123857,Mata Atlântica,1.0,0.0,0.0,0.0,1.0,0.0,0.0
4123907,Mata Atlântica,1.0,0.0,0.0,0.0,1.0,0.0,0.0
4123956,Mata Atlântica,1.0,0.0,0.0,0.0,1.0,0.0,0.0
4124004,Mata Atlântica,1.0,0.0,0.0,0.0,1.0,0.0,0.0
4124020,Mata Atlântica,1.0,0.0,0.0,0.0,1.0,0.0,0.0
4124053,Mata Atlântica,1.0,0.0,0.0,0.0,1.0,0.0,0.0
4124103,Mata Atlântica,1.0,0.0,0.0,0.0,1.0,0.0,0.0
4124202,Mata Atlântica,1.0,0.0,0.0,0.0,1.0,0.0,0.0
4124301,Mata Atlântica,1.0,0.0,0.0,0.0,1.0,0.0,0.0
4124400,Mata Atlântica,1.0,0.0,0.0,0.0,1.0,0.0,0.0
4124509,Mata Atlântica,1.0,0.0,0.0,0.0,1.0,0.0,0.0
4124608,Mata Atlântica,1.0,0.0,0.0,0.0,1.0,0.0,0.0
4124707,Mata Atlântica,1.0,0.0,0.0,0.0,1.0,0.0,0.0
4124806,Mata Atlântica,1.0,0.0,0.0,0.0,1.0,0.0,0.0
4124905,Mata Atlântica,1.0,0.0,0.0,0.0,1.0,0.0,0.0
4125001,Mata Atlântica,1.0,0.0,0.0,0.0,1.0,0.0,0.0
4125100,Mata Atlântica,1.0,0.0,0.0,0.0,1.0,0.0,0.0
4125209,Mata Atlântica,1.0,0.0,0.0,0.0,1.0,0.0,0.0
4125308,Mata Atlântica,1.0,0.0,0.0,0.0,1.0,0.0,0.0
4125357,Mata Atlântica,1.0,0.0,0.0,0.0,1.0,0.0,0.0
4125407,Mata Atlântica,0.804,0.0,0.0,0.196,0.804,0.0,0.0
4125456,Mata Atlântica,1.0,0.0,0.0,0.0,1.0,0.0,0.0
4125506,Mata Atlântica,1.0,0.0,0.0,0.0,1.0,0.0,0.0
4125555,Mata Atlântica,1.0,0.0,0.0,0.0,1.0,0.0,0.0
4125605,Mata Atlântica,1.0,0.0,0.0,0.0,1.0,0.0,0.0
4125704,Mata Atlântica,1.0,0.0,0.0,0.0,1.0,0.0,0.0
4125753,Mata Atlântica,1.0,0.0,0.0,0.0,1.0,0.0,0.0
4125803,Mata Atlântica,1.0,0.0,0.0,0.0,1.0,0.0,0.0
4125902,Mata Atlântica,1.0,0.0,0.0,0.0,1.0,0.0,0.0
4126009,Mata Atlântica,1.0,0.0,0.0,0.0,1.0,0.0,0.0
4126108,Mata Atlântica,1.0,0.0,0.0,0.0,1.0,0.0,0.0
4126207,Mata Atlântica,1.0,0.0,0.0,0.0,1.0,0.0,0.0
4126256,Mata Atlântica,1.0,0.0,0.0,0.0,1.0,0.0,0.0
4126272,Mata Atlântica,1.0,0.0,0.0,0.0,1.0,0.0,0.0
4126306,Mata Atlântica,0.567,0.0,0.0,0.433,0.567,0.0,0.0
4126355,Mata Atlântica,1.0,0.0,0.0,0.0,1.0,0.0,0.0
4126405,Mata Atlântica,1.0,0.0,0.0,0.0,1.0,0.0,0.0
4126504,Mata Atlântica,1.0,0.0,0.0,0.0,1.0,0.0,0.0
4126603,Mata Atlântica,1.0,0.0,0.0,0.0,1.0,0.0,0.0
4126652,Mata Atlântica,1.0,0.0,0.0,0.0,1.0,0.0,0.0
4126678,Mata Atlântica,1.0,0.0,0.0,0.0,1.0,0.0,0.0
4126702,Mata Atlântica,1.0,0.0,0.0,0.0,1.0,0.0,0.0
4126801,Mata Atlântica,1.0,0.0,0.0,0.0,1.0,0.0,0.0
4126900,Mata Atlântica,1.0,0.0,0.0,0.0,1.0,0.0,0.0
4127007,Mata Atlântica,1.0,0.0,0.0,0.0,1.0,0.0,0.0
4127106,Mata Atlântica,1.0,0.0,0.0,0.0,1.0,0.0,0.0
4127205,Mata Atlântica,1.0,0.0,0.0,0.0,1.0,0.0,0.0
4127304,Mata Atlântica,1.0,0.0,0.0,0.0,1.0,0.0,0.0
4127403,Mata Atlântica,1.0,0.0,0.0,0.0,1.0,0.0,0.0
4127502,Mata Atlântica,0.847,0.0,0.0,0.153,0.847,0.0,0.0
4127601,Mata Atlântica,1.0,0.0,0.0,0.0,1.0,0.0,0.0
4127700,Mata Atlântica,1.0,0.0,0.0,0.0,1.0,0.0,0.0
4127809,Mata Atlântica,1.0,0.0,0.0,0.0,1.0,0.0,0.0
4127858,Mata Atlântica,1.0,0.0,0.0,0.0,1.0,0.0,0.0
4127882,Mata Atlântica,1.0,0.0,0.0,0.0,1.0,0.0,0.0
4127908,Mata Atlântica,1.0,0.0,0.0,0.0,1.0,0.0,0.0
4127957,Mata Atlântica,1.0,0.0,0.0,0.0,1.0,0.0,0.0
4127965,Mata Atlântica,1.0,0.0,0.0,0.0,1.0,0.0,0.0
4128005,Mata Atlântica,1.0,0.0,0.0,0.0,1.0,0.0,0.0
4128104,Mata Atlântica,1.0,0.0,0.0,0.0,1.0,0.0,0.0
4128203,Mata Atlântica,1.0,0.0,0.0,0.0,1.0,0.0,0.0
4128302,Mata Atlântica,1.0,0.0,0.0,0.0,1.0,0.0,0.0
4128401,Mata Atlântica,1.0,0.0,0.0,0.0,1.0,0.0,0.0
4128500,Mata Atlântica,0.964,0.0,0.0,0.036,0.964,0.0,0.0
4128534,Mata Atlântica,0.791,0.0,0.0,0.209,0.791,0.0,0.0
4128559,Mata Atlântica,1.0,0.0,0.0,0.0,1.0,0.0,0.0
4128609,Mata Atlântica,1.0,0.0,0.0,0.0,1.0,0.0,0.0
4128625,Mata Atlântica,1.0,0.0,0.0,0.0,1.0,0.0,0.0
4128633,Mata Atlântica,1.0,0.0,0.0,0.0,1.0,0.0,0.0
4128658,Mata Atlântica,1.0,0.0,0.0,0.0,1.0,0.0,0.0
4128708,Mata Atlântica,1.0,0.0,0.0,0.0,1.0,0.0,0.0
4128807,Mata Atlântica,1.0,0.0,0.0,0.0,1.0,0.0,0.0
4200051,Mata Atlântica,1.0,0.0,0.0,0.0,1.0,0.0,0.0
4200101,Mata Atlântica,1.0,0.0,0.0,0.0,1.0,0.0,0.0
4200200,Mata Atlântica,1.0,0.0,0.0,0.0,1.0,0.0,0.0
4200309,Mata Atlântica,1.0,0.0,0.0,0.0,1.0,0.0,0.0
4200408,Mata Atlântica,1.0,0.0,0.0,0.0,1.0,0.0,0.0
4200507,Mata Atlântica,1.0,0.0,0.0,0.0,1.0,0.0,0.0
4200556,Mata Atlântica,1.0,0.0,0.0,0.0,1.0,0.0,0.0
4200606,Mata Atlântica,1.0,0.0,0.0,0.0,1.0,0.0,0.0
4200705,Mata Atlântica,1.0,0.0,0.0,0.0,1.0,0.0,0.0
4200754,Mata Atlântica,1.0,0.0,0.0,0.0,1.0,0.0,0.0
4200804,Mata Atlântica,1.0,0.0,0.0,0.0,1.0,0.0,0.0
4200903,Mata Atlântica,1.0,0.0,0.0,0.0,1.0,0.0,0.0
4201000,Mata Atlântica,1.0,0.0,0.0,0.0,1.0,0.0,0.0
4201109,Mata Atlântica,1.0,0.0,0.0,0.0,1.0,0.0,0.0
4201208,Mata Atlântica,1.0,0.0,0.0,0.0,1.0,0.0,0.0
4201257,Mata Atlântica,1.0,0.0,0.0,0.0,1.0,0.0,0.0
4201273,Mata Atlântica,1.0,0.0,0.0,0.0,1.0,0.0,0.0
4201307,Mata Atlântica,1.0,0.0,0.0,0.0,1.0,0.0,0.0
4201406,Mata Atlântica,1.0,0.0,0.0,0.0,1.0,0.0,0.0
4201505,Mata Atlântica,1.0,0.0,0.0,0.0,1.0,0.0,0.0
4201604,Mata Atlântica,1.0,0.0,0.0,0.0,1.0,0.0,0.0
4201653,Mata Atlântica,1.0,0.0,0.0,0.0,1.0,0.0,0.0
4201703,Mata Atlântica,1.0,0.0,0.0,0.0,1.0,0.0,0.0
4201802,Mata Atlântica,1.0,0.0,0.0,0.0,1.0,0.0,0.0
4201901,Mata Atlântica,1.0,0.0,0.0,0.0,1.0,0.0,0.0
4201950,Mata Atlântica,1.0,0.0,0.0,0.0,1.0,0.0,0.0
4202008,Mata Atlântica,1.0,0.0,0.0,0.0,1.0,0.0,0.0
4202057,Mata Atlântica,1.0,0.0,0.0,0.0,1.0,0.0,0.0
4202073,Mata Atlântica,1.0,0.0,0.0,0.0,1.0,0.0,0.0
4202081,Mata Atlântica,1.0,0.0,0.0,0.0,1.0,0.0,0.0
4202099,Mata Atlântica,1.0,0.0,0.0,0.0,1.0,0.0,0.0
4202107,Mata Atlântica,1.0,0.0,0.0,0.0,1.0,0.0,0.0
4202131,Mata Atlântica,1.0,0.0,0.0,0.0,1.0,0.0,0.0
4202156,Mata Atlântica,1.0,0.0,0.0,0.0,1.0,0.0,0.0
4202206,Mata Atlântica,1.0,0.0,0.0,0.0,1.0,0.0,0.0
4202305,Mata Atlântica,1.0,0.0,0.0,0.0,1.0,0.0,0.0
4202404,Mata Atlântica,1.0,0.0,0.0,0.0,1.0,0.0,0.0
4202438,Mata Atlântica,1.0,0.0,0.0,0.0,1.0,0.0,0.0
4202453,Mata Atlântica,1.0,0.0,0.0,0.0,1.0,0.0,0.0
4202503,Mata Atlântica,1.0,0.0,0.0,0.0,1.0,0.0,0.0
4202537,Mata Atlântica,1.0,0.0,0.0,0.0,1.0,0.0,0.0
4202578,Mata Atlântica,1.0,0.0,0.0,0.0,1.0,0.0,0.0
4202602,Mata Atlântica,1.0,0.0,0.0,0.0,1.0,0.0,0.0
4202701,Mata Atlântica,1.0,0.0,0.0,0.0,1.0,0.0,0.0
4202800,Mata Atlântica,1.0,0.0,0.0,0.0,1.0,0.0,0.0
4202859,Mata Atlântica,1.0,0.0,0.0,0.0,1.0,0.0,0.0
4202875,Mata Atlântica,1.0,0.0,0.0,0.0,1.0,0.0,0.0
4202909,Mata Atlântica,1.0,0.0,0.0,0.0,1.0,0.0,0.0
4203006,Mata Atlântica,1.0,0.0,0.0,0.0,1.0,0.0,0.0
4203105,Mata Atlântica,1.0,0.0,0.0,0.0,1.0,0.0,0.0
4203154,Mata Atlântica,1.0,0.0,0.0,0.0,1.0,0.0,0.0
4203204,Mata Atlântica,1.0,0.0,0.0,0.0,1.0,0.0,0.0
4203253,Mata Atlântica,1.0,0.0,0.0,0.0,1.0,0.0,0.0
4203303,Mata Atlântica,1.0,0.0,0.0,0.0,1.0,0.0,0.0
4203402,Mata Atlântica,1.0,0.0,0.0,0.0,1.0,0.0,0.0
4203501,Mata Atlântica,1.0,0.0,0.0,0.0,1.0,0.0,0.0
4203600,Mata Atlântica,1.0,0.0,0.0,0.0,1.0,0.0,0.0
4203709,Mata Atlântica,1.0,0.0,0.0,0.0,1.0,0.0,0.0
4203808,Mata Atlântica,1.0,0.0,0.0,0.0,1.0,0.0,0.0
4203907,Mata Atlântica,1.0,0.0,0.0,0.0,1.0,0.0,0.0
4203956,Mata Atlântica,1.0,0.0,0.0,0.0,1.0,0.0,0.0
4204004,Mata Atlântica,1.0,0.0,0.0,0.0,1.0,0.0,0.0
4204103,Mata Atlântica,1.0,0.0,0.0,0.0,1.0,0.0,0.0
4204152,Mata Atlântica,1.0,0.0,0.0,0.0,1.0,0.0,0.0
4204178,Mata Atlântica,1.0,0.0,0.0,0.0,1.0,0.0,0.0
4204194,Mata Atlântica,1.0,0.0,0.0,0.0,1.0,0.0,0.0
4204202,Mata Atlântica,1.0,0.0,0.0,0.0,1.0,0.0,0.0
4204251,Mata Atlântica,1.0,0.0,0.0,0.0,1.0,0.0,0.0
4204301,Mata Atlântica,1.0,0.0,0.0,0.0,1.0,0.0,0.0
4204350,Mata Atlântica,1.0,0.0,0.0,0.0,1.0,0.0,0.0
4204400,Mata Atlântica,1.0,0.0,0.0,0.0,1.0,0.0,0.0
4204459,Mata Atlântica,1.0,0.0,0.0,0.0,1.0,0.0,0.0
4204509,Mata Atlântica,1.0,0.0,0.0,0.0,1.0,0.0,0.0
4204558,Mata Atlântica,1.0,0.0,0.0,0.0,1.0,0.0,0.0
4204608,Mata Atlântica,1.0,0.0,0.0,0.0,1.0,0.0,0.0
4204707,Mata Atlântica,1.0,0.0,0.0,0.0,1.0,0.0,0.0
4204756,Mata Atlântica,1.0,0.0,0.0,0.0,1.0,0.0,0.0
4204806,Mata Atlântica,1.0,0.0,0.0,0.0,1.0,0.0,0.0
4204905,Mata Atlântica,1.0,0.0,0.0,0.0,1.0,0.0,0.0
4205001,Mata Atlântica,1.0,0.0,0.0,0.0,1.0,0.0,0.0
4205100,Mata Atlântica,1.0,0.0,0.0,0.0,1.0,0.0,0.0
4205159,Mata Atlântica,1.0,0.0,0.0,0.0,1.0,0.0,0.0
4205175,Mata Atlântica,1.0,0.0,0.0,0.0,1.0,0.0,0.0
4205191,Mata Atlântica,1.0,0.0,0.0,0.0,1.0,0.0,0.0
4205209,Mata Atlântica,1.0,0.0,0.0,0.0,1.0,0.0,0.0
4205308,Mata Atlântica,1.0,0.0,0.0,0.0,1.0,0.0,0.0
4205357,Mata Atlântica,1.0,0.0,0.0,0.0,1.0,0.0,0.0
4205407,Mata Atlântica,1.0,0.0,0.0,0.0,1.0,0.0,0.0
4205431,Mata Atlântica,1.0,0.0,0.0,0.0,1.0,0.0,0.0
4205456,Mata Atlântica,1.0,0.0,0.0,0.0,1.0,0.0,0.0
4205506,Mata Atlântica,1.0,0.0,0.0,0.0,1.0,0.0,0.0
4205555,Mata Atlântica,1.0,0.0,0.0,0.0,1.0,0.0,0.0
4205605,Mata Atlântica,1.0,0.0,0.0,0.0,1.0,0.0,0.0
4205704,Mata Atlântica,1.0,0.0,0.0,0.0,1.0,0.0,0.0
4205803,Mata Atlântica,1.0,0.0,0.0,0.0,1.0,0.0,0.0
4205902,Mata Atlântica,1.0,0.0,0.0,0.0,1.0,0.0,0.0
4206009,Mata Atlântica,1.0,0.0,0.0,0.0,1.0,0.0,0.0
4206108,Mata Atlântica,1.0,0.0,0.0,0.0,1.0,0.0,0.0
4206207,Mata Atlântica,1.0,0.0,0.0,0.0,1.0,0.0,0.0
4206306,Mata Atlântica,1.0,0.0,0.0,0.0,1.0,0.0,0.0
4206405,Mata Atlântica,1.0,0.0,0.0,0.0,1.0,0.0,0.0
4206504,Mata Atlântica,1.0,0.0,0.0,0.0,1.0,0.0,0.0
4206603,Mata Atlântica,1.0,0.0,0.0,0.0,1.0,0.0,0.0
4206652,Mata Atlântica,1.0,0.0,0.0,0.0,1.0,0.0,0.0
4206702,Mata Atlântica,1.0,0.0,0.0,0.0,1.0,0.0,0.0
4206751,Mata Atlântica,1.0,0.0,0.0,0.0,1.0,0.0,0.0
4206801,Mata Atlântica,1.0,0.0,0.0,0.0,1.0,0.0,0.0
4206900,Mata Atlântica,1.0,0.0,0.0,0.0,1.0,0.0,0.0
4207007,Mata Atlântica,1.0,0.0,0.0,0.0,1.0,0.0,0.0
4207106,Mata Atlântica,1.0,0.0,0.0,0.0,1.0,0.0,0.0
4207205,Mata Atlântica,1.0,0.0,0.0,0.0,1.0,0.0,0.0
4207304,Mata Atlântica,1.0,0.0,0.0,0.0,1.0,0.0,0.0
4207403,Mata Atlântica,1.0,0.0,0.0,0.0,1.0,0.0,0.0
4207502,Mata Atlântica,1.0,0.0,0.0,0.0,1.0,0.0,0.0
4207577,Mata Atlântica,1.0,0.0,0.0,0.0,1.0,0.0,0.0
4207601,Mata Atlântica,1.0,0.0,0.0,0.0,1.0,0.0,0.0
4207650,Mata Atlântica,1.0,0.0,0.0,0.0,1.0,0.0,0.0
4207684,Mata Atlântica,1.0,0.0,0.0,0.0,1.0,0.0,0.0
4207700,Mata Atlântica,1.0,0.0,0.0,0.0,1.0,0.0,0.0
4207759,Mata Atlântica,1.0,0.0,0.0,0.0,1.0,0.0,0.0
4207809,Mata Atlântica,1.0,0.0,0.0,0.0,1.0,0.0,0.0
4207858,Mata Atlântica,1.0,0.0,0.0,0.0,1.0,0.0,0.0
4207908,Mata Atlântica,1.0,0.0,0.0,0.0,1.0,0.0,0.0
4208005,Mata Atlântica,1.0,0.0,0.0,0.0,1.0,0.0,0.0
4208104,Mata Atlântica,1.0,0.0,0.0,0.0,1.0,0.0,0.0
4208203,Mata Atlântica,1.0,0.0,0.0,0.0,1.0,0.0,0.0
4208302,Mata Atlântica,1.0,0.0,0.0,0.0,1.0,0.0,0.0
4208401,Mata Atlântica,1.0,0.0,0.0,0.0,1.0,0.0,0.0
4208450,Mata Atlântica,1.0,0.0,0.0,0.0,1.0,0.0,0.0
4208500,Mata Atlântica,1.0,0.0,0.0,0.0,1.0,0.0,0.0
4208609,Mata Atlântica,1.0,0.0,0.0,0.0,1.0,0.0,0.0
4208708,Mata Atlântica,1.0,0.0,0.0,0.0,1.0,0.0,0.0
4208807,Mata Atlântica,1.0,0.0,0.0,0.0,1.0,0.0,0.0
4208906,Mata Atlântica,1.0,0.0,0.0,0.0,1.0,0.0,0.0
4208955,Mata Atlântica,1.0,0.0,0.0,0.0,1.0,0.0,0.0
4209003,Mata Atlântica,1.0,0.0,0.0,0.0,1.0,0.0,0.0
4209102,Mata Atlântica,1.0,0.0,0.0,0.0,1.0,0.0,0.0
4209151,Mata Atlântica,1.0,0.0,0.0,0.0,1.0,0.0,0.0
4209177,Mata Atlântica,1.0,0.0,0.0,0.0,1.0,0.0,0.0
4209201,Mata Atlântica,1.0,0.0,0.0,0.0,1.0,0.0,0.0
4209300,Mata Atlântica,1.0,0.0,0.0,0.0,1.0,0.0,0.0
4209409,Mata Atlântica,1.0,0.0,0.0,0.0,1.0,0.0,0.0
4209458,Mata Atlântica,1.0,0.0,0.0,0.0,1.0,0.0,0.0
4209508,Mata Atlântica,1.0,0.0,0.0,0.0,1.0,0.0,0.0
4209607,Mata Atlântica,1.0,0.0,0.0,0.0,1.0,0.0,0.0
4209706,Mata Atlântica,1.0,0.0,0.0,0.0,1.0,0.0,0.0
4209805,Mata Atlântica,1.0,0.0,0.0,0.0,1.0,0.0,0.0
4209854,Mata Atlântica,1.0,0.0,0.0,0.0,1.0,0.0,0.0
4209904,Mata Atlântica,1.0,0.0,0.0,0.0,1.0,0.0,0.0
4210001,Mata Atlântica,1.0,0.0,0.0,0.0,1.0,0.0,0.0
4210035,Mata Atlântica,1.0,0.0,0.0,0.0,1.0,0.0,0.0
4210050,Mata Atlântica,1.0,0.0,0.0,0.0,1.0,0.0,0.0
4210100,Mata Atlântica,1.0,0.0,0.0,0.0,1.0,0.0,0.0
4210209,Mata Atlântica,1.0,0.0,0.0,0.0,1.0,0.0,0.0
4210308,Mata Atlântica,1.0,0.0,0.0,0.0,1.0,0.0,0.0
4210407,Mata Atlântica,1.0,0.0,0.0,0.0,1.0,0.0,0.0
4210506,Mata Atlântica,1.0,0.0,0.0,0.0,1.0,0.0,0.0
4210555,Mata Atlântica,1.0,0.0,0.0,0.0,1.0,0.0,0.0
4210605,Mata Atlântica,1.0,0.0,0.0,0.0,1.0,0.0,0.0
4210704,Mata Atlântica,1.0,0.0,0.0,0.0,1.0,0.0,0.0
4210803,Mata Atlântica,1.0,0.0,0.0,0.0,1.0,0.0,0.0
4210852,Mata Atlântica,1.0,0.0,0.0,0.0,1.0,0.0,0.0
4210902,Mata Atlântica,1.0,0.0,0.0,0.0,1.0,0.0,0.0
4211009,Mata Atlântica,1.0,0.0,0.0,0.0,1.0,0.0,0.0
4211058,Mata Atlântica,1.0,0.0,0.0,0.0,1.0,0.0,0.0
4211108,Mata Atlântica,1.0,0.0,0.0,0.0,1.0,0.0,0.0
4211207,Mata Atlântica,1.0,0.0,0.0,0.0,1.0,0.0,0.0
4211256,Mata Atlântica,1.0,0.0,0.0,0.0,1.0,0.0,0.0
4211306,Mata Atlântica,1.0,0.0,0.0,0.0,1.0,0.0,0.0
4211405,Mata Atlântica,1.0,0.0,0.0,0.0,1.0,0.0,0.0
4211454,Mata Atlântica,1.0,0.0,0.0,0.0,1.0,0.0,0.0
4211504,Mata Atlântica,1.0,0.0,0.0,0.0,1.0,0.0,0.0
4211603,Mata Atlântica,1.0,0.0,0.0,0.0,1.0,0.0,0.0
4211652,Mata Atlântica,1.0,0.0,0.0,0.0,1.0,0.0,0.0
4211702,Mata Atlântica,1.0,0.0,0.0,0.0,1.0,0.0,0.0
4211751,Mata Atlântica,1.0,0.0,0.0,0.0,1.0,0.0,0.0
4211801,Mata Atlântica,1.0,0.0,0.0,0.0,1.0,0.0,0.0
4211850,Mata Atlântica,1.0,0.0,0.0,0.0,1.0,0.0,0.0
4211876,Mata Atlântica,1.0,0.0,0.0,0.0,1.0,0.0,0.0
4211892,Mata Atlântica,1.0,0.0,0.0,0.0,1.0,0.0,0.0
4211900,Mata Atlântica,1.0,0.0,0.0,0.0,1.0,0.0,0.0
4212007,Mata Atlântica,1.0,0.0,0.0,0.0,1.0,0.0,0.0
4212056,Mata Atlântica,1.0,0.0,0.0,0.0,1.0,0.0,0.0
4212106,Mata Atlântica,1.0,0.0,0.0,0.0,1.0,0.0,0.0
4212205,Mata Atlântica,1.0,0.0,0.0,0.0,1.0,0.0,0.0
4212239,Mata Atlântica,1.0,0.0,0.0,0.0,1.0,0.0,0.0
4212254,Mata Atlântica,1.0,0.0,0.0,0.0,1.0,0.0,0.0
4212270,Mata Atlântica,1.0,0.0,0.0,0.0,1.0,0.0,0.0
4212304,Mata Atlântica,1.0,0.0,0.0,0.0,1.0,0.0,0.0
4212403,Mata Atlântica,1.0,0.0,0.0,0.0,1.0,0.0,0.0
4212502,Mata Atlântica,1.0,0.0,0.0,0.0,1.0,0.0,0.0
4212601,Mata Atlântica,1.0,0.0,0.0,0.0,1.0,0.0,0.0
4212650,Mata Atlântica,1.0,0.0,0.0,0.0,1.0,0.0,0.0
4212700,Mata Atlântica,1.0,0.0,0.0,0.0,1.0,0.0,0.0
4212809,Mata Atlântica,1.0,0.0,0.0,0.0,1.0,0.0,0.0
4212908,Mata Atlântica,1.0,0.0,0.0,0.0,1.0,0.0,0.0
4213005,Mata Atlântica,1.0,0.0,0.0,0.0,1.0,0.0,0.0
4213104,Mata Atlântica,1.0,0.0,0.0,0.0,1.0,0.0,0.0
4213153,Mata Atlântica,1.0,0.0,0.0,0.0,1.0,0.0,0.0
4213203,Mata Atlântica,1.0,0.0,0.0,0.0,1.0,0.0,0.0
4213302,Mata Atlântica,1.0,0.0,0.0,0.0,1.0,0.0,0.0
4213351,Mata Atlântica,1.0,0.0,0.0,0.0,1.0,0.0,0.0
4213401,Mata Atlântica,1.0,0.0,0.0,0.0,1.0,0.0,0.0
4213500,Mata Atlântica,1.0,0.0,0.0,0.0,1.0,0.0,0.0
4213609,Mata Atlântica,1.0,0.0,0.0,0.0,1.0,0.0,0.0
4213708,Mata Atlântica,1.0,0.0,0.0,0.0,1.0,0.0,0.0
4213807,Mata Atlântica,1.0,0.0,0.0,0.0,1.0,0.0,0.0
4213906,Mata Atlântica,1.0,0.0,0.0,0.0,1.0,0.0,0.0
4214003,Mata Atlântica,1.0,0.0,0.0,0.0,1.0,0.0,0.0
4214102,Mata Atlântica,1.0,0.0,0.0,0.0,1.0,0.0,0.0
4214151,Mata Atlântica,1.0,0.0,0.0,0.0,1.0,0.0,0.0
4214201,Mata Atlântica,1.0,0.0,0.0,0.0,1.0,0.0,0.0
4214300,Mata Atlântica,1.0,0.0,0.0,0.0,1.0,0.0,0.0
4214409,Mata Atlântica,1.0,0.0,0.0,0.0,1.0,0.0,0.0
4214508,Mata Atlântica,1.0,0.0,0.0,0.0,1.0,0.0,0.0
4214607,Mata Atlântica,1.0,0.0,0.0,0.0,1.0,0.0,0.0
4214706,Mata Atlântica,1.0,0.0,0.0,0.0,1.0,0.0,0.0
4214805,Mata Atlântica,1.0,0.0,0.0,0.0,1.0,0.0,0.0
4214904,Mata Atlântica,1.0,0.0,0.0,0.0,1.0,0.0,0.0
4215000,Mata Atlântica,1.0,0.0,0.0,0.0,1.0,0.0,0.0
4215059,Mata Atlântica,1.0,0.0,0.0,0.0,1.0,0.0,0.0
4215075,Mata Atlântica,1.0,0.0,0.0,0.0,1.0,0.0,0.0
4215109,Mata Atlântica,1.0,0.0,0.0,0.0,1.0,0.0,0.0
4215208,Mata Atlântica,1.0,0.0,0.0,0.0,1.0,0.0,0.0
4215307,Mata Atlântica,1.0,0.0,0.0,0.0,1.0,0.0,0.0
4215356,Mata Atlântica,1.0,0.0,0.0,0.0,1.0,0.0,0.0
4215406,Mata Atlântica,1.0,0.0,0.0,0.0,1.0,0.0,0.0
4215455,Mata Atlântica,1.0,0.0,0.0,0.0,1.0,0.0,0.0
4215505,Mata Atlântica,1.0,0.0,0.0,0.0,1.0,0.0,0.0
4215554,Mata Atlântica,1.0,0.0,0.0,0.0,1.0,0.0,0.0
4215604,Mata Atlântica,1.0,0.0,0.0,0.0,1.0,0.0,0.0
4215653,Mata Atlântica,1.0,0.0,0.0,0.0,1.0,0.0,0.0
4215679,Mata Atlântica,1.0,0.0,0.0,0.0,1.0,0.0,0.0
4215687,Mata Atlântica,1.0,0.0,0.0,0.0,1.0,0.0,0.0
4215695,Mata Atlântica,1.0,0.0,0.0,0.0,1.0,0.0,0.0
4215703,Mata Atlântica,1.0,0.0,0.0,0.0,1.0,0.0,0.0
4215752,Mata Atlântica,1.0,0.0,0.0,0.0,1.0,0.0,0.0
4215802,Mata Atlântica,1.0,0.0,0.0,0.0,1.0,0.0,0.0
4215901,Mata Atlântica,1.0,0.0,0.0,0.0,1.0,0.0,0.0
4216008,Mata Atlântica,1.0,0.0,0.0,0.0,1.0,0.0,0.0
4216057,Mata Atlântica,1.0,0.0,0.0,0.0,1.0,0.0,0.0
4216107,Mata Atlântica,1.0,0.0,0.0,0.0,1.0,0.0,0.0
4216206,Mata Atlântica,1.0,0.0,0.0,0.0,1.0,0.0,0.0
4216255,Mata Atlântica,1.0,0.0,0.0,0.0,1.0,0.0,0.0
4216305,Mata Atlântica,1.0,0.0,0.0,0.0,1.0,0.0,0.0
4216354,Mata Atlântica,1.0,0.0,0.0,0.0,1.0,0.0,0.0
4216404,Mata Atlântica,1.0,0.0,0.0,0.0,1.0,0.0,0.0
4216503,Mata Atlântica,1.0,0.0,0.0,0.0,1.0,0.0,0.0
4216602,Mata Atlântica,1.0,0.0,0.0,0.0,1.0,0.0,0.0
4216701,Mata Atlântica,1.0,0.0,0.0,0.0,1.0,0.0,0.0
4216800,Mata Atlântica,1.0,0.0,0.0,0.0,1.0,0.0,0.0
4216909,Mata Atlântica,1.0,0.0,0.0,0.0,1.0,0.0,0.0
4217006,Mata Atlântica,1.0,0.0,0.0,0.0,1.0,0.0,0.0
4217105,Mata Atlântica,1.0,0.0,0.0,0.0,1.0,0.0,0.0
4217154,Mata Atlântica,1.0,0.0,0.0,0.0,1.0,0.0,0.0
4217204,Mata Atlântica,1.0,0.0,0.0,0.0,1.0,0.0,0.0
4217253,Mata Atlântica,1.0,0.0,0.0,0.0,1.0,0.0,0.0
4217303,Mata Atlântica,1.0,0.0,0.0,0.0,1.0,0.0,0.0
4217402,Mata Atlântica,1.0,0.0,0.0,0.0,1.0,0.0,0.0
4217501,Mata Atlântica,1.0,0.0,0.0,0.0,1.0,0.0,0.0
4217550,Mata Atlântica,1.0,0.0,0.0,0.0,1.0,0.0,0.0
4217600,Mata Atlântica,1.0,0.0,0.0,0.0,1.0,0.0,0.0
4217709,Mata Atlântica,1.0,0.0,0.0,0.0,1.0,0.0,0.0
4217758,Mata Atlântica,1.0,0.0,0.0,0.0,1.0,0.0,0.0
4217808,Mata Atlântica,1.0,0.0,0.0,0.0,1.0,0.0,0.0
4217907,Mata Atlântica,1.0,0.0,0.0,0.0,1.0,0.0,0.0
4217956,Mata Atlântica,1.0,0.0,0.0,0.0,1.0,0.0,0.0
4218004,Mata Atlântica,1.0,0.0,0.0,0.0,1.0,0.0,0.0
4218103,Mata Atlântica,1.0,0.0,0.0,0.0,1.0,0.0,0.0
4218202,Mata Atlântica,1.0,0.0,0.0,0.0,1.0,0.0,0.0
4218251,Mata Atlântica,1.0,0.0,0.0,0.0,1.0,0.0,0.0
4218301,Mata Atlântica,1.0,0.0,0.0,0.0,1.0,0.0,0.0
4218350,Mata Atlântica,1.0,0.0,0.0,0.0,1.0,0.0,0.0
4218400,Mata Atlântica,1.0,0.0,0.0,0.0,1.0,0.0,0.0
4218509,Mata Atlântica,1.0,0.0,0.0,0.0,1.0,0.0,0.0
4218608,Mata Atlântica,1.0,0.0,0.0,0.0,1.0,0.0,0.0
4218707,Mata Atlântica,1.0,0.0,0.0,0.0,1.0,0.0,0.0
4218756,Mata Atlântica,1.0,0.0,0.0,0.0,1.0,0.0,0.0
4218806,Mata Atlântica,1.0,0.0,0.0,0.0,1.0,0.0,0.0
4218855,Mata Atlântica,1.0,0.0,0.0,0.0,1.0,0.0,0.0
4218905,Mata Atlântica,1.0,0.0,0.0,0.0,1.0,0.0,0.0
4218954,Mata Atlântica,1.0,0.0,0.0,0.0,1.0,0.0,0.0
4219002,Mata Atlântica,1.0,0.0,0.0,0.0,1.0,0.0,0.0
4219101,Mata Atlântica,1.0,0.0,0.0,0.0,1.0,0.0,0.0
4219150,Mata Atlântica,1.0,0.0,0.0,0.0,1.0,0.0,0.0
4219176,Mata Atlântica,1.0,0.0,0.0,0.0,1.0,0.0,0.0
4219200,Mata Atlântica,1.0,0.0,0.0,0.0,1.0,0.0,0.0
4219309,Mata Atlântica,1.0,0.0,0.0,0.0,1.0,0.0,0.0
4219358,Mata Atlântica,1.0,0.0,0.0,0.0,1.0,0.0,0.0
4219408,Mata Atlântica,1.0,0.0,0.0,0.0,1.0,0.0,0.0
4219507,Mata Atlântica,1.0,0.0,0.0,0.0,1.0,0.0,0.0
4219606,Mata Atlântica,1.0,0.0,0.0,0.0,1.0,0.0,0.0
4219705,Mata Atlântica,1.0,0.0,0.0,0.0,1.0,0.0,0.0
4219853,Mata Atlântica,1.0,0.0,0.0,0.0,1.0,0.0,0.0
4220000,Mata Atlântica,1.0,0.0,0.0,0.0,1.0,0.0,0.0
4300034,Pampa,1.0,0.0,0.0,0.0,0.0,1.0,0.0
4300059,Mata Atlântica,0.956,0.0,0.0,0.0,0.956,0.044,0.0
4300109,Mata Atlântica,1.0,0.0,0.0,0.0,1.0,0.0,0.0
4300208,Mata Atlântica,0.898,0.0,0.0,0.0,0.898,0.102,0.0
4300307,Mata Atlântica,1.0,0.0,0.0,0.0,1.0,0.0,0.0
4300406,Pampa,1.0,0.0,0.0,0.0,0.0,1.0,0.0
4300455,Mata Atlântica,0.705,0.0,0.0,0.0,0.705,0.295,0.0
4300471,Pampa,0.823,0.0,0.0,0.0,0.177,0.823,0.0
4300505,Mata Atlântica,1.0,0.0,0.0,0.0,1.0,0.0,0.0
4300554,Mata Atlântica,1.0,0.0,0.0,0.0,1.0,0.0,0.0
4300570,Mata Atlântica,1.0,0.0,0.0,0.0,1.0,0.0,0.0
4300604,Pampa,1.0,0.0,0.0,0.0,0.0,1.0,0.0
4300638,Pampa,1.0,0.0,0.0,0.0,0.0,1.0,0.0
4300646,Mata Atlântica,1.0,0.0,0.0,0.0,1.0,0.0,0.0
4300661,Mata Atlântica,1.0,0.0,0.0,0.0,1.0,0.0,0.0
4300703,Mata Atlântica,1.0,0.0,0.0,0.0,1.0,0.0,0.0
4300802,Mata Atlântica,1.0,0.0,0.0,0.0,1.0,0.0,0.0
4300851,Pampa,1.0,0.0,0.0,0.0,0.0,1.0,0.0
4300877,Mata Atlântica,1.0,0.0,0.0,0.0,1.0,0.0,0.0
4300901,Mata Atlântica,1.0,0.0,0.0,0.0,1.0,0.0,0.0
4301008,Mata Atlântica,1.0,0.0,0.0,0.0,1.0,0.0,0.0
4301057,Mata Atlântica,1.0,0.0,0.0,0.0,1.0,0.0,0.0
4301073,Pampa,1.0,0.0,0.0,0.0,0.0,1.0,0.0
4301107,Pampa,1.0,0.0,0.0,0.0,0.0,1.0,0.0
4301206,Mata Atlântica,1.0,0.0,0.0,0.0,1.0,0.0,0.0
4301305,Pampa,1.0,0.0,0.0,0.0,0.0,1.0,0.0
4301404,Mata Atlântica,1.0,0.0,0.0,0.0,1.0,0.0,0.0
4301503,Pampa,0.628,0.0,0.0,0.0,0.372,0.628,0.0
4301552,Mata Atlântica,1.0,0.0,0.0,0.0,1.0,0.0,0.0
4301602,Pampa,1.0,0.0,0.0,0.0,0.0,1.0,0.0
4301636,Pampa,1.0,0.0,0.0,0.0,0.0,1.0,0.0
4301651,Mata Atlântica,1.0,0.0,0.0,0.0,1.0,0.0,0.0
4301701,Mata Atlântica,1.0,0.0,0.0,0.0,1.0,0.0,0.0
4301750,Pampa,1.0,0.0,0.0,0.0,0.0,1.0,0.0
4301800,Mata Atlântica,1.0,0.0,0.0,0.0,1.0,0.0,0.0
4301859,Mata Atlântica,1.0,0.0,0.0,0.0,1.0,0.0,0.0
4301875,Pampa,1.0,0.0,0.0,0.0,0.0,1.0,0.0
4301909,Pampa,1.0,0.0,0.0,0.0,0.0,1.0,0.0
4301925,Mata Atlântica,1.0,0.0,0.0,0.0,1.0,0.0,0.0
4301958,Mata Atlântica,1.0,0.0,0.0,0.0,1.0,0.0,0.0
4302006,Mata Atlântica,1.0,0.0,0.0,0.0,1.0,0.0,0.0
4302055,Mata Atlântica,1.0,0.0,0.0,0.0,1.0,0.0,0.0
4302105,Mata Atlântica,1.0,0.0,0.0,0.0,1.0,0.0,0.0
4302154,Pampa,0.887,0.0,0.0,0.0,0.113,0.887,0.0
4302204,Mata Atlântica,1.0,0.0,0.0,0.0,1.0,0.0,0.0
4302220,Pampa,0.577,0.0,0.0,0.0,0.423,0.577,0.0
4302238,Pampa,1.0,0.0,0.0,0.0,0.0,1.0,0.0
4302253,Mata Atlântica,1.0,0.0,0.0,0.0,1.0,0.0,0.0
4302303,Mata Atlântica,1.0,0.0,0.0,0.0,1.0,0.0,0.0
4302352,Mata Atlântica,1.0,0.0,0.0,0.0,1.0,0.0,0.0
4302378,Mata Atlântica,1.0,0.0,0.0,0.0,1.0,0.0,0.0
4302402,Mata Atlântica,1.0,0.0,0.0,0.0,1.0,0.0,0.0
4302451,Mata Atlântica,1.0,0.0,0.0,0.0,1.0,0.0,0.0
4302501,Pampa,1.0,0.0,0.0,0.0,0.0,1.0,0.0
4302584,Mata Atlântica,1.0,0.0,0.0,0.0,1.0,0.0,0.0
4302600,Mata Atlântica,1.0,0.0,0.0,0.0,1.0,0.0,0.0
4302659,Mata Atlântica,1.0,0.0,0.0,0.0,1.0,0.0,0.0
4302709,Pampa,1.0,0.0,0.0,0.0,0.0,1.0,0.0
4302808,Pampa,1.0,0.0,0.0,0.0,0.0,1.0,0.0
4302907,Pampa,1.0,0.0,0.0,0.0,0.0,1.0,0.0
4303004,Pampa,1.0,0.0,0.0,0.0,0.0,1.0,0.0
4303103,Pampa,1.0,0.0,0.0,0.0,0.0,1.0,0.0
4303202,Mata Atlântica,1.0,0.0,0.0,0.0,1.0,0.0,0.0
4303301,Pampa,0.641,0.0,0.0,0.0,0.359,0.641,0.0
4303400,Mata Atlântica,1.0,0.0,0.0,0.0,1.0,0.0,0.0
4303509,Pampa,1.0,0.0,0.0,0.0,0.0,1.0,0.0
4303558,Mata Atlântica,1.0,0.0,0.0,0.0,1.0,0.0,0.0
4303608,Mata Atlântica,1.0,0.0,0.0,0.0,1.0,0.0,0.0
4303673,Mata Atlântica,1.0,0.0,0.0,0.0,1.0,0.0,0.0
4303707,Mata Atlântica,0.988,0.0,0.0,0.0,0.988,0.012,0.0
4303806,Pampa,0.94,0.0,0.0,0.0,0.06,0.94,0.0
4303905,Mata Atlântica,1.0,0.0,0.0,0.0,1.0,0.0,0.0
4304002,Mata Atlântica,1.0,0.0,0.0,0.0,1.0,0.0,0.0
4304101,Mata Atlântica,0.665,0.0,0.0,0.0,0.665,0.335,0.0
4304200,Mata Atlântica,0.613,0.0,0.0,0.0,0.613,0.387,0.0
4304309,Mata Atlântica,0.515,0.0,0.0,0.0,0.515,0.485,0.0
4304358,Pampa,1.0,0.0,0.0,0.0,0.0,1.0,0.0
4304408,Mata Atlântica,1.0,0.0,0.0,0.0,1.0,0.0,0.0
4304507,Pampa,1.0,0.0,0.0,0.0,0.0,1.0,0.0
4304606,Pampa,1.0,0.0,0.0,0.0,0.0,1.0,0.0
4304614,Mata Atlântica,1.0,0.0,0.0,0.0,1.0,0.0,0.0
4304622,Mata Atlântica,1.0,0.0,0.0,0.0,1.0,0.0,0.0
4304630,Mata Atlântica,1.0,0.0,0.0,0.0,1.0,0.0,0.0
4304655,Pampa,1.0,0.0,0.0,0.0,0.0,1.0,0.0
4304663,Pampa,1.0,0.0,0.0,0.0,0.0,1.0,0.0
4304671,Pampa,1.0,0.0,0.0,0.0,0.0,1.0,0.0
4304689,Mata Atlântica,0.813,0.0,0.0,0.0,0.813,0.187,0.0
4304697,Mata Atlântica,1.0,0.0,0.0,0.0,1.0,0.0,0.0
4304705,Pampa,0.904,0.0,0.0,0.0,0.096,0.904,0.0
4304713,Mata Atlântica,1.0,0.0,0.0,0.0,1.0,0.0,0.0
4304804,Mata Atlântica,1.0,0.0,0.0,0.0,1.0,0.0,0.0
4304853,Mata Atlântica,1.0,0.0,0.0,0.0,1.0,0.0,0.0
4304903,Mata Atlântica,1.0,0.0,0.0,0.0,1.0,0.0,0.0
4304952,Mata Atlântica,1.0,0.0,0.0,0.0,1.0,0.0,0.0
4305009,Mata Atlântica,0.537,0.0,0.0,0.0,0.537,0.463,0.0
4305108,Mata Atlântica,1.0,0.0,0.0,0.0,1.0,0.0,0.0
4305116,Mata Atlântica,1.0,0.0,0.0,0.0,1.0,0.0,0.0
4305124,Pampa,1.0,0.0,0.0,0.0,0.0,1.0,0.0
4305132,Mata Atlântica,1.0,0.0,0.0,0.0,1.0,0.0,0.0
4305157,Mata Atlântica,1.0,0.0,0.0,0.0,1.0,0.0,0.0
4305173,Pampa,1.0,0.0,0.0,0.0,0.0,1.0,0.0
4305207,Mata Atlântica,1.0,0.0,0.0,0.0,1.0,0.0,0.0
4305306,Pampa,0.696,0.0,0.0,0.0,0.304,0.696,0.0
4305355,Pampa,1.0,0.0,0.0,0.0,0.0,1.0,0.0
4305371,Mata Atlântica,1.0,0.0,0.0,0.0,1.0,0.0,0.0
4305405,Pampa,0.981,0.0,0.0,0.0,0.019,0.981,0.0
4305439,Pampa,1.0,0.0,0.0,0.0,0.0,1.0,0.0
4305447,Pampa,1.0,0.0,0.0,0.0,0.0,1.0,0.0
4305454,Pampa,1.0,0.0,0.0,0.0,0.0,1.0,0.0
4305504,Mata Atlântica,1.0,0.0,0.0,0.0,1.0,0.0,0.0
4305587,Mata Atlântica,1.0,0.0,0.0,0.0,1.0,0.0,0.0
4305603,Mata Atlântica,0.872,0.0,0.0,0.0,0.872,0.128,0.0
4305702,Pampa,0.613,0.0,0.0,0.0,0.387,0.613,0.0
4305801,Mata Atlântica,1.0,0.0,0.0,0.0,1.0,0.0,0.0
4305835,Mata Atlântica,1.0,0.0,0.0,0.0,1.0,0.0,0.0
4305850,Pampa,0.587,0.0,0.0,0.0,0.413,0.587,0.0
4305871,Mata Atlântica,0.665,0.0,0.0,0.0,0.665,0.335,0.0
4305900,Pampa,0.613,0.0,0.0,0.0,0.387,0.613,0.0
4305934,Mata Atlântica,1.0,0.0,0.0,0.0,1.0,0.0,0.0
4305959,Mata Atlântica,1.0,0.0,0.0,0.0,1.0,0.0,0.0
4305975,Pampa,0.832,0.0,0.0,0.0,0.168,0.832,0.0
4306007,Mata Atlântica,1.0,0.0,0.0,0.0,1.0,0.0,0.0
4306056,Pampa,1.0,0.0,0.0,0.0,0.0,1.0,0.0
4306072,Mata Atlântica,1.0,0.0,0.0,0.0,1.0,0.0,0.0
4306106,Pampa,0.86,0.0,0.0,0.0,0.14,0.86,0.0
4306130,Pampa,0.631,0.0,0.0,0.0,0.369,0.631,0.0
4306205,Mata Atlântica,1.0,0.0,0.0,0.0,1.0,0.0,0.0
4306304,Mata Atlântica,1.0,0.0,0.0,0.0,1.0,0.0,0.0
4306320,Mata Atlântica,1.0,0.0,0.0,0.0,1.0,0.0,0.0
4306353,Mata Atlântica,0.878,0.0,0.0,0.0,0.878,0.122,0.0
4306379,Pampa,1.0,0.0,0.0,0.0,0.0,1.0,0.0
4306403,Mata Atlântica,1.0,0.0,0.0,0.0,1.0,0.0,0.0
4306429,Pampa,0.8,0.0,0.0,0.0,0.2,0.8,0.0
4306452,Mata Atlântica,1.0,0.0,0.0,0.0,1.0,0.0,0.0
4306502,Pampa,1.0,0.0,0.0,0.0,0.0,1.0,0.0
4306551,Mata Atlântica,1.0,0.0,0.0,0.0,1.0,0.0,0.0
4306601,Pampa,1.0,0.0,0.0,0.0,0.0,1.0,0.0
4306700,Mata Atlântica,1.0,0.0,0.0,0.0,1.0,0.0,0.0
4306734,Mata Atlântica,1.0,0.0,0.0,0.0,1.0,0.0,0.0
4306759,Mata Atlântica,1.0,0.0,0.0,0.0,1.0,0.0,0.0
4306767,Pampa,1.0,0.0,0.0,0.0,0.0,1.0,0.0
4306809,Mata Atlântica,1.0,0.0,0.0,0.0,1.0,0.0,0.0
4306908,Pampa,1.0,0.0,0.0,0.0,0.0,1.0,0.0
4306924,Mata Atlântica,0.932,0.0,0.0,0.0,0.932,0.068,0.0
4306932,Pampa,0.568,0.0,0.0,0.0,0.432,0.568,0.0
4306957,Pampa,0.549,0.0,0.0,0.0,0.451,0.549,0.0
4306973,Pampa,0.866,0.0,0.0,0.0,0.134,0.866,0.0
4307005,Mata Atlântica,0.982,0.0,0.0,0.0,0.982,0.018,0.0
4307054,Pampa,0.604,0.0,0.0,0.0,0.396,0.604,0.0
4307104,Pampa,1.0,0.0,0.0,0.0,0.0,1.0,0.0
4307203,Mata Atlântica,1.0,0.0,0.0,0.0,1.0,0.0,0.0
4307302,Mata Atlântica,0.812,0.0,0.0,0.0,0.812,0.188,0.0
4307401,Mata Atlântica,1.0,0.0,0.0,0.0,1.0,0.0,0.0
4307450,Mata Atlântica,1.0,0.0,0.0,0.0,1.0,0.0,0.0
4307500,Mata Atlântica,1.0,0.0,0.0,0.0,1.0,0.0,0.0
4307559,Mata Atlântica,0.641,0.0,0.0,0.0,0.641,0.359,0.0
4307609,Mata Atlântica,1.0,0.0,0.0,0.0,1.0,0.0,0.0
4307708,Pampa,1.0,0.0,0.0,0.0,0.0,1.0,0.0
4307807,Mata Atlântica,1.0,0.0,0.0,0.0,1.0,0.0,0.0
4307815,Mata Atlântica,0.516,0.0,0.0,0.0,0.516,0.484,0.0
4307831,Pampa,0.988,0.0,0.0,0.0,0.012,0.988,0.0
4307864,Mata Atlântica,1.0,0.0,0.0,0.0,1.0,0.0,0.0
4307906,Mata Atlântica,1.0,0.0,0.0,0.0,1.0,0.0,0.0
4308003,Mata Atlântica,1.0,0.0,0.0,0.0,1.0,0.0,0.0
4308052,Mata Atlântica,1.0,0.0,0.0,0.0,1.0,0.0,0.0
4308078,Mata Atlântica,1.0,0.0,0.0,0.0,1.0,0.0,0.0
4308102,Mata Atlântica,1.0,0.0,0.0,0.0,1.0,0.0,0.0
4308201,Mata Atlântica,1.0,0.0,0.0,0.0,1.0,0.0,0.0
4308250,Mata Atlântica,1.0,0.0,0.0,0.0,1.0,0.0,0.0
4308300,Mata Atlântica,1.0,0.0,0.0,0.0,1.0,0.0,0.0
4308409,Pampa,1.0,0.0,0.0,0.0,0.0,1.0,0.0
4308433,Mata Atlântica,1.0,0.0,0.0,0.0,1.0,0.0,0.0
4308458,Pampa,0.975,0.0,0.0,0.0,0.025,0.975,0.0
4308508,Mata Atlântica,1.0,0.0,0.0,0.0,1.0,0.0,0.0
4308607,Mata Atlântica,1.0,0.0,0.0,0.0,1.0,0.0,0.0
4308656,Pampa,1.0,0.0,0.0,0.0,0.0,1.0,0.0
4308706,Mata Atlântica,1.0,0.0,0.0,0.0,1.0,0.0,0.0
4308805,Pampa,0.92,0.0,0.0,0.0,0.08,0.92,0.0
4308854,Mata Atlântica,1.0,0.0,0.0,0.0,1.0,0.0,0.0
4308904,Mata Atlântica,1.0,0.0,0.0,0.0,1.0,0.0,0.0
4309001,Pampa,0.821,0.0,0.0,0.0,0.179,0.821,0.0
4309050,Pampa,0.928,0.0,0.0,0.0,0.072,0.928,0.0
4309100,Mata Atlântica,1.0,0.0,0.0,0.0,1.0,0.0,0.0
4309126,Mata Atlântica,0.896,0.0,0.0,0.0,0.896,0.104,0.0
4309159,Mata Atlântica,1.0,0.0,0.0,0.0,1.0,0.0,0.0
4309209,Pampa,0.706,0.0,0.0,0.0,0.294,0.706,0.0
4309258,Mata Atlântica,1.0,0.0,0.0,0.0,1.0,0.0,0.0
4309308,Pampa,1.0,0.0,0.0,0.0,0.0,1.0,0.0
4309407,Mata Atlântica,1.0,0.0,0.0,0.0,1.0,0.0,0.0
4309506,Mata Atlântica,0.994,0.0,0.0,0.0,0.994,0.006,0.0
4309555,Mata Atlântica,1.0,0.0,0.0,0.0,1.0,0.0,0.0
4309571,Mata Atlântica,1.0,0.0,0.0,0.0,1.0,0.0,0.0
4309605,Mata Atlântica,1.0,0.0,0.0,0.0,1.0,0.0,0.0
4309654,Pampa,1.0,0.0,0.0,0.0,0.0,1.0,0.0
4309704,Mata Atlântica,1.0,0.0,0.0,0.0,1.0,0.0,0.0
4309753,Mata Atlântica,1.0,0.0,0.0,0.0,1.0,0.0,0.0
4309803,Mata Atlântica,1.0,0.0,0.0,0.0,1.0,0.0,0.0
4309902,Mata Atlântica,1.0,0.0,0.0,0.0,1.0,0.0,0.0
4309951,Mata Atlântica,1.0,0.0,0.0,0.0,1.0,0.0,0.0
4310009,Mata Atlântica,0.622,0.0,0.0,0.0,0.622,0.378,0.0
4310108,Mata Atlântica,1.0,0.0,0.0,0.0,1.0,0.0,0.0
4310207,Mata Atlântica,0.849,0.0,0.0,0.0,0.849,0.151,0.0
4310306,Mata Atlântica,1.0,0.0,0.0,0.0,1.0,0.0,0.0
4310330,Pampa,1.0,0.0,0.0,0.0,0.0,1.0,0.0
4310363,Mata Atlântica,1.0,0.0,0.0,0.0,1.0,0.0,0.0
4310405,Pampa,0.813,0.0,0.0,0.0,0.187,0.813,0.0
4310413,Pampa,0.732,0.0,0.0,0.0,0.268,0.732,0.0
4310439,Mata Atlântica,1.0,0.0,0.0,0.0,1.0,0.0,0.0
4310462,Pampa,0.998,0.0,0.0,0.0,0.002,0.998,0.0
4310504,Mata Atlântica,1.0,0.0,0.0,0.0,1.0,0.0,0.0
4310538,Mata Atlântica,0.75,0.0,0.0,0.0,0.75,0.25,0.0
4310553,Pampa,1.0,0.0,0.0,0.0,0.0,1.0,0.0
4310579,Mata Atlântica,1.0,0.0,0.0,0.0,1.0,0.0,0.0
4310603,Pampa,1.0,0.0,0.0,0.0,0.0,1.0,0.0
4310652,Mata Atlântica,1.0,0.0,0.0,0.0,1.0,0.0,0.0
4310702,Mata Atlântica,1.0,0.0,0.0,0.0,1.0,0.0,0.0
4310751,Mata Atlântica,0.917,0.0,0.0,0.0,0.917,0.083,0.0
4310801,Mata Atlântica,1.0,0.0,0.0,0.0,1.0,0.0,0.0
4310850,Mata Atlântica,0.988,0.0,0.0,0.0,0.988,0.012,0.0
4310876,Mata Atlântica,0.789,0.0,0.0,0.0,0.789,0.211,0.0
4310900,Pampa,0.541,0.0,0.0,0.0,0.459,0.541,0.0
4311007,Pampa,1.0,0.0,0.0,0.0,0.0,1.0,0.0
4311106,Mata Atlântica,0.529,0.0,0.0,0.0,0.529,0.471,0.0
4311122,Mata Atlântica,1.0,0.0,0.0,0.0,1.0,0.0,0.0
4311130,Pampa,0.783,0.0,0.0,0.0,0.217,0.783,0.0
4311155,Pampa,1.0,0.0,0.0,0.0,0.0,1.0,0.0
4311205,Pampa,0.943,0.0,0.0,0.0,0.057,0.943,0.0
4311239,Mata Atlântica,1.0,0.0,0.0,0.0,1.0,0.0,0.0
4311254,Mata Atlântica,1.0,0.0,0.0,0.0,1.0,0.0,0.0
4311270,Mata Atlântica,1.0,0.0,0.0,0.0,1.0,0.0,0.0
4311304,Mata Atlântica,1.0,0.0,0.0,0.0,1.0,0.0,0.0
4311403,Mata Atlântica,1.0,0.0,0.0,0.0,1.0,0.0,0.0
4311429,Mata Atlântica,1.0,0.0,0.0,0.0,1.0,0.0,0.0
4311502,Pampa,1.0,0.0,0.0,0.0,0.0,1.0,0.0
4311601,Mata Atlântica,1.0,0.0,0.0,0.0,1.0,0.0,0.0
4311627,Mata Atlântica,1.0,0.0,0.0,0.0,1.0,0.0,0.0
4311643,Mata Atlântica,1.0,0.0,0.0,0.0,1.0,0.0,0.0
4311700,Mata Atlântica,1.0,0.0,0.0,0.0,1.0,0.0,0.0
4311718,Pampa,1.0,0.0,0.0,0.0,0.0,1.0,0.0
4311734,Mata Atlântica,1.0,0.0,0.0,0.0,1.0,0.0,0.0
4311759,Pampa,1.0,0.0,0.0,0.0,0.0,1.0,0.0
4311775,Mata Atlântica,0.895,0.0,0.0,0.0,0.895,0.105,0.0
4311791,Mata Atlântica,1.0,0.0,0.0,0.0,1.0,0.0,0.0
4311809,Mata Atlântica,1.0,0.0,0.0,0.0,1.0,0.0,0.0
4311908,Mata Atlântica,1.0,0.0,0.0,0.0,1.0,0.0,0.0
4311981,Pampa,1.0,0.0,0.0,0.0,0.0,1.0,0.0
4312005,Mata Atlântica,1.0,0.0,0.0,0.0,1.0,0.0,0.0
4312054,Mata Atlântica,1.0,0.0,0.0,0.0,1.0,0.0,0.0
4312104,Mata Atlântica,0.57,0.0,0.0,0.0,0.57,0.43,0.0
4312138,Mata Atlântica,0.562,0.0,0.0,0.0,0.562,0.438,0.0
4312153,Mata Atlântica,1.0,0.0,0.0,0.0,1.0,0.0,0.0
4312179,Mata Atlântica,0.778,0.0,0.0,0.0,0.778,0.222,0.0
4312203,Mata Atlântica,1.0,0.0,0.0,0.0,1.0,0.0,0.0
4312252,Pampa,1.0,0.0,0.0,0.0,0.0,1.0,0.0
4312302,Mata Atlântica,1.0,0.0,0.0,0.0,1.0,0.0,0.0
4312351,Mata Atlântica,1.0,0.0,0.0,0.0,1.0,0.0,0.0
4312377,Mata Atlântica,1.0,0.0,0.0,0.0,1.0,0.0,0.0
4312385,Mata Atlântica,1.0,0.0,0.0,0.0,1.0,0.0,0.0
4312401,Pampa,0.548,0.0,0.0,0.0,0.452,0.548,0.0
4312427,Mata Atlântica,1.0,0.0,0.0,0.0,1.0,0.0,0.0
4312443,Mata Atlântica,1.0,0.0,0.0,0.0,1.0,0.0,0.0
4312450,Pampa,1.0,0.0,0.0,0.0,0.0,1.0,0.0
4312476,Mata Atlântica,1.0,0.0,0.0,0.0,1.0,0.0,0.0
4312500,Pampa,1.0,0.0,0.0,0.0,0.0,1.0,0.0
4312609,Mata Atlântica,1.0,0.0,0.0,0.0,1.0,0.0,0.0
4312617,Mata Atlântica,1.0,0.0,0.0,0.0,1.0,0.0,0.0
4312625,Mata Atlântica,1.0,0.0,0.0,0.0,1.0,0.0,0.0
4312658,Mata Atlântica,0.897,0.0,0.0,0.0,0.897,0.103,0.0
4312674,Mata Atlântica,1.0,0.0,0.0,0.0,1.0,0.0,0.0
4312708,Mata Atlântica,0.99,0.0,0.0,0.0,0.99,0.01,0.0
4312757,Mata Atlântica,1.0,0.0,0.0,0.0,1.0,0.0,0.0
4312807,Mata Atlântica,1.0,0.0,0.0,0.0,1.0,0.0,0.0
4312906,Mata Atlântica,1.0,0.0,0.0,0.0,1.0,0.0,0.0
4312955,Mata Atlântica,0.86,0.0,0.0,0.0,0.86,0.14,0.0
4313003,Mata Atlântica,1.0,0.0,0.0,0.0,1.0,0.0,0.0
4313011,Mata Atlântica,1.0,0.0,0.0,0.0,1.0,0.0,0.0
4313037,Pampa,0.571,0.0,0.0,0.0,0.429,0.571,0.0
4313060,Mata Atlântica,1.0,0.0,0.0,0.0,1.0,0.0,0.0
4313086,Mata Atlântica,1.0,0.0,0.0,0.0,1.0,0.0,0.0
4313102,Mata Atlântica,0.885,0.0,0.0,0.0,0.885,0.115,0.0
4313201,Mata Atlântica,1.0,0.0,0.0,0.0,1.0,0.0,0.0
4313300,Mata Atlântica,1.0,0.0,0.0,0.0,1.0,0.0,0.0
4313334,Pampa,0.743,0.0,0.0,0.0,0.257,0.743,0.0
4313359,Mata Atlântica,1.0,0.0,0.0,0.0,1.0,0.0,0.0
4313375,Pampa,0.949,0.0,0.0,0.0,0.051,0.949,0.0
4313391,Pampa,0.722,0.0,0.0,0.0,0.278,0.722,0.0
4313409,Mata Atlântica,1.0,0.0,0.0,0.0,1.0,0.0,0.0
4313425,Mata Atlântica,1.0,0.0,0.0,0.0,1.0,0.0,0.0
4313441,Mata Atlântica,1.0,0.0,0.0,0.0,1.0,0.0,0.0
4313466,Mata Atlântica,1.0,0.0,0.0,0.0,1.0,0.0,0.0
4313490,Mata Atlântica,0.975,0.0,0.0,0.0,0.975,0.025,0.0
4313508,Pampa,0.865,0.0,0.0,0.0,0.135,0.865,0.0
4313607,Mata Atlântica,1.0,0.0,0.0,0.0,1.0,0.0,0.0
4313656,Pampa,1.0,0.0,0.0,0.0,0.0,1.0,0.0
4313706,Pampa,0.871,0.0,0.0,0.0,0.129,0.871,0.0
4313805,Mata Atlântica,1.0,0.0,0.0,0.0,1.0,0.0,0.0
4313904,Mata Atlântica,0.87,0.0,0.0,0.0,0.87,0.13,0.0
4313953,Pampa,1.0,0.0,0.0,0.0,0.0,1.0,0.0
4314001,Mata Atlântica,1.0,0.0,0.0,0.0,1.0,0.0,0.0
4314027,Mata Atlântica,0.808,0.0,0.0,0.0,0.808,0.192,0.0
4314035,Mata Atlântica,1.0,0.0,0.0,0.0,1.0,0.0,0.0
4314050,Mata Atlântica,1.0,0.0,0.0,0.0,1.0,0.0,0.0
4314068,Mata Atlântica,1.0,0.0,0.0,0.0,1.0,0.0,0.0
4314076,Pampa,0.642,0.0,0.0,0.0,0.358,0.642,0.0
4314100,Pampa,0.737,0.0,0.0,0.0,0.263,0.737,0.0
4314134,Mata Atlântica,0.736,0.0,0.0,0.0,0.736,0.264,0.0
4314159,Mata Atlântica,1.0,0.0,0.0,0.0,1.0,0.0,0.0
4314175,Pampa,1.0,0.0,0.0,0.0,0.0,1.0,0.0
4314209,Pampa,1.0,0.0,0.0,0.0,0.0,1.0,0.0
4314308,Mata Atlântica,0.581,0.0,0.0,0.0,0.581,0.419,0.0
4314407,Pampa,1.0,0.0,0.0,0.0,0.0,1.0,0.0
4314423,Mata Atlântica,1.0,0.0,0.0,0.0,1.0,0.0,0.0
4314456,Mata Atlântica,1.0,0.0,0.0,0.0,1.0,0.0,0.0
4314464,Mata Atlântica,1.0,0.0,0.0,0.0,1.0,0.0,0.0
4314472,Pampa,0.687,0.0,0.0,0.0,0.313,0.687,0.0
4314498,Mata Atlântica,1.0,0.0,0.0,0.0,1.0,0.0,0.0
4314506,Pampa,1.0,0.0,0.0,0.0,0.0,1.0,0.0
4314548,Mata Atlântica,1.0,0.0,0.0,0.0,1.0,0.0,0.0
4314555,Pampa,0.555,0.0,0.0,0.0,0.445,0.555,0.0
4314605,Pampa,1.0,0.0,0.0,0.0,0.0,1.0,0.0
4314704,Mata Atlântica,1.0,0.0,0.0,0.0,1.0,0.0,0.0
4314753,Mata Atlântica,1.0,0.0,0.0,0.0,1.0,0.0,0.0
4314779,Pampa,0.984,0.0,0.0,0.0,0.016,0.984,0.0
4314787,Mata Atlântica,0.999,0.0,0.0,0.0,0.999,0.001,0.0
4314803,Mata Atlântica,0.99,0.0,0.0,0.0,0.99,0.01,0.0
4314902,Pampa,1.0,0.0,0.0,0.0,0.0,1.0,0.0
4315008,Mata Atlântica,1.0,0.0,0.0,0.0,1.0,0.0,0.0
4315057,Mata Atlântica,1.0,0.0,0.0,0.0,1.0,0.0,0.0
4315073,Mata Atlântica,1.0,0.0,0.0,0.0,1.0,0.0,0.0
4315107,Mata Atlântica,0.924,0.0,0.0,0.0,0.924,0.076,0.0
4315131,Mata Atlântica,1.0,0.0,0.0,0.0,1.0,0.0,0.0
4315149,Mata Atlântica,1.0,0.0,0.0,0.0,1.0,0.0,0.0
4315156,Mata Atlântica,1.0,0.0,0.0,0.0,1.0,0.0,0.0
4315172,Mata Atlântica,1.0,0.0,0.0,0.0,1.0,0.0,0.0
4315206,Mata Atlântica,1.0,0.0,0.0,0.0,1.0,0.0,0.0
4315305,Pampa,1.0,0.0,0.0,0.0,0.0,1.0,0.0
4315313,Pampa,0.922,0.0,0.0,0.0,0.078,0.922,0.0
4315321,Pampa,0.744,0.0,0.0,0.0,0.256,0.744,0.0
4315354,Mata Atlântica,0.835,0.0,0.0,0.0,0.835,0.165,0.0
4315404,Mata Atlântica,0.952,0.0,0.0,0.0,0.952,0.048,0.0
4315453,Mata Atlântica,1.0,0.0,0.0,0.0,1.0,0.0,0.0
4315503,Pampa,0.879,0.0,0.0,0.0,0.121,0.879,0.0
4315552,Mata Atlântica,1.0,0.0,0.0,0.0,1.0,0.0,0.0
4315602,Pampa,1.0,0.0,0.0,0.0,0.0,1.0,0.0
4315701,Pampa,0.974,0.0,0.0,0.0,0.026,0.974,0.0
4315750,Mata Atlântica,1.0,0.0,0.0,0.0,1.0,0.0,0.0
4315800,Mata Atlântica,1.0,0.0,0.0,0.0,1.0,0.0,0.0
4315909,Mata Atlântica,1.0,0.0,0.0,0.0,1.0,0.0,0.0
4315958,Mata Atlântica,0.512,0.0,0.0,0.0,0.512,0.488,0.0
4316006,Mata Atlântica,1.0,0.0,0.0,0.0,1.0,0.0,0.0
4316105,Pampa,0.888,0.0,0.0,0.0,0.112,0.888,0.0
4316204,Mata Atlântica,0.798,0.0,0.0,0.0,0.798,0.202,0.0
4316303,Mata Atlântica,0.645,0.0,0.0,0.0,0.645,0.355,0.0
4316402,Pampa,1.0,0.0,0.0,0.0,0.0,1.0,0.0
4316428,Mata Atlântica,1.0,0.0,0.0,0.0,1.0,0.0,0.0
4316436,Mata Atlântica,0.793,0.0,0.0,0.0,0.793,0.207,0.0
4316451,Pampa,0.899,0.0,0.0,0.0,0.101,0.899,0.0
4316477,Mata Atlântica,1.0,0.0,0.0,0.0,1.0,0.0,0.0
4316501,Mata Atlântica,1.0,0.0,0.0,0.0,1.0,0.0,0.0
4316600,Mata Atlântica,1.0,0.0,0.0,0.0,1.0,0.0,0.0
4316709,Pampa,0.88,0.0,0.0,0.0,0.12,0.88,0.0
4316733,Mata Atlântica,1.0,0.0,0.0,0.0,1.0,0.0,0.0
4316758,Mata Atlântica,1.0,0.0,0.0,0.0,1.0,0.0,0.0
4316808,Mata Atlântica,0.791,0.0,0.0,0.0,0.791,0.209,0.0
4316907,Pampa,0.881,0.0,0.0,0.0,0.119,0.881,0.0
4316956,Mata Atlântica,1.0,0.0,0.0,0.0,1.0,0.0,0.0
4316972,Pampa,1.0,0.0,0.0,0.0,0.0,1.0,0.0
4317004,Pampa,1.0,0.0,0.0,0.0,0.0,1.0,0.0
4317103,Pampa,1.0,0.0,0.0,0.0,0.0,1.0,0.0
4317202,Mata Atlântica,0.883,0.0,0.0,0.0,0.883,0.117,0.0
4317251,Mata Atlântica,1.0,0.0,0.0,0.0,1.0,0.0,0.0
4317301,Pampa,1.0,0.0,0.0,0.0,0.0,1.0,0.0
4317400,Pampa,0.873,0.0,0.0,0.0,0.127,0.873,0.0
4317509,Pampa,0.614,0.0,0.0,0.0,0.386,0.614,0.0
4317558,Mata Atlântica,1.0,0.0,0.0,0.0,1.0,0.0,0.0
4317608,Pampa,0.591,0.0,0.0,0.0,0.409,0.591,0.0
4317707,Pampa,1.0,0.0,0.0,0.0,0.0,1.0,0.0
4317756,Pampa,0.689,0.0,0.0,0.0,0.311,0.689,0.0
4317806,Pampa,0.629,0.0,0.0,0.0,0.371,0.629,0.0
4317905,Mata Atlântica,1.0,0.0,0.0,0.0,1.0,0.0,0.0
4317954,Mata Atlântica,1.0,0.0,0.0,0.0,1.0,0.0,0.0
4318002,Pampa,1.0,0.0,0.0,0.0,0.0,1.0,0.0
4318051,Mata Atlântica,1.0,0.0,0.0,0.0,1.0,0.0,0.0
4318101,Pampa,0.877,0.0,0.0,0.0,0.123,0.877,0.0
4318200,Mata Atlântica,1.0,0.0,0.0,0.0,1.0,0.0,0.0
4318309,Pampa,1.0,0.0,0.0,0.0,0.0,1.0,0.0
4318408,Pampa,1.0,0.0,0.0,0.0,0.0,1.0,0.0
4318424,Mata Atlântica,1.0,0.0,0.0,0.0,1.0,0.0,0.0
4318432,Mata Atlântica,1.0,0.0,0.0,0.0,1.0,0.0,0.0
4318440,Mata Atlântica,1.0,0.0,0.0,0.0,1.0,0.0,0.0
4318457,Mata Atlântica,1.0,0.0,0.0,0.0,1.0,0.0,0.0
4318465,Mata Atlântica,1.0,0.0,0.0,0.0,1.0,0.0,0.0
4318481,Mata Atlântica,1.0,0.0,0.0,0.0,1.0,0.0,0.0
4318499,Mata Atlântica,0.996,0.0,0.0,0.0,0.996,0.004,0.0
4318507,Pampa,1.0,0.0,0.0,0.0,0.0,1.0,0.0
4318606,Mata Atlântica,1.0,0.0,0.0,0.0,1.0,0.0,0.0
4318614,Mata Atlântica,1.0,0.0,0.0,0.0,1.0,0.0,0.0
4318622,Mata Atlântica,1.0,0.0,0.0,0.0,1.0,0.0,0.0
4318705,Mata Atlântica,1.0,0.0,0.0,0.0,1.0,0.0,0.0
4318804,Pampa,1.0,0.0,0.0,0.0,0.0,1.0,0.0
4318903,Pampa,0.869,0.0,0.0,0.0,0.131,0.869,0.0
4319000,Mata Atlântica,1.0,0.0,0.0,0.0,1.0,0.0,0.0
4319109,Mata Atlântica,1.0,0.0,0.0,0.0,1.0,0.0,0.0
4319125,Pampa,0.726,0.0,0.0,0.0,0.274,0.726,0.0
4319158,Pampa,0.985,0.0,0.0,0.0,0.015,0.985,0.0
4319208,Pampa,0.974,0.0,0.0,0.0,0.026,0.974,0.0
4319307,Mata Atlântica,1.0,0.0,0.0,0.0,1.0,0.0,0.0
4319356,Mata Atlântica,1.0,0.0,0.0,0.0,1.0,0.0,0.0
4319364,Mata Atlântica,0.844,0.0,0.0,0.0,0.844,0.156,0.0
4319372,Mata Atlântica,1.0,0.0,0.0,0.0,1.0,0.0,0.0
4319406,Pampa,0.73,0.0,0.0,0.0,0.27,0.73,0.0
4319505,Mata Atlântica,1.0,0.0,0.0,0.0,1.0,0.0,0.0
4319604,Pampa,1.0,0.0,0.0,0.0,0.0,1.0,0.0
4319703,Mata Atlântica,0.994,0.0,0.0,0.0,0.994,0.006,0.0
4319711,Mata Atlântica,1.0,0.0,0.0,0.0,1.0,0.0,0.0
4319737,Mata Atlântica,0.995,0.0,0.0,0.0,0.995,0.005,0.0
4319752,Mata Atlântica,1.0,0.0,0.0,0.0,1.0,0.0,0.0
4319802,Pampa,0.998,0.0,0.0,0.0,0.002,0.998,0.0
4319901,Mata Atlântica,1.0,0.0,0.0,0.0,1.0,0.0,0.0
4320008,Mata Atlântica,0.612,0.0,0.0,0.0,0.612,0.388,0.0
4320107,Mata Atlântica,0.516,0.0,0.0,0.0,0.516,0.484,0.0
4320206,Mata Atlântica,0.975,0.0,0.0,0.0,0.975,0.025,0.0
4320230,Mata Atlântica,1.0,0.0,0.0,0.0,1.0,0.0,0.0
4320263,Mata Atlântica,1.0,0.0,0.0,0.0,1.0,0.0,0.0
4320305,Mata Atlântica,1.0,0.0,0.0,0.0,1.0,0.0,0.0
4320321,Pampa,0.988,0.0,0.0,0.0,0.012,0.988,0.0
4320354,Pampa,1.0,0.0,0.0,0.0,0.0,1.0,0.0
4320404,Mata Atlântica,1.0,0.0,0.0,0.0,1.0,0.0,0.0
4320453,Mata Atlântica,1.0,0.0,0.0,0.0,1.0,0.0,0.0
4320503,Pampa,0.567,0.0,0.0,0.0,0.433,0.567,0.0
4320552,Pampa,1.0,0.0,0.0,0.0,0.0,1.0,0.0
4320578,Mata Atlântica,0.925,0.0,0.0,0.0,0.925,0.075,0.0
4320602,Mata Atlântica,1.0,0.0,0.0,0.0,1.0,0.0,0.0
4320651,Mata Atlântica,1.0,0.0,0.0,0.0,1.0,0.0,0.0
4320677,Mata Atlântica,1.0,0.0,0.0,0.0,1.0,0.0,0.0
4320701,Mata Atlântica,1.0,0.0,0.0,0.0,1.0,0.0,0.0
4320800,Mata Atlântica,1.0,0.0,0.0,0.0,1.0,0.0,0.0
4320859,Mata Atlântica,0.672,0.0,0.0,0.0,0.672,0.328,0.0
4320909,Mata Atlântica,1.0,0.0,0.0,0.0,1.0,0.0,0.0
4321006,Mata Atlântica,1.0,0.0,0.0,0.0,1.0,0.0,0.0
4321105,Pampa,1.0,0.0,0.0,0.0,0.0,1.0,0.0
4321204,Mata Atlântica,1.0,0.0,0.0,0.0,1.0,0.0,0.0
4321303,Pampa,0.622,0.0,0.0,0.0,0.378,0.622,0.0
4321329,Mata Atlântica,1.0,0.0,0.0,0.0,1.0,0.0,0.0
4321352,Pampa,1.0,0.0,0.0,0.0,0.0,1.0,0.0
4321402,Mata Atlântica,1.0,0.0,0.0,0.0,1.0,0.0,0.0
4321436,Mata Atlântica,1.0,0.0,0.0,0.0,1.0,0.0,0.0
4321451,Mata Atlântica,1.0,0.0,0.0,0.0,1.0,0.0,0.0
4321469,Mata Atlântica,1.0,0.0,0.0,0.0,1.0,0.0,0.0
4321477,Mata Atlântica,1.0,0.0,0.0,0.0,1.0,0.0,0.0
4321493,Mata Atlântica,0.968,0.0,0.0,0.0,0.968,0.032,0.0
4321501,Mata Atlântica,1.0,0.0,0.0,0.0,1.0,0.0,0.0
4321600,Pampa,1.0,0.0,0.0,0.0,0.0,1.0,0.0
4321626,Mata Atlântica,1.0,0.0,0.0,0.0,1.0,0.0,0.0
4321634,Mata Atlântica,1.0,0.0,0.0,0.0,1.0,0.0,0.0
4321667,Mata Atlântica,1.0,0.0,0.0,0.0,1.0,0.0,0.0
4321709,Mata Atlântica,1.0,0.0,0.0,0.0,1.0,0.0,0.0
4321808,Mata Atlântica,0.602,0.0,0.0,0.0,0.602,0.398,0.0
4321832,Mata Atlântica,1.0,0.0,0.0,0.0,1.0,0.0,0.0
4321857,Pampa,0.641,0.0,0.0,0.0,0.359,0.641,0.0
4321907,Mata Atlântica,1.0,0.0,0.0,0.0,1.0,0.0,0.0
4321956,Mata Atlântica,0.545,0.0,0.0,0.0,0.545,0.455,0.0
4322004,Pampa,0.952,0.0,0.0,0.0,0.048,0.952,0.0
4322103,Mata Atlântica,0.999,0.0,0.0,0.0,0.999,0.001,0.0
4322152,Mata Atlântica,1.0,0.0,0.0,0.0,1.0,0.0,0.0
4322186,Mata Atlântica,1.0,0.0,0.0,0.0,1.0,0.0,0.0
4322202,Pampa,1.0,0.0,0.0,0.0,0.0,1.0,0.0
4322251,Mata Atlântica,1.0,0.0,0.0,0.0,1.0,0.0,0.0
4322301,Mata Atlântica,1.0,0.0,0.0,0.0,1.0,0.0,0.0
4322327,Pampa,1.0,0.0,0.0,0.0,0.0,1.0,0.0
4322343,Mata Atlântica,0.513,0.0,0.0,0.0,0.513,0.487,0.0
4322350,Mata Atlântica,1.0,0.0,0.0,0.0,1.0,0.0,0.0
4322376,Pampa,1.0,0.0,0.0,0.0,0.0,1.0,0.0
4322400,Pampa,1.0,0.0,0.0,0.0,0.0,1.0,0.0
4322509,Mata Atlântica,1.0,0.0,0.0,0.0,1.0,0.0,0.0
4322525,Pampa,0.934,0.0,0.0,0.0,0.066,0.934,0.0
4322533,Mata Atlântica,1.0,0.0,0.0,0.0,1.0,0.0,0.0
4322541,Mata Atlântica,1.0,0.0,0.0,0.0,1.0,0.0,0.0
4322558,Mata Atlântica,1.0,0.0,0.0,0.0,1.0,0.0,0.0
4322608,Mata Atlântica,1.0,0.0,0.0,0.0,1.0,0.0,0.0
4322707,Mata Atlântica,1.0,0.0,0.0,0.0,1.0,0.0,0.0
4322806,Mata Atlântica,1.0,0.0,0.0,0.0,1.0,0.0,0.0
4322855,Mata Atlântica,1.0,0.0,0.0,0.0,1.0,0.0,0.0
4322905,Mata Atlântica,1.0,0.0,0.0,0.0,1.0,0.0,0.0
4323002,Pampa,1.0,0.0,0.0,0.0,0.0,1.0,0.0
4323101,Mata Atlântica,1.0,0.0,0.0,0.0,1.0,0.0,0.0
4323200,Mata Atlântica,0.997,0.0,0.0,0.0,0.997,0.003,0.0
4323309,Mata Atlântica,1.0,0.0,0.0,0.0,1.0,0.0,0.0
4323358,Mata Atlântica,0.701,0.0,0.0,0.0,0.701,0.299,0.0
4323408,Mata Atlântica,1.0,0.0,0.0,0.0,1.0,0.0,0.0
4323457,Pampa,1.0,0.0,0.0,0.0,0.0,1.0,0.0
4323507,Mata Atlântica,1.0,0.0,0.0,0.0,1.0,0.0,0.0
4323606,Mata Atlântica,1.0,0.0,0.0,0.0,1.0,0.0,0.0
4323705,Mata Atlântica,1.0,0.0,0.0,0.0,1.0,0.0,0.0
4323754,Mata Atlântica,0.534,0.0,0.0,0.0,0.534,0.466,0.0
4323770,Mata Atlântica,1.0,0.0,0.0,0.0,1.0,0.0,0.0
4323804,Mata Atlântica,0.623,0.0,0.0,0.0,0.623,0.377,0.0
5000203,Cerrado,1.0,0.0,0.0,1.0,0.0,0.0,0.0
5000252,Cerrado,1.0,0.0,0.0,1.0,0.0,0.0,0.0
5000609,Cerrado,0.589,0.0,0.0,0.589,0.411,0.0,0.0
5000708,Cerrado,1.0,0.0,0.0,1.0,0.0,0.0,0.0
5000807,Mata Atlântica,0.501,0.0,0.0,0.499,0.501,0.0,0.0
5000856,Mata Atlântica,1.0,0.0,0.0,0.0,1.0,0.0,0.0
5000906,Cerrado,1.0,0.0,0.0,1.0,0.0,0.0,0.0
5001003,Cerrado,0.945,0.0,0.0,0.945,0.055,0.0,0.0
5001102,Pantanal,0.79,0.0,0.0,0.21,0.0,0.0,0.79
5001243,Cerrado,0.986,0.0,0.0,0.986,0.014,0.0,0.0
5001508,Cerrado,1.0,0.0,0.0,1.0,0.0,0.0,0.0
5001904,Cerrado,0.714,0.0,0.0,0.714,0.286,0.0,0.0
5002001,Mata Atlântica,0.861,0.0,0.0,0.139,0.861,0.0,0.0
5002100,Cerrado,1.0,0.0,0.0,1.0,0.0,0.0,0.0
5002159,Cerrado,0.986,0.0,0.0,0.986,0.0,0.0,0.014
5002209,Cerrado,1.0,0.0,0.0,1.0,0.0,0.0,0.0
5002308,Cerrado,0.905,0.0,0.0,0.905,0.095,0.0,0.0
5002407,Mata Atlântica,0.772,0.0,0.0,0.228,0.772,0.0,0.0
5002605,Cerrado,1.0,0.0,0.0,1.0,0.0,0.0,0.0
5002704,Cerrado,1.0,0.0,0.0,1.0,0.0,0.0,0.0
5002803,Cerrado,1.0,0.0,0.0,1.0,0.0,0.0,0.0
5002902,Cerrado,1.0,0.0,0.0,1.0,0.0,0.0,0.0
5002951,Cerrado,1.0,0.0,0.0,1.0,0.0,0.0,0.0
5003108,Cerrado,1.0,0.0,0.0,1.0,0.0,0.0,0.0
5003157,Cerrado,0.997,0.0,0.0,0.997,0.003,0.0,0.0
5003207,Pantanal,0.987,0.0,0.0,0.013,0.0,0.0,0.987
5003256,Cerrado,1.0,0.0,0.0,1.0,0.0,0.0,0.0
5003306,Cerrado,0.683,0.0,0.0,0.683,0.0,0.0,0.317
5003454,Mata Atlântica,1.0,0.0,0.0,0.0,1.0,0.0,0.0
5003488,Cerrado,1.0,0.0,0.0,1.0,0.0,0.0,0.0
5003504,Mata Atlântica,1.0,0.0,0.0,0.0,1.0,0.0,0.0
5003702,Cerrado,0.513,0.0,0.0,0.513,0.487,0.0,0.0
5003751,Mata Atlântica,1.0,0.0,0.0,0.0,1.0,0.0,0.0
5003801,Mata Atlântica,1.0,0.0,0.0,0.0,1.0,0.0,0.0
5003900,Cerrado,1.0,0.0,0.0,1.0,0.0,0.0,0.0
5004007,Mata Atlântica,1.0,0.0,0.0,0.0,1.0,0.0,0.0
5004106,Cerrado,1.0,0.0,0.0,1.0,0.0,0.0,0.0
5004304,Mata Atlântica,0.661,0.0,0.0,0.339,0.661,0.0,0.0
5004403,Cerrado,1.0,0.0,0.0,1.0,0.0,0.0,0.0
5004502,Mata Atlântica,0.906,0.0,0.0,0.094,0.906,0.0,0.0
5004601,Mata Atlântica,1.0,0.0,0.0,0.0,1.0,0.0,0.0
5004700,Mata Atlântica,1.0,0.0,0.0,0.0,1.0,0.0,0.0
5004809,Mata Atlântica,1.0,0.0,0.0,0.0,1.0,0.0,0.0
5004908,Cerrado,1.0,0.0,0.0,1.0,0.0,0.0,0.0
5005004,Cerrado,1.0,0.0,0.0,1.0,0.0,0.0,0.0
5005103,Mata Atlântica,1.0,0.0,0.0,0.0,1.0,0.0,0.0
5005152,Mata Atlântica,1.0,0.0,0.0,0.0,1.0,0.0,0.0
5005202,Pantanal,1.0,0.0,0.0,0.0,0.0,0.0,1.0
5005251,Cerrado,0.82,0.0,0.0,0.82,0.18,0.0,0.0
5005400,Cerrado,0.987,0.0,0.0,0.987,0.013,0.0,0.0
5005608,Cerrado,0.635,0.0,0.0,0.635,0.0,0.0,0.365
5005681,Mata Atlântica,1.0,0.0,0.0,0.0,1.0,0.0,0.0
5005707,Mata Atlântica,1.0,0.0,0.0,0.0,1.0,0.0,0.0
5005806,Cerrado,1.0,0.0,0.0,1.0,0.0,0.0,0.0
5006002,Cerrado,0.978,0.0,0.0,0.978,0.022,0.0,0.0
5006200,Cerrado,0.854,0.0,0.0,0.854,0.146,0.0,0.0
5006259,Mata Atlântica,1.0,0.0,0.0,0.0,1.0,0.0,0.0
5006275,Cerrado,1.0,0.0,0.0,1.0,0.0,0.0,0.0
5006309,Cerrado,0.955,0.0,0.0,0.955,0.045,0.0,0.0
5006358,Cerrado,0.87,0.0,0.0,0.87,0.13,0.0,0.0
5006408,Cerrado,1.0,0.0,0.0,1.0,0.0,0.0,0.0
5006606,Cerrado,1.0,0.0,0.0,1.0,0.0,0.0,0.0
5006903,Pantanal,0.606,0.0,0.0,0.394,0.0,0.0,0.606
5007109,Cerrado,1.0,0.0,0.0,1.0,0.0,0.0,0.0
5007208,Cerrado,0.626,0.0,0.0,0.626,0.374,0.0,0.0
5007307,Cerrado,1.0,0.0,0.0,1.0,0.0,0.0,0.0
5007406,Pantanal,0.567,0.0,0.0,0.433,0.0,0.0,0.567
5007505,Cerrado,1.0,0.0,0.0,1.0,0.0,0.0,0.0
5007554,Cerrado,0.952,0.0,0.0,0.952,0.048,0.0,0.0
5007695,Cerrado,1.0,0.0,0.0,1.0,0.0,0.0,0.0
5007703,Mata Atlântica,0.972,0.0,0.0,0.028,0.972,0.0,0.0
5007802,Cerrado,0.968,0.0,0.0,0.968,0.032,0.0,0.0
5007901,Cerrado,1.0,0.0,0.0,1.0,0.0,0.0,0.0
5007935,Cerrado,0.831,0.0,0.0,0.831,0.0,0.0,0.169
5007950,Mata Atlântica,0.818,0.0,0.0,0.182,0.818,0.0,0.0
5007976,Mata Atlântica,1.0,0.0,0.0,0.0,1.0,0.0,0.0
5008008,Cerrado,1.0,0.0,0.0,1.0,0.0,0.0,0.0
5008305,Cerrado,0.959,0.0,0.0,0.959,0.041,0.0,0.0
5008404,Mata Atlântica,1.0,0.0,0.0,0.0,1.0,0.0,0.0
5100102,Cerrado,1.0,0.0,0.0,1.0,0.0,0.0,0.0
5100201,Cerrado,1.0,0.0,0.0,1.0,0.0,0.0,0.0
5100250,Amazônia,1.0,1.0,0.0,0.0,0.0,0.0,0.0
5100300,Cerrado,1.0,0.0,0.0,1.0,0.0,0.0,0.0
5100359,Amazônia,0.785,0.785,0.0,0.215,0.0,0.0,0.0
5100409,Cerrado,1.0,0.0,0.0,1.0,0.0,0.0,0.0
5100508,Cerrado,0.884,0.116,0.0,0.884,0.0,0.0,0.0
5100607,Cerrado,1.0,0.0,0.0,1.0,0.0,0.0,0.0
5100805,Amazônia,1.0,1.0,0.0,0.0,0.0,0.0,0.0
5101001,Cerrado,1.0,0.0,0.0,1.0,0.0,0.0,0.0
5101209,Cerrado,1.0,0.0,0.0,1.0,0.0,0.0,0.0
5101258,Amazônia,0.782,0.782,0.0,0.218,0.0,0.0,0.0
5101308,Amazônia,1.0,1.0,0.0,0.0,0.0,0.0,0.0
5101407,Amazônia,1.0,1.0,0.0,0.0,0.0,0.0,0.0
5101605,Pantanal,0.997,0.0,0.0,0.003,0.0,0.0,0.997
5101704,Amazônia,0.748,0.748,0.0,0.252,0.0,0.0,0.0
5101803,Cerrado,1.0,0.0,0.0,1.0,0.0,0.0,0.0
5101837,Cerrado,0.79,0.21,0.0,0.79,0.0,0.0,0.0
5101852,Amazônia,0.983,0.983,0.0,0.017,0.0,0.0,0.0
5101902,Amazônia,0.697,0.697,0.0,0.303,0.0,0.0,0.0
5102504,Pantanal,0.715,0.14,0.0,0.145,0.0,0.0,0.715
5102603,Cerrado,0.999,0.001,0.0,0.999,0.0,0.0,0.0
5102637,Cerrado,0.974,0.026,0.0,0.974,0.0,0.0,0.0
5102678,Cerrado,1.0,0.0,0.0,1.0,0.0,0.0,0.0
5102686,Cerrado,1.0,0.0,0.0,1.0,0.0,0.0,0.0
5102694,Amazônia,0.745,0.745,0.0,0.255,0.0,0.0,0.0
5102702,Cerrado,0.606,0.394,0.0,0.606,0.0,0.0,0.0
5102793,Amazônia,1.0,1.0,0.0,0.0,0.0,0.0,0.0
5102850,Amazônia,1.0,1.0,0.0,0.0,0.0,0.0,0.0
5103007,Cerrado,1.0,0.0,0.0,1.0,0.0,0.0,0.0
5103056,Amazônia,1.0,1.0,0.0,0.0,0.0,0.0,0.0
5103106,Cerrado,1.0,0.0,0.0,1.0,0.0,0.0,0.0
5103205,Amazônia,1.0,1.0,0.0,0.0,0.0,0.0,0.0
5103254,Amazônia,1.0,1.0,0.0,0.0,0.0,0.0,0.0
5103304,Cerrado,0.574,0.426,0.0,0.574,0.0,0.0,0.0
5103353,Amazônia,0.998,0.998,0.0,0.002,0.0,0.0,0.0
5103361,Amazônia,0.503,0.503,0.0,0.497,0.0,0.0,0.0
5103379,Amazônia,1.0,1.0,0.0,0.0,0.0,0.0,0.0
5103403,Cerrado,1.0,0.0,0.0,1.0,0.0,0.0,0.0
5103437,Amazônia,0.906,0.906,0.0,0.0,0.0,0.0,0.094
5103452,Amazônia,1.0,1.0,0.0,0.0,0.0,0.0,0.0
5103502,Cerrado,0.881,0.119,0.0,0.881,0.0,0.0,0.0
5103601,Cerrado,1.0,0.0,0.0,1.0,0.0,0.0,0.0
5103700,Amazônia,1.0,1.0,0.0,0.0,0.0,0.0,0.0
5103809,Amazônia,1.0,1.0,0.0,0.0,0.0,0.0,0.0
5103858,Amazônia,0.906,0.906,0.0,0.094,0.0,0.0,0.0
5103908,Cerrado,1.0,0.0,0.0,1.0,0.0,0.0,0.0
5103957,Amazônia,0.983,0.983,0.0,0.0,0.0,0.0,0.017
5104104,Amazônia,1.0,1.0,0.0,0.0,0.0,0.0,0.0
5104203,Cerrado,1.0,0.0,0.0,1.0,0.0,0.0,0.0
5104500,Amazônia,0.981,0.981,0.0,0.019,0.0,0.0,0.0
5104526,Amazônia,0.904,0.904,0.0,0.096,0.0,0.0,0.0
5104542,Amazônia,1.0,1.0,0.0,0.0,0.0,0.0,0.0
5104559,Amazônia,1.0,1.0,0.0,0.0,0.0,0.0,0.0
5104609,Cerrado,0.802,0.0,0.0,0.802,0.0,0.0,0.198
5104807,Cerrado,1.0,0.0,0.0,1.0,0.0,0.0,0.0
5104906,Cerrado,1.0,0.0,0.0,1.0,0.0,0.0,0.0
5105002,Amazônia,0.902,0.902,0.0,0.098,0.0,0.0,0.0
5105101,Amazônia,1.0,1.0,0.0,0.0,0.0,0.0,0.0
5105150,Amazônia,0.838,0.838,0.0,0.162,0.0,0.0,0.0
5105176,Amazônia,1.0,1.0,0.0,0.0,0.0,0.0,0.0
5105200,Cerrado,0.997,0.0,0.0,0.997,0.0,0.0,0.003
5105234,Amazônia,0.979,0.979,0.0,0.0,0.0,0.0,0.021
5105259,Cerrado,0.804,0.196,0.0,0.804,0.0,0.0,0.0
5105309,Cerrado,1.0,0.0,0.0,1.0,0.0,0.0,0.0
5105507,Amazônia,1.0,1.0,0.0,0.0,0.0,0.0,0.0
5105580,Amazônia,1.0,1.0,0.0,0.0,0.0,0.0,0.0
5105606,Amazônia,1.0,1.0,0.0,0.0,0.0,0.0,0.0
5105622,Amazônia,0.966,0.966,0.0,0.0,0.0,0.0,0.034
5105903,Cerrado,1.0,0.0,0.0,1.0,0.0,0.0,0.0
5106000,Amazônia,0.793,0.793,0.0,0.207,0.0,0.0,0.0
5106109,Cerrado,0.745,0.0,0.0,0.745,0.0,0.0,0.255
5106158,Amazônia,1.0,1.0,0.0,0.0,0.0,0.0,0.0
5106174,Cerrado,1.0,0.0,0.0,1.0,0.0,0.0,0.0
5106182,Amazônia,0.787,0.787,0.0,0.213,0.0,0.0,0.0
5106190,Amazônia,1.0,1.0,0.0,0.0,0.0,0.0,0.0
5106208,Cerrado,1.0,0.0,0.0,1.0,0.0,0.0,0.0
5106216,Amazônia,1.0,1.0,0.0,0.0,0.0,0.0,0.0
5106224,Cerrado,0.688,0.312,0.0,0.688,0.0,0.0,0.0
5106232,Amazônia,1.0,1.0,0.0,0.0,0.0,0.0,0.0
5106240,Amazônia,0.956,0.956,0.0,0.044,0.0,0.0,0.0
5106257,Cerrado,1.0,0.0,0.0,1.0,0.0,0.0,0.0
5106265,Amazônia,1.0,1.0,0.0,0.0,0.0,0.0,0.0
5106273,Amazônia,1.0,1.0,0.0,0.0,0.0,0.0,0.0
5106281,Cerrado,1.0,0.0,0.0,1.0,0.0,0.0,0.0
5106299,Amazônia,1.0,1.0,0.0,0.0,0.0,0.0,0.0
5106307,Cerrado,0.661,0.339,0.0,0.661,0.0,0.0,0.0
5106315,Cerrado,0.928,0.072,0.0,0.928,0.0,0.0,0.0
5106372,Cerrado,1.0,0.0,0.0,1.0,0.0,0.0,0.0
5106422,Amazônia,1.0,1.0,0.0,0.0,0.0,0.0,0.0
5106455,Cerrado,1.0,0.0,0.0,1.0,0.0,0.0,0.0
5106505,Pantanal,0.812,0.0,0.0,0.188,0.0,0.0,0.812
5106653,Cerrado,1.0,0.0,0.0,1.0,0.0,0.0,0.0
5106703,Cerrado,1.0,0.0,0.0,1.0,0.0,0.0,0.0
5106752,Amazônia,0.943,0.943,0.0,0.057,0.0,0.0,0.0
5106778,Amazônia,0.532,0.532,0.0,0.468,0.0,0.0,0.0
5106802,Amazônia,1.0,1.0,0.0,0.0,0.0,0.0,0.0
5106828,Amazônia,0.857,0.857,0.0,0.0,0.0,0.0,0.143
5106851,Cerrado,0.887,0.113,0.0,0.887,0.0,0.0,0.0
5107008,Cerrado,1.0,0.0,0.0,1.0,0.0,0.0,0.0
5107040,Cerrado,1.0,0.0,0.0,1.0,0.0,0.0,0.0
5107065,Amazônia,0.991,0.991,0.0,0.009,0.0,0.0,0.0
5107107,Amazônia,1.0,1.0,0.0,0.0,0.0,0.0,0.0
5107156,Cerrado,0.888,0.112,0.0,0.888,0.0,0.0,0.0
5107180,Cerrado,0.751,0.249,0.0,0.751,0.0,0.0,0.0
5107198,Cerrado,1.0,0.0,0.0,1.0,0.0,0.0,0.0
5107206,Amazônia,0.993,0.993,0.0,0.007,0.0,0.0,0.0
5107248,Amazônia,1.0,1.0,0.0,0.0,0.0,0.0,0.0
5107263,Amazônia,0.996,0.996,0.0,0.004,0.0,0.0,0.0
5107297,Cerrado,1.0,0.0,0.0,1.0,0.0,0.0,0.0
5107305,Amazônia,0.685,0.685,0.0,0.315,0.0,0.0,0.0
5107354,Amazônia,1.0,1.0,0.0,0.0,0.0,0.0,0.0
5107404,Cerrado,1.0,0.0,0.0,1.0,0.0,0.0,0.0
5107578,Amazônia,1.0,1.0,0.0,0.0,0.0,0.0,0.0
5107602,Cerrado,0.997,0.0,0.0,0.997,0.0,0.0,0.003
5107701,Cerrado,1.0,0.0,0.0,1.0,0.0,0.0,0.0
5107743,Amazônia,1.0,1.0,0.0,0.0,0.0,0.0,0.0
5107750,Amazônia,0.804,0.804,0.0,0.196,0.0,0.0,0.0
5107768,Cerrado,1.0,0.0,0.0,1.0,0.0,0.0,0.0
5107776,Amazônia,0.774,0.774,0.0,0.226,0.0,0.0,0.0
5107792,Cerrado,1.0,0.0,0.0,1.0,0.0,0.0,0.0
5107800,Pantanal,0.712,0.0,0.0,0.288,0.0,0.0,0.712
5107859,Amazônia,0.659,0.659,0.0,0.341,0.0,0.0,0.0
5107875,Cerrado,0.995,0.005,0.0,0.995,0.0,0.0,0.0
5107883,Cerrado,0.584,0.416,0.0,0.584,0.0,0.0,0.0
5107909,Amazônia,1.0,1.0,0.0,0.0,0.0,0.0,0.0
5107925,Cerrado,0.64,0.36,0.0,0.64,0.0,0.0,0.0
5107941,Amazônia,1.0,1.0,0.0,0.0,0.0,0.0,0.0
5107958,Cerrado,0.746,0.254,0.0,0.746,0.0,0.0,0.0
5108006,Amazônia,0.841,0.841,0.0,0.159,0.0,0.0,0.0
5108055,Amazônia,1.0,1.0,0.0,0.0,0.0,0.0,0.0
5108105,Cerrado,1.0,0.0,0.0,1.0,0.0,0.0,0.0
5108204,Cerrado,1.0,0.0,0.0,1.0,0.0,0.0,0.0
5108303,Amazônia,1.0,1.0,0.0,0.0,0.0,0.0,0.0
5108352,Cerrado,0.644,0.356,0.0,0.644,0.0,0.0,0.0
5108402,Cerrado,1.0,0.0,0.0,1.0,0.0,0.0,0.0
5108501,Amazônia,0.999,0.999,0.0,0.001,0.0,0.0,0.0
5108600,Amazônia,1.0,1.0,0.0,0.0,0.0,0.0,0.0
5108808,Amazônia,1.0,1.0,0.0,0.0,0.0,0.0,0.0
5108857,Amazônia,0.712,0.712,0.0,0.288,0.0,0.0,0.0
5108907,Amazônia,0.941,0.941,0.0,0.059,0.0,0.0,0.0
5108956,Amazônia,1.0,1.0,0.0,0.0,0.0,0.0,0.0
5200050,Cerrado,1.0,0.0,0.0,1.0,0.0,0.0,0.0
5200100,Cerrado,1.0,0.0,0.0,1.0,0.0,0.0,0.0
5200134,Cerrado,1.0,0.0,0.0,1.0,0.0,0.0,0.0
5200159,Cerrado,1.0,0.0,0.0,1.0,0.0,0.0,0.0
5200175,Cerrado,1.0,0.0,0.0,1.0,0.0,0.0,0.0
5200209,Mata Atlântica,1.0,0.0,0.0,0.0,1.0,0.0,0.0
5200258,Cerrado,1.0,0.0,0.0,1.0,0.0,0.0,0.0
5200308,Cerrado,1.0,0.0,0.0,1.0,0.0,0.0,0.0
5200506,Cerrado,1.0,0.0,0.0,1.0,0.0,0.0,0.0
5200555,Cerrado,1.0,0.0,0.0,1.0,0.0,0.0,0.0
5200605,Cerrado,1.0,0.0,0.0,1.0,0.0,0.0,0.0
5200803,Cerrado,1.0,0.0,0.0,1.0,0.0,0.0,0.0
5200829,Cerrado,1.0,0.0,0.0,1.0,0.0,0.0,0.0
5200852,Cerrado,1.0,0.0,0.0,1.0,0.0,0.0,0.0
5200902,Cerrado,1.0,0.0,0.0,1.0,0.0,0.0,0.0
5201108,Cerrado,1.0,0.0,0.0,1.0,0.0,0.0,0.0
5201207,Cerrado,1.0,0.0,0.0,1.0,0.0,0.0,0.0
5201306,Cerrado,1.0,0.0,0.0,1.0,0.0,0.0,0.0
5201405,Cerrado,1.0,0.0,0.0,1.0,0.0,0.0,0.0
5201454,Cerrado,1.0,0.0,0.0,1.0,0.0,0.0,0.0
5201504,Cerrado,1.0,0.0,0.0,1.0,0.0,0.0,0.0
5201603,Cerrado,1.0,0.0,0.0,1.0,0.0,0.0,0.0
5201702,Cerrado,1.0,0.0,0.0,1.0,0.0,0.0,0.0
5201801,Cerrado,1.0,0.0,0.0,1.0,0.0,0.0,0.0
5202155,Cerrado,1.0,0.0,0.0,1.0,0.0,0.0,0.0
5202353,Cerrado,1.0,0.0,0.0,1.0,0.0,0.0,0.0
5202502,Cerrado,1.0,0.0,0.0,1.0,0.0,0.0,0.0
5202601,Cerrado,1.0,0.0,0.0,1.0,0.0,0.0,0.0
5202809,Cerrado,1.0,0.0,0.0,1.0,0.0,0.0,0.0
5203104,Cerrado,1.0,0.0,0.0,1.0,0.0,0.0,0.0
5203203,Cerrado,1.0,0.0,0.0,1.0,0.0,0.0,0.0
5203302,Cerrado,1.0,0.0,0.0,1.0,0.0,0.0,0.0
5203401,Cerrado,1.0,0.0,0.0,1.0,0.0,0.0,0.0
5203500,Cerrado,1.0,0.0,0.0,1.0,0.0,0.0,0.0
5203559,Cerrado,1.0,0.0,0.0,1.0,0.0,0.0,0.0
5203575,Cerrado,1.0,0.0,0.0,1.0,0.0,0.0,0.0
5203609,Cerrado,1.0,0.0,0.0,1.0,0.0,0.0,0.0
5203807,Cerrado,1.0,0.0,0.0,1.0,0.0,0.0,0.0
5203906,Mata Atlântica,0.647,0.0,0.0,0.353,0.647,0.0,0.0
5203939,Cerrado,1.0,0.0,0.0,1.0,0.0,0.0,0.0
5203962,Cerrado,1.0,0.0,0.0,1.0,0.0,0.0,0.0
5204003,Cerrado,1.0,0.0,0.0,1.0,0.0,0.0,0.0
5204102,Cerrado,0.943,0.0,0.0,0.943,0.057,0.0,0.0
5204201,Cerrado,1.0,0.0,0.0,1.0,0.0,0.0,0.0
5204250,Cerrado,0.951,0.0,0.0,0.951,0.049,0.0,0.0
5204300,Cerrado,0.905,0.0,0.0,0.905,0.095,0.0,0.0
5204409,Cerrado,1.0,0.0,0.0,1.0,0.0,0.0,0.0
5204508,Cerrado,0.997,0.0,0.0,0.997,0.003,0.0,0.0
5204557,Cerrado,1.0,0.0,0.0,1.0,0.0,0.0,0.0
5204607,Cerrado,1.0,0.0,0.0,1.0,0.0,0.0,0.0
5204656,Cerrado,1.0,0.0,0.0,1.0,0.0,0.0,0.0
5204706,Cerrado,1.0,0.0,0.0,1.0,0.0,0.0,0.0
5204805,Cerrado,1.0,0.0,0.0,1.0,0.0,0.0,0.0
5204854,Cerrado,1.0,0.0,0.0,1.0,0.0,0.0,0.0
5204904,Cerrado,1.0,0.0,0.0,1.0,0.0,0.0,0.0
5204953,Cerrado,1.0,0.0,0.0,1.0,0.0,0.0,0.0
5205000,Cerrado,1.0,0.0,0.0,1.0,0.0,0.0,0.0
5205059,Cerrado,1.0,0.0,0.0,1.0,0.0,0.0,0.0
5205109,Cerrado,1.0,0.0,0.0,1.0,0.0,0.0,0.0
5205208,Cerrado,1.0,0.0,0.0,1.0,0.0,0.0,0.0
5205307,Cerrado,1.0,0.0,0.0,1.0,0.0,0.0,0.0
5205406,Cerrado,1.0,0.0,0.0,1.0,0.0,0.0,0.0
5205455,Cerrado,1.0,0.0,0.0,1.0,0.0,0.0,0.0
5205471,Cerrado,1.0,0.0,0.0,1.0,0.0,0.0,0.0
5205497,Cerrado,1.0,0.0,0.0,1.0,0.0,0.0,0.0
5205513,Cerrado,1.0,0.0,0.0,1.0,0.0,0.0,0.0
5205521,Cerrado,1.0,0.0,0.0,1.0,0.0,0.0,0.0
5205703,Cerrado,1.0,0.0,0.0,1.0,0.0,0.0,0.0
5205802,Cerrado,1.0,0.0,0.0,1.0,0.0,0.0,0.0
5205901,Cerrado,0.521,0.0,0.0,0.521,0.479,0.0,0.0
5206206,Cerrado,1.0,0.0,0.0,1.0,0.0,0.0,0.0
5206305,Cerrado,1.0,0.0,0.0,1.0,0.0,0.0,0.0
5206404,Cerrado,1.0,0.0,0.0,1.0,0.0,0.0,0.0
5206503,Cerrado,1.0,0.0,0.0,1.0,0.0,0.0,0.0
5206602,Cerrado,0.978,0.0,0.0,0.978,0.022,0.0,0.0
5206701,Cerrado,1.0,0.0,0.0,1.0,0.0,0.0,0.0
5206800,Cerrado,1.0,0.0,0.0,1.0,0.0,0.0,0.0
5206909,Cerrado,1.0,0.0,0.0,1.0,0.0,0.0,0.0
5207105,Cerrado,1.0,0.0,0.0,1.0,0.0,0.0,0.0
5207253,Cerrado,1.0,0.0,0.0,1.0,0.0,0.0,0.0
5207352,Cerrado,1.0,0.0,0.0,1.0,0.0,0.0,0.0
5207402,Cerrado,1.0,0.0,0.0,1.0,0.0,0.0,0.0
5207501,Cerrado,1.0,0.0,0.0,1.0,0.0,0.0,0.0
5207535,Cerrado,1.0,0.0,0.0,1.0,0.0,0.0,0.0
5207600,Cerrado,1.0,0.0,0.0,1.0,0.0,0.0,0.0
5207808,Cerrado,1.0,0.0,0.0,1.0,0.0,0.0,0.0
5207907,Cerrado,1.0,0.0,0.0,1.0,0.0,0.0,0.0
5208004,Cerrado,1.0,0.0,0.0,1.0,0.0,0.0,0.0
5208103,Cerrado,1.0,0.0,0.0,1.0,0.0,0.0,0.0
5208152,Cerrado,1.0,0.0,0.0,1.0,0.0,0.0,0.0
5208301,Cerrado,1.0,0.0,0.0,1.0,0.0,0.0,0.0
5208400,Cerrado,1.0,0.0,0.0,1.0,0.0,0.0,0.0
5208509,Cerrado,1.0,0.0,0.0,1.0,0.0,0.0,0.0
5208608,Cerrado,1.0,0.0,0.0,1.0,0.0,0.0,0.0
5208707,Cerrado,1.0,0.0,0.0,1.0,0.0,0.0,0.0
5208806,Cerrado,1.0,0.0,0.0,1.0,0.0,0.0,0.0
5208905,Cerrado,1.0,0.0,0.0,1.0,0.0,0.0,0.0
5209101,Cerrado,1.0,0.0,0.0,1.0,0.0,0.0,0.0
5209150,Cerrado,0.591,0.0,0.0,0.591,0.409,0.0,0.0
5209200,Cerrado,1.0,0.0,0.0,1.0,0.0,0.0,0.0
5209291,Cerrado,1.0,0.0,0.0,1.0,0.0,0.0,0.0
5209408,Cerrado,1.0,0.0,0.0,1.0,0.0,0.0,0.0
5209457,Cerrado,1.0,0.0,0.0,1.0,0.0,0.0,0.0
5209606,Cerrado,1.0,0.0,0.0,1.0,0.0,0.0,0.0
5209705,Cerrado,1.0,0.0,0.0,1.0,0.0,0.0,0.0
5209804,Cerrado,1.0,0.0,0.0,1.0,0.0,0.0,0.0
5209903,Cerrado,1.0,0.0,0.0,1.0,0.0,0.0,0.0
5209937,Cerrado,0.997,0.0,0.0,0.997,0.003,0.0,0.0
5209952,Cerrado,1.0,0.0,0.0,1.0,0.0,0.0,0.0
5210000,Cerrado,1.0,0.0,0.0,1.0,0.0,0.0,0.0
5210109,Cerrado,1.0,0.0,0.0,1.0,0.0,0.0,0.0
5210158,Cerrado,1.0,0.0,0.0,1.0,0.0,0.0,0.0
5210208,Cerrado,1.0,0.0,0.0,1.0,0.0,0.0,0.0
5210307,Cerrado,1.0,0.0,0.0,1.0,0.0,0.0,0.0
5210406,Cerrado,1.0,0.0,0.0,1.0,0.0,0.0,0.0
5210562,Cerrado,1.0,0.0,0.0,1.0,0.0,0.0,0.0
5210604,Cerrado,1.0,0.0,0.0,1.0,0.0,0.0,0.0
5210802,Cerrado,0.939,0.0,0.0,0.939,0.061,0.0,0.0
5210901,Cerrado,1.0,0.0,0.0,1.0,0.0,0.0,0.0
5211008,Cerrado,1.0,0.0,0.0,1.0,0.0,0.0,0.0
5211206,Cerrado,1.0,0.0,0.0,1.0,0.0,0.0,0.0
5211305,Cerrado,0.988,0.0,0.0,0.988,0.012,0.0,0.0
5211404,Cerrado,1.0,0.0,0.0,1.0,0.0,0.0,0.0
5211503,Cerrado,0.838,0.0,0.0,0.838,0.162,0.0,0.0
5211602,Cerrado,1.0,0.0,0.0,1.0,0.0,0.0,0.0
5211701,Cerrado,1.0,0.0,0.0,1.0,0.0,0.0,0.0
5211800,Cerrado,1.0,0.0,0.0,1.0,0.0,0.0,0.0
5211909,Cerrado,1.0,0.0,0.0,1.0,0.0,0.0,0.0
5212006,Cerrado,1.0,0.0,0.0,1.0,0.0,0.0,0.0
5212055,Cerrado,1.0,0.0,0.0,1.0,0.0,0.0,0.0
5212105,Cerrado,1.0,0.0,0.0,1.0,0.0,0.0,0.0
5212204,Cerrado,1.0,0.0,0.0,1.0,0.0,0.0,0.0
5212253,Cerrado,1.0,0.0,0.0,1.0,0.0,0.0,0.0
5212303,Cerrado,1.0,0.0,0.0,1.0,0.0,0.0,0.0
5212501,Cerrado,1.0,0.0,0.0,1.0,0.0,0.0,0.0
5212600,Cerrado,1.0,0.0,0.0,1.0,0.0,0.0,0.0
5212709,Cerrado,1.0,0.0,0.0,1.0,0.0,0.0,0.0
5212808,Cerrado,1.0,0.0,0.0,1.0,0.0,0.0,0.0
5212907,Cerrado,0.536,0.0,0.0,0.536,0.464,0.0,0.0
5212956,Cerrado,1.0,0.0,0.0,1.0,0.0,0.0,0.0
5213004,Cerrado,1.0,0.0,0.0,1.0,0.0,0.0,0.0
5213053,Cerrado,1.0,0.0,0.0,1.0,0.0,0.0,0.0
5213087,Cerrado,1.0,0.0,0.0,1.0,0.0,0.0,0.0
5213103,Cerrado,1.0,0.0,0.0,1.0,0.0,0.0,0.0
5213400,Cerrado,1.0,0.0,0.0,1.0,0.0,0.0,0.0
5213509,Cerrado,1.0,0.0,0.0,1.0,0.0,0.0,0.0
5213707,Cerrado,1.0,0.0,0.0,1.0,0.0,0.0,0.0
5213756,Cerrado,1.0,0.0,0.0,1.0,0.0,0.0,0.0
5213772,Cerrado,1.0,0.0,0.0,1.0,0.0,0.0,0.0
5213806,Cerrado,0.857,0.0,0.0,0.857,0.143,0.0,0.0
5213855,Cerrado,1.0,0.0,0.0,1.0,0.0,0.0,0.0
5213905,Cerrado,1.0,0.0,0.0,1.0,0.0,0.0,0.0
5214002,Cerrado,1.0,0.0,0.0,1.0,0.0,0.0,0.0
5214051,Cerrado,1.0,0.0,0.0,1.0,0.0,0.0,0.0
5214101,Cerrado,1.0,0.0,0.0,1.0,0.0,0.0,0.0
5214408,Cerrado,1.0,0.0,0.0,1.0,0.0,0.0,0.0
5214507,Cerrado,1.0,0.0,0.0,1.0,0.0,0.0,0.0
5214606,Cerrado,1.0,0.0,0.0,1.0,0.0,0.0,0.0
5214705,Cerrado,1.0,0.0,0.0,1.0,0.0,0.0,0.0
5214804,Cerrado,1.0,0.0,0.0,1.0,0.0,0.0,0.0
5214838,Cerrado,1.0,0.0,0.0,1.0,0.0,0.0,0.0
5214861,Cerrado,1.0,0.0,0.0,1.0,0.0,0.0,0.0
5214879,Cerrado,1.0,0.0,0.0,1.0,0.0,0.0,0.0
5214903,Cerrado,1.0,0.0,0.0,1.0,0.0,0.0,0.0
5215009,Cerrado,1.0,0.0,0.0,1.0,0.0,0.0,0.0
5215207,Cerrado,1.0,0.0,0.0,1.0,0.0,0.0,0.0
5215231,Cerrado,1.0,0.0,0.0,1.0,0.0,0.0,0.0
5215256,Cerrado,1.0,0.0,0.0,1.0,0.0,0.0,0.0
5215306,Cerrado,1.0,0.0,0.0,1.0,0.0,0.0,0.0
5215405,Cerrado,1.0,0.0,0.0,1.0,0.0,0.0,0.0
5215504,Cerrado,1.0,0.0,0.0,1.0,0.0,0.0,0.0
5215603,Cerrado,1.0,0.0,0.0,1.0,0.0,0.0,0.0
5215652,Cerrado,1.0,0.0,0.0,1.0,0.0,0.0,0.0
5215702,Cerrado,1.0,0.0,0.0,1.0,0.0,0.0,0.0
5215801,Cerrado,1.0,0.0,0.0,1.0,0.0,0.0,0.0
5215900,Cerrado,1.0,0.0,0.0,1.0,0.0,0.0,0.0
5216007,Cerrado,1.0,0.0,0.0,1.0,0.0,0.0,0.0
5216304,Mata Atlântica,0.529,0.0,0.0,0.471,0.529,0.0,0.0
5216403,Cerrado,1.0,0.0,0.0,1.0,0.0,0.0,0.0
5216452,Cerrado,1.0,0.0,0.0,1.0,0.0,0.0,0.0
5216809,Cerrado,1.0,0.0,0.0,1.0,0.0,0.0,0.0
5216908,Cerrado,1.0,0.0,0.0,1.0,0.0,0.0,0.0
5217104,Cerrado,1.0,0.0,0.0,1.0,0.0,0.0,0.0
5217203,Cerrado,1.0,0.0,0.0,1.0,0.0,0.0,0.0
5217302,Cerrado,1.0,0.0,0.0,1.0,0.0,0.0,0.0
5217401,Cerrado,1.0,0.0,0.0,1.0,0.0,0.0,0.0
5217609,Cerrado,1.0,0.0,0.0,1.0,0.0,0.0,0.0
5217708,Cerrado,1.0,0.0,0.0,1.0,0.0,0.0,0.0
5218003,Cerrado,1.0,0.0,0.0,1.0,0.0,0.0,0.0
5218052,Cerrado,1.0,0.0,0.0,1.0,0.0,0.0,0.0
5218102,Cerrado,1.0,0.0,0.0,1.0,0.0,0.0,0.0
5218300,Cerrado,1.0,0.0,0.0,1.0,0.0,0.0,0.0
5218391,Cerrado,1.0,0.0,0.0,1.0,0.0,0.0,0.0
5218508,Cerrado,0.787,0.0,0.0,0.787,0.213,0.0,0.0
5218607,Cerrado,1.0,0.0,0.0,1.0,0.0,0.0,0.0
5218706,Cerrado,1.0,0.0,0.0,1.0,0.0,0.0,0.0
5218789,Cerrado,0.925,0.0,0.0,0.925,0.075,0.0,0.0
5218805,Cerrado,1.0,0.0,0.0,1.0,0.0,0.0,0.0
5218904,Cerrado,1.0,0.0,0.0,1.0,0.0,0.0,0.0
5219001,Cerrado,1.0,0.0,0.0,1.0,0.0,0.0,0.0
5219100,Cerrado,1.0,0.0,0.0,1.0,0.0,0.0,0.0
5219209,Cerrado,1.0,0.0,0.0,1.0,0.0,0.0,0.0
5219258,Cerrado,1.0,0.0,0.0,1.0,0.0,0.0,0.0
5219308,Cerrado,1.0,0.0,0.0,1.0,0.0,0.0,0.0
5219357,Cerrado,1.0,0.0,0.0,1.0,0.0,0.0,0.0
5219407,Cerrado,1.0,0.0,0.0,1.0,0.0,0.0,0.0
5219456,Cerrado,1.0,0.0,0.0,1.0,0.0,0.0,0.0
5219506,Cerrado,1.0,0.0,0.0,1.0,0.0,0.0,0.0
5219605,Cerrado,1.0,0.0,0.0,1.0,0.0,0.0,0.0
5219704,Cerrado,1.0,0.0,0.0,1.0,0.0,0.0,0.0
5219712,Cerrado,1.0,0.0,0.0,1.0,0.0,0.0,0.0
5219738,Cerrado,1.0,0.0,0.0,1.0,0.0,0.0,0.0
5219753,Cerrado,1.0,0.0,0.0,1.0,0.0,0.0,0.0
5219803,Cerrado,1.0,0.0,0.0,1.0,0.0,0.0,0.0
5219902,Cerrado,1.0,0.0,0.0,1.0,0.0,0.0,0.0
5220009,Cerrado,1.0,0.0,0.0,1.0,0.0,0.0,0.0
5220058,Cerrado,1.0,0.0,0.0,1.0,0.0,0.0,0.0
5220108,Cerrado,1.0,0.0,0.0,1.0,0.0,0.0,0.0
5220157,Cerrado,1.0,0.0,0.0,1.0,0.0,0.0,0.0
5220207,Cerrado,1.0,0.0,0.0,1.0,0.0,0.0,0.0
5220264,Cerrado,1.0,0.0,0.0,1.0,0.0,0.0,0.0
5220280,Cerrado,1.0,0.0,0.0,1.0,0.0,0.0,0.0
5220405,Mata Atlântica,0.96,0.0,0.0,0.04,0.96,0.0,0.0
5220454,Cerrado,1.0,0.0,0.0,1.0,0.0,0.0,0.0
5220504,Cerrado,1.0,0.0,0.0,1.0,0.0,0.0,0.0
5220603,Cerrado,1.0,0.0,0.0,1.0,0.0,0.0,0.0
5220686,Cerrado,1.0,0.0,0.0,1.0,0.0,0.0,0.0
5220702,Cerrado,1.0,0.0,0.0,1.0,0.0,0.0,0.0
5221007,Cerrado,1.0,0.0,0.0,1.0,0.0,0.0,0.0
5221080,Cerrado,1.0,0.0,0.0,1.0,0.0,0.0,0.0
5221197,Cerrado,1.0,0.0,0.0,1.0,0.0,0.0,0.0
5221304,Cerrado,1.0,0.0,0.0,1.0,0.0,0.0,0.0
5221403,Cerrado,1.0,0.0,0.0,1.0,0.0,0.0,0.0
5221452,Cerrado,1.0,0.0,0.0,1.0,0.0,0.0,0.0
5221502,Cerrado,1.0,0.0,0.0,1.0,0.0,0.0,0.0
5221551,Cerrado,1.0,0.0,0.0,1.0,0.0,0.0,0.0
5221577,Cerrado,1.0,0.0,0.0,1.0,0.0,0.0,0.0
5221601,Cerrado,1.0,0.0,0.0,1.0,0.0,0.0,0.0
5221700,Cerrado,1.0,0.0,0.0,1.0,0.0,0.0,0.0
5221809,Cerrado,1.0,0.0,0.0,1.0,0.0,0.0,0.0
5221858,Cerrado,1.0,0.0,0.0,1.0,0.0,0.0,0.0
5221908,Cerrado,1.0,0.0,0.0,1.0,0.0,0.0,0.0
5222005,Cerrado,1.0,0.0,0.0,1.0,0.0,0.0,0.0
5222054,Cerrado,1.0,0.0,0.0,1.0,0.0,0.0,0.0
5222203,Cerrado,1.0,0.0,0.0,1.0,0.0,0.0,0.0
5222302,Cerrado,1.0,0.0,0.0,1.0,0.0,0.0,0.0
5300108,Cerrado,1.0,0.0,0.0,1.0,0.0,0.0,0.0
