geocodigo,municipio,uf,ano,pct_nativa,nativa_ha,area_total_ha,nativa_florestal_ha,nativa_nao_florestal_ha,agua_ha,pct_nativa_sem_agua
1100015,Alta Floresta D'Oeste,RO,2025,65.75,464141.19,705864.52,377056.62,87084.57,7456.1,66.46
1100023,Ariquemes,RO,2025,30.65,135644.41,442565.16,134564.45,1079.96,6149.34,31.08
1100031,Cabixi,RO,2025,30.3,39755.6,131208.98,37282.76,2472.84,1177.65,30.57
1100049,Cacoal,RO,2025,37.07,140612.23,379288.35,139691.89,920.34,1746.15,37.24
1100056,Cerejeiras,RO,2025,71.12,197930.32,278322.72,94649.72,103280.6,930.45,71.35
1100064,Colorado do Oeste,RO,2025,23.39,33939.27,145105.06,31432.82,2506.45,310.24,23.44
1100072,Corumbiara,RO,2025,34.1,104365.69,306030.64,99426.73,4938.95,1095.1,34.23
1100080,Costa Marques,RO,2025,59.86,297664.62,497309.49,286506.13,11158.49,5653.51,60.54
1100098,Espigão D'Oeste,RO,2025,55.28,249770.3,451801.19,244633.65,5136.65,853.34,55.39
1100106,Guajará-Mirim,RO,2025,93.38,2317000.15,2481213.6,2246863.97,70136.18,22275.5,94.23
1100114,Jaru,RO,2025,14.87,43767.91,294415.96,41562.67,2205.24,1355.64,14.93
1100122,Ji-Paraná,RO,2025,66.0,455197.48,689661.63,451664.76,3532.72,5507.12,66.53
1100130,Machadinho D'Oeste,RO,2025,57.28,487416.14,850916.7,458004.91,29411.23,9189.69,57.91
1100148,Nova Brasilândia D'Oeste,RO,2025,25.41,43281.64,170300.52,42004.29,1277.35,723.08,25.52
1100155,Ouro Preto do Oeste,RO,2025,12.15,23942.57,196987.93,21700.44,2242.13,877.45,12.21
1100189,Pimenta Bueno,RO,2025,58.43,364628.9,624090.42,359103.15,5525.76,7722.98,59.16
1100205,Porto Velho,RO,2025,62.63,2134175.9,3407764.76,2102234.69,31941.21,117226.31,64.86
1100254,Presidente Médici,RO,2025,17.11,30089.58,175831.77,26975.52,3114.06,1525.27,17.26
1100262,Rio Crespo,RO,2025,39.31,67516.26,171767.64,67163.2,353.06,701.61,39.47
1100288,Rolim de Moura,RO,2025,16.24,23678.62,145778.48,23457.62,221.0,759.86,16.33
1100296,Santa Luzia D'Oeste,RO,2025,24.78,29682.55,119772.14,29277.15,405.4,383.9,24.86
1100304,Vilhena,RO,2025,83.04,972245.13,1170860.83,959995.16,12249.97,2185.32,83.19
1100320,São Miguel do Guaporé,RO,2025,74.64,506795.82,678958.34,467030.48,39765.34,1399.45,74.8
1100338,Nova Mamoré,RO,2025,54.82,551894.94,1006776.5,549668.26,2226.68,4419.78,55.06
1100346,Alvorada D'Oeste,RO,2025,50.11,151780.01,302922.05,145402.76,6377.25,312.46,50.16
1100379,Alto Alegre dos Parecis,RO,2025,65.86,260343.18,395300.66,216236.78,44106.4,3169.75,66.39
1100403,Alto Paraíso,RO,2025,24.37,64645.39,265228.55,64341.77,303.62,3093.99,24.66
1100452,Buritis,RO,2025,16.4,53541.26,326563.36,53434.53,106.73,1941.87,16.49
1100502,Novo Horizonte do Oeste,RO,2025,16.22,13683.12,84347.77,13259.88,423.24,288.06,16.28
1100601,Cacaulândia,RO,2025,29.43,57747.3,196190.17,56453.3,1294.01,1072.26,29.6
1100700,Campo Novo de Rondônia,RO,2025,39.41,135663.11,344203.52,133969.07,1694.05,941.41,39.52
1100809,Candeias do Jamari,RO,2025,54.97,376181.14,684396.44,368346.41,7834.72,33075.96,57.76
1100908,Castanheiras,RO,2025,28.52,25465.63,89282.02,25196.73,268.9,607.83,28.72
1100924,Chupinguaia,RO,2025,49.14,251499.3,511756.53,242804.4,8694.89,2152.27,49.35
1100940,Cujubim,RO,2025,35.77,138197.3,386390.31,138148.32,48.97,1414.37,35.9
1101005,Governador Jorge Teixeira,RO,2025,71.55,362566.3,506736.98,358535.48,4030.82,475.92,71.62
1101104,Itapuã do Oeste,RO,2025,74.16,302704.09,408154.8,296650.47,6053.61,15274.94,77.05
1101203,Ministro Andreazza,RO,2025,19.4,15492.2,79848.05,13135.68,2356.52,98.62,19.43
1101302,Mirante da Serra,RO,2025,46.02,54844.76,119186.23,52938.12,1906.64,498.26,46.21
1101401,Monte Negro,RO,2025,23.87,46110.49,193189.75,45364.2,746.29,1777.63,24.09
1101435,Nova União,RO,2025,11.25,9078.63,80716.28,8501.14,577.5,271.83,11.29
1101450,Parecis,RO,2025,50.79,129440.09,254871.43,124362.55,5077.55,382.84,50.86
1101468,Pimenteiras do Oeste,RO,2025,76.38,457600.78,599074.01,254572.32,203028.46,15386.59,78.4
1101476,Primavera de Rondônia,RO,2025,24.26,14687.49,60551.41,14561.84,125.66,305.88,24.38
1101484,São Felipe D'Oeste,RO,2025,14.38,7787.27,54167.02,7781.06,6.21,126.12,14.41
1101492,São Francisco do Guaporé,RO,2025,76.01,831718.14,1094212.83,658453.37,173264.77,12965.69,76.92
1101500,Seringueiras,RO,2025,63.13,280533.12,444405.05,273536.12,6997.01,1019.77,63.27
1101559,Teixeirópolis,RO,2025,10.37,4770.1,45992.31,4660.23,109.86,125.66,10.4
1101609,Theobroma,RO,2025,22.83,50161.3,219739.33,49952.26,209.04,1089.76,22.94
1101708,Urupá,RO,2025,12.8,10650.47,83183.56,9720.37,930.09,931.58,12.95
1101757,Vale do Anari,RO,2025,60.11,188448.62,313512.7,188202.88,245.75,2640.95,60.62
1101807,Vale do Paraíso,RO,2025,12.55,12114.74,96568.66,11651.07,463.66,794.38,12.65
1200013,Acrelândia,AC,2025,25.63,46397.11,181029.87,46364.52,32.6,1015.5,25.77
1200054,Assis Brasil,AC,2025,92.47,458387.16,495705.11,458137.32,249.84,1313.49,92.72
1200104,Brasiléia,AC,2025,57.32,225123.5,392778.05,224881.86,241.64,862.6,57.44
1200138,Bujari,AC,2025,54.35,164988.91,303556.71,164972.52,16.39,984.83,54.53
1200179,Capixaba,AC,2025,39.92,67987.12,170309.82,67971.1,16.01,807.49,40.11
1200203,Cruzeiro do Sul,AC,2025,88.35,776038.42,878359.75,774961.02,1077.39,4862.47,88.84
1200252,Epitaciolândia,AC,2025,44.25,73032.75,165034.07,72946.26,86.5,486.21,44.38
1200302,Feijó,AC,2025,92.64,2588415.48,2794066.95,2588137.43,278.05,12045.78,93.04
1200328,Jordão,AC,2025,96.52,515777.14,534390.97,515681.44,95.7,2051.52,96.89
1200336,Mâncio Lima,AC,2025,93.2,502935.83,539610.08,502888.93,46.9,1078.85,93.39
1200344,Manoel Urbano,AC,2025,92.91,982832.01,1057814.54,982110.57,721.44,6691.4,93.5
1200351,Marechal Thaumaturgo,AC,2025,96.5,789234.4,817881.35,788680.2,554.2,3081.51,96.86
1200385,Plácido de Castro,AC,2025,20.89,40653.11,194566.17,40617.03,36.09,881.04,20.99
1200393,Porto Walter,AC,2025,96.21,620132.67,644541.89,619393.71,738.95,2994.37,96.66
1200401,Rio Branco,AC,2025,63.71,562889.22,883474.44,562701.53,187.7,3371.93,63.96
1200427,Rodrigues Alves,AC,2025,82.85,253933.57,306510.14,253771.98,161.59,767.31,83.05
1200435,Santa Rosa do Purus,AC,2025,97.74,596351.57,610144.63,596033.57,318.0,4318.71,98.44
1200450,Senador Guiomard,AC,2025,24.39,56608.49,232096.79,56560.93,47.56,1016.24,24.5
1200500,Sena Madureira,AC,2025,89.81,2131278.56,2373228.33,2130572.05,706.51,6391.74,90.05
1200609,Tarauacá,AC,2025,91.6,1847550.92,2016964.22,1847302.06,248.86,8855.33,92.0
1200708,Xapuri,AC,2025,68.99,368811.8,534623.29,368790.44,21.36,1498.55,69.18
1200807,Porto Acre,AC,2025,46.6,121333.99,260397.35,121326.76,7.23,1141.44,46.8
1300029,Alvarães,AM,2025,95.81,567456.56,592286.81,564876.61,2579.95,18084.68,98.83
1300060,Amaturá,AM,2025,93.38,443922.67,475418.23,442149.63,1773.04,29847.42,99.63
1300086,Anamã,AM,2025,91.27,223250.29,244613.64,219515.03,3735.26,18229.92,98.62
1300102,Anori,AM,2025,87.67,529180.83,603581.53,512530.93,16649.9,72678.13,99.68
1300144,Apuí,AM,2025,91.31,4952940.45,5424055.75,4947427.18,5513.27,30524.62,91.83
1300201,Atalaia do Norte,AM,2025,99.43,7603262.15,7647105.67,7603032.91,229.24,41677.28,99.97
1300300,Autazes,AM,2025,72.44,554334.65,765280.17,522527.48,31807.17,118649.01,85.73
1300409,Barcelos,AM,2025,95.34,11667759.6,12238597.13,11068746.48,599013.12,565073.9,99.95
1300508,Barreirinha,AM,2025,81.0,465892.1,575180.23,434942.47,30949.63,86571.17,95.35
1300607,Benjamin Constant,AM,2025,97.68,848103.48,868238.24,846948.79,1154.7,17609.36,99.7
1300631,Beruri,AM,2025,93.93,1641211.33,1747282.26,1620536.75,20674.58,97015.02,99.45
1300680,Boa Vista do Ramos,AM,2025,82.74,214258.36,258947.68,188482.3,25776.05,35088.01,95.71
1300706,Boca do Acre,AM,2025,84.54,1854591.26,2193869.6,1849639.91,4951.35,16374.11,85.17
1300805,Borba,AM,2025,95.58,4227875.67,4423552.43,4184338.66,43537.01,160574.39,99.18
1300839,Caapiranga,AM,2025,95.47,902734.75,945550.69,894164.4,8570.34,32197.7,98.84
1300904,Canutama,AM,2025,94.55,3181105.88,3364357.61,3110594.99,70510.89,34579.99,95.54
1301001,Carauari,AM,2025,98.13,2529746.47,2577860.19,2523756.99,5989.48,39479.74,99.66
1301100,Careiro,AM,2025,87.16,531343.96,609622.62,512803.37,18540.6,30821.7,91.8
1301159,Careiro da Várzea,AM,2025,58.85,154629.25,262742.33,112806.48,41822.77,67826.21,79.33
1301209,Coari,AM,2025,95.49,5535423.46,5797082.93,5495646.94,39776.52,251890.35,99.82
1301308,Codajás,AM,2025,92.29,1725992.98,1870128.79,1692438.67,33554.31,139836.85,99.75
1301407,Eirunepé,AM,2025,97.06,1452619.3,1496624.52,1448280.66,4338.64,23634.89,98.62
1301506,Envira,AM,2025,94.83,711767.39,750572.64,711016.38,751.01,8039.75,95.86
1301605,Fonte Boa,AM,2025,93.73,1139412.99,1215602.96,1125071.66,14341.33,73472.02,99.76
1301654,Guajará,AM,2025,92.23,699404.76,758332.06,698478.7,926.06,5597.45,92.92
1301704,Humaitá,AM,2025,93.65,3100730.67,3311099.98,2972826.99,127903.68,80815.1,95.99
1301803,Ipixuna,AM,2025,96.85,1172759.13,1210962.31,1171329.16,1429.97,14175.62,97.99
1301852,Iranduba,AM,2025,76.59,169774.45,221680.61,162244.08,7530.36,32854.14,89.91
1301902,Itacoatiara,AM,2025,73.78,656059.68,889191.5,605436.01,50623.67,171708.3,91.44
1301951,Itamarati,AM,2025,98.69,2493010.79,2526051.75,2489528.49,3482.31,28996.14,99.84
1302009,Itapiranga,AM,2025,93.41,404946.55,433503.96,398379.61,6566.95,22868.96,98.61
1302108,Japurá,AM,2025,97.23,5421906.12,5576428.0,5413395.49,8510.63,140953.44,99.75
1302207,Juruá,AM,2025,96.38,1873518.89,1943879.63,1859854.95,13663.94,67661.52,99.86
1302306,Jutaí,AM,2025,98.15,6817759.47,6945921.06,6805050.85,12708.62,116120.3,99.82
1302405,Lábrea,AM,2025,89.18,6087339.68,6826255.91,5969365.91,117973.77,57751.0,89.94
1302504,Manacapuru,AM,2025,74.66,547779.85,733655.51,515820.22,31959.63,146655.59,93.32
1302553,Manaquiri,AM,2025,88.09,350015.55,397324.0,337303.97,12711.58,29555.29,95.17
1302603,Manaus,AM,2025,82.46,940140.87,1140105.39,935142.81,4998.06,147960.51,94.76
1302702,Manicoré,AM,2025,93.99,4541237.51,4831528.93,4270552.84,270684.67,77496.98,95.52
1302801,Maraã,AM,2025,90.49,1523097.36,1683090.45,1462387.29,60710.07,157713.05,99.85
1302900,Maués,AM,2025,95.29,3810635.59,3999071.88,3782048.52,28587.08,113591.79,98.07
1303007,Nhamundá,AM,2025,91.8,1295099.29,1410790.7,1263958.44,31140.85,95602.04,98.47
1303106,Nova Olinda do Norte,AM,2025,89.35,498416.83,557820.37,487808.9,10607.94,41698.43,96.57
1303205,Novo Airão,AM,2025,96.74,3654366.98,3777661.07,3642781.8,11585.18,118139.04,99.86
1303304,Novo Aripuanã,AM,2025,92.62,3813945.84,4117905.89,3721111.39,92834.44,73394.02,94.3
1303403,Parintins,AM,2025,56.86,338677.11,595615.0,284199.24,54477.88,214793.51,88.93
1303502,Pauini,AM,2025,98.68,4107608.09,4162439.97,4102087.6,5520.49,26807.33,99.32
1303536,Presidente Figueiredo,AM,2025,87.88,2237223.81,2545905.25,2221625.14,15598.67,264891.72,98.08
1303569,Rio Preto da Eva,AM,2025,96.32,560150.63,581562.02,559601.39,549.24,1401.53,96.55
1303601,Santa Isabel do Rio Negro,AM,2025,98.83,6200734.17,6273968.26,6154149.41,46584.76,71507.57,99.97
1303700,Santo Antônio do Içá,AM,2025,95.33,1180408.17,1238210.13,1178746.56,1661.61,54689.71,99.74
1303809,São Gabriel da Cachoeira,AM,2025,98.65,10720375.37,10866832.39,10686584.58,33790.79,141117.3,99.95
1303908,São Paulo de Olivença,AM,2025,96.66,1900208.46,1965846.22,1895659.36,4549.1,60918.62,99.75
1303957,São Sebastião do Uatumã,AM,2025,94.21,1003085.01,1064752.23,995978.26,7106.75,48530.79,98.71
1304005,Silves,AM,2025,82.65,307724.22,372341.68,295198.31,12525.91,56193.92,97.34
1304062,Tabatinga,AM,2025,95.22,310333.82,325927.67,309015.04,1318.77,11007.58,98.54
1304104,Tapauá,AM,2025,98.12,8334595.51,8494536.14,8271009.94,63585.57,128974.67,99.63
1304203,Tefé,AM,2025,96.56,2287742.18,2369266.92,2279922.88,7819.3,66188.59,99.33
1304237,Tonantins,AM,2025,94.15,607020.54,644747.86,601628.75,5391.79,35948.27,99.71
1304260,Uarini,AM,2025,94.16,967540.42,1027555.12,961121.76,6418.66,52527.91,99.23
1304302,Urucará,AM,2025,97.24,2715457.87,2792515.99,2699885.19,15572.68,61257.21,99.42
1304401,Urucurituba,AM,2025,65.26,186892.83,286392.15,125533.62,61359.21,91828.96,96.06
1400027,Amajari,RR,2025,97.12,2748891.69,2830418.45,2311509.6,437382.09,20275.25,97.82
1400050,Alto Alegre,RR,2025,94.51,2401610.93,2541172.04,2228641.57,172969.36,17457.47,95.16
1400100,Boa Vista,RR,2025,77.5,440811.85,568796.19,61358.92,379452.93,21030.01,80.47
1400159,Bonfim,RR,2025,84.17,679756.15,807618.71,260346.8,419409.35,9517.95,85.17
1400175,Cantá,RR,2025,81.84,627305.77,766476.68,583084.95,44220.82,9420.12,82.86
1400209,Caracaraí,RR,2025,93.6,4433535.95,4736889.02,3797921.37,635614.58,182414.77,97.34
1400233,Caroebe,RR,2025,91.97,1109012.01,1205873.41,1108073.14,938.87,7380.8,92.53
1400282,Iracema,RR,2025,92.19,1291360.62,1400801.17,1289417.64,1942.98,2543.46,92.35
1400308,Mucajaí,RR,2025,84.09,1037450.0,1233786.64,1030169.93,7280.06,7798.42,84.62
1400407,Normandia,RR,2025,93.61,651405.12,695902.91,102700.3,548704.82,8110.4,94.71
1400456,Pacaraima,RR,2025,92.8,743829.08,801583.13,191012.78,552816.3,4454.71,93.31
1400472,Rorainópolis,RR,2025,92.86,3118318.48,3357976.63,2875930.63,242387.84,92148.05,95.48
1400506,São João da Baliza,RR,2025,89.92,385208.34,428406.0,385124.22,84.11,794.59,90.08
1400605,São Luiz,RR,2025,67.2,102604.48,152687.8,102430.36,174.12,345.12,67.35
1400704,Uiramutã,RR,2025,94.6,764578.31,808247.81,253751.96,510826.35,3727.05,95.04
1500107,Abaetetuba,PA,2025,62.91,101332.43,161066.05,97314.88,4017.55,42203.81,85.25
1500131,Abel Figueiredo,PA,2025,22.16,13609.93,61415.02,12967.07,642.86,20.58,22.17
1500206,Acará,PA,2025,67.29,292328.65,434435.87,289657.02,2671.62,6116.95,68.25
1500305,Afuá,PA,2025,66.17,551779.3,833848.37,540479.68,11299.62,281170.99,99.84
1500347,Água Azul do Norte,PA,2025,39.57,281478.33,711394.66,274764.84,6713.49,559.89,39.6
1500404,Alenquer,PA,2025,88.31,2087957.63,2364289.82,2039420.77,48536.86,73308.6,91.14
1500503,Almeirim,PA,2025,96.37,7031738.39,7296768.05,6920292.74,111445.64,132159.17,98.15
1500602,Altamira,PA,2025,91.54,14604115.73,15953322.15,14581248.78,22866.96,180617.9,92.59
1500701,Anajás,PA,2025,97.84,676430.96,691359.15,668540.11,7890.85,14056.4,99.87
1500800,Ananindeua,PA,2025,54.65,10418.74,19063.0,10404.8,13.94,1837.53,60.48
1500859,Anapu,PA,2025,73.0,868319.06,1189522.28,862973.91,5345.15,12055.46,73.74
1500909,Augusto Corrêa,PA,2025,68.81,73968.18,107501.68,73570.14,398.04,4260.22,71.65
1500958,Aurora do Pará,PA,2025,34.02,61634.11,181188.62,61509.22,124.88,1863.18,34.37
1501006,Aveiro,PA,2025,90.04,1537357.16,1707466.34,1535691.67,1665.5,71565.88,93.98
1501105,Bagre,PA,2025,91.93,404225.13,439730.66,401238.36,2986.77,26435.19,97.81
1501204,Baião,PA,2025,68.7,258298.39,376007.07,249424.93,8873.47,27820.07,74.18
1501253,Bannach,PA,2025,31.28,92487.09,295663.73,88766.15,3720.94,417.68,31.33
1501303,Barcarena,PA,2025,48.4,63422.17,131031.62,63233.24,188.92,51963.07,80.21
1501402,Belém,PA,2025,29.97,31750.47,105942.88,31666.45,84.01,56513.04,64.23
1501451,Belterra,PA,2025,71.88,316173.2,439849.59,315758.53,414.67,58544.81,82.92
1501501,Benevides,PA,2025,57.82,10860.22,18782.24,10855.93,4.29,731.68,60.17
1501576,Bom Jesus do Tocantins,PA,2025,40.45,113942.23,281656.49,112458.74,1483.49,4985.45,41.18
1501600,Bonito,PA,2025,29.33,17214.91,58695.47,17202.04,12.87,18.95,29.34
1501709,Bragança,PA,2025,57.41,121331.48,211339.11,119363.21,1968.27,5248.3,58.87
1501725,Brasil Novo,PA,2025,62.63,398473.07,636262.42,398428.91,44.16,752.0,62.7
1501758,Brejo Grande do Araguaia,PA,2025,21.54,27749.32,128845.02,26116.49,1632.82,3059.24,22.06
1501782,Breu Branco,PA,2025,33.59,132416.63,394176.81,131306.66,1109.97,26830.86,36.05
1501808,Breves,PA,2025,88.58,847445.47,956653.55,847360.39,85.08,106639.85,99.7
1501907,Bujaru,PA,2025,67.22,66867.43,99468.23,66704.7,162.73,5938.02,71.49
1501956,Cachoeira do Piriá,PA,2025,50.84,123007.06,241962.13,123001.08,5.99,1008.21,51.05
1502004,Cachoeira do Arari,PA,2025,80.42,249320.34,310029.92,43239.46,206080.88,54476.55,97.56
1502103,Cametá,PA,2025,77.52,238919.42,308220.14,183762.34,55157.09,47816.41,91.75
1502152,Canaã dos Carajás,PA,2025,52.68,165763.27,314681.2,157833.12,7930.15,920.4,52.83
1502202,Capanema,PA,2025,39.81,24742.78,62149.48,23837.42,905.36,195.84,39.94
1502301,Capitão Poço,PA,2025,31.26,90690.23,290105.65,90248.71,441.53,667.33,31.33
1502400,Castanhal,PA,2025,36.72,37792.46,102932.39,37768.51,23.95,92.41,36.75
1502509,Chaves,PA,2025,76.91,955099.79,1241909.16,416730.78,538369.0,286139.62,99.93
1502608,Colares,PA,2025,54.17,20801.5,38403.65,20423.04,378.46,14481.43,86.95
1502707,Conceição do Araguaia,PA,2025,31.56,183953.4,582942.5,154961.53,28991.87,14573.48,32.37
1502756,Concórdia do Pará,PA,2025,54.24,38002.75,70062.18,37948.42,54.33,22.96,54.26
1502764,Cumaru do Norte,PA,2025,56.82,970702.22,1708503.4,948898.74,21803.48,4500.77,56.97
1502772,Curionópolis,PA,2025,21.75,51536.51,236910.16,45288.47,6248.04,335.41,21.78
1502806,Curralinho,PA,2025,89.38,323311.43,361734.46,311924.59,11386.84,36915.6,99.54
1502855,Curuá,PA,2025,47.94,68612.78,143128.37,50228.86,18383.92,48873.93,72.8
1502905,Curuçá,PA,2025,75.07,50052.56,66676.3,49515.05,537.52,4014.93,79.88
1502939,Dom Eliseu,PA,2025,47.89,252301.49,526858.61,251931.57,369.92,783.49,47.96
1502954,Eldorado do Carajás,PA,2025,8.61,25443.49,295668.5,24992.68,450.81,649.25,8.62
1503002,Faro,PA,2025,97.8,1151300.6,1177167.03,1143877.4,7423.2,14603.73,99.03
1503044,Floresta do Araguaia,PA,2025,27.68,95326.47,344424.04,69542.44,25784.03,6519.54,28.21
1503077,Garrafão do Norte,PA,2025,36.52,58717.14,160798.24,58715.72,1.43,138.75,36.55
1503093,Goianésia do Pará,PA,2025,44.09,309652.84,702386.13,309045.62,607.22,47592.42,47.29
1503101,Gurupá,PA,2025,82.75,709124.56,856966.61,692263.34,16861.22,140943.36,99.04
1503200,Igarapé-Açu,PA,2025,37.25,29275.71,78599.47,29028.84,246.87,205.4,37.34
1503309,Igarapé-Miri,PA,2025,80.53,160811.88,199681.22,142294.4,18517.47,32472.73,96.17
1503408,Inhangapi,PA,2025,54.9,25947.59,47260.67,25815.95,131.64,2350.53,57.78
1503457,Ipixuna do Pará,PA,2025,56.4,294180.61,521553.72,292558.81,1621.8,6660.51,57.13
1503507,Irituia,PA,2025,34.27,47470.62,138520.53,47016.57,454.05,348.24,34.36
1503606,Itaituba,PA,2025,89.75,5568448.73,6204249.59,5563905.26,4543.47,88659.66,91.05
1503705,Itupiranga,PA,2025,42.29,333261.55,788038.73,331628.69,1632.86,12611.18,42.98
1503754,Jacareacanga,PA,2025,95.04,5066148.56,5330457.98,5036853.48,29295.08,80224.32,96.49
1503804,Jacundá,PA,2025,23.14,46469.75,200797.61,44255.75,2214.0,25619.46,26.53
1503903,Juruti,PA,2025,80.45,668103.71,830491.45,634778.62,33325.09,110562.49,92.8
1504000,Limoeiro do Ajuru,PA,2025,65.37,97362.51,148937.12,92968.24,4394.27,51324.79,99.74
1504059,Mãe do Rio,PA,2025,21.55,10113.26,46935.3,9997.11,116.14,58.7,21.57
1504109,Magalhães Barata,PA,2025,77.41,25079.1,32397.44,24987.12,91.98,2270.86,83.25
1504208,Marabá,PA,2025,45.62,690160.83,1512782.0,687922.68,2238.15,14568.94,46.07
1504307,Maracanã,PA,2025,71.12,57003.19,80149.39,54903.58,2099.6,6085.66,76.97
1504406,Marapanim,PA,2025,73.19,58387.63,79770.36,55070.97,3316.66,3749.15,76.8
1504422,Marituba,PA,2025,61.66,6363.77,10320.9,6359.04,4.74,706.47,66.19
1504455,Medicilândia,PA,2025,71.64,592631.09,827260.71,592629.93,1.16,711.49,71.7
1504505,Melgaço,PA,2025,91.38,618870.03,677272.72,614911.05,3958.98,55022.8,99.46
1504604,Mocajuba,PA,2025,78.54,68413.72,87109.0,56159.9,12253.82,7638.57,86.09
1504703,Moju,PA,2025,64.7,588395.14,909411.77,573069.54,15325.6,7208.95,65.22
1504752,Mojuí dos Campos,PA,2025,63.11,314801.96,498806.05,314520.73,281.22,8491.79,64.2
1504802,Monte Alegre,PA,2025,79.03,1434476.48,1815140.97,1366789.97,67686.51,133163.27,85.29
1504901,Muaná,PA,2025,84.98,319790.1,376332.79,204637.48,115152.62,51711.81,98.51
1504950,Nova Esperança do Piriá,PA,2025,61.12,171632.66,280823.77,171632.66,0.0,146.38,61.15
1504976,Nova Ipixuna,PA,2025,23.94,37451.38,156422.95,32154.92,5296.46,10276.6,25.63
1505007,Nova Timboteua,PA,2025,43.26,21188.14,48980.23,20388.18,799.97,263.59,43.49
1505031,Novo Progresso,PA,2025,80.63,3076967.69,3816183.2,3069796.76,7170.93,10755.44,80.86
1505064,Novo Repartimento,PA,2025,37.45,576614.29,1539871.82,572787.25,3827.04,116806.52,40.52
1505106,Óbidos,PA,2025,90.02,2521600.12,2801124.75,2255047.65,266552.46,142089.27,94.83
1505205,Oeiras do Pará,PA,2025,85.15,328018.92,385231.29,297733.65,30285.27,30405.31,92.45
1505304,Oriximiná,PA,2025,97.58,10492919.96,10752925.24,10224512.78,268407.18,173842.29,99.19
1505403,Ourém,PA,2025,32.97,18518.62,56168.12,18492.26,26.36,166.04,33.07
1505437,Ourilândia do Norte,PA,2025,83.76,1206968.22,1441065.96,1129345.74,77622.49,3928.37,83.98
1505486,Pacajá,PA,2025,44.5,526542.03,1183224.53,526507.86,34.17,2088.14,44.58
1505494,Palestina do Pará,PA,2025,21.26,20929.64,98436.59,19806.77,1122.87,4303.11,22.23
1505502,Paragominas,PA,2025,66.01,1276788.65,1934252.85,1275324.99,1463.66,8368.5,66.3
1505536,Parauapebas,PA,2025,83.72,576463.36,688575.95,572098.01,4365.35,2609.37,84.04
1505551,Pau D'Arco,PA,2025,38.97,65129.1,167143.54,60835.75,4293.35,72.21,38.98
1505601,Peixe-Boi,PA,2025,44.91,20221.12,45024.61,19813.72,407.4,152.04,45.06
1505635,Piçarra,PA,2025,13.43,44474.27,331270.93,43867.95,606.32,7783.97,13.75
1505650,Placas,PA,2025,65.62,470707.7,717316.6,470555.17,152.53,542.17,65.67
1505700,Ponta de Pedras,PA,2025,84.23,283326.73,336375.4,90399.95,192926.78,51207.13,99.35
1505809,Portel,PA,2025,86.01,2183353.33,2538626.17,2163047.41,20305.92,90623.2,89.19
1505908,Porto de Moz,PA,2025,82.55,1438201.78,1742207.9,1265437.87,172763.92,199883.99,93.25
1506005,Prainha,PA,2025,72.75,1075794.16,1478817.35,1014819.71,60974.45,230155.86,86.16
1506104,Primavera,PA,2025,64.87,16823.08,25934.03,16342.37,480.71,474.91,66.08
1506112,Quatipuru,PA,2025,76.62,22892.27,29877.45,21550.57,1341.7,3196.35,85.8
1506138,Redenção,PA,2025,29.98,114635.83,382380.91,104995.64,9640.19,872.34,30.05
1506161,Rio Maria,PA,2025,20.39,83886.66,411478.79,80031.44,3855.22,1480.2,20.46
1506187,Rondon do Pará,PA,2025,44.39,366113.29,824707.6,363793.09,2320.2,691.8,44.43
1506195,Rurópolis,PA,2025,69.83,490332.58,702132.56,490276.84,55.73,4357.55,70.27
1506203,Salinópolis,PA,2025,68.53,15215.18,22202.82,14798.44,416.75,2078.34,75.61
1506302,Salvaterra,PA,2025,75.8,69623.64,91854.16,22108.69,47514.95,18918.85,95.46
1506351,Santa Bárbara do Pará,PA,2025,71.18,19798.71,27816.49,19784.05,14.66,1651.02,75.67
1506401,Santa Cruz do Arari,PA,2025,92.68,99778.78,107663.87,4549.48,95229.3,7754.4,99.87
1506500,Santa Izabel do Pará,PA,2025,52.7,37819.88,71761.91,37642.39,177.49,2015.33,54.22
1506559,Santa Luzia do Pará,PA,2025,45.33,61042.96,134649.79,61042.96,0.0,251.55,45.42
1506583,Santa Maria das Barreiras,PA,2025,33.34,344459.1,1033023.43,302399.43,42059.67,9194.02,33.64
1506609,Santa Maria do Pará,PA,2025,26.04,11919.78,45772.98,11910.3,9.47,33.07,26.06
1506708,Santana do Araguaia,PA,2025,38.91,451040.51,1159133.37,408228.88,42811.64,11497.19,39.3
1506807,Santarém,PA,2025,71.86,1286369.88,1789991.35,1219770.64,66599.25,375895.55,90.97
1506906,Santarém Novo,PA,2025,61.62,14141.13,22949.7,14114.85,26.28,627.5,63.35
1507003,Santo Antônio do Tauá,PA,2025,43.05,23141.44,53760.99,23134.03,7.42,9202.66,51.94
1507102,São Caetano de Odivelas,PA,2025,70.08,32520.02,46401.53,31709.16,810.86,2788.08,74.56
1507151,São Domingos do Araguaia,PA,2025,14.79,20593.01,139246.36,20574.23,18.78,68.78,14.8
1507201,São Domingos do Capim,PA,2025,40.02,67505.02,168674.54,67094.05,410.97,4089.84,41.02
1507300,São Félix do Xingu,PA,2025,73.84,6218187.95,8421265.4,6145234.2,72953.74,99849.35,74.73
1507409,São Francisco do Pará,PA,2025,34.02,16310.2,47942.97,16292.95,17.25,28.06,34.04
1507458,São Geraldo do Araguaia,PA,2025,18.99,60164.7,316838.69,52444.84,7719.86,4043.44,19.23
1507466,São João da Ponta,PA,2025,63.94,12525.52,19589.08,12445.96,79.56,751.49,66.49
1507474,São João de Pirabas,PA,2025,76.19,49368.32,64794.52,47683.05,1685.27,3311.63,80.3
1507508,São João do Araguaia,PA,2025,21.3,27265.69,127989.22,24502.74,2762.95,10945.93,23.3
1507607,São Miguel do Guamá,PA,2025,37.59,41147.37,109456.39,40863.73,283.64,2325.5,38.41
1507706,São Sebastião da Boa Vista,PA,2025,92.03,150215.13,163225.08,148560.62,1654.51,12578.14,99.71
1507755,Sapucaia,PA,2025,13.82,17933.54,129808.16,17100.51,833.03,142.66,13.83
1507805,Senador José Porfírio,PA,2025,84.19,1214017.26,1441981.46,1211186.47,2830.78,42567.43,86.75
1507904,Soure,PA,2025,94.67,266957.12,281992.25,21260.49,245696.63,13616.13,99.47
1507953,Tailândia,PA,2025,48.53,215026.4,443046.31,214901.14,125.26,683.89,48.61
1507961,Terra Alta,PA,2025,42.61,8732.91,20496.51,8730.76,2.15,11.08,42.63
1507979,Terra Santa,PA,2025,68.29,129469.3,189585.56,99521.34,29947.95,34670.02,83.57
1508001,Tomé-Açu,PA,2025,56.45,290432.14,514535.73,290366.32,65.82,822.79,56.54
1508035,Tracuateua,PA,2025,54.28,46637.36,85919.21,38480.53,8156.83,3493.5,56.58
1508050,Trairão,PA,2025,85.83,1029222.24,1199101.44,1029131.42,90.82,11333.48,86.65
1508084,Tucumã,PA,2025,13.95,35052.79,251254.32,34041.37,1011.42,1225.85,14.02
1508100,Tucuruí,PA,2025,41.37,86221.19,208430.51,85039.31,1181.89,48916.72,54.05
1508126,Ulianópolis,PA,2025,46.02,234160.43,508847.06,234088.8,71.62,1316.36,46.14
1508159,Uruará,PA,2025,66.38,716322.92,1079140.31,716223.45,99.47,641.8,66.42
1508209,Vigia,PA,2025,65.13,26159.21,40164.36,25432.48,726.73,1619.71,67.87
1508308,Viseu,PA,2025,60.23,297392.66,493799.52,295322.68,2069.98,10004.58,61.47
1508357,Vitória do Xingu,PA,2025,41.16,127151.15,308954.9,124182.08,2969.07,27795.07,45.22
1508407,Xinguara,PA,2025,14.6,55177.76,377934.68,53151.63,2026.13,2596.74,14.7
1600055,Serra do Navio,AP,2025,99.52,767581.07,771301.48,767573.65,7.42,2594.32,99.85
1600105,Amapá,AP,2025,95.64,808038.63,844877.3,410842.23,397196.4,35720.95,99.86
1600154,Pedra Branca do Amapari,AP,2025,99.04,952968.69,962226.7,952968.69,0.0,2139.63,99.26
1600204,Calçoene,AP,2025,98.21,1385236.36,1410441.59,1265892.41,119343.95,16212.43,99.35
1600212,Cutias,AP,2025,80.26,174889.08,217913.01,51258.0,123631.07,42228.48,99.55
1600238,Ferreira Gomes,AP,2025,86.3,429295.41,497428.7,335939.53,93355.87,11145.99,88.28
1600253,Itaubal,AP,2025,64.27,104308.82,162288.62,43103.78,61205.04,49658.61,92.61
1600279,Laranjal do Jari,AP,2025,99.36,3028912.22,3048280.0,3019497.62,9414.6,10485.82,99.71
1600303,Macapá,AP,2025,74.57,485535.7,651119.7,238514.65,247021.05,123837.08,92.08
1600402,Mazagão,AP,2025,96.65,1284955.35,1329485.88,1174541.49,110413.86,38653.48,99.54
1600501,Oiapoque,AP,2025,97.8,2240646.13,2291148.83,1965666.51,274979.62,40176.48,99.54
1600535,Porto Grande,AP,2025,91.61,405649.55,442796.25,369876.79,35772.76,4053.05,92.46
1600550,Pracuúba,AP,2025,97.89,484334.42,494783.57,392479.73,91854.69,9049.86,99.71
1600600,Santana,AP,2025,92.04,141858.16,154123.92,69918.55,71939.61,5970.94,95.75
1600709,Tartarugalzinho,AP,2025,94.09,628996.05,668491.32,339814.57,289181.48,19541.34,96.93
1600808,Vitória do Jari,AP,2025,89.38,224248.49,250904.41,207035.14,17213.35,15702.46,95.34
1700251,Abreulândia,TO,2025,54.08,103088.85,190626.69,84495.46,18593.38,219.01,54.14
1700301,Aguiarnópolis,TO,2025,42.33,10024.02,23680.49,10008.12,15.9,664.86,43.55
1700350,Aliança do Tocantins,TO,2025,42.76,67603.46,158100.24,65971.88,1631.58,454.72,42.88
1700400,Almas,TO,2025,74.05,296724.68,400718.28,242338.63,54386.05,1036.72,74.24
1700707,Alvorada,TO,2025,28.8,34761.59,120720.34,33804.78,956.81,791.42,28.99
1701002,Ananás,TO,2025,33.11,52354.31,158104.43,51154.22,1200.08,3249.95,33.81
1701051,Angico,TO,2025,53.89,24120.77,44757.78,23753.97,366.81,34.83,53.93
1701101,Aparecida do Rio Negro,TO,2025,54.17,62788.5,115903.17,62626.62,161.88,136.54,54.24
1701309,Aragominas,TO,2025,24.56,28695.88,116823.46,26003.33,2692.55,906.06,24.76
1701903,Araguacema,TO,2025,53.89,149520.37,277449.29,126110.68,23409.69,8456.89,55.59
1702000,Araguaçu,TO,2025,33.19,171113.45,515517.99,162318.93,8794.52,1901.85,33.32
1702109,Araguaína,TO,2025,35.13,140701.03,400461.84,136385.04,4315.99,2484.53,35.35
1702158,Araguanã,TO,2025,17.56,14662.2,83482.12,14008.44,653.75,1643.78,17.92
1702208,Araguatins,TO,2025,35.68,93946.75,263326.91,91714.18,2232.58,6146.3,36.53
1702307,Arapoema,TO,2025,13.18,20529.59,155815.52,20186.89,342.7,2735.47,13.41
1702406,Arraias,TO,2025,65.23,378532.77,580307.38,376819.49,1713.27,1333.99,65.38
1702554,Augustinópolis,TO,2025,14.78,5745.6,38876.35,5486.18,259.43,7.39,14.78
1702703,Aurora do Tocantins,TO,2025,47.67,33186.49,69616.01,28842.42,4344.08,92.44,47.73
1702901,Axixá do Tocantins,TO,2025,25.43,3904.04,15352.16,3901.01,3.02,8.72,25.44
1703008,Babaçulândia,TO,2025,56.14,100509.94,179032.86,99504.88,1005.06,8679.7,59.0
1703057,Bandeirantes do Tocantins,TO,2025,18.66,28750.17,154053.76,21842.17,6908.0,76.53,18.67
1703073,Barra do Ouro,TO,2025,54.83,60632.32,110583.55,59110.04,1522.29,2077.1,55.88
1703107,Barrolândia,TO,2025,28.15,19640.55,69779.35,19603.8,36.74,56.56,28.17
1703206,Bernardo Sayão,TO,2025,11.35,10489.91,92403.51,10005.73,484.19,1359.57,11.52
1703305,Bom Jesus do Tocantins,TO,2025,57.71,76576.8,132698.47,74767.21,1809.58,622.05,57.98
1703602,Brasilândia do Tocantins,TO,2025,49.32,31858.24,64589.15,29823.14,2035.1,14.25,49.34
1703701,Brejinho de Nazaré,TO,2025,48.37,83319.17,172256.61,80287.53,3031.64,4885.79,49.78
1703800,Buriti do Tocantins,TO,2025,14.08,3558.45,25271.75,3074.14,484.31,681.08,14.47
1703826,Cachoeirinha,TO,2025,73.97,26005.56,35155.62,25874.6,130.96,2.67,73.98
1703842,Campos Lindos,TO,2025,65.52,211906.79,323442.96,203105.42,8801.37,33.28,65.52
1703867,Cariri do Tocantins,TO,2025,30.78,34670.6,112628.82,34385.47,285.14,809.83,31.01
1703883,Carmolândia,TO,2025,19.33,6558.08,33935.12,6059.29,498.79,62.57,19.36
1703891,Carrasco Bonito,TO,2025,16.98,3231.61,19034.21,2338.76,892.85,332.09,17.28
1703909,Caseara,TO,2025,45.25,76021.98,168003.07,68215.23,7806.76,3464.37,46.2
1704105,Centenário,TO,2025,79.19,154665.79,195314.15,147089.67,7576.11,139.98,79.25
1704600,Chapada de Areia,TO,2025,42.47,27967.55,65857.42,24654.23,3313.32,91.57,42.53
1705102,Chapada da Natividade,TO,2025,69.41,113894.9,164082.29,111666.21,2228.69,478.1,69.62
1705508,Colinas do Tocantins,TO,2025,21.7,18278.41,84248.76,11620.08,6658.34,53.39,21.71
1705557,Combinado,TO,2025,27.8,5804.99,20878.32,5676.73,128.27,44.32,27.86
1705607,Conceição do Tocantins,TO,2025,73.47,185929.16,253069.14,185521.6,407.56,613.34,73.65
1706001,Couto Magalhães,TO,2025,46.43,73550.64,158414.87,55575.34,17975.3,3579.34,47.5
1706100,Cristalândia,TO,2025,50.74,93911.15,185074.48,88226.26,5684.88,284.24,50.82
1706258,Crixás do Tocantins,TO,2025,43.06,42362.86,98380.61,40855.81,1507.05,224.0,43.16
1706506,Darcinópolis,TO,2025,67.47,110761.86,164171.97,107823.37,2938.49,4094.75,69.19
1707009,Dianópolis,TO,2025,72.75,241396.33,331804.18,191853.15,49543.18,2800.72,73.37
1707108,Divinópolis do Tocantins,TO,2025,47.47,111947.88,235830.11,98446.92,13500.96,547.11,47.58
1707207,Dois Irmãos do Tocantins,TO,2025,56.01,209920.32,374766.64,154143.47,55776.86,222.82,56.05
1707306,Dueré,TO,2025,51.13,174881.35,342062.08,153562.57,21318.79,1444.26,51.34
1707405,Esperantina,TO,2025,24.6,12454.12,50617.58,7272.64,5181.48,6352.94,28.14
1707553,Fátima,TO,2025,37.36,14212.43,38038.73,14016.05,196.38,76.35,37.44
1707652,Figueirópolis,TO,2025,36.42,70503.55,193569.72,69415.97,1087.59,1067.94,36.62
1707702,Filadélfia,TO,2025,35.95,71587.16,199125.3,70798.45,788.71,7998.34,37.46
1708205,Formoso do Araguaia,TO,2025,77.52,1041197.18,1343209.72,367575.23,673621.95,21501.35,78.78
1708254,Tabocão,TO,2025,30.43,19000.02,62446.61,18189.71,810.31,21.55,30.44
1708304,Goianorte,TO,2025,45.2,81232.25,179722.2,58605.86,22626.39,103.31,45.22
1709005,Goiatins,TO,2025,81.68,523933.49,641480.68,501418.35,22515.14,1976.47,81.93
1709302,Guaraí,TO,2025,44.69,94155.11,210679.25,87179.26,6975.85,762.68,44.85
1709500,Gurupi,TO,2025,37.33,68843.63,184420.49,67972.94,870.69,1636.92,37.66
1709807,Ipueiras,TO,2025,60.88,49989.41,82117.18,47482.35,2507.06,1792.15,62.23
1710508,Itacajá,TO,2025,72.69,221511.75,304726.93,210326.8,11184.95,28.93,72.7
1710706,Itaguatins,TO,2025,41.66,30418.42,73016.13,30000.9,417.52,1167.16,42.34
1710904,Itapiratins,TO,2025,48.73,60739.98,124634.05,59931.33,808.65,3072.15,49.97
1711100,Itaporã do Tocantins,TO,2025,19.17,18589.26,96980.39,15164.54,3424.72,50.07,19.18
1711506,Jaú do Tocantins,TO,2025,57.84,125347.08,216723.52,124740.86,606.22,558.05,57.99
1711803,Juarina,TO,2025,29.77,14392.27,48347.7,9205.4,5186.87,1831.92,30.94
1711902,Lagoa da Confusão,TO,2025,82.92,875937.02,1056311.87,298662.68,577274.34,17071.88,84.29
1711951,Lagoa do Tocantins,TO,2025,71.32,65447.54,91761.81,60311.41,5136.13,17.16,71.34
1712009,Lajeado,TO,2025,75.74,24105.99,31826.96,24008.01,97.98,2931.28,83.42
1712157,Lavandeira,TO,2025,56.26,26331.6,46803.44,23725.4,2606.2,114.63,56.4
1712405,Lizarda,TO,2025,93.55,534816.52,571661.33,395250.23,139566.29,75.37,93.57
1712454,Luzinópolis,TO,2025,59.97,16883.2,28153.34,16723.11,160.09,7.82,59.99
1712504,Marianópolis do Tocantins,TO,2025,42.19,88151.47,208956.48,74237.95,13913.52,766.39,42.34
1712702,Mateiros,TO,2025,88.84,851884.89,958930.3,272623.2,579261.69,928.65,88.92
1712801,Maurilândia do Tocantins,TO,2025,79.43,58483.5,73630.5,58228.51,255.0,1119.72,80.65
1713205,Miracema do Tocantins,TO,2025,42.18,112349.68,266376.16,109518.72,2830.96,9533.71,43.74
1713304,Miranorte,TO,2025,29.96,30960.47,103328.11,30789.27,171.21,52.92,29.98
1713601,Monte do Carmo,TO,2025,68.02,244969.9,360118.26,243452.06,1517.84,609.69,68.14
1713700,Monte Santo do Tocantins,TO,2025,38.63,41448.38,107290.21,37877.14,3571.24,121.37,38.68
1713809,Palmeiras do Tocantins,TO,2025,46.47,34549.6,74342.63,34169.05,380.54,2112.58,47.83
1713957,Muricilândia,TO,2025,27.72,33113.25,119436.29,32568.65,544.61,2447.38,28.3
1714203,Natividade,TO,2025,71.84,232891.33,324161.37,229880.98,3010.36,903.88,72.05
1714302,Nazaré,TO,2025,48.24,19103.37,39599.16,19067.28,36.08,12.98,48.26
1714880,Nova Olinda,TO,2025,47.45,74395.83,156786.18,72950.3,1445.53,59.11,47.47
1715002,Nova Rosalândia,TO,2025,34.28,17648.91,51477.32,17108.01,540.9,34.64,34.31
1715101,Novo Acordo,TO,2025,81.0,216941.46,267825.78,176186.22,40755.25,491.15,81.15
1715150,Novo Alegre,TO,2025,19.87,3982.22,20041.05,3964.96,17.26,10.99,19.88
1715259,Novo Jardim,TO,2025,80.51,97727.97,121393.06,84838.93,12889.05,933.59,81.13
1715507,Oliveira de Fátima,TO,2025,33.3,6968.51,20929.19,6898.81,69.69,21.18,33.33
1715705,Palmeirante,TO,2025,56.72,149658.51,263845.93,146111.46,3547.05,2190.78,57.2
1715754,Palmeirópolis,TO,2025,60.5,103396.62,170893.54,102977.67,418.95,4340.33,62.08
1716109,Paraíso do Tocantins,TO,2025,35.57,45967.11,129224.43,45629.2,337.9,142.68,35.61
1716208,Paranã,TO,2025,77.1,864876.38,1121737.31,859087.99,5788.39,22237.29,78.66
1716307,Pau D'Arco,TO,2025,24.78,34090.31,137554.21,32810.1,1280.21,2952.62,25.33
1716505,Pedro Afonso,TO,2025,55.3,111683.32,201954.95,107533.03,4150.29,2388.43,55.96
1716604,Peixe,TO,2025,43.62,231347.47,530358.06,217767.41,13580.06,12320.62,44.66
1716653,Pequizeiro,TO,2025,19.22,23185.76,120615.6,19791.71,3394.05,107.4,19.24
1716703,Colméia,TO,2025,27.7,32164.27,116099.77,19469.15,12695.12,73.18,27.72
1717008,Pindorama do Tocantins,TO,2025,74.31,115972.12,156055.87,113929.09,2043.03,102.87,74.36
1717206,Piraquê,TO,2025,32.32,44064.48,136351.19,43099.06,965.42,260.28,32.38
1717503,Pium,TO,2025,73.31,733298.03,1000333.51,385853.71,347444.32,28972.1,75.49
1717800,Ponte Alta do Bom Jesus,TO,2025,75.32,129466.73,171877.83,117287.09,12179.64,1327.85,75.91
1717909,Ponte Alta do Tocantins,TO,2025,88.03,575974.39,654286.55,373862.48,202111.91,795.96,88.14
1718006,Porto Alegre do Tocantins,TO,2025,67.61,34263.05,50674.92,32897.32,1365.73,1000.67,68.98
1718204,Porto Nacional,TO,2025,46.06,204257.47,443467.76,201135.93,3121.54,35672.3,50.09
1718303,Praia Norte,TO,2025,17.91,5392.04,30100.59,5334.0,58.04,762.04,18.38
1718402,Presidente Kennedy,TO,2025,48.61,37516.67,77172.12,33621.32,3895.35,12.82,48.62
1718451,Pugmil,TO,2025,31.03,12448.68,40118.74,12158.84,289.84,68.16,31.08
1718501,Recursolândia,TO,2025,83.53,185064.95,221564.29,177921.37,7143.58,8.4,83.53
1718550,Riachinho,TO,2025,28.2,14442.01,51212.96,14291.96,150.05,108.83,28.26
1718659,Rio da Conceição,TO,2025,89.11,75367.48,84581.59,28711.6,46655.88,12.19,89.12
1718709,Rio dos Bois,TO,2025,48.55,41131.79,84726.21,40167.38,964.41,724.42,48.97
1718758,Rio Sono,TO,2025,81.44,516841.3,634630.67,461690.43,55150.87,812.96,81.54
1718808,Sampaio,TO,2025,45.12,10038.27,22248.28,5475.46,4562.81,1572.83,48.55
1718840,Sandolândia,TO,2025,53.08,187637.2,353513.14,156278.33,31358.87,2213.21,53.41
1718865,Santa Fé do Araguaia,TO,2025,30.36,50736.31,167127.53,50589.97,146.34,5005.16,31.3
1718881,Santa Maria do Tocantins,TO,2025,64.39,90933.0,141229.51,88394.71,2538.3,655.83,64.69
1718899,Santa Rita do Tocantins,TO,2025,54.2,177834.0,328117.49,157283.68,20550.32,418.92,54.27
1718907,Santa Rosa do Tocantins,TO,2025,56.64,102218.51,180473.69,97202.71,5015.79,592.7,56.83
1719004,Santa Tereza do Tocantins,TO,2025,69.45,37467.52,53950.03,37249.88,217.64,74.53,69.54
1720002,Santa Terezinha do Tocantins,TO,2025,45.17,12381.14,27409.86,12360.88,20.25,2.84,45.18
1720101,São Bento do Tocantins,TO,2025,58.77,64627.23,109960.19,63898.98,728.25,21.61,58.78
1720150,São Félix do Tocantins,TO,2025,97.36,186261.46,191309.41,59753.3,126508.16,92.26,97.41
1720200,São Miguel do Tocantins,TO,2025,26.83,10919.84,40694.11,10748.17,171.68,1485.07,27.85
1720259,São Salvador do Tocantins,TO,2025,65.91,93897.48,142473.67,93643.75,253.73,9871.53,70.81
1720309,São Sebastião do Tocantins,TO,2025,25.96,7517.21,28959.54,5366.34,2150.87,2281.88,28.18
1720499,São Valério,TO,2025,63.71,160573.91,252048.77,154132.95,6440.96,1459.92,64.08
1720655,Silvanópolis,TO,2025,59.04,74316.73,125875.19,72279.91,2036.82,223.0,59.14
1720804,Sítio Novo do Tocantins,TO,2025,23.95,7356.58,30711.01,7356.58,0.0,65.85,24.01
1720853,Sucupira,TO,2025,29.13,29662.52,101824.88,28731.87,930.66,896.92,29.39
1720903,Taguatinga,TO,2025,58.1,136059.71,234190.9,130653.85,5405.86,426.48,58.2
1720937,Taipas do Tocantins,TO,2025,58.4,64553.39,110527.49,64045.23,508.16,209.18,58.52
1720978,Talismã,TO,2025,31.73,68397.65,215556.59,67318.36,1079.29,884.72,31.86
1721000,Palmas,TO,2025,66.3,147671.34,222733.94,146454.84,1216.5,17962.75,72.12
1721109,Tocantínia,TO,2025,89.89,234579.77,260976.09,231452.54,3127.22,1492.88,90.4
1721208,Tocantinópolis,TO,2025,76.61,83016.67,108359.61,81974.97,1041.7,2488.9,78.41
1721257,Tupirama,TO,2025,46.29,32722.08,70685.8,31317.03,1405.04,1434.73,47.25
1721307,Tupiratins,TO,2025,62.02,55139.33,88912.36,53304.31,1835.02,1422.18,63.02
1722081,Wanderlândia,TO,2025,63.89,87234.03,136536.74,85792.04,1441.99,54.77,63.92
1722107,Xambioá,TO,2025,22.52,26812.81,119047.93,25005.57,1807.25,2926.14,23.09
2100055,Açailândia,MA,2025,25.23,146442.23,580514.69,146125.98,316.25,627.6,25.25
2100105,Afonso Cunha,MA,2025,75.3,27994.8,37175.88,27994.8,0.0,23.63,75.35
2100154,Água Doce do Maranhão,MA,2025,91.66,40538.45,44225.23,38832.53,1705.92,1507.01,94.9
2100204,Alcântara,MA,2025,88.22,102813.62,116548.2,99979.38,2834.24,7205.31,94.03
2100303,Aldeias Altas,MA,2025,74.7,145177.29,194343.94,140884.36,4292.93,227.01,74.79
2100402,Altamira do Maranhão,MA,2025,17.77,9315.55,52433.92,9307.97,7.58,80.61,17.79
2100436,Alto Alegre do Maranhão,MA,2025,52.48,20611.02,39275.42,20600.49,10.52,161.3,52.69
2100477,Alto Alegre do Pindaré,MA,2025,30.77,57722.36,187564.85,54966.63,2755.73,846.0,30.91
2100501,Alto Parnaíba,MA,2025,84.57,940988.22,1112737.22,795185.91,145802.3,545.23,84.61
2100550,Amapá do Maranhão,MA,2025,27.07,13367.26,49372.41,13351.97,15.28,127.69,27.14
2100600,Amarante do Maranhão,MA,2025,66.92,498059.95,744216.84,497642.79,417.16,267.85,66.95
2100709,Anajatuba,MA,2025,73.39,69021.1,94050.35,25063.43,43957.66,10309.0,82.42
2100808,Anapurus,MA,2025,57.72,35148.4,60890.28,34719.18,429.22,12.67,57.74
2100832,Apicum-Açu,MA,2025,72.59,24443.63,33671.92,24335.31,108.32,3271.72,80.41
2100873,Araguanã,MA,2025,14.45,11634.69,80519.25,10879.92,754.77,89.46,14.47
2100907,Araioses,MA,2025,87.59,156520.29,178694.56,121695.73,34824.56,13138.81,94.54
2100956,Arame,MA,2025,46.24,137614.55,297602.99,137411.45,203.1,676.02,46.35
2101004,Arari,MA,2025,68.89,75761.41,109981.95,36492.43,39268.98,10186.13,75.92
2101103,Axixá,MA,2025,80.63,12936.18,16044.31,12928.24,7.95,1172.98,86.99
2101202,Bacabal,MA,2025,27.29,45209.29,165671.0,37604.04,7605.25,4691.51,28.08
2101251,Bacabeira,MA,2025,81.88,44458.23,54295.95,23210.26,21247.97,2828.6,86.38
2101301,Bacuri,MA,2025,77.54,64518.66,83206.44,63219.71,1298.95,10696.6,88.98
2101350,Bacurituba,MA,2025,59.88,24769.44,41361.95,8460.68,16308.76,12538.69,85.94
2101400,Balsas,MA,2025,60.41,793864.34,1314115.01,746889.61,46974.74,1019.22,60.46
2101509,Barão de Grajaú,MA,2025,86.95,192104.44,220937.64,176309.64,15794.81,831.02,87.28
2101608,Barra do Corda,MA,2025,67.98,352675.59,518770.05,352560.67,114.92,581.17,68.06
2101707,Barreirinhas,MA,2025,77.77,236398.55,303977.11,181282.72,55115.83,5889.75,79.31
2101731,Belágua,MA,2025,94.52,53840.92,56960.17,40163.92,13677.0,8.57,94.54
2101772,Bela Vista do Maranhão,MA,2025,29.09,4303.97,14794.3,2814.01,1489.95,274.32,29.64
2101806,Benedito Leite,MA,2025,81.23,144966.57,178459.63,140852.12,4114.45,1895.41,82.1
2101905,Bequimão,MA,2025,80.76,63816.76,79022.32,49123.11,14693.65,4656.71,85.81
2101939,Bernardo do Mearim,MA,2025,40.79,10082.45,24715.97,10076.93,5.52,43.66,40.87
2101970,Boa Vista do Gurupi,MA,2025,30.82,12340.69,40036.81,12182.26,158.43,599.94,31.29
2102002,Bom Jardim,MA,2025,60.01,394839.98,657987.16,390875.12,3964.86,3475.91,60.33
2102036,Bom Jesus das Selvas,MA,2025,34.57,92533.16,267694.43,92526.66,6.51,653.82,34.65
2102077,Bom Lugar,MA,2025,5.07,2256.33,44516.61,1876.58,379.75,646.31,5.14
2102101,Brejo,MA,2025,60.57,65002.31,107325.76,64549.44,452.88,1952.85,61.69
2102150,Brejo de Areia,MA,2025,43.93,43316.66,98605.81,43315.5,1.16,116.87,43.98
2102200,Buriti,MA,2025,67.08,98997.78,147573.84,98747.43,250.35,2028.39,68.02
2102309,Buriti Bravo,MA,2025,61.47,97231.98,158170.64,95719.95,1512.03,72.5,61.5
2102325,Buriticupu,MA,2025,35.94,91766.97,255355.7,91755.93,11.05,378.4,35.99
2102358,Buritirana,MA,2025,32.63,26797.38,82124.34,26748.79,48.59,45.48,32.65
2102374,Cachoeira Grande,MA,2025,90.93,64307.74,70722.47,50724.91,13582.83,565.27,91.66
2102408,Cajapió,MA,2025,80.59,43942.23,54522.54,37349.67,6592.56,7014.7,92.49
2102507,Cajari,MA,2025,56.06,37115.78,66207.03,21008.26,16107.52,12120.49,68.62
2102556,Campestre do Maranhão,MA,2025,27.51,16876.09,61355.91,16679.09,196.99,1296.41,28.1
2102606,Cândido Mendes,MA,2025,67.23,108954.6,162057.9,105503.73,3450.88,5368.89,69.54
2102705,Cantanhede,MA,2025,75.24,58160.9,77301.64,58035.17,125.72,333.33,75.56
2102754,Capinzal do Norte,MA,2025,63.07,37230.14,59027.45,37214.9,15.24,148.26,63.23
2102804,Carolina,MA,2025,65.16,408393.6,626759.07,334312.21,74081.39,14940.0,66.75
2102903,Carutapera,MA,2025,71.64,89934.38,125539.66,84176.01,5758.37,7531.05,76.21
2103000,Caxias,MA,2025,79.24,412077.26,520063.36,386062.24,26015.02,2200.57,79.57
2103109,Cedral,MA,2025,85.02,24158.06,28414.96,24140.01,18.05,1058.23,88.31
2103125,Central do Maranhão,MA,2025,85.47,27321.41,31964.9,21813.35,5508.06,776.52,87.6
2103158,Centro do Guilherme,MA,2025,40.16,45567.75,113469.77,45567.75,0.0,149.79,40.21
2103174,Centro Novo do Maranhão,MA,2025,78.79,661946.8,840114.03,661937.7,9.1,2595.56,79.04
2103208,Chapadinha,MA,2025,83.55,271422.63,324875.46,271362.85,59.78,446.98,83.66
2103257,Cidelândia,MA,2025,28.09,41087.09,146284.12,40247.48,839.61,679.59,28.22
2103307,Codó,MA,2025,67.24,293271.5,436156.03,283302.9,9968.6,769.06,67.36
2103406,Coelho Neto,MA,2025,84.1,82136.4,97665.89,82110.64,25.77,641.3,84.66
2103505,Colinas,MA,2025,66.25,131088.21,197870.68,130476.99,611.22,136.3,66.3
2103554,Conceição do Lago-Açu,MA,2025,50.43,36667.39,72712.92,23420.58,13246.81,14493.1,62.98
2103604,Coroatá,MA,2025,54.82,124088.85,226373.85,124071.46,17.39,658.66,54.98
2103703,Cururupu,MA,2025,81.32,99317.38,122132.77,98236.0,1081.38,8901.66,87.71
2103752,Davinópolis,MA,2025,32.1,10664.61,33225.13,10654.46,10.14,27.76,32.12
2103802,Dom Pedro,MA,2025,50.77,18200.45,35849.94,18200.45,0.0,84.7,50.89
2103901,Duque Bacelar,MA,2025,78.71,24990.61,31748.4,24963.68,26.93,561.17,80.13
2104008,Esperantinópolis,MA,2025,60.4,27325.29,45243.88,27318.35,6.95,128.09,60.57
2104057,Estreito,MA,2025,52.31,142293.08,271995.11,134724.88,7568.2,5017.25,53.3
2104073,Feira Nova do Maranhão,MA,2025,54.82,89145.59,162606.56,87307.43,1838.16,34.26,54.83
2104081,Fernando Falcão,MA,2025,89.1,453219.3,508659.0,378999.77,74219.53,3.2,89.1
2104099,Formosa da Serra Negra,MA,2025,51.74,190947.91,369056.24,182672.14,8275.77,63.72,51.75
2104107,Fortaleza dos Nogueiras,MA,2025,57.16,105936.78,185331.7,105001.7,935.09,87.25,57.19
2104206,Fortuna,MA,2025,50.06,41828.91,83564.64,41825.53,3.38,60.23,50.09
2104305,Godofredo Viana,MA,2025,75.44,50803.07,67340.07,49680.88,1122.19,2584.64,78.45
2104404,Gonçalves Dias,MA,2025,51.93,45882.61,88360.54,45882.61,0.0,98.76,51.98
2104503,Governador Archer,MA,2025,52.98,23622.06,44584.42,23622.06,0.0,84.43,53.08
2104552,Governador Edison Lobão,MA,2025,33.51,20639.22,61597.98,20520.27,118.95,1300.17,34.23
2104602,Governador Eugênio Barros,MA,2025,55.89,36159.14,64701.2,36124.43,34.71,70.23,55.95
2104628,Governador Luiz Rocha,MA,2025,47.71,19160.45,40157.95,19159.3,1.16,1.87,47.71
2104651,Governador Newton Bello,MA,2025,13.86,15863.57,114434.27,15767.1,96.47,181.07,13.88
2104677,Governador Nunes Freire,MA,2025,17.52,18377.49,104919.23,18362.3,15.19,144.47,17.54
2104701,Graça Aranha,MA,2025,50.69,13759.96,27143.97,13755.51,4.45,11.3,50.71
2104800,Grajaú,MA,2025,64.34,570138.78,886133.64,548296.19,21842.59,410.26,64.37
2104909,Guimarães,MA,2025,89.7,42932.68,47863.41,42419.55,513.13,2362.89,94.36
2105005,Humberto de Campos,MA,2025,91.16,156081.04,171210.24,116717.2,39363.84,9625.72,96.59
2105104,Icatu,MA,2025,86.39,97138.03,112435.6,88485.45,8652.58,8477.59,93.44
2105153,Igarapé do Meio,MA,2025,50.54,18632.52,36870.31,13282.07,5350.46,727.76,51.55
2105203,Igarapé Grande,MA,2025,34.63,11986.1,34610.71,11986.1,0.0,71.74,34.7
2105302,Imperatriz,MA,2025,29.56,40474.64,136904.06,39932.46,542.18,2335.87,30.08
2105351,Itaipava do Grajaú,MA,2025,59.64,74223.19,124445.34,74212.59,10.59,264.82,59.77
2105401,Itapecuru Mirim,MA,2025,70.42,104266.76,148064.91,103425.44,841.32,613.21,70.71
2105427,Itinga do Maranhão,MA,2025,38.62,138394.43,358344.75,138394.43,0.0,1104.23,38.74
2105450,Jatobá,MA,2025,59.74,35342.38,59164.71,35321.84,20.54,13.34,59.75
2105476,Jenipapo dos Vieiras,MA,2025,65.95,129416.14,196236.5,129387.31,28.83,158.34,66.0
2105500,João Lisboa,MA,2025,18.98,21543.63,113508.59,21428.42,115.21,94.56,19.0
2105609,Joselândia,MA,2025,61.19,43021.77,70312.79,42995.5,26.27,1461.01,62.48
2105658,Junco do Maranhão,MA,2025,13.54,7694.27,56845.48,7686.22,8.04,207.01,13.58
2105708,Lago da Pedra,MA,2025,40.4,50110.34,124044.1,50085.56,24.77,259.85,40.48
2105807,Lago do Junco,MA,2025,34.16,11220.15,32850.25,11207.58,12.57,65.24,34.22
2105906,Lago Verde,MA,2025,21.95,13861.38,63143.58,10035.7,3825.68,3657.68,23.3
2105922,Lagoa do Mato,MA,2025,73.22,110787.24,151299.3,103550.55,7236.69,74.78,73.26
2105948,Lago dos Rodrigues,MA,2025,43.24,9545.91,22078.59,9545.91,0.0,33.24,43.3
2105963,Lagoa Grande do Maranhão,MA,2025,40.39,30055.4,74418.36,30055.4,0.0,72.42,40.43
2105989,Lajeado Novo,MA,2025,43.55,46324.62,106363.79,45306.55,1018.06,42.23,43.57
2106003,Lima Campos,MA,2025,58.03,18682.32,32192.62,18681.07,1.25,32.89,58.09
2106102,Loreto,MA,2025,65.63,236040.34,359676.82,226061.24,9979.1,605.02,65.74
2106201,Luís Domingues,MA,2025,64.14,29325.59,45718.58,29119.66,205.92,1747.86,66.69
2106300,Magalhães de Almeida,MA,2025,68.18,29619.74,43446.51,25343.49,4276.26,3750.12,74.62
2106326,Maracaçumé,MA,2025,24.21,15394.23,63575.62,15375.65,18.58,245.52,24.31
2106359,Marajá do Sena,MA,2025,48.44,67945.17,140265.68,67932.42,12.74,325.58,48.55
2106375,Maranhãozinho,MA,2025,11.64,9098.37,78164.76,9092.38,5.98,35.37,11.65
2106409,Mata Roma,MA,2025,74.67,40965.87,54860.73,40956.68,9.19,33.46,74.72
2106508,Matinha,MA,2025,33.68,13831.11,41063.47,7304.1,6527.01,7236.22,40.89
2106607,Matões,MA,2025,75.35,158895.96,210867.71,152351.28,6544.68,383.47,75.49
2106631,Matões do Norte,MA,2025,49.83,39589.74,79444.24,39167.81,421.94,231.59,49.98
2106672,Milagres do Maranhão,MA,2025,71.45,45358.13,63479.63,44502.81,855.31,572.84,72.1
2106706,Mirador,MA,2025,87.31,744167.05,852288.46,724456.33,19710.72,16.35,87.32
2106755,Miranda do Norte,MA,2025,43.59,14869.34,34111.26,14790.37,78.97,193.99,43.84
2106805,Mirinzal,MA,2025,89.41,61428.6,68702.9,60976.25,452.35,171.72,89.64
2106904,Monção,MA,2025,37.02,46113.72,124556.11,34812.87,11300.85,12205.18,41.04
2107001,Montes Altos,MA,2025,57.05,84963.54,148916.47,84303.91,659.63,59.95,57.08
2107100,Morros,MA,2025,97.67,167220.38,171218.29,97222.85,69997.53,156.43,97.75
2107209,Nina Rodrigues,MA,2025,88.13,50316.31,57092.0,49622.88,693.43,258.43,88.53
2107258,Nova Colinas,MA,2025,63.28,47026.31,74314.9,41228.53,5797.77,49.67,63.32
2107308,Nova Iorque,MA,2025,71.45,69902.85,97831.34,68639.61,1263.24,10931.86,80.44
2107357,Nova Olinda do Maranhão,MA,2025,60.1,147402.46,245256.26,146536.21,866.26,209.2,60.15
2107407,Olho d'Água das Cunhãs,MA,2025,4.56,3171.04,69534.17,1938.15,1232.89,613.29,4.6
2107456,Olinda Nova do Maranhão,MA,2025,38.96,7787.48,19987.96,7215.77,571.72,1221.19,41.5
2107506,Paço do Lumiar,MA,2025,36.46,4561.21,12509.0,4548.35,12.86,260.62,37.24
2107605,Palmeirândia,MA,2025,66.3,35282.63,53214.37,33517.26,1765.37,4081.55,71.81
2107704,Paraibano,MA,2025,69.92,37096.69,53052.42,36803.19,293.5,14.22,69.94
2107803,Parnarama,MA,2025,65.35,212154.86,324649.49,203579.25,8575.61,670.46,65.48
2107902,Passagem Franca,MA,2025,73.26,99509.1,135834.44,98076.0,1433.1,62.13,73.29
2108009,Pastos Bons,MA,2025,74.33,121548.27,163517.81,120552.17,996.11,33.93,74.35
2108058,Paulino Neves,MA,2025,85.61,83529.26,97564.23,67101.49,16427.77,4051.65,89.32
2108108,Paulo Ramos,MA,2025,43.57,50910.36,116859.77,50878.82,31.55,680.06,43.82
2108207,Pedreiras,MA,2025,46.53,12182.93,26181.62,12176.78,6.15,217.43,46.92
2108256,Pedro do Rosário,MA,2025,38.24,67077.3,175388.87,65747.37,1329.93,270.54,38.3
2108306,Penalva,MA,2025,35.72,28605.15,80091.46,24881.4,3723.74,10933.69,41.36
2108405,Peri Mirim,MA,2025,74.88,29800.15,39798.82,23389.81,6410.34,4487.22,84.39
2108454,Peritoró,MA,2025,64.87,53500.34,82470.12,53496.06,4.28,72.11,64.93
2108504,Pindaré-Mirim,MA,2025,26.43,7092.06,26828.54,3299.73,3792.33,3040.57,29.81
2108603,Pinheiro,MA,2025,64.75,97952.36,151282.76,75497.56,22454.81,10741.6,69.7
2108702,Pio XII,MA,2025,35.28,19232.93,54517.38,16860.75,2372.18,2989.77,37.33
2108801,Pirapemas,MA,2025,61.31,42223.94,68874.37,42213.33,10.62,166.55,61.45
2108900,Poção de Pedras,MA,2025,51.41,50926.02,99064.47,50916.13,9.89,111.01,51.46
2109007,Porto Franco,MA,2025,31.13,44238.42,142102.92,44118.82,119.6,1516.95,31.47
2109056,Porto Rico do Maranhão,MA,2025,81.97,19170.98,23387.89,19157.49,13.49,1743.99,88.57
2109106,Presidente Dutra,MA,2025,27.25,21024.37,77158.55,21024.37,0.0,157.33,27.3
2109205,Presidente Juscelino,MA,2025,77.54,27571.63,35556.97,26575.12,996.51,552.41,78.77
2109239,Presidente Médici,MA,2025,12.51,5474.07,43765.1,5434.5,39.57,11.7,12.51
2109270,Presidente Sarney,MA,2025,64.59,46908.34,72620.79,44840.76,2067.59,741.54,65.26
2109304,Presidente Vargas,MA,2025,92.2,42413.45,46001.93,38854.82,3558.63,234.09,92.67
2109403,Primeira Cruz,MA,2025,93.44,124917.21,133690.37,83145.98,41771.23,6578.08,98.27
2109452,Raposa,MA,2025,54.88,3783.2,6893.72,3641.0,142.2,904.89,63.17
2109502,Riachão,MA,2025,54.55,349259.35,640282.5,305267.46,43991.9,613.51,54.6
2109551,Ribamar Fiquene,MA,2025,27.72,20334.45,73345.1,20119.25,215.2,1456.16,28.29
2109601,Rosário,MA,2025,82.96,53758.15,64803.04,52451.64,1306.51,4926.74,89.78
2109700,Sambaíba,MA,2025,64.97,160863.72,247587.63,155021.01,5842.71,592.05,65.13
2109759,Santa Filomena do Maranhão,MA,2025,40.08,24979.21,62318.81,24979.21,0.0,8.99,40.09
2109809,Santa Helena,MA,2025,60.53,132631.89,219129.98,106049.33,26582.56,12910.39,64.32
2109908,Santa Inês,MA,2025,12.91,10158.22,78671.55,9322.05,836.17,714.49,13.03
2110005,Santa Luzia,MA,2025,28.75,139082.26,483712.59,138811.64,270.62,701.12,28.79
2110039,Santa Luzia do Paruá,MA,2025,19.47,19676.45,101038.88,15961.13,3715.31,34.74,19.48
2110104,Santa Quitéria do Maranhão,MA,2025,75.8,108419.11,143032.56,106965.36,1453.76,889.95,76.27
2110203,Santa Rita,MA,2025,72.18,54622.33,75675.91,36796.44,17825.89,1291.38,73.43
2110237,Santana do Maranhão,MA,2025,90.5,84342.88,93198.83,84132.75,210.12,0.89,90.5
2110278,Santo Amaro do Maranhão,MA,2025,67.53,106577.55,157816.53,46313.55,60264.0,10285.08,72.24
2110302,Santo Antônio dos Lopes,MA,2025,62.11,47880.83,77093.78,47880.83,0.0,46.86,62.15
2110401,São Benedito do Rio Preto,MA,2025,84.66,78865.41,93150.63,78253.1,612.31,286.32,84.93
2110500,São Bento,MA,2025,60.13,27477.18,45699.01,25263.61,2213.57,6218.2,69.6
2110609,São Bernardo,MA,2025,81.84,82308.27,100578.17,80436.64,1871.63,1009.68,82.66
2110658,São Domingos do Azeitão,MA,2025,59.81,57490.11,96115.42,57204.69,285.42,28.76,59.83
2110708,São Domingos do Maranhão,MA,2025,32.8,37783.5,115198.08,37772.55,10.94,87.29,32.82
2110807,São Félix de Balsas,MA,2025,69.41,141122.02,203328.15,139735.13,1386.89,340.69,69.52
2110856,São Francisco do Brejão,MA,2025,21.98,16380.12,74536.11,16159.91,220.2,25.65,21.98
2110906,São Francisco do Maranhão,MA,2025,91.45,208899.33,228422.6,194714.67,14184.65,912.51,91.82
2111003,São João Batista,MA,2025,63.43,41229.69,64996.87,12807.59,28422.1,13843.44,80.6
2111029,São João do Carú,MA,2025,46.78,42561.68,90989.43,42561.68,0.0,152.42,46.86
2111052,São João do Paraíso,MA,2025,39.44,80932.91,205230.51,79208.01,1724.9,48.95,39.44
2111078,São João do Soter,MA,2025,66.92,96233.14,143807.78,92595.08,3638.05,88.07,66.96
2111102,São João dos Patos,MA,2025,75.74,112347.57,148328.4,109049.41,3298.17,5151.04,78.47
2111201,São José de Ribamar,MA,2025,44.38,7946.08,17906.04,7933.31,12.77,856.03,46.6
2111250,São José dos Basílios,MA,2025,48.18,17041.21,35371.3,17041.21,0.0,1201.02,49.87
2111300,São Luís,MA,2025,46.03,26839.97,58307.58,26707.44,132.53,4052.93,49.47
2111409,São Luís Gonzaga do Maranhão,MA,2025,47.01,42738.78,90915.38,42669.42,69.36,270.64,47.15
2111508,São Mateus do Maranhão,MA,2025,38.39,30713.08,80012.52,26876.82,3836.26,2095.17,39.42
2111532,São Pedro da Água Branca,MA,2025,29.99,21603.44,72047.33,18177.42,3426.01,5068.07,32.25
2111573,São Pedro dos Crentes,MA,2025,55.93,54784.8,97953.86,54020.35,764.45,17.76,55.94
2111607,São Raimundo das Mangabeiras,MA,2025,75.16,264880.09,352401.98,254340.05,10540.04,155.51,75.2
2111631,São Raimundo do Doca Bezerra,MA,2025,47.25,19824.6,41954.14,19818.99,5.61,35.35,47.29
2111672,São Roberto,MA,2025,55.69,12631.86,22681.18,12631.86,0.0,47.02,55.81
2111706,São Vicente Ferrer,MA,2025,53.85,21211.89,39392.71,16593.45,4618.44,3124.13,58.49
2111722,Satubinha,MA,2025,25.24,11153.24,44186.01,6664.55,4488.68,1000.19,25.83
2111748,Senador Alexandre Costa,MA,2025,58.07,24763.05,42645.71,24749.96,13.09,32.41,58.11
2111763,Senador La Rocque,MA,2025,22.92,16896.07,73705.75,16685.71,210.36,43.26,22.94
2111789,Serrano do Maranhão,MA,2025,88.78,105223.51,118527.44,103564.86,1658.64,3069.53,91.14
2111805,Sítio Novo,MA,2025,49.04,152743.81,311476.49,150832.8,1911.01,66.4,49.05
2111904,Sucupira do Norte,MA,2025,77.41,83172.81,107442.68,82961.33,211.48,5.95,77.42
2111953,Sucupira do Riachão,MA,2025,85.68,73878.94,86224.1,73803.24,75.7,7.82,85.69
2112001,Tasso Fragoso,MA,2025,66.32,289762.89,436928.86,288775.49,987.4,654.12,66.42
2112100,Timbiras,MA,2025,79.22,117773.72,148657.62,117757.49,16.23,257.67,79.36
2112209,Timon,MA,2025,82.45,145367.25,176316.66,140489.23,4878.02,1385.98,83.1
2112233,Trizidela do Vale,MA,2025,54.33,15848.87,29172.6,15837.38,11.5,132.27,54.58
2112274,Tufilândia,MA,2025,20.56,5569.87,27091.04,3545.98,2023.89,1285.68,21.58
2112308,Tuntum,MA,2025,47.35,159531.63,336904.04,159456.43,75.19,3818.99,47.9
2112407,Turiaçu,MA,2025,70.11,183428.8,261621.76,181494.39,1934.41,9718.94,72.82
2112456,Turilândia,MA,2025,51.16,77141.87,150796.23,70264.76,6877.11,7650.34,53.89
2112506,Tutóia,MA,2025,87.77,136724.55,155773.39,129978.72,6745.83,10699.99,94.25
2112605,Urbano Santos,MA,2025,79.53,135686.6,170620.46,131920.27,3766.33,31.68,79.54
2112704,Vargem Grande,MA,2025,75.92,148714.12,195875.42,148451.35,262.77,471.27,76.11
2112803,Viana,MA,2025,59.94,69931.96,116673.38,37885.83,32046.12,20683.81,72.85
2112852,Vila Nova dos Martírios,MA,2025,25.06,29820.39,118999.96,25465.01,4355.38,1678.27,25.42
2112902,Vitória do Mearim,MA,2025,62.27,44557.22,71560.48,31720.24,12836.98,2274.86,64.31
2113009,Vitorino Freire,MA,2025,14.32,17087.88,119337.16,15068.61,2019.27,1860.12,14.55
2114007,Zé Doca,MA,2025,27.01,57802.58,214007.58,57769.82,32.76,226.26,27.04
2200053,Acauã,PI,2025,57.65,73835.4,128077.81,72701.34,1134.06,162.27,57.72
2200103,Agricolândia,PI,2025,86.45,9720.02,11243.97,9542.02,178.0,1.6,86.46
2200202,Água Branca,PI,2025,77.63,7517.16,9682.99,6910.46,606.7,25.17,77.83
2200251,Alagoinha do Piauí,PI,2025,62.98,33751.87,53588.1,33716.99,34.88,1.6,62.99
2200277,Alegrete do Piauí,PI,2025,64.73,15776.95,24373.82,15766.3,10.65,10.56,64.76
2200301,Alto Longá,PI,2025,84.93,148064.89,174335.12,127360.85,20704.04,270.12,85.06
2200400,Altos,PI,2025,84.32,80720.24,95730.86,79611.43,1108.81,82.12,84.39
2200459,Alvorada do Gurguéia,PI,2025,83.92,178884.07,213154.79,178764.24,119.83,73.33,83.95
2200509,Amarante,PI,2025,92.31,106359.49,115214.68,102805.23,3554.26,1135.11,93.23
2200608,Angical do Piauí,PI,2025,94.09,20888.25,22200.3,20347.62,540.63,3.2,94.1
2200707,Anísio de Abreu,PI,2025,75.23,25419.28,33788.02,25399.41,19.86,18.89,75.27
2200806,Antônio Almeida,PI,2025,78.44,50579.17,64479.95,50317.09,262.08,214.64,78.7
2200905,Aroazes,PI,2025,91.09,74810.49,82124.12,71227.7,3582.78,1120.64,92.35
2200954,Aroeiras do Itaim,PI,2025,72.32,22873.0,31625.58,22803.63,69.37,16.41,72.36
2201002,Arraial,PI,2025,89.91,61389.64,68279.63,58650.55,2739.09,50.44,89.98
2201051,Assunção do Piauí,PI,2025,82.66,139773.26,169089.11,139773.26,0.0,4.54,82.66
2201101,Avelino Lopes,PI,2025,88.03,107427.47,122041.38,107427.47,0.0,137.86,88.12
2201150,Baixa Grande do Ribeiro,PI,2025,51.13,399262.01,780889.07,397399.88,1862.13,28.77,51.13
2201176,Barra D'Alcântara,PI,2025,96.76,25540.0,26396.09,22689.44,2850.57,12.53,96.8
2201200,Barras,PI,2025,84.07,144809.28,172251.35,142846.07,1963.22,808.88,84.47
2201309,Barreiras do Piauí,PI,2025,87.61,190008.34,216870.28,179951.34,10057.01,59.75,87.64
2201408,Barro Duro,PI,2025,95.35,15200.37,15942.19,14942.67,257.7,7.38,95.39
2201507,Batalha,PI,2025,88.8,141104.21,158900.33,124128.36,16975.85,779.17,89.24
2201556,Bela Vista do Piauí,PI,2025,76.4,38132.17,49909.07,37836.05,296.13,30.46,76.45
2201572,Belém do Piauí,PI,2025,64.86,15777.44,24323.86,15767.16,10.28,25.89,64.93
2201606,Beneditinos,PI,2025,77.61,72729.53,93708.11,62418.74,10310.79,675.02,78.18
2201705,Bertolínia,PI,2025,92.4,112376.61,121616.29,111389.67,986.94,139.67,92.51
2201739,Betânia do Piauí,PI,2025,57.23,33170.41,57956.45,33162.98,7.44,61.52,57.29
2201770,Boa Hora,PI,2025,90.34,30446.2,33700.52,30003.24,442.96,141.11,90.72
2201804,Bocaina,PI,2025,82.08,21476.58,26164.51,21400.6,75.98,573.9,83.92
2201903,Bom Jesus,PI,2025,68.59,375248.78,547102.83,369321.66,5927.12,584.39,68.66
2201919,Bom Princípio do Piauí,PI,2025,94.53,49454.43,52314.69,49454.43,0.0,38.65,94.6
2201929,Bonfim do Piauí,PI,2025,70.31,20330.0,28914.9,20325.85,4.15,45.2,70.42
2201945,Boqueirão do Piauí,PI,2025,90.75,24484.35,26980.1,23941.58,542.77,65.69,90.97
2201960,Brasileira,PI,2025,89.87,79162.94,88081.86,78836.29,326.64,89.44,89.97
2201988,Brejo do Piauí,PI,2025,95.84,217308.39,226730.36,216949.0,359.4,43.9,95.86
2202000,Buriti dos Lopes,PI,2025,84.88,58615.36,69057.96,51533.28,7082.08,5441.54,92.14
2202026,Buriti dos Montes,PI,2025,84.06,204886.74,243730.36,204884.7,2.05,70.09,84.09
2202059,Cabeceiras do Piauí,PI,2025,73.9,44989.93,60875.5,43604.93,1385.0,175.42,74.12
2202075,Cajazeiras do Piauí,PI,2025,82.04,42176.11,51409.35,40838.59,1337.52,116.85,82.23
2202083,Cajueiro da Praia,PI,2025,71.57,19303.37,26971.93,19303.37,0.0,1604.64,76.1
2202091,Caldeirão Grande do Piauí,PI,2025,65.92,30786.32,46700.59,30786.32,0.0,14.1,65.94
2202109,Campinas do Piauí,PI,2025,68.6,53768.98,78383.93,53363.46,405.52,577.61,69.11
2202117,Campo Alegre do Fidalgo,PI,2025,84.55,55616.63,65777.7,55595.39,21.24,93.44,84.67
2202133,Campo Grande do Piauí,PI,2025,66.9,20848.06,31164.39,20838.66,9.4,11.71,66.92
2202174,Campo Largo do Piauí,PI,2025,81.27,38853.28,47808.11,38340.84,512.44,655.5,82.4
2202208,Campo Maior,PI,2025,61.79,103859.27,168082.01,89253.47,14605.79,1522.23,62.36
2202251,Canavieira,PI,2025,88.57,191770.29,216514.05,189553.2,2217.09,41.67,88.59
2202307,Canto do Buriti,PI,2025,86.58,374504.96,432543.69,373319.71,1185.25,59.39,86.59
2202406,Capitão de Campos,PI,2025,91.37,52230.31,57165.72,50852.33,1377.98,30.84,91.42
2202455,Capitão Gervásio Oliveira,PI,2025,81.13,91913.0,113296.5,91548.13,364.88,854.35,81.74
2202505,Caracol,PI,2025,91.76,147819.1,161094.2,147772.15,46.95,32.13,91.78
2202539,Caraúbas do Piauí,PI,2025,85.27,40181.49,47124.38,39067.36,1114.13,147.94,85.54
2202554,Caridade do Piauí,PI,2025,67.18,33508.47,49878.43,33490.04,18.43,20.82,67.21
2202604,Castelo do Piauí,PI,2025,94.47,224734.81,237889.7,221907.07,2827.73,245.46,94.57
2202653,Caxingó,PI,2025,90.17,44280.25,49106.18,40972.21,3308.04,950.31,91.95
2202703,Cocal,PI,2025,88.72,114816.1,129416.14,114685.1,131.0,73.53,88.77
2202711,Cocal de Telha,PI,2025,93.11,28894.77,31031.32,28382.9,511.87,6.51,93.13
2202729,Cocal dos Alves,PI,2025,81.99,26633.81,32483.19,26633.81,0.0,7.14,82.01
2202737,Coivaras,PI,2025,78.75,38147.9,48443.65,33717.62,4430.28,21.02,78.78
2202752,Colônia do Gurguéia,PI,2025,81.57,35040.54,42956.56,34981.23,59.31,30.09,81.63
2202778,Colônia do Piauí,PI,2025,89.52,85054.39,95013.08,84817.2,237.19,229.04,89.73
2202802,Conceição do Canindé,PI,2025,87.88,72479.89,82474.58,72414.35,65.54,77.05,87.96
2202851,Coronel José Dias,PI,2025,86.05,165747.05,192609.82,165593.4,153.65,223.5,86.15
2202901,Corrente,PI,2025,75.21,229306.03,304875.22,228597.49,708.54,125.43,75.24
2203008,Cristalândia do Piauí,PI,2025,67.7,81435.86,120288.98,81426.01,9.84,81.21,67.75
2203107,Cristino Castro,PI,2025,88.03,162481.8,184576.18,161437.8,1044.01,70.27,88.06
2203206,Curimatá,PI,2025,88.32,207114.45,234493.52,207065.98,48.47,885.36,88.66
2203230,Currais,PI,2025,60.28,190292.2,315662.47,189570.46,721.74,42.24,60.29
2203255,Curralinhos,PI,2025,88.23,30512.35,34582.97,29979.35,533.0,11.92,88.26
2203271,Curral Novo do Piauí,PI,2025,69.66,52609.56,75526.93,52578.38,31.18,27.28,69.68
2203305,Demerval Lobão,PI,2025,90.68,19661.44,21682.58,19131.33,530.11,208.67,91.56
2203354,Dirceu Arcoverde,PI,2025,71.21,71603.82,100555.92,71586.97,16.85,180.93,71.34
2203404,Dom Expedito Lopes,PI,2025,89.14,19506.74,21882.21,19501.5,5.24,5.33,89.17
2203420,Domingos Mourão,PI,2025,72.16,61242.97,84871.44,61242.97,0.0,19.17,72.18
2203453,Dom Inocêncio,PI,2025,86.6,335293.19,387183.77,335024.17,269.02,1005.98,86.82
2203503,Elesbão Veloso,PI,2025,91.37,126451.9,138397.29,106654.31,19797.59,157.87,91.47
2203602,Eliseu Martins,PI,2025,82.47,90542.83,109784.32,90264.12,278.71,259.72,82.67
2203701,Esperantina,PI,2025,89.84,81642.29,90879.27,78930.9,2711.39,492.2,90.33
2203750,Fartura do Piauí,PI,2025,83.23,59346.9,71306.42,59346.9,0.0,47.19,83.28
2203800,Flores do Piauí,PI,2025,89.33,84575.59,94675.29,84176.91,398.68,61.67,89.39
2203859,Floresta do Piauí,PI,2025,73.22,16341.32,22319.26,16296.73,44.59,6.21,73.24
2203909,Floriano,PI,2025,87.26,297372.86,340796.12,285971.34,11401.52,744.63,87.45
2204006,Francinópolis,PI,2025,97.5,26197.68,26868.97,25634.52,563.16,8.44,97.53
2204105,Francisco Ayres,PI,2025,89.07,58470.14,65642.46,57073.86,1396.28,117.15,89.23
2204154,Francisco Macedo,PI,2025,78.26,14028.8,17926.42,14028.8,0.0,385.78,79.98
2204204,Francisco Santos,PI,2025,65.22,32096.95,49214.28,32087.54,9.41,0.98,65.22
2204303,Fronteiras,PI,2025,70.28,54627.81,77725.44,54474.72,153.09,180.93,70.45
2204352,Geminiano,PI,2025,75.51,33273.71,44064.28,33226.6,47.11,40.99,75.58
2204402,Gilbués,PI,2025,71.44,249736.08,349585.19,241102.75,8633.33,710.69,71.58
2204501,Guadalupe,PI,2025,61.3,62924.71,102650.24,61828.91,1095.8,7968.92,66.46
2204550,Guaribas,PI,2025,97.12,302847.64,311827.81,302832.97,14.66,4.94,97.12
2204600,Hugo Napoleão,PI,2025,93.87,21079.56,22456.57,20592.16,487.39,22.41,93.96
2204659,Ilha Grande,PI,2025,59.06,7656.68,12963.51,5097.43,2559.25,908.55,63.51
2204709,Inhuma,PI,2025,89.53,87579.04,97821.84,86941.65,637.4,19.0,89.55
2204808,Ipiranga do Piauí,PI,2025,93.11,49295.85,52943.8,47881.15,1414.7,6.04,93.12
2204907,Isaías Coelho,PI,2025,70.31,56299.06,80070.1,55169.12,1129.94,348.95,70.62
2205003,Itainópolis,PI,2025,75.28,62307.1,82761.66,62207.52,99.58,55.16,75.34
2205102,Itaueira,PI,2025,92.14,235335.21,255413.74,233231.21,2104.0,142.27,92.19
2205151,Jacobina do Piauí,PI,2025,67.99,90680.45,133379.17,89796.48,883.98,1110.12,68.56
2205201,Jaicós,PI,2025,70.76,61333.81,86675.75,61239.37,94.44,64.74,70.82
2205250,Jardim do Mulato,PI,2025,90.53,46191.36,51021.63,44983.96,1207.4,95.39,90.7
2205276,Jatobá do Piauí,PI,2025,91.97,59822.16,65041.84,48837.41,10984.76,86.05,92.1
2205300,Jerumenha,PI,2025,82.18,153350.82,186596.44,147174.91,6175.9,133.13,82.24
2205359,João Costa,PI,2025,95.12,171241.18,180028.24,171133.1,108.08,93.4,95.17
2205409,Joaquim Pires,PI,2025,82.69,61238.87,74055.58,57788.12,3450.75,1694.2,84.63
2205458,Joca Marques,PI,2025,70.79,11965.34,16902.48,11556.64,408.7,402.73,72.52
2205508,José de Freitas,PI,2025,60.79,93502.04,153818.29,91459.88,2042.16,368.87,60.93
2205516,Juazeiro do Piauí,PI,2025,93.41,87380.33,93540.65,87094.48,285.85,76.86,93.49
2205524,Júlio Borges,PI,2025,84.83,108911.26,128389.1,108911.26,0.0,152.94,84.93
2205532,Jurema,PI,2025,93.12,118441.18,127193.91,118410.54,30.64,35.22,93.14
2205540,Lagoinha do Piauí,PI,2025,93.4,6317.07,6763.41,6138.2,178.87,2.31,93.43
2205557,Lagoa Alegre,PI,2025,60.95,24026.22,39419.99,23928.53,97.69,34.67,61.0
2205565,Lagoa do Barro do Piauí,PI,2025,83.25,110811.74,133101.79,110732.62,79.12,240.85,83.4
2205573,Lagoa de São Francisco,PI,2025,96.97,15115.83,15587.93,15115.83,0.0,8.47,97.02
2205581,Lagoa do Piauí,PI,2025,85.74,36685.77,42787.32,33531.44,3154.33,175.88,86.09
2205599,Lagoa do Sítio,PI,2025,92.72,74641.24,80502.57,74299.48,341.76,16.7,92.74
2205607,Landri Sales,PI,2025,84.92,92445.64,108859.74,91615.01,830.64,234.16,85.1
2205706,Luís Correia,PI,2025,80.28,86024.53,107159.29,84229.83,1794.7,2224.25,81.98
2205805,Luzilândia,PI,2025,81.9,57786.77,70558.1,54927.72,2859.05,2111.16,84.43
2205854,Madeiro,PI,2025,71.61,12806.45,17883.21,12498.24,308.21,1537.28,78.35
2205904,Manoel Emídio,PI,2025,88.66,143654.8,162032.79,143467.1,187.7,86.05,88.7
2205953,Marcolândia,PI,2025,55.08,7533.93,13678.9,7531.81,2.13,5.41,55.1
2206001,Marcos Parente,PI,2025,94.14,63763.86,67735.05,63562.17,201.69,11.8,94.15
2206050,Massapê do Piauí,PI,2025,70.61,37438.53,53019.83,37289.07,149.46,42.82,70.67
2206100,Matias Olímpio,PI,2025,77.44,17563.52,22679.27,17356.35,207.16,537.73,79.32
2206209,Miguel Alves,PI,2025,83.81,116668.5,139208.85,116437.55,230.94,1677.56,84.83
2206308,Miguel Leão,PI,2025,96.93,9052.84,9339.94,9027.04,25.8,1.78,96.94
2206357,Milton Brandão,PI,2025,91.29,119508.31,130917.4,119385.77,122.53,66.3,91.33
2206407,Monsenhor Gil,PI,2025,94.42,53611.9,56782.92,48809.64,4802.26,34.44,94.47
2206506,Monsenhor Hipólito,PI,2025,53.37,21432.08,40158.38,21426.4,5.68,1.24,53.37
2206605,Monte Alegre do Piauí,PI,2025,74.42,179903.49,241745.32,177828.75,2074.74,601.53,74.6
2206654,Morro Cabeça no Tempo,PI,2025,85.89,189619.09,220766.65,189613.19,5.91,20.35,85.9
2206670,Morro do Chapéu do Piauí,PI,2025,90.08,29581.87,32841.22,28968.35,613.51,72.0,90.27
2206696,Murici dos Portelas,PI,2025,91.28,43423.21,47572.75,39037.77,4385.44,1005.55,93.25
2206704,Nazaré do Piauí,PI,2025,86.81,114226.4,131580.9,112156.04,2070.36,380.72,87.06
2206720,Nazária,PI,2025,82.3,29825.69,36238.63,28842.85,982.85,617.18,83.73
2206753,Nossa Senhora de Nazaré,PI,2025,44.37,15835.45,35686.98,13202.12,2633.33,503.83,45.01
2206803,Nossa Senhora dos Remédios,PI,2025,88.26,31586.25,35786.62,31528.28,57.97,20.24,88.31
2206902,Novo Oriente do Piauí,PI,2025,92.73,48765.96,52587.63,42610.6,6155.35,21.41,92.77
2206951,Novo Santo Antônio,PI,2025,92.37,41000.64,44387.44,34118.49,6882.15,100.42,92.58
2207009,Oeiras,PI,2025,88.83,240124.94,270320.58,232426.1,7698.84,252.23,88.91
2207108,Olho D'Água do Piauí,PI,2025,87.4,16049.08,18362.21,15646.18,402.9,7.2,87.44
2207207,Padre Marcos,PI,2025,67.9,18925.25,27871.07,18921.44,3.81,20.57,67.95
2207306,Paes Landim,PI,2025,73.16,29367.58,40142.67,29360.76,6.82,12.23,73.18
2207355,Pajeú do Piauí,PI,2025,91.99,90790.52,98697.41,90255.13,535.39,28.25,92.02
2207405,Palmeira do Piauí,PI,2025,70.27,142243.73,202414.64,141900.87,342.86,23.52,70.28
2207504,Palmeirais,PI,2025,94.29,140844.83,149373.8,131867.1,8977.73,1129.17,95.01
2207553,Paquetá,PI,2025,78.94,34142.11,43253.02,33931.06,211.05,12.69,78.96
2207603,Parnaguá,PI,2025,83.9,287687.48,342888.5,287678.95,8.54,2204.07,84.44
2207702,Parnaíba,PI,2025,58.6,25515.3,43540.65,24972.41,542.89,2187.57,61.7
2207751,Passagem Franca do Piauí,PI,2025,89.37,57488.72,64326.95,51510.57,5978.16,21.08,89.4
2207777,Patos do Piauí,PI,2025,66.77,53511.16,80138.76,53399.86,111.3,450.76,67.15
2207793,Pau D'Arco do Piauí,PI,2025,82.29,35385.67,43001.22,33350.13,2035.54,11.75,82.31
2207801,Paulistana,PI,2025,61.75,119860.81,194115.27,119158.85,701.96,981.21,62.06
2207850,Pavussu,PI,2025,87.69,95650.05,109080.57,95636.67,13.37,173.4,87.83
2207900,Pedro II,PI,2025,89.49,138190.79,154427.03,138120.46,70.32,130.94,89.56
2207934,Pedro Laurentino,PI,2025,85.88,74765.12,87058.4,74718.12,47.0,42.49,85.92
2207959,Nova Santa Rita,PI,2025,83.5,75968.58,90975.55,75909.26,59.32,142.71,83.64
2208007,Picos,PI,2025,69.25,39977.12,57729.51,39708.7,268.42,58.12,69.32
2208106,Pimenteiras,PI,2025,90.12,411159.79,456254.44,410747.85,411.94,99.0,90.14
2208205,Pio IX,PI,2025,73.84,143853.68,194814.5,143728.7,124.99,293.88,73.95
2208304,Piracuruca,PI,2025,86.15,204069.26,236888.27,201289.95,2779.31,3631.36,87.49
2208403,Piripiri,PI,2025,92.82,130609.28,140718.11,129271.64,1337.64,815.26,93.36
2208502,Porto,PI,2025,72.05,18237.97,25312.6,17995.54,242.43,1514.63,76.64
2208551,Porto Alegre do Piauí,PI,2025,86.57,101130.57,116813.68,98725.71,2404.86,6485.85,91.66
2208601,Prata do Piauí,PI,2025,75.58,14872.34,19678.61,11261.39,3610.95,80.97,75.89
2208650,Queimada Nova,PI,2025,76.42,98076.03,128339.4,97538.8,537.24,155.98,76.51
2208700,Redenção do Gurguéia,PI,2025,88.9,219629.45,247059.94,212853.55,6775.9,462.08,89.06
2208809,Regeneração,PI,2025,86.59,108353.04,125136.89,104740.77,3612.27,20.08,86.6
2208858,Riacho Frio,PI,2025,81.58,181159.69,222055.35,179040.71,2118.98,659.55,81.83
2208874,Ribeira do Piauí,PI,2025,88.12,89212.92,101242.38,88523.84,689.08,35.6,88.15
2208908,Ribeiro Gonçalves,PI,2025,67.85,270533.89,398716.43,269605.61,928.28,977.26,68.02
2209005,Rio Grande do Piauí,PI,2025,83.76,53267.06,63597.85,53179.43,87.63,784.02,84.8
2209104,Santa Cruz do Piauí,PI,2025,73.64,42908.31,58265.76,42570.96,337.36,61.12,73.72
2209153,Santa Cruz dos Milagres,PI,2025,95.09,93049.99,97854.88,87064.45,5985.55,238.05,95.32
2209203,Santa Filomena,PI,2025,70.64,373958.81,529359.82,370196.13,3762.69,797.81,70.75
2209302,Santa Luz,PI,2025,83.24,98666.11,118536.9,97478.28,1187.83,50.79,83.27
2209351,Santana do Piauí,PI,2025,91.26,10236.74,11217.45,10200.26,36.48,1.33,91.27
2209377,Santa Rosa do Piauí,PI,2025,77.16,26103.72,33832.68,25388.19,715.53,72.8,77.32
2209401,Santo Antônio de Lisboa,PI,2025,70.49,27164.72,38534.44,27152.47,12.25,3.28,70.5
2209450,Santo Antônio dos Milagres,PI,2025,92.66,3117.1,3364.19,3113.19,3.91,2.49,92.72
2209500,Santo Inácio do Piauí,PI,2025,81.1,69105.9,85211.31,69073.18,32.72,10.99,81.11
2209559,São Braz do Piauí,PI,2025,93.58,61389.64,65601.89,61362.18,27.47,14.13,93.6
2209609,São Félix do Piauí,PI,2025,91.39,57303.76,62701.71,47420.38,9883.38,54.34,91.47
2209658,São Francisco de Assis do Piauí,PI,2025,79.22,84947.61,107231.46,84933.01,14.6,402.21,79.52
2209708,São Francisco do Piauí,PI,2025,90.29,121127.67,134147.22,119495.15,1632.53,1317.07,91.19
2209757,São Gonçalo do Gurguéia,PI,2025,81.65,113108.08,138520.28,112203.09,904.99,34.35,81.67
2209807,São Gonçalo do Piauí,PI,2025,75.71,11395.0,15051.28,10821.29,573.71,16.81,75.79
2209856,São João da Canabrava,PI,2025,91.53,43982.93,48055.59,43935.69,47.23,30.45,91.58
2209872,São João da Fronteira,PI,2025,80.44,65730.55,81711.31,65730.55,0.0,38.71,80.48
2209906,São João da Serra,PI,2025,94.02,93476.29,99419.46,85186.97,8289.32,236.03,94.25
2209955,São João da Varjota,PI,2025,94.57,37303.71,39443.6,37191.34,112.37,8.61,94.6
2209971,São João do Arraial,PI,2025,95.06,20283.17,21336.95,19646.87,636.3,67.62,95.36
2210003,São João do Piauí,PI,2025,84.32,128801.91,152746.45,128713.78,88.13,1370.0,85.09
2210052,São José do Divino,PI,2025,82.07,26210.42,31938.51,23282.23,2928.19,171.56,82.51
2210102,São José do Peixe,PI,2025,90.28,116211.14,128723.52,115370.68,840.46,115.33,90.36
2210201,São José do Piauí,PI,2025,77.36,28881.01,37333.6,28797.47,83.54,20.06,77.4
2210300,São Julião,PI,2025,69.37,20192.08,29107.81,19995.18,196.9,361.73,70.24
2210359,São Lourenço do Piauí,PI,2025,65.27,43978.39,67383.0,43976.01,2.38,48.65,65.31
2210375,São Luis do Piauí,PI,2025,80.87,17622.44,21789.91,17590.21,32.23,286.04,81.95
2210383,São Miguel da Baixa Grande,PI,2025,94.43,41976.15,44452.28,33349.39,8626.76,79.71,94.6
2210391,São Miguel do Fidalgo,PI,2025,88.55,72028.7,81342.62,71944.94,83.76,271.22,88.85
2210409,São Miguel do Tapuio,PI,2025,91.73,457639.75,498878.04,452090.47,5549.29,219.93,91.77
2210508,São Pedro do Piauí,PI,2025,94.07,48754.14,51826.92,48010.82,743.31,10.05,94.09
2210607,São Raimundo Nonato,PI,2025,89.79,216867.91,241528.17,216580.83,287.08,547.56,89.99
2210623,Sebastião Barros,PI,2025,69.47,62071.88,89350.92,62060.98,10.9,38.95,69.5
2210631,Sebastião Leal,PI,2025,61.59,193920.3,314878.59,192719.63,1200.67,3.28,61.59
2210656,Sigefredo Pacheco,PI,2025,92.29,95153.89,103106.49,91624.03,3529.86,347.64,92.6
2210706,Simões,PI,2025,64.72,69644.61,107603.37,69628.12,16.49,87.03,64.78
2210805,Simplício Mendes,PI,2025,79.57,108221.45,135999.87,108099.92,121.54,248.39,79.72
2210904,Socorro do Piauí,PI,2025,90.66,69065.76,76181.09,68965.57,100.19,110.01,90.79
2210938,Sussuapara,PI,2025,80.89,16598.0,20518.79,16552.03,45.97,23.52,80.98
2210953,Tamboril do Piauí,PI,2025,95.48,151553.98,158733.01,150936.27,617.71,39.1,95.5
2210979,Tanque do Piauí,PI,2025,96.23,38297.11,39799.05,37329.89,967.22,2.93,96.23
2211001,Teresina,PI,2025,72.59,100986.77,139117.65,99888.73,1098.04,1640.77,73.46
2211100,União,PI,2025,64.76,75824.21,117077.77,75714.67,109.54,1733.52,65.74
2211209,Uruçuí,PI,2025,56.96,479164.73,841290.86,477288.32,1876.4,1004.67,57.02
2211308,Valença do Piauí,PI,2025,94.69,126284.88,133372.9,122751.96,3532.92,342.67,94.93
2211357,Várzea Branca,PI,2025,78.28,35260.08,45045.5,35251.17,8.91,13.86,78.3
2211407,Várzea Grande,PI,2025,96.74,22876.82,23647.21,22502.67,374.14,10.57,96.79
2211506,Vera Mendes,PI,2025,70.66,24166.69,34199.19,24133.28,33.42,23.58,70.71
2211605,Vila Nova do Piauí,PI,2025,48.07,10652.88,22163.42,10650.04,2.84,53.04,48.18
2211704,Wall Ferraz,PI,2025,62.79,16980.38,27042.89,16610.32,370.05,56.06,62.92
2300101,Abaiara,CE,2025,56.15,10153.95,18083.6,10153.95,0.0,14.99,56.2
2300150,Acarape,CE,2025,89.41,11601.49,12976.09,11601.49,0.0,259.11,91.23
2300200,Acaraú,CE,2025,43.62,36678.54,84084.65,36608.89,69.65,3075.56,45.28
2300309,Acopiara,CE,2025,67.78,152793.88,225430.8,152793.88,0.0,2190.11,68.44
2300408,Aiuaba,CE,2025,80.72,196841.57,243859.73,196826.12,15.45,765.13,80.97
2300507,Alcântaras,CE,2025,95.11,12912.86,13576.26,12912.86,0.0,3.48,95.14
2300606,Altaneira,CE,2025,81.09,5892.41,7266.79,5892.41,0.0,8.96,81.19
2300705,Alto Santo,CE,2025,30.76,35287.86,114722.49,35287.86,0.0,2968.21,31.58
2300754,Amontada,CE,2025,55.0,64574.36,117402.97,64470.98,103.38,1241.82,55.59
2300804,Antonina do Norte,CE,2025,72.0,18700.26,25971.98,18700.26,0.0,291.06,72.82
2300903,Apuiarés,CE,2025,89.23,48538.22,54395.3,48537.15,1.07,407.67,89.91
2301000,Aquiraz,CE,2025,43.25,20755.86,47994.82,20049.04,706.82,1601.74,44.74
2301109,Aracati,CE,2025,51.28,62926.93,122712.5,62616.95,309.98,3834.96,52.93
2301208,Aracoiaba,CE,2025,76.61,49333.32,64398.17,49325.47,7.84,2046.35,79.12
2301257,Ararendá,CE,2025,82.29,28169.75,34231.74,28169.75,0.0,245.02,82.88
2301307,Araripe,CE,2025,69.82,76617.8,109735.39,76617.8,0.0,183.73,69.94
2301406,Aratuba,CE,2025,94.89,11363.72,11976.27,11363.72,0.0,27.1,95.1
2301505,Arneiroz,CE,2025,64.98,69424.09,106846.49,69424.09,0.0,2584.01,66.59
2301604,Assaré,CE,2025,69.36,80120.91,115511.69,80120.91,0.0,610.85,69.73
2301703,Aurora,CE,2025,70.3,62282.11,88588.54,62282.11,0.0,590.37,70.78
2301802,Baixio,CE,2025,36.8,5357.46,14556.37,5356.4,1.07,125.75,37.13
2301851,Banabuiú,CE,2025,58.74,63504.88,108102.72,63504.88,0.0,4673.95,61.4
2301901,Barbalha,CE,2025,90.87,55272.18,60824.86,55272.18,0.0,21.46,90.9
2301950,Barreira,CE,2025,51.94,13516.93,26022.72,13510.06,6.86,282.07,52.51
2302008,Barro,CE,2025,70.14,49892.62,71134.17,49874.07,18.54,468.92,70.6
2302057,Barroquinha,CE,2025,64.24,24352.12,37910.63,23959.71,392.41,2436.44,68.65
2302107,Baturité,CE,2025,85.76,26934.95,31408.24,26934.95,0.0,195.04,86.29
2302206,Beberibe,CE,2025,52.84,84335.34,159591.84,84219.97,115.37,4207.57,54.28
2302305,Bela Cruz,CE,2025,44.41,37399.0,84213.44,37399.0,0.0,493.75,44.67
2302404,Boa Viagem,CE,2025,73.54,208499.49,283505.43,208499.49,0.0,2099.29,74.09
2302503,Brejo Santo,CE,2025,53.47,35003.13,65461.58,35003.13,0.0,895.81,54.21
2302602,Camocim,CE,2025,57.25,63694.84,111253.76,62856.34,838.5,7267.57,61.25
2302701,Campos Sales,CE,2025,74.72,80889.52,108258.1,80874.35,15.18,337.0,74.95
2302800,Canindé,CE,2025,88.42,268132.41,303245.76,268132.41,0.0,1108.66,88.75
2302909,Capistrano,CE,2025,84.03,19034.56,22651.92,19032.42,2.14,210.71,84.82
2303006,Caridade,CE,2025,86.51,80126.55,92623.65,80126.55,0.0,712.54,87.18
2303105,Cariré,CE,2025,73.55,55571.78,75558.58,55553.14,18.64,3450.83,77.07
2303204,Caririaçu,CE,2025,87.68,55605.11,63417.95,55605.11,0.0,321.41,88.13
2303303,Cariús,CE,2025,76.87,79675.88,103647.37,79675.88,0.0,1264.46,77.82
2303402,Carnaubal,CE,2025,79.23,28780.07,36323.3,28780.07,0.0,2.68,79.24
2303501,Cascavel,CE,2025,58.19,48757.06,83796.0,48650.23,106.83,1850.73,59.5
2303600,Catarina,CE,2025,66.78,32596.76,48813.03,32596.76,0.0,529.9,67.51
2303659,Catunda,CE,2025,82.01,64295.07,78402.15,64295.07,0.0,590.67,82.63
2303709,Caucaia,CE,2025,75.98,92888.45,122256.87,92777.72,110.73,4034.86,78.57
2303808,Cedro,CE,2025,61.88,45171.29,72995.86,45171.29,0.0,758.82,62.53
2303907,Chaval,CE,2025,80.02,18983.89,23725.4,18983.89,0.0,583.51,82.03
2303931,Choró,CE,2025,86.73,70710.3,81526.53,70708.88,1.43,738.87,87.53
2303956,Chorozinho,CE,2025,37.52,11120.59,29641.8,11120.59,0.0,2564.16,41.07
2304004,Coreaú,CE,2025,78.14,58631.08,75035.12,58629.83,1.25,690.59,78.86
2304103,Crateús,CE,2025,73.18,218161.5,298131.71,218161.5,0.0,3019.13,73.92
2304202,Crato,CE,2025,86.88,98879.16,113810.34,98879.16,0.0,310.64,87.12
2304236,Croatá,CE,2025,77.57,54015.51,69636.66,54015.51,0.0,2.67,77.57
2304251,Cruz,CE,2025,21.98,7379.11,33570.5,7234.01,145.1,1014.21,22.67
2304269,Deputado Irapuan Pinheiro,CE,2025,59.65,28100.79,47113.21,28100.79,0.0,498.25,60.28
2304277,Ereré,CE,2025,58.2,20313.46,34902.86,20313.46,0.0,409.42,58.89
2304285,Eusébio,CE,2025,34.93,2753.25,7882.02,2753.25,0.0,373.93,36.67
2304301,Farias Brito,CE,2025,82.07,43543.17,53053.83,43543.17,0.0,220.85,82.42
2304350,Forquilha,CE,2025,85.78,48787.02,56876.22,48787.02,0.0,1310.32,87.8
2304400,Fortaleza,CE,2025,11.59,3612.14,31169.49,3605.63,6.51,579.58,11.81
2304459,Fortim,CE,2025,53.58,15242.21,28450.15,15242.21,0.0,1865.18,57.33
2304509,Frecheirinha,CE,2025,81.54,17146.61,21028.26,17146.61,0.0,572.26,83.82
2304608,General Sampaio,CE,2025,87.78,20220.09,23036.02,20212.25,7.85,775.03,90.83
2304657,Graça,CE,2025,90.56,23449.34,25893.16,23449.34,0.0,42.54,90.71
2304707,Granja,CE,2025,79.82,212565.04,266317.9,212565.04,0.0,3921.42,81.01
2304806,Granjeiro,CE,2025,88.32,9849.6,11151.73,9849.6,0.0,82.91,88.99
2304905,Groaíras,CE,2025,70.97,11050.25,15570.36,11050.25,0.0,66.72,71.28
2304954,Guaiúba,CE,2025,83.85,21470.36,25605.14,21470.36,0.0,925.29,87.0
2305001,Guaraciaba do Norte,CE,2025,75.23,46985.63,62458.64,46985.63,0.0,6.15,75.23
2305100,Guaramiranga,CE,2025,99.06,8997.62,9082.68,8997.62,0.0,11.41,99.19
2305209,Hidrolândia,CE,2025,81.09,75140.08,92658.61,75138.92,1.16,2854.89,83.67
2305233,Horizonte,CE,2025,39.02,6264.36,16055.53,6263.11,1.25,1272.01,42.37
2305266,Ibaretama,CE,2025,83.77,73653.8,87922.91,73653.8,0.0,1095.48,84.83
2305308,Ibiapina,CE,2025,77.12,31935.04,41411.14,31935.04,0.0,22.66,77.16
2305332,Ibicuitinga,CE,2025,56.66,24017.27,42385.15,24017.27,0.0,762.98,57.7
2305357,Icapuí,CE,2025,50.91,21447.11,42129.8,21334.49,112.62,397.67,51.39
2305407,Icó,CE,2025,52.69,98320.11,186584.9,98320.11,0.0,1531.33,53.13
2305506,Iguatu,CE,2025,47.65,46573.77,97731.13,46573.77,0.0,5225.31,50.35
2305605,Independência,CE,2025,43.14,139661.2,323711.05,139661.2,0.0,1958.69,43.41
2305654,Ipaporanga,CE,2025,88.97,62702.87,70475.64,62702.87,0.0,511.77,89.62
2305704,Ipaumirim,CE,2025,50.97,14092.84,27648.02,14092.84,0.0,141.17,51.23
2305803,Ipu,CE,2025,81.54,51051.18,62605.65,51051.18,0.0,901.87,82.74
2305902,Ipueiras,CE,2025,82.7,122661.51,148325.41,122661.51,0.0,467.07,82.96
2306009,Iracema,CE,2025,57.78,48487.84,83916.43,48487.84,0.0,1590.52,58.9
2306108,Irauçuba,CE,2025,67.98,99686.33,146642.57,99685.17,1.16,1346.95,68.61
2306207,Itaiçaba,CE,2025,53.73,11478.17,21361.31,11478.17,0.0,1425.93,57.58
2306256,Itaitinga,CE,2025,60.49,9296.08,15367.05,9296.08,0.0,2663.39,73.18
2306306,Itapajé,CE,2025,82.06,35803.53,43632.99,35803.53,0.0,203.32,82.44
2306405,Itapipoca,CE,2025,59.78,95391.43,159557.5,95208.79,182.64,2118.04,60.59
2306504,Itapiúna,CE,2025,84.93,50380.27,59321.57,50380.27,0.0,1025.92,86.42
2306553,Itarema,CE,2025,53.77,38339.0,71304.77,38317.75,21.25,2607.75,55.81
2306603,Itatira,CE,2025,88.96,73769.13,82923.03,73769.13,0.0,200.86,89.18
2306702,Jaguaretama,CE,2025,32.39,59177.47,182681.49,59177.47,0.0,4408.03,33.19
2306801,Jaguaribara,CE,2025,22.69,14135.65,62296.9,14135.65,0.0,10139.5,27.1
2306900,Jaguaribe,CE,2025,19.29,36217.11,187707.11,36217.11,0.0,3192.55,19.63
2307007,Jaguaruana,CE,2025,40.85,34903.9,85436.66,34903.9,0.0,1609.9,41.64
2307106,Jardim,CE,2025,76.53,41697.69,54488.71,41697.69,0.0,131.25,76.71
2307205,Jati,CE,2025,70.39,25931.04,36840.17,25931.04,0.0,619.0,71.59
2307254,Jijoca de Jericoacoara,CE,2025,26.02,5387.45,20705.02,4853.21,534.24,671.64,26.89
2307304,Juazeiro do Norte,CE,2025,52.39,13558.38,25880.59,13558.38,0.0,138.14,52.67
2307403,Jucás,CE,2025,67.15,63141.97,94032.88,63141.97,0.0,692.57,67.65
2307502,Lavras da Mangabeira,CE,2025,65.38,61798.85,94524.87,61798.85,0.0,1251.39,66.26
2307601,Limoeiro do Norte,CE,2025,39.64,31504.07,79465.55,31504.07,0.0,759.76,40.03
2307635,Madalena,CE,2025,80.95,80802.4,99814.92,80802.4,0.0,1354.16,82.07
2307650,Maracanaú,CE,2025,41.51,4362.35,10509.29,4362.35,0.0,279.64,42.64
2307700,Maranguape,CE,2025,77.03,44946.92,58350.67,44943.35,3.57,1848.98,79.55
2307809,Marco,CE,2025,75.69,43413.71,57358.6,43413.71,0.0,1082.13,77.14
2307908,Martinópole,CE,2025,81.88,24848.45,30345.78,24848.45,0.0,432.82,83.07
2308005,Massapê,CE,2025,87.1,49449.27,56774.75,49449.27,0.0,1152.48,88.9
2308104,Mauriti,CE,2025,60.28,65037.57,107900.61,65037.57,0.0,170.23,60.37
2308203,Meruoca,CE,2025,96.84,14684.31,15164.18,14684.31,0.0,51.13,97.16
2308302,Milagres,CE,2025,65.77,38093.66,57915.47,38093.66,0.0,58.99,65.84
2308351,Milhã,CE,2025,40.14,20155.74,50218.44,20155.74,0.0,656.14,40.67
2308377,Miraíma,CE,2025,69.17,49013.71,70862.93,49013.71,0.0,1911.1,71.08
2308401,Missão Velha,CE,2025,77.06,47259.87,61326.5,47259.87,0.0,60.94,77.14
2308500,Mombaça,CE,2025,76.66,161417.32,210551.61,161417.32,0.0,877.29,76.98
2308609,Monsenhor Tabosa,CE,2025,73.14,65278.44,89254.42,65278.44,0.0,221.62,73.32
2308708,Morada Nova,CE,2025,49.88,140808.48,282282.97,140808.48,0.0,5210.27,50.82
2308807,Moraújo,CE,2025,80.23,33247.88,41442.85,33247.88,0.0,462.24,81.13
2308906,Morrinhos,CE,2025,73.96,30443.28,41160.74,30443.28,0.0,250.0,74.41
2309003,Mucambo,CE,2025,81.27,15618.47,19218.13,15615.34,3.12,189.89,82.08
2309102,Mulungu,CE,2025,97.88,9587.76,9795.75,9587.76,0.0,1.25,97.89
2309201,Nova Olinda,CE,2025,78.1,22072.33,28260.51,22072.33,0.0,48.72,78.24
2309300,Nova Russas,CE,2025,81.13,59784.83,73694.23,59784.83,0.0,903.02,82.13
2309409,Novo Oriente,CE,2025,66.15,63144.47,95452.22,63144.47,0.0,749.78,66.68
2309458,Ocara,CE,2025,53.31,40679.14,76309.62,40671.38,7.75,1208.46,54.17
2309508,Orós,CE,2025,52.82,30505.05,57755.41,30505.05,0.0,7173.05,60.31
2309607,Pacajus,CE,2025,45.7,11439.65,25032.62,11432.34,7.31,1953.78,49.57
2309706,Pacatuba,CE,2025,75.11,10006.44,13322.21,10006.44,0.0,574.22,78.49
2309805,Pacoti,CE,2025,98.01,11019.77,11243.31,11019.77,0.0,6.87,98.07
2309904,Pacujá,CE,2025,64.63,5711.24,8836.35,5693.76,17.48,251.43,66.53
2310001,Palhano,CE,2025,47.45,20735.22,43698.73,20735.22,0.0,617.87,48.13
2310100,Palmácia,CE,2025,89.51,11539.21,12891.78,11539.21,0.0,163.55,90.66
2310209,Paracuru,CE,2025,56.22,17127.03,30465.14,16747.57,379.46,550.68,57.25
2310258,Paraipaba,CE,2025,46.19,13353.29,28908.8,13046.1,307.19,514.94,47.03
2310308,Parambu,CE,2025,86.92,201106.41,231382.33,201104.54,1.87,790.27,87.21
2310407,Paramoti,CE,2025,89.28,48143.6,53923.52,48139.49,4.1,330.1,89.83
2310506,Pedra Branca,CE,2025,61.29,81444.11,132876.76,81444.11,0.0,411.25,61.48
2310605,Penaforte,CE,2025,24.98,3760.17,15053.39,3759.11,1.06,85.76,25.12
2310704,Pentecoste,CE,2025,84.55,116666.78,137983.65,116666.78,0.0,5094.98,87.79
2310803,Pereiro,CE,2025,83.14,37389.56,44972.91,37389.56,0.0,180.06,83.47
2310852,Pindoretama,CE,2025,7.47,553.27,7404.86,550.86,2.41,27.74,7.5
2310902,Piquet Carneiro,CE,2025,70.26,41425.29,58959.27,41425.29,0.0,420.07,70.77
2310951,Pires Ferreira,CE,2025,70.69,17280.62,24446.99,17280.62,0.0,2649.6,79.28
2311009,Poranga,CE,2025,83.84,109895.65,131081.7,109895.65,0.0,30.39,83.86
2311108,Porteiras,CE,2025,60.26,13549.86,22487.26,13549.86,0.0,13.3,60.29
2311207,Potengi,CE,2025,50.15,17213.67,34326.52,17213.67,0.0,243.14,50.5
2311231,Potiretama,CE,2025,28.88,11815.21,40912.11,11815.21,0.0,753.04,29.42
2311264,Quiterianópolis,CE,2025,83.17,85073.1,102292.04,85073.1,0.0,316.03,83.42
2311306,Quixadá,CE,2025,73.07,147637.6,202060.87,147637.6,0.0,3854.13,74.49
2311355,Quixelô,CE,2025,33.65,20870.1,62024.22,20870.1,0.0,4613.88,36.35
2311405,Quixeramobim,CE,2025,68.98,227782.35,330216.32,227782.35,0.0,6027.65,70.26
2311504,Quixeré,CE,2025,55.51,33829.81,60947.69,33829.81,0.0,100.46,55.6
2311603,Redenção,CE,2025,86.02,21330.3,24798.33,21327.98,2.32,530.12,87.89
2311702,Reriutaba,CE,2025,87.23,32531.96,37293.73,32531.96,0.0,130.55,87.54
2311801,Russas,CE,2025,62.24,93723.9,150573.3,93723.9,0.0,2224.81,63.18
2311900,Saboeiro,CE,2025,78.3,108156.74,138124.39,108156.74,0.0,742.4,78.73
2311959,Salitre,CE,2025,49.59,39982.08,80625.53,39982.08,0.0,95.99,49.65
2312007,Santana do Acaraú,CE,2025,79.77,77584.21,97257.15,77584.21,0.0,1448.77,80.98
2312106,Santana do Cariri,CE,2025,82.03,70150.21,85519.19,70150.21,0.0,121.02,82.14
2312205,Santa Quitéria,CE,2025,81.09,345611.77,426228.53,345611.77,0.0,5517.79,82.15
2312304,São Benedito,CE,2025,70.3,24665.21,35084.14,24665.21,0.0,12.49,70.33
2312403,São Gonçalo do Amarante,CE,2025,78.57,66169.35,84218.01,66087.79,81.56,2528.85,81.0
2312502,São João do Jaguaribe,CE,2025,27.32,7635.46,27945.1,7635.46,0.0,479.38,27.8
2312601,São Luís do Curu,CE,2025,84.17,10343.38,12288.1,10338.38,5.0,143.83,85.17
2312700,Senador Pompeu,CE,2025,62.43,60131.51,96324.58,60131.51,0.0,1071.46,63.13
2312809,Senador Sá,CE,2025,80.76,34294.96,42463.96,34294.96,0.0,740.76,82.2
2312908,Sobral,CE,2025,74.41,153908.61,206848.52,153908.61,0.0,3914.35,75.84
2313005,Solonópole,CE,2025,61.61,94617.26,153580.14,94617.26,0.0,1978.81,62.41
2313104,Tabuleiro do Norte,CE,2025,49.21,51559.4,104764.32,51559.4,0.0,853.71,49.62
2313203,Tamboril,CE,2025,65.87,132518.36,201174.35,132518.36,0.0,1607.44,66.4
2313252,Tarrafas,CE,2025,80.22,33107.47,41271.07,33107.47,0.0,74.32,80.36
2313302,Tauá,CE,2025,59.14,237194.22,401063.32,237194.22,0.0,2322.43,59.49
2313351,Tejuçuoca,CE,2025,87.86,66662.51,75870.09,66656.18,6.33,557.97,88.51
2313401,Tianguá,CE,2025,83.77,76217.59,90983.43,76217.59,0.0,277.88,84.03
2313500,Trairi,CE,2025,50.6,46980.98,92854.72,46824.25,156.73,1775.82,51.58
2313559,Tururu,CE,2025,73.14,14422.22,19719.07,14422.22,0.0,202.73,73.9
2313609,Ubajara,CE,2025,79.32,33604.48,42365.89,33604.48,0.0,642.25,80.54
2313708,Umari,CE,2025,59.32,15613.28,26318.95,15606.09,7.19,247.35,59.89
2313757,Umirim,CE,2025,79.06,24954.77,31563.15,24950.75,4.01,1260.16,82.35
2313807,Uruburetama,CE,2025,89.54,9263.21,10345.84,9263.21,0.0,123.66,90.62
2313906,Uruoca,CE,2025,87.28,60892.99,69769.04,60892.99,0.0,932.53,88.46
2313955,Varjota,CE,2025,65.14,11676.17,17923.89,11675.1,1.07,1049.07,69.19
2314003,Várzea Alegre,CE,2025,69.67,57822.38,82999.46,57822.38,0.0,1172.14,70.66
2314102,Viçosa do Ceará,CE,2025,90.19,118223.42,131089.25,118223.42,0.0,88.43,90.25
2400109,Acari,RN,2025,81.31,49477.04,60849.37,48519.48,957.55,423.91,81.88
2400208,Açu,RN,2025,56.61,73785.96,130345.96,73040.23,745.73,2993.42,57.94
2400307,Afonso Bezerra,RN,2025,52.25,30109.41,57621.56,30089.04,20.38,173.08,52.41
2400406,Água Nova,RN,2025,69.6,3526.07,5066.21,3526.07,0.0,21.07,69.89
2400505,Alexandria,RN,2025,49.68,18938.72,38119.2,18935.52,3.2,229.43,49.98
2400604,Almino Afonso,RN,2025,79.37,10163.93,12805.72,10163.93,0.0,158.51,80.36
2400703,Alto do Rodrigues,RN,2025,59.73,11427.97,19133.15,11413.02,14.96,467.82,61.23
2400802,Angicos,RN,2025,44.66,33118.69,74158.57,30902.13,2216.56,827.98,45.16
2400901,Antônio Martins,RN,2025,56.84,13918.75,24485.67,13918.75,0.0,179.73,57.26
2401008,Apodi,RN,2025,51.65,81046.1,156921.68,81037.73,8.37,2985.86,52.65
2401107,Areia Branca,RN,2025,60.49,20472.25,33844.49,20150.6,321.64,916.97,62.17
2401206,Arês,RN,2025,21.32,2460.54,11539.99,2356.98,103.56,594.22,22.48
2401305,Campo Grande,RN,2025,53.58,47739.68,89095.21,47688.71,50.97,3572.81,55.82
2401404,Baía Formosa,RN,2025,32.94,8130.85,24687.02,7004.65,1126.2,500.02,33.62
2401453,Baraúna,RN,2025,58.23,48077.85,82567.17,48077.85,0.0,0.89,58.23
2401503,Barcelona,RN,2025,59.61,9098.19,15262.26,9098.19,0.0,8.54,59.65
2401602,Bento Fernandes,RN,2025,61.85,18620.19,30107.29,18618.94,1.25,75.27,62.0
2401651,Bodó,RN,2025,74.05,18769.94,25348.27,18164.61,605.33,30.68,74.14
2401701,Bom Jesus,RN,2025,16.14,1969.97,12205.42,1969.97,0.0,74.51,16.24
2401800,Brejinho,RN,2025,6.87,423.0,6155.23,423.0,0.0,23.73,6.9
2401859,Caiçara do Norte,RN,2025,77.5,17487.59,22563.83,17192.9,294.69,63.59,77.72
2401909,Caiçara do Rio do Vento,RN,2025,75.68,19764.23,26116.32,19764.23,0.0,7.12,75.7
2402006,Caicó,RN,2025,52.73,64777.39,122857.32,61817.64,2959.75,1286.08,53.28
2402105,Campo Redondo,RN,2025,68.44,14627.11,21371.92,14624.53,2.58,114.92,68.81
2402204,Canguaretama,RN,2025,16.8,4122.1,24540.85,3696.48,425.62,518.34,17.16
2402303,Caraúbas,RN,2025,52.9,57898.21,109449.41,57898.21,0.0,2144.94,53.96
2402402,Carnaúba dos Dantas,RN,2025,83.52,20572.44,24632.16,20548.28,24.16,45.22,83.67
2402501,Carnaubais,RN,2025,51.66,26749.6,51781.0,26731.17,18.43,1173.73,52.86
2402600,Ceará-Mirim,RN,2025,21.11,15290.5,72427.37,13121.7,2168.8,571.93,21.28
2402709,Cerro Corá,RN,2025,83.89,33021.94,39361.42,33019.45,2.49,134.81,84.18
2402808,Coronel Ezequiel,RN,2025,82.72,15364.64,18573.66,15364.64,0.0,28.7,82.85
2402907,Coronel João Pessoa,RN,2025,79.0,9252.99,11712.96,9252.99,0.0,41.5,79.28
2403004,Cruzeta,RN,2025,73.52,21749.23,29583.32,20408.42,1340.81,570.21,74.96
2403103,Currais Novos,RN,2025,78.18,67579.25,86435.26,64100.47,3478.78,591.08,78.72
2403202,Doutor Severiano,RN,2025,79.96,9094.26,11374.16,9094.26,0.0,36.01,80.21
2403251,Parnamirim,RN,2025,30.61,3784.36,12361.51,2808.31,976.05,58.78,30.76
2403301,Encanto,RN,2025,68.08,8561.84,12575.24,8561.84,0.0,142.42,68.86
2403400,Equador,RN,2025,83.99,22255.75,26498.07,22193.16,62.58,50.68,84.15
2403509,Espírito Santo,RN,2025,20.97,2848.67,13585.26,2810.54,38.12,113.14,21.14
2403608,Extremoz,RN,2025,27.78,3884.84,13983.52,2628.52,1256.32,437.63,28.68
2403707,Felipe Guerra,RN,2025,58.33,17041.52,29217.27,17041.52,0.0,239.55,58.81
2403756,Fernando Pedroza,RN,2025,58.99,19032.6,32265.88,18599.35,433.25,95.99,59.16
2403806,Florânia,RN,2025,81.45,41368.4,50789.42,41301.83,66.57,243.99,81.84
2403905,Francisco Dantas,RN,2025,52.06,9452.74,18157.32,9452.74,0.0,262.37,52.82
2404002,Frutuoso Gomes,RN,2025,78.35,4958.52,6328.6,4958.52,0.0,215.76,81.12
2404101,Galinhos,RN,2025,64.79,22051.05,34034.78,21742.31,308.74,1474.34,67.72
2404200,Goianinha,RN,2025,19.63,3774.82,19226.28,3624.0,150.82,153.67,19.79
2404309,Governador Dix-Sept Rosado,RN,2025,81.59,90513.17,110936.2,90513.17,0.0,113.05,81.67
2404408,Grossos,RN,2025,36.55,4528.68,12390.62,4528.68,0.0,470.47,37.99
2404507,Guamaré,RN,2025,52.22,13475.29,25807.18,13448.84,26.45,841.27,53.97
2404606,Ielmo Marinho,RN,2025,31.76,9911.3,31203.88,9911.3,0.0,161.72,31.93
2404705,Ipanguaçu,RN,2025,44.7,16729.21,37423.68,16715.06,14.15,883.39,45.78
2404804,Ipueira,RN,2025,61.52,7835.0,12735.14,7286.89,548.11,112.41,62.07
2404853,Itajá,RN,2025,21.58,4393.98,20365.39,4295.67,98.31,2450.69,24.53
2404903,Itaú,RN,2025,40.38,5369.85,13298.79,5369.85,0.0,292.1,41.29
2405009,Jaçanã,RN,2025,53.42,2914.58,5455.95,2909.87,4.71,3.73,53.46
2405108,Jandaíra,RN,2025,54.93,24319.51,44275.3,24315.95,3.56,3.65,54.93
2405207,Janduís,RN,2025,68.94,20916.68,30341.57,20915.61,1.07,976.72,71.23
2405306,Januário Cicco,RN,2025,22.02,3678.34,16702.89,3678.34,0.0,53.07,22.09
2405405,Japi,RN,2025,33.24,6282.75,18899.46,6282.75,0.0,4.44,33.25
2405504,Jardim de Angicos,RN,2025,70.79,17981.8,25401.95,17962.85,18.95,23.67,70.86
2405603,Jardim de Piranhas,RN,2025,33.53,11081.46,33053.4,10826.47,254.99,723.06,34.28
2405702,Jardim do Seridó,RN,2025,66.81,24563.14,36763.26,21180.08,3383.05,244.0,67.26
2405801,João Câmara,RN,2025,63.37,45306.91,71499.87,45306.91,0.0,142.38,63.49
2405900,João Dias,RN,2025,90.16,7950.49,8818.08,7950.49,0.0,28.71,90.46
2406007,José da Penha,RN,2025,39.52,4649.75,11765.3,4649.75,0.0,310.33,40.59
2406106,Jucurutu,RN,2025,58.41,54534.32,93369.08,52456.53,2077.8,3087.31,60.4
2406155,Jundiá,RN,2025,5.49,245.13,4463.6,239.27,5.87,27.46,5.53
2406205,Lagoa d'Anta,RN,2025,9.53,991.22,10404.54,991.22,0.0,47.54,9.57
2406304,Lagoa de Pedras,RN,2025,12.46,1469.72,11796.91,1469.72,0.0,133.78,12.6
2406403,Lagoa de Velhos,RN,2025,53.31,5949.18,11160.24,5949.18,0.0,4.45,53.33
2406502,Lagoa Nova,RN,2025,33.29,5868.63,17627.57,5868.63,0.0,7.82,33.31
2406601,Lagoa Salgada,RN,2025,11.62,919.28,7913.09,919.28,0.0,43.03,11.68
2406700,Lajes,RN,2025,53.55,36235.13,67662.17,36092.61,142.52,199.56,53.71
2406809,Lajes Pintadas,RN,2025,72.89,9490.74,13020.56,9490.74,0.0,31.03,73.06
2406908,Lucrécia,RN,2025,66.64,2060.37,3092.0,2060.37,0.0,145.53,69.93
2407005,Luís Gomes,RN,2025,81.03,13503.12,16664.74,13503.12,0.0,117.82,81.61
2407104,Macaíba,RN,2025,27.38,13963.7,51007.92,13963.7,0.0,941.99,27.89
2407203,Macau,RN,2025,46.15,35724.24,77404.81,35287.19,437.05,6430.52,50.33
2407252,Major Sales,RN,2025,30.16,964.25,3196.71,964.25,0.0,75.35,30.89
2407302,Marcelino Vieira,RN,2025,47.97,16581.18,34568.72,16581.18,0.0,541.67,48.73
2407401,Martins,RN,2025,95.13,16123.28,16947.99,16123.28,0.0,56.19,95.45
2407500,Maxaranguape,RN,2025,27.08,3560.62,13149.26,1265.24,2295.38,638.71,28.46
2407609,Messias Targino,RN,2025,73.81,10527.98,14263.16,10526.56,1.42,243.69,75.1
2407708,Montanhas,RN,2025,7.7,633.31,8220.29,633.31,0.0,50.02,7.75
2407807,Monte Alegre,RN,2025,14.63,3090.44,21126.93,3087.33,3.11,121.54,14.71
2407906,Monte das Gameleiras,RN,2025,45.65,3284.31,7193.92,3284.31,0.0,4.18,45.68
2408003,Mossoró,RN,2025,62.99,132230.57,209933.13,132230.57,0.0,3252.22,63.98
2408102,Natal,RN,2025,17.51,2922.64,16687.66,2542.38,380.26,906.28,18.52
2408201,Nísia Floresta,RN,2025,31.86,9787.38,30724.6,6328.97,3458.41,1859.05,33.91
2408300,Nova Cruz,RN,2025,6.01,1666.47,27732.13,1666.47,0.0,186.58,6.05
2408409,Olho d'Água do Borges,RN,2025,46.81,6384.97,13638.96,6384.97,0.0,124.23,47.24
2408508,Ouro Branco,RN,2025,61.82,15653.99,25321.0,11302.48,4351.51,227.69,62.38
2408607,Paraná,RN,2025,49.71,4045.85,8138.78,4042.29,3.55,157.26,50.69
2408706,Paraú,RN,2025,28.96,11095.7,38319.77,9897.15,1198.54,803.44,29.58
2408805,Parazinho,RN,2025,62.6,14463.57,23103.42,14463.57,0.0,1.6,62.61
2408904,Parelhas,RN,2025,74.76,38388.29,51350.04,38213.43,174.85,434.43,75.4
2408953,Rio do Fogo,RN,2025,22.02,3321.41,15080.66,877.6,2443.81,323.65,22.51
2409100,Passa e Fica,RN,2025,4.39,193.6,4411.21,193.6,0.0,59.35,4.45
2409209,Passagem,RN,2025,9.97,411.04,4121.74,411.04,0.0,25.06,10.03
2409308,Patu,RN,2025,61.7,19690.19,31911.69,19690.19,0.0,383.1,62.45
2409332,Santa Maria,RN,2025,33.22,7293.33,21955.19,7293.33,0.0,173.37,33.48
2409407,Pau dos Ferros,RN,2025,20.26,5266.05,25995.55,5266.05,0.0,865.15,20.95
2409506,Pedra Grande,RN,2025,61.99,13710.05,22115.83,13349.2,360.85,326.74,62.92
2409605,Pedra Preta,RN,2025,58.05,17123.43,29496.37,17114.62,8.81,58.73,58.17
2409704,Pedro Avelino,RN,2025,44.87,42747.96,95264.5,42719.76,28.21,294.28,45.01
2409803,Pedro Velho,RN,2025,15.89,3062.67,19269.02,2944.14,118.52,26.12,15.92
2409902,Pendências,RN,2025,67.38,28242.96,41915.6,28066.4,176.56,2102.73,70.94
2410009,Pilões,RN,2025,31.62,2614.82,8268.85,2614.82,0.0,116.25,32.07
2410108,Poço Branco,RN,2025,38.21,8802.5,23036.79,8802.5,0.0,473.54,39.01
2410207,Portalegre,RN,2025,91.37,10055.1,11004.9,10055.1,0.0,18.67,91.52
2410256,Porto do Mangue,RN,2025,35.0,12601.19,35999.13,11704.09,897.1,2248.55,37.34
2410306,Serra Caiada,RN,2025,39.3,9041.68,23004.4,9041.68,0.0,86.23,39.45
2410405,Pureza,RN,2025,25.16,12689.69,50429.55,12682.83,6.85,4.72,25.17
2410504,Rafael Fernandes,RN,2025,35.68,2791.38,7823.48,2791.38,0.0,382.49,37.51
2410603,Rafael Godeiro,RN,2025,66.76,6681.37,10008.3,6681.37,0.0,164.22,67.87
2410702,Riacho da Cruz,RN,2025,60.57,7707.01,12723.62,7707.01,0.0,316.95,62.12
2410801,Riacho de Santana,RN,2025,71.5,9160.94,12812.15,9160.94,0.0,79.9,71.95
2410900,Riachuelo,RN,2025,64.13,16863.23,26294.54,16863.23,0.0,100.61,64.38
2411007,Rodolfo Fernandes,RN,2025,38.98,6036.25,15485.15,6036.25,0.0,598.15,40.55
2411056,Tibau,RN,2025,41.93,7080.86,16887.26,7080.86,0.0,195.26,42.42
2411106,Ruy Barbosa,RN,2025,75.1,9446.7,12578.71,9446.7,0.0,9.52,75.16
2411205,Santa Cruz,RN,2025,43.92,27421.24,62437.38,27421.24,0.0,243.9,44.09
2411403,Santana do Matos,RN,2025,65.47,93123.48,142229.68,86730.28,6393.2,844.2,65.86
2411429,Santana do Seridó,RN,2025,59.86,11278.74,18841.12,10972.9,305.83,58.17,60.05
2411502,Santo Antônio,RN,2025,6.98,2101.58,30108.73,2101.58,0.0,123.79,7.01
2411601,São Bento do Norte,RN,2025,68.9,19893.31,28873.04,19687.94,205.37,218.9,69.43
2411700,São Bento do Trairí,RN,2025,41.97,8008.22,19081.27,8008.22,0.0,58.65,42.1
2411809,São Fernando,RN,2025,37.91,15333.03,40442.02,13828.14,1504.89,740.01,38.62
2411908,São Francisco do Oeste,RN,2025,59.02,4460.7,7558.38,4460.7,0.0,98.71,59.8
2412005,São Gonçalo do Amarante,RN,2025,26.83,6701.79,24977.89,6659.27,42.52,675.15,27.58
2412104,São João do Sabugi,RN,2025,56.2,15568.99,27700.98,14710.07,858.91,591.02,57.43
2412203,São José de Mipibu,RN,2025,15.61,4525.76,28997.19,4510.56,15.2,81.71,15.65
2412302,São José do Campestre,RN,2025,30.01,10236.27,34110.66,10236.27,0.0,68.16,30.07
2412401,São José do Seridó,RN,2025,60.56,10567.61,17450.65,8600.99,1966.63,102.52,60.92
2412500,São Miguel,RN,2025,74.8,12434.64,16623.93,12434.64,0.0,117.6,75.33
2412559,São Miguel do Gostoso,RN,2025,57.02,24591.54,43131.5,24584.77,6.77,520.14,57.71
2412609,São Paulo do Potengi,RN,2025,45.46,10928.52,24041.92,10928.52,0.0,300.61,46.03
2412708,São Pedro,RN,2025,36.98,7220.35,19523.24,7220.35,0.0,49.98,37.08
2412807,São Rafael,RN,2025,38.84,18219.58,46911.03,17448.43,771.15,7589.97,46.34
2412906,São Tomé,RN,2025,78.07,67337.79,86257.57,67331.48,6.31,61.45,78.12
2413003,São Vicente,RN,2025,74.95,14827.33,19782.2,14557.68,269.66,162.92,75.58
2413102,Senador Elói de Souza,RN,2025,27.98,4016.35,14355.94,4016.35,0.0,49.08,28.07
2413201,Senador Georgino Avelino,RN,2025,21.05,546.0,2593.88,374.7,171.31,641.81,27.97
2413300,Serra de São Bento,RN,2025,30.53,2949.06,9658.56,2949.06,0.0,7.55,30.56
2413359,Serra do Mel,RN,2025,23.93,14838.33,62009.53,14838.33,0.0,0.27,23.93
2413409,Serra Negra do Norte,RN,2025,66.47,37380.16,56238.4,37269.31,110.85,1316.38,68.06
2413508,Serrinha,RN,2025,13.28,2567.53,19336.34,2567.53,0.0,42.57,13.31
2413557,Serrinha dos Pintos,RN,2025,64.58,7903.97,12239.5,7903.97,0.0,51.38,64.85
2413607,Severiano Melo,RN,2025,34.22,5401.15,15785.64,5401.15,0.0,394.43,35.09
2413706,Sítio Novo,RN,2025,63.56,13566.46,21345.25,13566.46,0.0,0.98,63.56
2413805,Taboleiro Grande,RN,2025,67.77,8408.0,12407.11,8408.0,0.0,240.39,69.11
2413904,Taipu,RN,2025,26.42,9322.95,35284.19,9322.95,0.0,129.29,26.52
2414001,Tangará,RN,2025,36.69,12455.09,33950.23,12455.09,0.0,154.03,36.85
2414100,Tenente Ananias,RN,2025,62.48,13976.6,22369.05,13976.6,0.0,211.46,63.08
2414159,Tenente Laurentino Cruz,RN,2025,57.33,3930.72,6855.77,3927.61,3.11,3.47,57.36
2414209,Tibau do Sul,RN,2025,25.72,2625.73,10208.32,2212.18,413.56,443.46,26.89
2414308,Timbaúba dos Batistas,RN,2025,26.68,3614.07,13545.99,3376.85,237.22,389.39,27.47
2414407,Touros,RN,2025,30.34,22842.41,75296.81,19939.01,2903.4,1094.4,30.78
2414456,Triunfo Potiguar,RN,2025,59.99,16121.02,26874.14,16042.66,78.35,182.67,60.4
2414506,Umarizal,RN,2025,74.12,18499.4,24959.37,18499.4,0.0,283.38,74.97
2414605,Upanema,RN,2025,61.85,54001.25,87306.73,53916.47,84.79,922.06,62.51
2414704,Várzea,RN,2025,9.81,712.82,7267.42,712.82,0.0,35.72,9.86
2414753,Venha-Ver,RN,2025,71.97,5155.53,7163.07,5155.53,0.0,39.55,72.37
2414803,Vera Cruz,RN,2025,16.65,1401.12,8414.1,1401.12,0.0,33.79,16.72
2414902,Viçosa,RN,2025,83.23,3154.71,3790.16,3154.71,0.0,5.6,83.36
2415008,Vila Flor,RN,2025,18.65,889.08,4767.07,661.83,227.25,19.02,18.73
2500106,Água Branca,PB,2025,63.68,15388.33,24165.09,15388.33,0.0,180.24,64.16
2500205,Aguiar,PB,2025,78.49,27599.13,35161.24,27566.74,32.39,241.89,79.04
2500304,Alagoa Grande,PB,2025,40.52,13049.67,32208.36,13049.67,0.0,134.97,40.69
2500403,Alagoa Nova,PB,2025,49.18,6307.42,12824.14,6307.42,0.0,52.89,49.39
2500502,Alagoinha,PB,2025,29.3,3262.71,11136.01,3262.71,0.0,106.78,29.58
2500536,Alcantil,PB,2025,64.98,20136.17,30988.93,20136.17,0.0,15.6,65.01
2500577,Algodão de Jandaíra,PB,2025,40.72,9069.58,22273.03,9048.01,21.57,17.66,40.75
2500601,Alhandra,PB,2025,19.2,3531.92,18398.0,2782.52,749.4,638.67,19.89
2500700,São João do Rio do Peixe,PB,2025,42.22,20108.7,47623.92,20079.49,29.21,300.5,42.49
2500734,Amparo,PB,2025,73.01,8913.67,12209.21,8913.67,0.0,4.88,73.04
2500775,Aparecida,PB,2025,65.83,19186.07,29145.1,19169.11,16.96,144.54,66.16
2500809,Araçagi,PB,2025,11.84,2748.14,23219.69,2748.14,0.0,292.24,11.99
2500908,Arara,PB,2025,32.05,2926.95,9131.2,2926.95,0.0,32.94,32.17
2501005,Araruna,PB,2025,33.73,8321.72,24672.1,8321.72,0.0,32.51,33.77
2501104,Areia,PB,2025,47.27,12719.52,26911.05,12719.52,0.0,134.91,47.5
2501153,Areia de Baraúnas,PB,2025,82.11,9367.66,11409.08,8618.57,749.09,24.93,82.29
2501203,Areial,PB,2025,6.19,221.59,3580.82,221.59,0.0,14.73,6.21
2501302,Aroeiras,PB,2025,59.18,22257.64,37611.18,22257.64,0.0,612.88,60.16
2501351,Assunção,PB,2025,67.34,8897.69,13212.21,8889.53,8.16,55.46,67.63
2501401,Baía da Traição,PB,2025,33.0,3389.15,10270.57,2185.27,1203.88,20.16,33.06
2501500,Bananeiras,PB,2025,43.95,11234.7,25562.51,11234.7,0.0,120.15,44.16
2501534,Baraúna,PB,2025,19.27,964.46,5004.05,962.95,1.51,1.33,19.28
2501575,Barra de Santana,PB,2025,54.57,20473.15,37516.34,20473.15,0.0,16.31,54.6
2501609,Barra de Santa Rosa,PB,2025,48.87,38180.29,78118.73,38171.24,9.06,87.91,48.93
2501708,Barra de São Miguel,PB,2025,61.89,37729.94,60967.59,37632.81,97.13,305.72,62.2
2501807,Bayeux,PB,2025,39.79,1101.53,2768.55,1087.34,14.2,131.67,41.77
2501906,Belém,PB,2025,35.77,3563.74,9961.65,3563.74,0.0,21.85,35.85
2502003,Belém do Brejo do Cruz,PB,2025,65.71,39529.64,60156.02,38236.07,1293.57,1733.19,67.66
2502052,Bernardino Batista,PB,2025,69.18,3974.11,5744.92,3974.11,0.0,30.83,69.55
2502102,Boa Ventura,PB,2025,77.64,13095.52,16866.32,13095.52,0.0,28.46,77.77
2502151,Boa Vista,PB,2025,55.67,26104.48,46891.52,26085.23,19.25,142.35,55.84
2502201,Bom Jesus,PB,2025,51.84,2455.95,4737.28,2454.89,1.07,275.85,55.05
2502300,Bom Sucesso,PB,2025,46.27,8609.86,18608.13,8589.07,20.79,62.1,46.42
2502409,Bonito de Santa Fé,PB,2025,63.64,14434.74,22680.68,14434.74,0.0,226.17,64.28
2502508,Boqueirão,PB,2025,59.18,22077.78,37307.68,22072.46,5.32,1729.88,62.05
2502607,Igaracy,PB,2025,55.19,10875.04,19705.09,10849.94,25.11,253.4,55.91
2502706,Borborema,PB,2025,66.64,1740.39,2611.47,1740.39,0.0,39.42,67.67
2502805,Brejo do Cruz,PB,2025,58.9,23635.47,40130.55,23616.63,18.84,1059.66,60.49
2502904,Brejo dos Santos,PB,2025,63.11,5922.75,9385.53,5915.11,7.64,23.99,63.27
2503001,Caaporã,PB,2025,18.88,2850.75,15102.47,2402.4,448.35,109.74,19.01
2503100,Cabaceiras,PB,2025,67.12,31493.56,46920.23,31417.66,75.89,497.85,67.84
2503209,Cabedelo,PB,2025,31.17,912.38,2926.85,781.03,131.35,215.55,33.65
2503308,Cachoeira dos Índios,PB,2025,56.87,10989.3,19322.24,10989.3,0.0,144.14,57.3
2503407,Cacimba de Areia,PB,2025,66.0,14059.95,21302.62,13378.73,681.22,246.22,66.77
2503506,Cacimba de Dentro,PB,2025,27.09,4471.61,16509.38,4471.61,0.0,42.27,27.15
2503555,Cacimbas,PB,2025,79.52,9864.53,12405.04,9864.53,0.0,10.11,79.59
2503605,Caiçara,PB,2025,12.86,1591.04,12368.84,1591.04,0.0,64.58,12.93
2503704,Cajazeiras,PB,2025,64.79,36460.0,56272.77,36458.94,1.07,872.35,65.81
2503753,Cajazeirinhas,PB,2025,78.25,22121.36,28271.38,22120.12,1.24,405.27,79.38
2503803,Caldas Brandão,PB,2025,12.2,682.84,5596.14,682.84,0.0,107.0,12.44
2503902,Camalaú,PB,2025,55.86,30269.41,54187.06,28609.12,1660.29,622.18,56.51
2504009,Campina Grande,PB,2025,32.04,18956.24,59165.1,18956.24,0.0,265.73,32.18
2504033,Capim,PB,2025,17.85,1425.38,7985.84,1359.43,65.95,148.68,18.19
2504074,Caraúbas,PB,2025,47.04,22891.58,48664.57,22084.76,806.82,153.55,47.19
2504108,Carrapateira,PB,2025,75.82,4478.48,5906.66,4478.48,0.0,16.42,76.03
2504157,Casserengue,PB,2025,34.88,7071.66,20275.07,7071.66,0.0,49.02,34.96
2504207,Catingueira,PB,2025,85.9,45302.36,52739.86,45134.04,168.32,767.8,87.17
2504306,Catolé do Rocha,PB,2025,75.72,41774.55,55173.04,41753.93,20.62,467.25,76.36
2504355,Caturité,PB,2025,44.59,5253.52,11781.6,5253.52,0.0,4.61,44.61
2504405,Conceição,PB,2025,76.49,44415.15,58063.48,44358.69,56.46,344.95,76.95
2504504,Condado,PB,2025,72.23,19172.75,26545.36,19163.7,9.05,445.95,73.46
2504603,Conde,PB,2025,29.23,4994.39,17087.99,4458.56,535.83,48.69,29.31
2504702,Congo,PB,2025,44.01,14290.71,32468.17,11984.11,2306.6,372.61,44.53
2504801,Coremas,PB,2025,50.89,18932.55,37201.24,18882.51,50.05,5964.78,60.61
2504850,Coxixola,PB,2025,57.61,10021.94,17395.79,9774.78,247.16,49.98,57.78
2504900,Cruz do Espírito Santo,PB,2025,22.26,4285.6,19251.28,4026.54,259.06,196.16,22.49
2505006,Cubati,PB,2025,43.75,7156.49,16357.83,7154.81,1.69,54.42,43.9
2505105,Cuité,PB,2025,52.12,38250.71,73384.92,38237.56,13.15,110.87,52.2
2505204,Cuitegi,PB,2025,42.24,1777.04,4207.39,1777.04,0.0,43.67,42.68
2505238,Cuité de Mamanguape,PB,2025,11.78,1268.18,10768.92,1251.58,16.6,156.68,11.95
2505279,Curral de Cima,PB,2025,8.1,700.19,8643.16,700.19,0.0,60.03,8.16
2505303,Curral Velho,PB,2025,85.6,18628.89,21762.0,18608.68,20.21,169.66,86.28
2505352,Damião,PB,2025,31.59,5882.21,18618.79,5882.21,0.0,0.8,31.59
2505402,Desterro,PB,2025,76.81,13979.49,18201.11,13979.49,0.0,20.31,76.89
2505501,Vista Serrana,PB,2025,72.4,4373.84,6040.85,4366.56,7.28,41.64,72.91
2505600,Diamante,PB,2025,87.93,23898.93,27179.73,23898.93,0.0,107.29,88.28
2505709,Dona Inês,PB,2025,38.03,6605.31,17367.69,6605.31,0.0,57.2,38.16
2505808,Duas Estradas,PB,2025,7.55,203.8,2700.21,203.8,0.0,22.47,7.61
2505907,Emas,PB,2025,83.07,20619.34,24821.89,20530.88,88.46,310.66,84.12
2506004,Esperança,PB,2025,23.35,3685.33,15785.45,3685.33,0.0,33.64,23.4
2506103,Fagundes,PB,2025,53.17,9841.11,18508.55,9841.11,0.0,45.58,53.3
2506202,Frei Martinho,PB,2025,66.9,15965.95,23866.71,14541.19,1424.77,117.47,67.23
2506251,Gado Bravo,PB,2025,56.96,10961.47,19243.1,10961.47,0.0,7.0,56.98
2506301,Guarabira,PB,2025,19.42,3153.63,16238.83,3153.63,0.0,126.32,19.57
2506400,Gurinhém,PB,2025,25.64,8728.41,34041.63,8728.41,0.0,163.07,25.76
2506509,Gurjão,PB,2025,35.18,12118.58,34450.69,12061.56,57.03,37.07,35.21
2506608,Ibiara,PB,2025,78.3,18818.9,24035.3,18784.33,34.57,204.08,78.97
2506707,Imaculada,PB,2025,68.92,21902.73,31780.7,21898.83,3.9,76.62,69.08
2506806,Ingá,PB,2025,31.43,8240.35,26217.7,8240.35,0.0,74.68,31.52
2506905,Itabaiana,PB,2025,24.95,5253.18,21055.21,5240.15,13.04,91.7,25.06
2507002,Itaporanga,PB,2025,67.83,31214.67,46019.12,31133.43,81.24,386.98,68.41
2507101,Itapororoca,PB,2025,9.68,1411.02,14580.29,1411.02,0.0,146.76,9.78
2507200,Itatuba,PB,2025,31.34,7889.79,25173.61,7889.79,0.0,430.73,31.89
2507309,Jacaraú,PB,2025,16.54,4248.45,25682.2,4199.6,48.85,30.56,16.56
2507408,Jericó,PB,2025,51.1,9063.08,17736.4,9011.74,51.35,632.33,52.99
2507507,João Pessoa,PB,2025,24.56,5146.54,20955.76,4718.24,428.3,334.76,24.96
2507606,Juarez Távora,PB,2025,29.4,2224.91,7567.46,2224.91,0.0,13.57,29.45
2507705,Juazeirinho,PB,2025,57.35,27220.1,47461.18,27217.7,2.4,139.23,57.52
2507804,Junco do Seridó,PB,2025,78.6,14178.85,18040.38,14172.02,6.83,62.66,78.87
2507903,Juripiranga,PB,2025,5.8,456.55,7871.18,452.56,3.99,146.5,5.91
2508000,Juru,PB,2025,73.84,29172.83,39509.77,29167.42,5.41,153.53,74.13
2508109,Lagoa,PB,2025,70.81,12507.1,17664.12,12493.06,14.03,52.23,71.02
2508208,Lagoa de Dentro,PB,2025,9.9,827.15,8351.22,827.15,0.0,80.55,10.0
2508307,Lagoa Seca,PB,2025,31.48,3407.12,10822.33,3407.12,0.0,36.2,31.59
2508406,Lastro,PB,2025,58.15,6247.19,10742.36,6238.04,9.15,123.83,58.83
2508505,Livramento,PB,2025,45.02,12018.03,26694.83,12018.03,0.0,34.14,45.08
2508554,Logradouro,PB,2025,4.71,201.9,4289.0,201.9,0.0,24.52,4.73
2508604,Lucena,PB,2025,25.34,2365.48,9333.68,1597.31,768.17,135.0,25.72
2508703,Mãe d'Água,PB,2025,85.49,19550.57,22868.0,19550.57,0.0,132.54,85.99
2508802,Malta,PB,2025,76.23,13111.57,17200.45,13107.67,3.91,186.69,77.06
2508901,Mamanguape,PB,2025,23.19,7826.21,33745.71,7491.94,334.28,219.83,23.34
2509008,Manaíra,PB,2025,71.77,25264.99,35204.07,25176.29,88.7,112.8,72.0
2509057,Marcação,PB,2025,24.84,3044.73,12255.98,2577.49,467.24,308.28,25.48
2509107,Mari,PB,2025,14.96,2322.12,15525.56,2322.12,0.0,115.98,15.07
2509156,Marizópolis,PB,2025,55.89,3910.03,6995.44,3902.66,7.37,290.3,58.31
2509206,Massaranduba,PB,2025,55.75,11674.99,20940.51,11674.99,0.0,100.78,56.02
2509305,Mataraca,PB,2025,20.64,3765.82,18241.7,2711.68,1054.14,39.8,20.69
2509339,Matinhas,PB,2025,64.23,2345.85,3652.35,2345.85,0.0,1.15,64.25
2509370,Mato Grosso,PB,2025,59.19,5046.73,8526.86,5045.05,1.69,92.83,59.84
2509396,Maturéia,PB,2025,71.81,5964.32,8305.14,5964.32,0.0,9.22,71.89
2509404,Mogeiro,PB,2025,30.1,6443.59,21410.23,6443.59,0.0,173.3,30.34
2509503,Montadas,PB,2025,4.97,157.94,3178.73,157.94,0.0,10.38,4.98
2509602,Monte Horebe,PB,2025,69.99,8178.01,11685.24,8178.01,0.0,79.84,70.47
2509701,Monteiro,PB,2025,63.0,62530.07,99253.6,62454.08,75.99,937.71,63.6
2509800,Mulungu,PB,2025,8.74,1637.32,18725.13,1637.32,0.0,85.82,8.78
2509909,Natuba,PB,2025,53.12,10741.45,20219.61,10740.39,1.06,440.88,54.31
2510006,Nazarezinho,PB,2025,60.11,11613.3,19321.16,11610.82,2.49,146.37,60.57
2510105,Nova Floresta,PB,2025,45.06,2142.59,4755.45,2140.82,1.78,27.81,45.32
2510204,Nova Olinda,PB,2025,48.52,3953.61,8148.84,3932.25,21.37,43.18,48.78
2510303,Nova Palmeira,PB,2025,62.13,19553.81,31474.66,19444.75,109.06,104.08,62.33
2510402,Olho d'Água,PB,2025,87.62,50858.99,58044.68,50710.32,148.67,691.67,88.68
2510501,Olivedos,PB,2025,59.39,18686.96,31463.82,18639.91,47.05,106.68,59.59
2510600,Ouro Velho,PB,2025,68.97,8834.02,12809.3,8831.54,2.48,15.95,69.05
2510659,Parari,PB,2025,34.13,7093.74,20783.39,6908.21,185.54,52.94,34.22
2510709,Passagem,PB,2025,71.12,8777.95,12342.77,8111.63,666.32,59.89,71.46
2510808,Patos,PB,2025,57.5,27191.42,47288.45,26858.25,333.17,822.55,58.52
2510907,Paulista,PB,2025,56.91,32860.06,57737.77,32738.11,121.95,770.48,57.68
2511004,Pedra Branca,PB,2025,68.74,8036.22,11689.96,8022.92,13.3,392.46,71.13
2511103,Pedra Lavrada,PB,2025,60.27,20228.37,33563.56,20217.45,10.92,113.3,60.47
2511202,Pedras de Fogo,PB,2025,13.03,5300.88,40670.6,4828.44,472.43,211.61,13.1
2511301,Piancó,PB,2025,66.62,38438.54,57700.17,38263.6,174.94,1177.98,68.01
2511400,Picuí,PB,2025,60.66,40501.18,66767.62,38731.63,1769.55,126.51,60.78
2511509,Pilar,PB,2025,20.01,2066.83,10329.99,2066.83,0.0,74.5,20.15
2511608,Pilões,PB,2025,61.52,4034.88,6558.43,4034.88,0.0,1.86,61.54
2511707,Pilõezinhos,PB,2025,65.06,2661.53,4090.58,2661.53,0.0,2.13,65.1
2511806,Pirpirituba,PB,2025,43.14,3480.95,8068.43,3480.95,0.0,15.36,43.23
2511905,Pitimbu,PB,2025,27.0,3636.3,13467.93,2778.8,857.5,172.79,27.35
2512002,Pocinhos,PB,2025,41.05,25614.44,62397.26,25609.47,4.97,40.91,41.08
2512036,Poço Dantas,PB,2025,76.88,7515.0,9775.15,7515.0,0.0,35.54,77.16
2512077,Poço de José de Moura,PB,2025,28.68,2714.63,9464.41,2709.83,4.8,39.08,28.8
2512101,Pombal,PB,2025,67.27,60149.06,89412.1,60011.07,137.99,948.7,67.99
2512200,Prata,PB,2025,71.77,14483.28,20180.37,14483.28,0.0,10.63,71.81
2512309,Princesa Isabel,PB,2025,70.91,26135.23,36857.47,26132.22,3.01,167.85,71.23
2512408,Puxinanã,PB,2025,17.75,1262.38,7111.43,1262.38,0.0,11.89,17.78
2512507,Queimadas,PB,2025,42.57,17144.68,40275.84,17144.68,0.0,160.24,42.74
2512606,Quixaba,PB,2025,77.81,11448.81,14714.18,11237.7,211.12,53.07,78.09
2512705,Remígio,PB,2025,37.08,6802.11,18345.56,6800.51,1.6,36.12,37.15
2512721,Pedro Régis,PB,2025,25.34,1880.45,7420.42,1880.45,0.0,43.87,25.49
2512747,Riachão,PB,2025,28.91,2465.57,8528.39,2465.57,0.0,7.46,28.94
2512754,Riachão do Bacamarte,PB,2025,41.84,1685.12,4027.15,1685.12,0.0,3.37,41.88
2512762,Riachão do Poço,PB,2025,16.45,665.5,4046.33,665.5,0.0,56.6,16.68
2512788,Riacho de Santo Antônio,PB,2025,58.77,5503.82,9365.22,5503.82,0.0,2.66,58.79
2512804,Riacho dos Cavalos,PB,2025,57.59,15117.66,26252.4,15072.35,45.31,393.75,58.46
2512903,Rio Tinto,PB,2025,29.42,13676.92,46488.41,12142.73,1534.19,562.19,29.78
2513000,Salgadinho,PB,2025,73.8,13211.16,17900.2,12990.49,220.66,20.76,73.89
2513109,Salgado de São Félix,PB,2025,47.66,9725.95,20408.93,9724.8,1.15,37.24,47.74
2513158,Santa Cecília,PB,2025,54.91,11945.81,21757.05,11945.81,0.0,5.14,54.92
2513208,Santa Cruz,PB,2025,66.92,14566.9,21767.7,14549.93,16.97,139.37,67.35
2513307,Santa Helena,PB,2025,36.38,7681.48,21112.64,7660.88,20.6,100.25,36.56
2513356,Santa Inês,PB,2025,85.73,28089.38,32764.41,28081.31,8.06,186.29,86.22
2513406,Santa Luzia,PB,2025,58.73,25884.13,44076.46,25034.29,849.84,217.49,59.02
2513505,Santana de Mangueira,PB,2025,84.91,34405.19,40517.72,34270.48,134.71,137.11,85.2
2513604,Santana dos Garrotes,PB,2025,73.48,26562.19,36149.5,26486.01,76.17,347.16,74.19
2513653,Joca Claudino,PB,2025,71.33,5120.67,7178.88,5120.67,0.0,80.66,72.14
2513703,Santa Rita,PB,2025,28.38,20397.47,71860.58,18536.94,1860.53,1111.47,28.83
2513802,Santa Teresinha,PB,2025,74.24,26686.12,35947.37,26605.46,80.66,212.51,74.68
2513851,Santo André,PB,2025,36.29,7178.04,19778.51,7148.15,29.89,45.69,36.38
2513901,São Bento,PB,2025,44.18,10863.95,24587.8,10846.27,17.68,598.29,45.29
2513927,São Bentinho,PB,2025,66.56,13287.24,19962.41,13281.47,5.77,335.38,67.7
2513943,São Domingos do Cariri,PB,2025,70.33,16444.56,23382.88,16408.4,36.16,191.7,70.91
2513968,São Domingos,PB,2025,69.3,11806.06,17037.14,11795.67,10.39,176.15,70.02
2513984,São Francisco,PB,2025,69.35,6291.66,9072.23,6275.23,16.43,113.16,70.23
2514008,São João do Cariri,PB,2025,50.3,30833.35,61302.01,30321.28,512.07,115.09,50.39
2514107,São João do Tigre,PB,2025,71.81,58353.39,81261.7,57589.2,764.19,46.39,71.85
2514206,São José da Lagoa Tapada,PB,2025,68.53,22869.35,33373.16,22864.91,4.44,395.86,69.35
2514305,São José de Caiana,PB,2025,79.04,14485.0,18326.23,14485.0,0.0,115.04,79.54
2514404,São José de Espinharas,PB,2025,69.76,50697.73,72676.15,50313.58,384.15,898.15,70.63
2514453,São José dos Ramos,PB,2025,19.63,1976.02,10063.91,1976.02,0.0,27.41,19.69
2514503,São José de Piranhas,PB,2025,60.52,41573.6,68689.33,41554.62,18.99,3103.29,63.39
2514552,São José de Princesa,PB,2025,74.48,11769.88,15803.0,11769.88,0.0,0.71,74.48
2514602,São José do Bonfim,PB,2025,69.32,10649.3,15363.26,10391.91,257.39,115.52,69.84
2514651,São José do Brejo do Cruz,PB,2025,60.11,15256.73,25379.73,15139.76,116.97,1070.8,62.76
2514701,São José do Sabugi,PB,2025,46.15,9855.44,21356.29,9636.75,218.69,68.37,46.3
2514800,São José dos Cordeiros,PB,2025,66.68,25112.49,37662.95,25106.37,6.12,43.01,66.75
2514909,São Mamede,PB,2025,65.89,35146.65,53344.85,33113.32,2033.33,292.22,66.25
2515005,São Miguel de Taipu,PB,2025,16.12,1489.63,9242.46,1479.61,10.02,90.3,16.28
2515104,São Sebastião de Lagoa de Roça,PB,2025,23.32,1081.18,4636.79,1081.18,0.0,20.94,23.42
2515203,São Sebastião do Umbuzeiro,PB,2025,87.44,40602.99,46435.9,40509.24,93.75,349.42,88.1
2515302,Sapé,PB,2025,12.44,3902.54,31369.84,3764.72,137.82,782.33,12.76
2515401,São Vicente do Seridó,PB,2025,56.33,14799.51,26274.06,14796.13,3.37,35.06,56.4
2515500,Serra Branca,PB,2025,49.11,34281.08,69808.23,33934.83,346.25,228.29,49.27
2515609,Serra da Raiz,PB,2025,42.03,1331.66,3168.29,1331.66,0.0,10.03,42.16
2515708,Serra Grande,PB,2025,74.33,4783.72,6435.51,4783.72,0.0,35.75,74.75
2515807,Serra Redonda,PB,2025,38.34,2115.82,5518.88,2115.82,0.0,6.48,38.38
2515906,Serraria,PB,2025,51.68,3362.52,6506.01,3362.52,0.0,7.28,51.74
2515930,Sertãozinho,PB,2025,16.4,532.06,3244.41,532.06,0.0,31.61,16.56
2515971,Sobrado,PB,2025,11.98,741.93,6195.33,741.93,0.0,17.3,12.01
2516003,Solânea,PB,2025,41.16,9592.51,23304.48,9592.51,0.0,53.37,41.26
2516102,Soledade,PB,2025,51.09,29537.0,57816.04,29537.0,0.0,176.41,51.24
2516151,Sossêgo,PB,2025,56.48,8316.22,14725.26,8316.22,0.0,45.91,56.65
2516201,Sousa,PB,2025,58.67,42743.36,72848.25,42666.73,76.63,490.57,59.07
2516300,Sumé,PB,2025,73.2,61000.78,83330.21,60487.88,512.9,367.31,73.53
2516409,Tacima,PB,2025,18.46,4527.64,24521.41,4527.64,0.0,160.87,18.59
2516508,Taperoá,PB,2025,55.33,34764.94,62836.39,34693.98,70.97,179.01,55.48
2516607,Tavares,PB,2025,52.12,12483.14,23950.49,12483.14,0.0,119.65,52.38
2516706,Teixeira,PB,2025,77.68,12075.72,15545.92,12075.72,0.0,23.15,77.79
2516755,Tenório,PB,2025,66.39,5806.82,8746.54,5800.16,6.66,21.66,66.55
2516805,Triunfo,PB,2025,29.92,6711.56,22433.11,6705.61,5.95,108.71,30.06
2516904,Uiraúna,PB,2025,56.87,16673.54,29318.43,16669.99,3.55,229.29,57.32
2517001,Umbuzeiro,PB,2025,70.24,13036.42,18558.71,13036.42,0.0,3.72,70.26
2517100,Várzea,PB,2025,62.87,12026.42,19128.88,10497.82,1528.6,65.88,63.09
2517209,Vieirópolis,PB,2025,57.96,8525.34,14709.06,8524.1,1.24,152.78,58.57
2517407,Zabelê,PB,2025,71.91,7680.16,10680.14,7622.69,57.46,17.44,72.03
2600054,Abreu e Lima,PE,2025,65.62,8291.44,12635.94,8286.12,5.31,46.06,65.86
2600104,Afogados da Ingazeira,PE,2025,63.67,24072.18,37804.77,24063.32,8.86,204.06,64.02
2600203,Afrânio,PE,2025,52.76,78640.52,149059.66,78639.2,1.33,456.14,52.92
2600302,Agrestina,PE,2025,7.68,1538.19,20037.27,1538.19,0.0,101.46,7.72
2600401,Água Preta,PE,2025,16.73,8901.39,53190.56,8833.85,67.54,235.47,16.81
2600500,Águas Belas,PE,2025,35.35,31316.21,88600.26,31316.21,0.0,51.22,35.37
2600609,Alagoinha,PE,2025,58.94,12266.51,20811.42,12266.51,0.0,11.23,58.97
2600708,Aliança,PE,2025,4.48,1222.39,27274.41,1187.2,35.19,151.55,4.51
2600807,Altinho,PE,2025,22.29,10034.24,45017.48,10034.24,0.0,68.73,22.32
2600906,Amaraji,PE,2025,20.8,4850.59,23322.85,4835.99,14.6,103.43,20.89
2601003,Angelim,PE,2025,16.02,1903.22,11878.42,1899.95,3.27,15.55,16.04
2601052,Araçoiaba,PE,2025,24.32,2343.33,9636.77,2326.41,16.92,132.79,24.66
2601102,Araripina,PE,2025,45.07,91815.26,203736.05,91815.26,0.0,481.92,45.17
2601201,Arcoverde,PE,2025,67.53,23223.26,34387.94,23223.26,0.0,94.84,67.72
2601300,Barra de Guabiraba,PE,2025,19.17,2274.88,11865.19,2237.82,37.06,23.8,19.21
2601409,Barreiros,PE,2025,19.44,4526.42,23282.62,4454.13,72.29,370.27,19.76
2601508,Belém de Maria,PE,2025,20.05,1521.84,7590.16,1518.48,3.36,96.65,20.31
2601607,Belém do São Francisco,PE,2025,78.99,144610.39,183084.28,92166.74,52443.65,7159.21,82.2
2601706,Belo Jardim,PE,2025,76.66,49631.21,64744.63,49631.21,0.0,668.72,77.46
2601805,Betânia,PE,2025,83.43,104802.12,125610.58,103176.12,1626.0,299.8,83.63
2601904,Bezerros,PE,2025,41.86,20809.93,49717.63,20806.03,3.89,218.22,42.04
2602001,Bodocó,PE,2025,52.13,84535.7,162175.2,84535.7,0.0,267.56,52.21
2602100,Bom Conselho,PE,2025,37.48,29637.56,79074.9,29625.64,11.92,191.09,37.57
2602209,Bom Jardim,PE,2025,34.83,7893.11,22661.59,7889.92,3.19,51.21,34.91
2602308,Bonito,PE,2025,25.59,10047.14,39260.96,9982.22,64.92,483.05,25.91
2602407,Brejão,PE,2025,34.08,5445.51,15977.51,5432.79,12.72,61.47,34.21
2602506,Brejinho,PE,2025,60.24,6390.32,10607.34,6390.32,0.0,8.96,60.3
2602605,Brejo da Madre de Deus,PE,2025,72.01,54856.58,76181.21,54856.58,0.0,236.85,72.23
2602704,Buenos Aires,PE,2025,12.55,1169.39,9319.83,1162.48,6.91,28.97,12.59
2602803,Buíque,PE,2025,51.46,68776.4,133650.52,68762.24,14.15,110.25,51.5
2602902,Cabo de Santo Agostinho,PE,2025,24.29,10794.72,44435.03,10555.44,239.28,1188.08,24.96
2603009,Cabrobó,PE,2025,75.22,124754.94,165857.81,123122.08,1632.86,3597.02,76.89
2603108,Cachoeirinha,PE,2025,20.5,3674.33,17926.87,3674.33,0.0,14.15,20.51
2603207,Caetés,PE,2025,24.27,7158.58,29496.95,7158.58,0.0,51.52,24.31
2603306,Calçado,PE,2025,6.23,756.47,12143.48,756.47,0.0,9.19,6.23
2603405,Calumbi,PE,2025,80.77,14484.9,17933.77,14393.07,91.83,10.63,80.82
2603454,Camaragibe,PE,2025,31.1,1596.55,5132.99,1595.4,1.15,2.66,31.12
2603504,Camocim de São Félix,PE,2025,9.53,686.66,7201.94,641.09,45.56,88.21,9.65
2603603,Camutanga,PE,2025,32.29,1263.22,3912.65,1261.71,1.51,50.27,32.71
2603702,Canhotinho,PE,2025,16.58,7010.43,42280.64,6977.12,33.31,119.89,16.63
2603801,Capoeiras,PE,2025,39.47,13305.54,33709.01,13305.54,0.0,104.31,39.59
2603900,Carnaíba,PE,2025,63.37,27385.04,43211.64,27376.8,8.24,73.62,63.48
2603926,Carnaubeira da Penha,PE,2025,85.1,85469.84,100429.24,83621.73,1848.11,153.91,85.24
2604007,Carpina,PE,2025,4.31,630.75,14649.57,615.25,15.5,32.95,4.32
2604106,Caruaru,PE,2025,49.37,45376.41,91910.43,45376.41,0.0,335.45,49.55
2604155,Casinhas,PE,2025,21.93,2562.69,11685.27,2562.69,0.0,6.2,21.94
2604205,Catende,PE,2025,27.94,5827.26,20859.32,5743.81,83.45,193.98,28.2
2604304,Cedro,PE,2025,25.65,3814.66,14873.74,3808.1,6.56,79.12,25.78
2604403,Chã de Alegria,PE,2025,4.7,231.83,4932.53,225.1,6.73,20.72,4.72
2604502,Chã Grande,PE,2025,20.82,1765.39,8478.86,1758.31,7.08,31.51,20.9
2604601,Condado,PE,2025,8.82,790.95,8967.25,780.14,10.81,17.46,8.84
2604700,Correntes,PE,2025,10.87,3455.07,31780.6,3430.43,24.63,28.87,10.88
2604809,Cortês,PE,2025,19.93,2061.16,10342.67,2042.14,19.02,6.72,19.94
2604908,Cumaru,PE,2025,50.76,14793.57,29143.22,14793.57,0.0,61.81,50.87
2605004,Cupira,PE,2025,8.41,800.22,9517.02,800.22,0.0,38.91,8.44
2605103,Custódia,PE,2025,70.99,98108.22,138205.2,98028.22,80.0,658.56,71.33
2605152,Dormentes,PE,2025,43.11,66350.69,153904.99,66350.69,0.0,292.69,43.19
2605202,Escada,PE,2025,8.53,2920.24,34215.75,2878.13,42.11,35.48,8.54
2605301,Exu,PE,2025,70.04,93634.82,133681.13,93634.82,0.0,102.39,70.1
2605400,Feira Nova,PE,2025,10.1,1088.4,10772.31,1064.49,23.91,292.45,10.39
2605509,Ferreiros,PE,2025,5.67,524.94,9250.84,515.99,8.95,46.99,5.7
2605608,Flores,PE,2025,76.23,75895.52,99554.77,75632.33,263.19,69.08,76.29
2605707,Floresta,PE,2025,81.92,297944.21,363722.34,259991.32,37952.89,17725.25,86.11
2605806,Frei Miguelinho,PE,2025,14.83,3170.03,21372.63,3170.03,0.0,16.03,14.84
2605905,Gameleira,PE,2025,13.77,3548.71,25777.58,3533.41,15.3,54.82,13.8
2606002,Garanhuns,PE,2025,29.2,13400.69,45897.85,13383.29,17.4,363.79,29.43
2606101,Glória do Goitá,PE,2025,17.54,4113.85,23447.44,4103.93,9.92,64.02,17.59
2606200,Goiana,PE,2025,26.48,11774.69,44474.45,11271.15,503.54,2246.23,27.88
2606309,Granito,PE,2025,52.26,27264.72,52170.94,27264.72,0.0,61.93,52.32
2606408,Gravatá,PE,2025,40.21,20403.27,50737.21,20373.72,29.56,161.35,40.34
2606507,Iati,PE,2025,41.0,26039.72,63515.13,26039.72,0.0,53.06,41.03
2606606,Ibimirim,PE,2025,51.1,98586.4,192928.37,97895.72,690.68,3032.09,51.92
2606705,Ibirajuba,PE,2025,25.48,4830.79,18958.55,4830.79,0.0,18.39,25.51
2606804,Igarassu,PE,2025,35.19,10800.33,30688.24,10747.45,52.89,735.35,36.06
2606903,Iguaracy,PE,2025,75.34,62989.81,83605.78,62945.7,44.12,239.02,75.56
2607000,Inajá,PE,2025,54.97,68221.9,124103.98,68012.92,208.97,6.45,54.97
2607109,Ingazeira,PE,2025,63.57,15500.3,24384.39,15494.63,5.67,324.58,64.42
2607208,Ipojuca,PE,2025,22.79,11834.01,51925.05,10257.66,1576.35,1316.44,23.38
2607307,Ipubi,PE,2025,56.37,39111.42,69388.14,39111.42,0.0,69.94,56.42
2607406,Itacuruba,PE,2025,55.35,24162.12,43654.51,4802.86,19359.26,11504.27,75.15
2607505,Itaíba,PE,2025,25.86,26742.47,103405.16,26593.72,148.75,166.42,25.9
2607604,Ilha de Itamaracá,PE,2025,45.64,3002.24,6578.06,2967.78,34.47,820.79,52.15
2607653,Itambé,PE,2025,8.38,2548.53,30400.44,2500.83,47.7,428.67,8.5
2607703,Itapetim,PE,2025,69.4,28582.09,41187.2,28578.28,3.81,84.95,69.54
2607752,Itapissuma,PE,2025,20.64,1526.92,7398.39,1446.65,80.28,868.93,23.39
2607802,Itaquitinga,PE,2025,16.18,2633.5,16275.3,2625.71,7.8,14.53,16.2
2607901,Jaboatão dos Guararapes,PE,2025,19.6,5055.57,25789.89,4942.46,113.11,648.11,20.11
2607950,Jaqueira,PE,2025,18.04,1573.36,8721.13,1553.65,19.71,14.5,18.07
2608008,Jataúba,PE,2025,68.23,48759.4,71461.68,48756.3,3.1,22.76,68.25
2608057,Jatobá,PE,2025,24.08,6690.56,27785.25,6552.67,137.9,2360.52,26.32
2608107,João Alfredo,PE,2025,39.89,5351.09,13413.96,5350.02,1.06,17.27,39.94
2608206,Joaquim Nabuco,PE,2025,14.43,1769.56,12260.71,1705.45,64.11,14.94,14.45
2608255,Jucati,PE,2025,9.88,1187.27,12016.41,1187.27,0.0,22.01,9.9
2608305,Jupi,PE,2025,9.85,1032.43,10482.9,1032.43,0.0,17.5,9.87
2608404,Jurema,PE,2025,7.08,1049.27,14824.42,1036.9,12.37,85.9,7.12
2608453,Lagoa do Carro,PE,2025,5.4,373.63,6925.12,346.62,27.02,149.16,5.51
2608503,Lagoa de Itaenga,PE,2025,7.21,413.09,5730.36,401.13,11.96,190.96,7.46
2608602,Lagoa do Ouro,PE,2025,21.4,4279.38,19999.45,4270.2,9.18,37.97,21.44
2608701,Lagoa dos Gatos,PE,2025,23.1,5197.1,22494.0,5178.18,18.92,93.26,23.2
2608750,Lagoa Grande,PE,2025,78.56,145348.52,185008.44,145348.52,0.0,2109.34,79.47
2608800,Lajedo,PE,2025,9.08,1717.37,18909.68,1717.37,0.0,43.67,9.1
2608909,Limoeiro,PE,2025,15.71,4299.72,27372.11,4208.84,90.88,506.9,16.0
2609006,Macaparana,PE,2025,18.89,2040.89,10804.7,2032.21,8.69,36.7,18.95
2609105,Machados,PE,2025,32.95,1921.56,5831.28,1921.56,0.0,25.61,33.1
2609154,Manari,PE,2025,37.43,14469.15,38658.12,14469.15,0.0,53.18,37.48
2609204,Maraial,PE,2025,24.59,4913.98,19987.6,4903.81,10.16,2.3,24.59
2609303,Mirandiba,PE,2025,84.81,69689.35,82167.0,69682.44,6.9,55.95,84.87
2609402,Moreno,PE,2025,16.12,3131.42,19420.34,3124.51,6.9,71.7,16.18
2609501,Nazaré da Mata,PE,2025,4.66,608.45,13056.5,540.23,68.23,64.42,4.68
2609600,Olinda,PE,2025,4.98,204.64,4107.21,201.01,3.63,23.38,5.01
2609709,Orobó,PE,2025,29.52,4083.49,13834.47,4083.49,0.0,5.76,29.53
2609808,Orocó,PE,2025,67.79,37609.33,55481.19,37609.33,0.0,2267.93,70.68
2609907,Ouricuri,PE,2025,54.72,130319.06,238156.09,130319.06,0.0,853.7,54.92
2610004,Palmares,PE,2025,21.28,7222.17,33939.19,7047.21,174.96,287.36,21.46
2610103,Palmeirina,PE,2025,14.82,2504.8,16897.97,2503.47,1.32,5.83,14.83
2610202,Panelas,PE,2025,19.53,7430.65,38042.6,7398.21,32.44,61.17,19.56
2610301,Paranatama,PE,2025,37.36,6923.58,18533.1,6923.58,0.0,18.91,37.4
2610400,Parnamirim,PE,2025,77.92,203330.72,260950.44,203319.83,10.89,850.01,78.17
2610509,Passira,PE,2025,28.23,9238.16,32720.27,9229.12,9.03,74.29,28.3
2610608,Paudalho,PE,2025,21.81,5880.82,26964.34,5835.2,45.61,364.19,22.11
2610707,Paulista,PE,2025,33.69,3251.52,9651.52,3167.11,84.41,289.55,34.73
2610806,Pedra,PE,2025,47.93,44217.31,92245.16,44217.31,0.0,311.87,48.1
2610905,Pesqueira,PE,2025,66.08,64132.61,97048.3,64132.61,0.0,274.7,66.27
2611002,Petrolândia,PE,2025,54.7,57800.95,105659.59,46989.08,10811.87,16929.74,65.14
2611101,Petrolina,PE,2025,60.26,274891.91,456183.0,274888.82,3.09,7123.97,61.22
2611200,Poção,PE,2025,68.61,14072.54,20511.46,14072.54,0.0,71.06,68.85
2611309,Pombos,PE,2025,21.41,4348.92,20310.58,4313.87,35.05,77.98,21.49
2611408,Primavera,PE,2025,13.92,1581.07,11357.36,1554.61,26.46,9.02,13.93
2611507,Quipapá,PE,2025,12.59,2903.2,23061.35,2897.1,6.1,56.55,12.62
2611533,Quixaba,PE,2025,64.67,13626.87,21072.04,13626.87,0.0,21.27,64.73
2611606,Recife,PE,2025,25.17,5477.12,21757.73,5440.47,36.66,734.41,26.05
2611705,Riacho das Almas,PE,2025,40.3,12637.08,31359.26,12637.08,0.0,110.6,40.44
2611804,Ribeirão,PE,2025,11.22,3250.06,28956.26,3223.7,26.36,48.11,11.24
2611903,Rio Formoso,PE,2025,20.44,4649.01,22746.37,4607.02,41.99,239.21,20.66
2612000,Sairé,PE,2025,18.51,3523.75,19042.01,3504.46,19.29,158.12,18.66
2612109,Salgadinho,PE,2025,44.97,3921.81,8721.65,3921.81,0.0,13.82,45.04
2612208,Salgueiro,PE,2025,78.76,132208.03,167858.1,132179.44,28.59,1340.7,79.4
2612307,Saloá,PE,2025,51.18,12874.48,25157.17,12874.48,0.0,19.78,51.22
2612406,Sanharó,PE,2025,46.77,12538.72,26808.19,12538.72,0.0,36.45,46.84
2612455,Santa Cruz,PE,2025,71.13,88630.31,124597.67,88630.31,0.0,137.61,71.21
2612471,Santa Cruz da Baixa Verde,PE,2025,76.81,8827.99,11493.78,8827.99,0.0,1.77,76.82
2612505,Santa Cruz do Capibaribe,PE,2025,64.32,21566.72,33530.26,21542.8,23.92,38.53,64.39
2612554,Santa Filomena,PE,2025,62.98,63314.82,100535.61,63313.67,1.15,204.34,63.11
2612604,Santa Maria da Boa Vista,PE,2025,75.07,225269.5,300079.86,225269.5,0.0,6261.9,76.67
2612703,Santa Maria do Cambucá,PE,2025,18.92,1743.29,9214.83,1743.29,0.0,9.74,18.94
2612802,Santa Terezinha,PE,2025,64.89,12999.58,20032.54,12999.58,0.0,82.72,65.16
2612901,São Benedito do Sul,PE,2025,21.9,3515.23,16047.76,3507.01,8.22,12.99,21.92
2613008,São Bento do Una,PE,2025,37.88,27243.36,71923.13,27243.36,0.0,140.27,37.95
2613107,São Caitano,PE,2025,41.47,15860.93,38249.57,15860.93,0.0,87.15,41.56
2613206,São João,PE,2025,17.38,4491.87,25843.23,4438.87,53.0,128.36,17.47
2613305,São Joaquim do Monte,PE,2025,13.1,2941.86,22461.08,2915.32,26.54,336.82,13.3
2613404,São José da Coroa Grande,PE,2025,29.93,2059.44,6880.76,1925.66,133.77,63.09,30.21
2613503,São José do Belmonte,PE,2025,71.16,104888.04,147406.94,104866.78,21.26,164.7,71.24
2613602,São José do Egito,PE,2025,69.17,53540.48,77406.09,53529.76,10.72,486.42,69.61
2613701,São Lourenço da Mata,PE,2025,19.76,5209.33,26368.86,5193.21,16.12,943.16,20.49
2613800,São Vicente Férrer,PE,2025,27.5,3092.63,11247.65,3088.82,3.81,57.97,27.64
2613909,Serra Talhada,PE,2025,77.19,230028.2,297997.28,227929.36,2098.84,3528.25,78.12
2614006,Serrita,PE,2025,69.92,107346.23,153518.34,107312.92,33.31,671.28,70.23
2614105,Sertânia,PE,2025,79.35,191208.84,240954.34,190773.57,435.27,632.44,79.56
2614204,Sirinhaém,PE,2025,24.25,9061.56,37367.34,8915.95,145.61,764.12,24.76
2614303,Moreilândia,PE,2025,66.83,27020.05,40428.31,27020.05,0.0,50.69,66.92
2614402,Solidão,PE,2025,74.82,10369.83,13859.75,10369.83,0.0,25.0,74.95
2614501,Surubim,PE,2025,19.96,5055.79,25330.24,5055.79,0.0,122.57,20.06
2614600,Tabira,PE,2025,57.04,22157.07,38846.96,22157.07,0.0,139.33,57.24
2614709,Tacaimbó,PE,2025,50.16,11414.91,22758.57,11414.91,0.0,60.25,50.29
2614808,Tacaratu,PE,2025,68.56,86695.31,126446.32,83498.43,3196.88,101.49,68.62
2614857,Tamandaré,PE,2025,22.67,4830.79,21310.43,4749.74,81.05,204.88,22.89
2615003,Taquaritinga do Norte,PE,2025,52.8,25087.74,47517.92,25087.74,0.0,64.57,52.87
2615102,Terezinha,PE,2025,17.77,2693.63,15161.84,2688.15,5.47,26.93,17.8
2615201,Terra Nova,PE,2025,75.91,24194.42,31872.58,24191.06,3.36,322.8,76.69
2615300,Timbaúba,PE,2025,28.68,8250.5,28768.91,8235.07,15.42,192.36,28.87
2615409,Toritama,PE,2025,35.72,918.28,2570.8,918.28,0.0,7.53,35.82
2615508,Tracunhaém,PE,2025,4.01,550.28,13731.74,512.36,37.92,62.19,4.03
2615607,Trindade,PE,2025,54.07,15991.72,29576.22,15991.72,0.0,10.28,54.09
2615706,Triunfo,PE,2025,85.79,16432.06,19153.09,16430.64,1.42,11.07,85.84
2615805,Tupanatinga,PE,2025,56.25,47687.46,84779.77,47681.45,6.01,35.35,56.27
2615904,Tuparetama,PE,2025,64.57,12166.77,18842.03,12161.1,5.67,56.1,64.77
2616001,Venturosa,PE,2025,66.18,21968.71,33197.55,21968.71,0.0,82.93,66.34
2616100,Verdejante,PE,2025,80.92,38521.22,47602.39,38514.31,6.91,441.33,81.68
2616183,Vertente do Lério,PE,2025,37.21,2740.23,7363.55,2740.23,0.0,11.78,37.27
2616209,Vertentes,PE,2025,33.83,6641.67,19631.79,6641.67,0.0,28.61,33.88
2616308,Vicência,PE,2025,18.21,4150.42,22790.65,4123.75,26.68,172.45,18.35
2616407,Vitória de Santo Antão,PE,2025,17.82,6652.86,37331.2,6610.9,41.96,296.58,17.96
2616506,Xexéu,PE,2025,14.71,1630.11,11080.9,1630.11,0.0,41.09,14.77
2700102,Água Branca,AL,2025,34.97,16571.73,47382.91,16554.34,17.39,14.3,34.98
2700201,Anadia,AL,2025,5.93,1103.22,18607.38,1047.25,55.98,26.89,5.94
2700300,Arapiraca,AL,2025,10.24,3546.19,34618.67,3501.33,44.86,346.54,10.35
2700409,Atalaia,AL,2025,8.92,4758.97,53330.0,4632.57,126.39,321.49,8.98
2700508,Barra de Santo Antônio,AL,2025,38.74,5079.2,13111.26,4470.09,609.1,203.28,39.35
2700607,Barra de São Miguel,AL,2025,25.3,1880.3,7433.17,1660.79,219.52,447.47,26.92
2700706,Batalha,AL,2025,29.85,9902.75,33174.72,9902.75,0.0,94.5,29.94
2700805,Belém,AL,2025,17.53,1168.17,6662.07,1164.29,3.88,7.14,17.55
2700904,Belo Monte,AL,2025,43.17,13940.14,32289.52,13940.14,0.0,1151.49,44.77
2701001,Boca da Mata,AL,2025,9.98,1926.39,19296.03,1883.28,43.11,117.7,10.04
2701100,Branquinha,AL,2025,23.97,4036.1,16835.26,4017.92,18.18,108.21,24.13
2701209,Cacimbinhas,AL,2025,24.11,6799.39,28200.57,6799.39,0.0,74.28,24.17
2701308,Cajueiro,AL,2025,14.49,1552.41,10715.3,1517.74,34.67,28.59,14.53
2701357,Campestre,AL,2025,1.8,116.88,6502.38,110.79,6.1,3.62,1.8
2701407,Campo Alegre,AL,2025,7.46,2332.77,31273.73,2288.62,44.15,254.16,7.52
2701506,Campo Grande,AL,2025,10.85,1845.61,17015.1,1845.61,0.0,86.94,10.9
2701605,Canapi,AL,2025,30.97,18610.6,60087.82,18489.58,121.02,20.75,30.98
2701704,Capela,AL,2025,11.0,2784.91,25316.67,2718.82,66.09,79.59,11.03
2701803,Carneiros,AL,2025,9.96,1111.95,11168.93,1111.95,0.0,10.76,9.97
2701902,Chã Preta,AL,2025,11.21,1769.79,15783.62,1768.73,1.06,6.62,11.22
2702009,Coité do Nóia,AL,2025,19.55,1726.14,8831.55,1726.14,0.0,3.79,19.55
2702108,Colônia Leopoldina,AL,2025,23.05,4644.01,20147.85,4638.53,5.48,5.83,23.06
2702207,Coqueiro Seco,AL,2025,25.19,996.98,3958.11,922.31,74.68,1071.28,34.54
2702306,Coruripe,AL,2025,14.37,12881.5,89653.97,11449.68,1431.82,1235.73,14.57
2702355,Craíbas,AL,2025,15.27,4239.98,27761.41,4239.98,0.0,243.68,15.41
2702405,Delmiro Gouveia,AL,2025,40.33,25350.01,62851.27,25313.13,36.88,2764.37,42.19
2702504,Dois Riachos,AL,2025,21.59,3074.12,14235.99,3074.12,0.0,48.35,21.67
2702553,Estrela de Alagoas,AL,2025,20.05,5224.53,26059.93,5224.53,0.0,68.91,20.1
2702603,Feira Grande,AL,2025,9.36,1645.79,17589.51,1644.73,1.06,50.13,9.38
2702702,Feliz Deserto,AL,2025,24.21,2654.62,10963.63,470.99,2183.63,840.52,26.22
2702801,Flexeiras,AL,2025,19.45,6492.07,33374.69,6471.68,20.39,35.57,19.47
2702900,Girau do Ponciano,AL,2025,13.7,7096.33,51784.59,7096.33,0.0,180.91,13.75
2703007,Ibateguara,AL,2025,25.21,6688.19,26532.53,6670.7,17.49,44.17,25.25
2703106,Igaci,AL,2025,11.83,3954.49,33435.53,3954.49,0.0,183.89,11.89
2703205,Igreja Nova,AL,2025,7.97,3412.66,42803.24,3171.39,241.27,1386.7,8.24
2703304,Inhapi,AL,2025,17.24,6412.83,37200.96,6405.77,7.06,31.42,17.25
2703403,Jacaré dos Homens,AL,2025,15.27,2280.92,14934.56,2280.92,0.0,75.64,15.35
2703502,Jacuípe,AL,2025,9.94,2083.97,20968.16,2076.37,7.6,21.29,9.95
2703601,Japaratinga,AL,2025,19.49,1660.11,8515.78,1369.87,290.24,68.43,19.65
2703700,Jaramataia,AL,2025,20.32,2141.61,10541.38,2141.61,0.0,351.59,21.02
2703759,Jequiá da Praia,AL,2025,15.19,5081.47,33456.12,4876.96,204.51,2126.52,16.22
2703809,Joaquim Gomes,AL,2025,25.21,7584.9,30085.12,7573.16,11.74,7.15,25.22
2703908,Jundiá,AL,2025,5.06,449.62,8878.52,448.39,1.24,7.24,5.07
2704005,Junqueiro,AL,2025,6.77,1671.6,24696.54,1592.2,79.39,207.24,6.83
2704104,Lagoa da Canoa,AL,2025,7.62,637.41,8363.01,637.41,0.0,42.13,7.66
2704203,Limoeiro de Anadia,AL,2025,6.98,2157.02,30917.87,2090.56,66.46,142.98,7.01
2704302,Maceió,AL,2025,30.0,15227.41,50752.06,14858.77,368.64,2074.97,31.28
2704401,Major Isidoro,AL,2025,21.48,9397.66,43759.9,9397.66,0.0,167.74,21.56
2704500,Maragogi,AL,2025,23.99,7982.27,33273.02,7610.76,371.51,40.72,24.02
2704609,Maravilha,AL,2025,21.78,7276.9,33404.02,7257.92,18.98,31.25,21.8
2704708,Marechal Deodoro,AL,2025,19.63,6686.91,34071.0,5502.31,1184.6,3400.13,21.8
2704807,Maribondo,AL,2025,9.87,1776.65,18008.93,1773.04,3.62,15.87,9.87
2704906,Mar Vermelho,AL,2025,15.57,1427.84,9172.3,1426.43,1.41,8.2,15.58
2705002,Mata Grande,AL,2025,38.94,35419.96,90955.44,35227.86,192.1,93.54,38.98
2705101,Matriz de Camaragibe,AL,2025,13.43,3196.63,23809.87,3169.26,27.37,39.91,13.45
2705200,Messias,AL,2025,12.53,1430.38,11414.7,1426.32,4.06,27.44,12.56
2705309,Minador do Negrão,AL,2025,23.95,4011.25,16747.16,4011.25,0.0,29.3,23.99
2705408,Monteirópolis,AL,2025,8.82,763.89,8659.99,763.89,0.0,8.11,8.83
2705507,Murici,AL,2025,24.74,10343.28,41801.95,10287.33,55.95,171.82,24.85
2705606,Novo Lino,AL,2025,9.82,2154.52,21930.92,2151.43,3.09,11.92,9.83
2705705,Olho d'Água das Flores,AL,2025,21.15,3983.53,18838.79,3983.53,0.0,11.38,21.16
2705804,Olho d'Água do Casado,AL,2025,33.83,11085.3,32767.6,11085.3,0.0,643.99,34.51
2705903,Olho d'Água Grande,AL,2025,16.84,1945.54,11551.26,1945.54,0.0,25.98,16.88
2706000,Olivença,AL,2025,12.19,2124.19,17419.23,2124.19,0.0,48.95,12.23
2706109,Ouro Branco,AL,2025,12.09,2373.57,19635.26,2372.07,1.5,26.31,12.1
2706208,Palestina,AL,2025,13.98,533.85,3818.73,533.85,0.0,44.08,14.14
2706307,Palmeira dos Índios,AL,2025,23.11,10424.07,45099.77,10422.21,1.85,150.16,23.19
2706406,Pão de Açúcar,AL,2025,47.77,32909.47,68888.18,32904.27,5.2,1816.68,49.07
2706422,Pariconha,AL,2025,33.28,8477.82,25472.33,8466.78,11.04,34.6,33.33
2706448,Paripueira,AL,2025,39.46,3648.72,9247.2,3580.79,67.93,65.37,39.74
2706505,Passo de Camaragibe,AL,2025,29.81,7465.45,25043.61,7013.07,452.39,192.75,30.04
2706604,Paulo Jacinto,AL,2025,14.53,1721.51,11846.93,1704.13,17.38,8.12,14.54
2706703,Penedo,AL,2025,13.5,9298.9,68869.13,5874.73,3424.17,2822.0,14.08
2706802,Piaçabuçu,AL,2025,59.17,14339.61,24233.49,1617.22,12722.39,2303.61,65.39
2706901,Pilar,AL,2025,14.03,3642.02,25964.75,3569.28,72.74,1881.15,15.12
2707008,Pindoba,AL,2025,3.51,412.82,11758.53,409.3,3.53,8.47,3.51
2707107,Piranhas,AL,2025,35.94,14521.03,40399.52,14517.5,3.53,813.78,36.68
2707206,Poço das Trincheiras,AL,2025,32.19,9159.6,28453.04,9159.6,0.0,28.95,32.22
2707305,Porto Calvo,AL,2025,12.45,3905.11,31369.97,3708.91,196.2,67.73,12.48
2707404,Porto de Pedras,AL,2025,23.68,6061.24,25597.09,5701.64,359.6,147.26,23.82
2707503,Porto Real do Colégio,AL,2025,9.61,2277.78,23701.0,2193.9,83.89,941.36,10.01
2707602,Quebrangulo,AL,2025,29.82,9536.72,31983.05,9504.42,32.3,133.53,29.94
2707701,Rio Largo,AL,2025,20.67,6074.83,29383.35,6051.54,23.29,425.91,20.98
2707800,Roteiro,AL,2025,15.49,1992.83,12863.26,1930.1,62.73,465.86,16.07
2707909,Santa Luzia do Norte,AL,2025,33.87,977.5,2885.8,912.42,65.07,112.69,35.25
2708006,Santana do Ipanema,AL,2025,34.66,15115.69,43609.78,15115.69,0.0,117.09,34.75
2708105,Santana do Mundaú,AL,2025,16.88,3918.45,23218.08,3895.68,22.78,6.98,16.88
2708204,São Brás,AL,2025,37.21,5170.27,13895.51,5170.27,0.0,1164.78,40.61
2708303,São José da Laje,AL,2025,19.58,5024.93,25657.39,5005.32,19.61,125.08,19.68
2708402,São José da Tapera,AL,2025,19.59,9614.94,49088.96,9614.94,0.0,77.34,19.62
2708501,São Luís do Quitunde,AL,2025,16.46,6537.52,39726.11,6301.2,236.32,21.0,16.47
2708600,São Miguel dos Campos,AL,2025,10.83,3634.32,33569.08,3603.74,30.58,60.28,10.85
2708709,São Miguel dos Milagres,AL,2025,33.54,2557.97,7625.93,2462.2,95.77,9.27,33.58
2708808,São Sebastião,AL,2025,9.98,3122.34,31274.24,3032.04,90.3,83.15,10.01
2708907,Satuba,AL,2025,12.95,534.48,4126.39,466.93,67.55,47.0,13.1
2708956,Senador Rui Palmeira,AL,2025,10.72,3628.0,33856.92,3628.0,0.0,8.82,10.72
2709004,Tanque d'Arca,AL,2025,15.15,1888.56,12463.41,1867.74,20.81,19.67,15.18
2709103,Taquarana,AL,2025,5.01,770.64,15383.13,734.14,36.5,48.94,5.03
2709152,Teotônio Vilela,AL,2025,11.07,3312.08,29922.64,3253.15,58.93,526.16,11.27
2709202,Traipu,AL,2025,28.8,19581.35,67999.02,19581.35,0.0,1641.61,29.51
2709301,União dos Palmares,AL,2025,19.55,8210.57,42008.44,8195.56,15.01,128.37,19.6
2709400,Viçosa,AL,2025,9.42,3439.02,36514.25,3352.46,86.56,46.41,9.43
2800100,Amparo do São Francisco,SE,2025,33.25,1186.13,3567.62,1186.13,0.0,300.74,36.31
2800209,Aquidabã,SE,2025,16.53,5944.58,35953.79,5944.58,0.0,22.79,16.54
2800308,Aracaju,SE,2025,21.96,3925.48,17875.46,2022.83,1902.64,2395.03,25.36
2800407,Arauá,SE,2025,11.31,2250.38,19896.3,2250.38,0.0,36.49,11.33
2800506,Areia Branca,SE,2025,47.73,7070.62,14814.07,4933.44,2137.17,120.91,48.12
2800605,Barra dos Coqueiros,SE,2025,44.72,3985.35,8912.58,1215.48,2769.88,1114.48,51.11
2800670,Boquim,SE,2025,3.66,751.63,20546.38,751.63,0.0,6.32,3.66
2800704,Brejo Grande,SE,2025,49.35,6962.49,14108.29,1998.57,4963.92,1896.05,57.01
2801009,Campo do Brito,SE,2025,15.78,3180.72,20153.13,2529.0,651.72,144.44,15.9
2801108,Canhoba,SE,2025,24.26,4162.69,17158.55,4162.69,0.0,520.53,25.02
2801207,Canindé de São Francisco,SE,2025,40.21,43433.94,108005.79,43385.19,48.75,2691.46,41.24
2801306,Capela,SE,2025,12.1,5351.12,44221.15,5335.99,15.12,37.02,12.11
2801405,Carira,SE,2025,10.47,6687.87,63887.98,6638.44,49.43,154.66,10.49
2801504,Carmópolis,SE,2025,7.2,334.17,4641.84,211.21,122.96,5.98,7.21
2801603,Cedro de São João,SE,2025,17.06,1428.2,8370.64,1428.2,0.0,227.41,17.54
2801702,Cristinápolis,SE,2025,14.03,3206.42,22857.68,3205.11,1.31,13.06,14.04
2801900,Cumbe,SE,2025,5.15,661.03,12839.73,661.03,0.0,43.64,5.17
2802007,Divina Pastora,SE,2025,14.66,1326.54,9051.31,1301.93,24.61,29.0,14.7
2802106,Estância,SE,2025,31.71,20467.96,64551.01,10693.86,9774.1,4158.66,33.89
2802205,Feira Nova,SE,2025,10.56,1955.59,18522.56,1955.59,0.0,27.63,10.57
2802304,Frei Paulo,SE,2025,9.21,3675.8,39919.28,3657.77,18.03,76.24,9.23
2802403,Gararu,SE,2025,29.3,19386.84,66160.79,19386.84,0.0,1493.68,29.98
2802502,General Maynard,SE,2025,9.1,180.08,1978.83,107.75,72.33,4.22,9.12
2802601,Graccho Cardoso,SE,2025,13.72,3343.8,24379.06,3343.8,0.0,155.01,13.8
2802700,Ilha das Flores,SE,2025,24.02,1265.83,5270.68,27.35,1238.48,338.03,25.66
2802809,Indiaroba,SE,2025,30.78,9736.52,31630.02,8321.82,1414.7,1793.01,32.63
2802908,Itabaiana,SE,2025,16.14,5446.32,33734.38,4943.02,503.29,313.83,16.3
2803005,Itabaianinha,SE,2025,18.2,9133.12,50185.56,8994.52,138.6,50.0,18.22
2803104,Itabi,SE,2025,22.09,4051.14,18343.14,4051.14,0.0,9.16,22.1
2803203,Itaporanga d'Ajuda,SE,2025,31.17,23006.18,73808.07,13925.38,9080.79,3917.84,32.92
2803302,Japaratuba,SE,2025,14.54,5315.63,36565.46,3891.37,1424.26,22.5,14.55
2803401,Japoatã,SE,2025,6.08,2447.39,40236.12,2286.22,161.16,9.15,6.08
2803500,Lagarto,SE,2025,25.62,24828.45,96892.46,24598.19,230.26,261.41,25.69
2803609,Laranjeiras,SE,2025,19.68,3193.4,16225.5,3163.44,29.96,619.73,20.46
2803708,Macambira,SE,2025,19.87,2732.08,13749.85,2711.16,20.92,10.9,19.89
2803807,Malhada dos Bois,SE,2025,24.84,1570.14,6319.99,1570.14,0.0,5.63,24.87
2803906,Malhador,SE,2025,22.65,2307.37,10189.33,2094.76,212.61,80.58,22.83
2804003,Maruim,SE,2025,13.23,1264.41,9553.87,1263.35,1.05,418.05,13.84
2804102,Moita Bonita,SE,2025,14.3,1364.55,9539.68,1331.67,32.88,16.97,14.33
2804201,Monte Alegre de Sergipe,SE,2025,16.68,6460.23,38735.23,6460.23,0.0,67.01,16.71
2804300,Muribeca,SE,2025,13.38,994.46,7430.34,987.77,6.69,30.08,13.44
2804409,Neópolis,SE,2025,10.49,2845.41,27131.25,2240.74,604.67,873.22,10.84
2804458,Nossa Senhora Aparecida,SE,2025,5.73,1953.78,34087.33,1942.43,11.35,19.44,5.73
2804508,Nossa Senhora da Glória,SE,2025,13.33,10064.13,75496.87,10061.93,2.2,192.52,13.36
2804607,Nossa Senhora das Dores,SE,2025,6.96,3357.98,48238.78,3295.12,62.86,101.24,6.98
2804706,Nossa Senhora de Lourdes,SE,2025,16.27,1363.41,8378.92,1363.41,0.0,235.3,16.74
2804805,Nossa Senhora do Socorro,SE,2025,16.16,2505.09,15501.93,2183.54,321.55,1166.36,17.47
2804904,Pacatuba,SE,2025,44.18,16781.84,37988.35,3936.55,12845.29,1586.26,46.1
2805000,Pedra Mole,SE,2025,21.8,1790.7,8214.44,1790.7,0.0,9.32,21.82
2805109,Pedrinhas,SE,2025,3.59,119.76,3334.04,119.76,0.0,0.7,3.59
2805208,Pinhão,SE,2025,24.22,3788.02,15640.71,3783.36,4.66,20.75,24.25
2805307,Pirambu,SE,2025,37.98,7852.07,20676.74,2335.45,5516.62,262.81,38.46
2805406,Poço Redondo,SE,2025,21.69,23312.82,107457.86,23311.67,1.15,816.65,21.86
2805505,Poço Verde,SE,2025,9.49,4186.28,44133.04,4184.44,1.84,47.28,9.5
2805604,Porto da Folha,SE,2025,28.25,24799.52,87801.26,24799.52,0.0,1436.75,28.71
2805703,Propriá,SE,2025,1.46,140.2,9633.96,122.15,18.04,972.28,1.62
2805802,Riachão do Dantas,SE,2025,29.1,15440.47,53060.66,15173.83,266.65,12.82,29.11
2805901,Riachuelo,SE,2025,20.5,1605.76,7832.92,1605.76,0.0,32.86,20.59
2806008,Ribeirópolis,SE,2025,6.57,1701.89,25906.24,1667.41,34.48,51.0,6.58
2806107,Rosário do Catete,SE,2025,11.85,1216.43,10268.64,1068.07,148.36,24.87,11.87
2806206,Salgado,SE,2025,16.41,4062.21,24757.34,3954.74,107.47,22.38,16.42
2806305,Santa Luzia do Itanhy,SE,2025,33.93,11035.56,32526.12,10931.04,104.52,1097.21,35.11
2806404,Santana do São Francisco,SE,2025,8.82,388.42,4402.46,259.5,128.92,431.03,9.78
2806503,Santa Rosa de Lima,SE,2025,20.62,1394.73,6764.91,1281.59,113.14,0.0,20.62
2806602,Santo Amaro das Brotas,SE,2025,42.5,10070.0,23696.25,4632.89,5437.11,1695.52,45.77
2806701,São Cristóvão,SE,2025,30.13,13196.81,43803.64,10379.99,2816.82,2623.75,32.05
2806800,São Domingos,SE,2025,32.74,3338.8,10198.65,1798.71,1540.09,0.0,32.74
2806909,São Francisco,SE,2025,2.15,180.9,8397.63,180.9,0.0,12.14,2.16
2807006,São Miguel do Aleixo,SE,2025,12.42,1738.77,13994.35,1447.83,290.94,4.4,12.43
2807105,Simão Dias,SE,2025,21.64,12121.47,56019.23,12097.22,24.25,71.1,21.67
2807204,Siriri,SE,2025,17.42,2932.31,16834.69,2831.65,100.66,44.13,17.46
2807303,Telha,SE,2025,11.01,527.01,4785.83,527.01,0.0,256.69,11.64
2807402,Tobias Barreto,SE,2025,25.41,26034.46,102466.46,26007.78,26.68,80.58,25.43
2807501,Tomar do Geru,SE,2025,23.26,7090.26,30482.77,6866.36,223.9,31.83,23.28
2807600,Umbaúba,SE,2025,10.2,1197.74,11745.92,1194.93,2.81,32.79,10.23
2900108,Abaíra,BA,2025,82.77,44585.9,53865.03,35541.42,9044.48,5.05,82.78
2900207,Abaré,BA,2025,69.24,111121.86,160496.8,66366.21,44755.64,410.95,69.41
2900306,Acajutiba,BA,2025,14.15,2567.22,18147.4,2567.22,0.0,25.66,14.17
2900355,Adustina,BA,2025,22.67,14263.24,62909.78,14263.24,0.0,396.86,22.82
2900405,Água Fria,BA,2025,31.69,23536.43,74279.47,22314.53,1221.9,13.83,31.69
2900504,Érico Cardoso,BA,2025,87.74,64511.9,73527.34,51658.96,12852.94,1.57,87.74
2900603,Aiquara,BA,2025,37.21,6247.03,16786.66,6247.03,0.0,71.25,37.37
2900702,Alagoinhas,BA,2025,16.72,11833.97,70787.18,11759.36,74.61,25.72,16.72
2900801,Alcobaça,BA,2025,30.88,45595.44,147658.37,24683.44,20912.0,483.17,30.98
2900900,Almadina,BA,2025,57.36,14066.47,24523.25,14066.47,0.0,10.21,57.38
2901007,Amargosa,BA,2025,23.28,10050.53,43164.19,10014.81,35.73,23.88,23.3
2901106,Amélia Rodrigues,BA,2025,18.19,3036.41,16688.99,3036.41,0.0,8.65,18.2
2901155,América Dourada,BA,2025,22.16,18220.03,82237.99,18220.03,0.0,6.14,22.16
2901205,Anagé,BA,2025,60.89,115663.11,189966.7,115641.98,21.13,908.66,61.18
2901304,Andaraí,BA,2025,75.9,120666.2,158980.51,109689.06,10977.13,271.34,76.03
2901353,Andorinha,BA,2025,54.76,74607.44,136238.35,74590.28,17.17,176.15,54.83
2901403,Angical,BA,2025,55.23,84539.37,153060.41,84530.54,8.83,353.94,55.36
2901502,Anguera,BA,2025,7.93,1489.51,18782.62,1488.2,1.31,26.41,7.94
2901601,Antas,BA,2025,29.69,9688.98,32636.51,9688.98,0.0,5.01,29.69
2901700,Antônio Cardoso,BA,2025,9.48,2782.48,29352.81,2782.48,0.0,1615.87,10.03
2901809,Antônio Gonçalves,BA,2025,87.08,30067.98,34529.99,30067.98,0.0,26.46,87.14
2901908,Aporá,BA,2025,9.36,4483.83,47925.75,4483.83,0.0,29.52,9.36
2901957,Apuarema,BA,2025,44.4,6696.11,15082.52,6691.07,5.04,2.52,44.4
2902005,Aracatu,BA,2025,43.84,65313.86,148979.67,64781.0,532.86,181.59,43.89
2902054,Araçás,BA,2025,36.75,17440.67,47457.5,17032.74,407.93,37.25,36.78
2902104,Araci,BA,2025,39.46,59046.03,149622.37,59046.03,0.0,1725.84,39.92
2902203,Aramari,BA,2025,6.45,2380.14,36895.26,2082.3,297.84,8.22,6.45
2902252,Arataca,BA,2025,92.32,40251.42,43600.95,40236.83,14.59,7.34,92.33
2902302,Aratuípe,BA,2025,32.18,5599.83,17402.15,5599.83,0.0,110.58,32.38
2902401,Aurelino Leal,BA,2025,41.11,18308.55,44537.93,18308.55,0.0,173.3,41.27
2902500,Baianópolis,BA,2025,65.26,216786.92,332177.6,214901.68,1885.23,190.06,65.3
2902609,Baixa Grande,BA,2025,43.53,42114.88,96750.44,42114.88,0.0,62.2,43.56
2902658,Banzaê,BA,2025,61.28,25092.48,40950.4,25092.48,0.0,0.79,61.28
2902708,Barra,BA,2025,87.74,1002756.08,1142841.39,999537.55,3218.54,8937.3,88.43
2902807,Barra da Estiva,BA,2025,65.17,108014.05,165740.76,96720.26,11293.79,389.99,65.32
2902906,Barra do Choça,BA,2025,29.53,22615.84,76593.64,22602.61,13.23,240.83,29.62
2903003,Barra do Mendes,BA,2025,83.69,120203.98,143636.25,119398.97,805.0,71.09,83.73
2903102,Barra do Rocha,BA,2025,69.55,14910.36,21438.34,14910.36,0.0,76.59,69.8
2903201,Barreiras,BA,2025,45.83,369335.35,805925.94,350947.26,18388.1,733.34,45.87
2903235,Barro Alto,BA,2025,29.18,12096.37,41450.59,12096.37,0.0,24.61,29.2
2903276,Barrocas,BA,2025,22.59,4682.2,20728.55,4682.2,0.0,9.64,22.6
2903300,Barro Preto,BA,2025,76.69,15459.38,20157.49,15459.38,0.0,13.15,76.74
2903409,Belmonte,BA,2025,54.04,103657.78,191828.92,79817.76,23840.02,4773.13,55.42
2903508,Belo Campo,BA,2025,44.76,34587.7,77274.64,34584.24,3.46,519.25,45.06
2903607,Biritinga,BA,2025,40.68,22524.06,55374.21,22524.06,0.0,101.63,40.75
2903706,Boa Nova,BA,2025,59.78,50747.98,84886.76,50422.12,325.86,30.94,59.8
2903805,Boa Vista do Tupim,BA,2025,66.14,196561.69,297211.9,196201.05,360.65,1601.56,66.49
2903904,Bom Jesus da Lapa,BA,2025,58.56,240931.78,411455.11,240758.05,173.72,5050.75,59.28
2903953,Bom Jesus da Serra,BA,2025,61.29,28674.3,46787.29,28669.54,4.77,63.96,61.37
2904001,Boninal,BA,2025,65.88,59083.92,89689.1,57380.73,1703.19,4.1,65.88
2904050,Bonito,BA,2025,72.1,57047.38,79126.87,57030.76,16.62,48.03,72.14
2904100,Boquira,BA,2025,54.18,77267.22,142622.29,76896.03,371.2,156.99,54.24
2904209,Botuporã,BA,2025,45.99,28862.29,62759.67,28862.29,0.0,26.9,46.01
2904308,Brejões,BA,2025,35.35,18333.05,51856.9,18192.06,140.98,86.61,35.41
2904407,Brejolândia,BA,2025,56.77,127571.76,224721.16,127556.38,15.38,32.13,56.78
2904506,Brotas de Macaúbas,BA,2025,87.7,221067.44,252080.18,217912.34,3155.1,10.23,87.7
2904605,Brumado,BA,2025,43.96,97049.24,220762.48,96292.02,757.21,393.78,44.04
2904704,Buerarema,BA,2025,72.51,15914.99,21947.23,15913.7,1.3,9.33,72.55
2904753,Buritirama,BA,2025,92.45,374124.47,404678.54,374118.58,5.89,245.64,92.51
2904803,Caatiba,BA,2025,41.91,21474.22,51242.64,21473.88,0.35,5.79,41.91
2904852,Cabaceiras do Paraguaçu,BA,2025,5.64,1251.98,22202.12,1239.33,12.66,2828.55,6.46
2904902,Cachoeira,BA,2025,51.5,20336.76,39489.1,20313.18,23.57,3836.36,57.04
2905008,Caculé,BA,2025,44.41,27132.0,61099.44,27121.08,10.91,258.27,44.59
2905107,Caém,BA,2025,62.5,33807.42,54090.61,33807.42,0.0,189.88,62.72
2905156,Caetanos,BA,2025,46.38,35579.29,76715.43,35212.01,367.28,61.21,46.42
2905206,Caetité,BA,2025,76.03,201591.26,265148.87,201458.33,132.93,326.83,76.12
2905305,Cafarnaum,BA,2025,33.49,21555.01,64364.32,21555.01,0.0,10.25,33.49
2905404,Cairu,BA,2025,71.85,32122.36,44704.87,27157.56,4964.8,6881.65,84.93
2905503,Caldeirão Grande,BA,2025,57.16,26198.37,45830.8,26198.37,0.0,40.03,57.21
2905602,Camacan,BA,2025,75.19,43972.94,58481.52,43970.44,2.5,94.74,75.31
2905701,Camaçari,BA,2025,29.94,23427.49,78254.8,17131.84,6295.65,2219.26,30.81
2905800,Camamu,BA,2025,64.31,53966.7,83920.87,53913.41,53.29,9097.19,72.13
2905909,Campo Alegre de Lourdes,BA,2025,79.87,232785.71,291452.69,232782.72,3.0,208.14,79.93
2906006,Campo Formoso,BA,2025,67.46,483129.02,716190.62,482104.64,1024.38,134.71,67.47
2906105,Canápolis,BA,2025,61.54,28330.79,46037.54,28313.19,17.6,6.53,61.55
2906204,Canarana,BA,2025,19.29,11184.57,57972.31,11184.57,0.0,24.79,19.3
2906303,Canavieiras,BA,2025,44.79,59726.2,133334.44,52360.12,7366.09,2591.67,45.68
2906402,Candeal,BA,2025,16.99,7606.11,44757.83,7604.71,1.4,23.2,17.0
2906501,Candeias,BA,2025,15.63,3936.88,25180.99,3932.25,4.62,1972.29,16.96
2906600,Candiba,BA,2025,27.3,11838.16,43365.65,11838.16,0.0,65.87,27.34
2906709,Cândido Sales,BA,2025,60.22,70451.04,116982.1,70443.36,7.68,47.03,60.25
2906808,Cansanção,BA,2025,47.04,63588.15,135192.71,63588.15,0.0,755.92,47.3
2906824,Canudos,BA,2025,75.75,270087.6,356538.24,269570.31,517.3,1818.69,76.14
2906857,Capela do Alto Alegre,BA,2025,10.81,6804.18,62959.99,6804.18,0.0,47.99,10.82
2906873,Capim Grosso,BA,2025,23.81,11065.16,46476.63,11065.16,0.0,364.88,24.0
2906899,Caraíbas,BA,2025,48.65,39197.76,80567.96,39180.27,17.49,821.67,49.15
2906907,Caravelas,BA,2025,26.61,63255.48,237699.59,37994.18,25261.31,5468.25,27.24
2907004,Cardeal da Silva,BA,2025,36.23,10631.03,29346.96,10618.52,12.51,15.75,36.24
2907103,Carinhanha,BA,2025,55.07,139072.75,252552.01,139072.75,0.0,2377.25,55.59
2907202,Casa Nova,BA,2025,65.46,631466.82,964703.35,631464.52,2.3,107657.78,73.68
2907301,Castro Alves,BA,2025,13.49,9632.62,71381.11,9577.2,55.42,68.17,13.51
2907400,Catolândia,BA,2025,74.24,52159.58,70254.84,52120.68,38.89,1.31,74.24
2907509,Catu,BA,2025,25.85,11038.27,42699.29,11038.27,0.0,17.48,25.86
2907558,Caturama,BA,2025,40.21,28797.3,71625.34,28238.83,558.47,26.22,40.22
2907608,Central,BA,2025,43.7,24776.88,56696.8,24776.88,0.0,2.46,43.7
2907707,Chorrochó,BA,2025,84.07,252664.86,300528.0,182764.44,69900.43,582.03,84.24
2907806,Cícero Dantas,BA,2025,40.77,33308.29,81702.48,33308.29,0.0,32.35,40.78
2907905,Cipó,BA,2025,32.67,5498.88,16831.57,5498.88,0.0,26.15,32.72
2908002,Coaraci,BA,2025,58.62,16093.23,27454.28,16093.23,0.0,11.0,58.64
2908101,Cocos,BA,2025,81.91,830403.06,1013826.82,651770.15,178632.91,190.18,81.92
2908200,Conceição da Feira,BA,2025,16.0,2636.08,16478.95,2575.2,60.88,2517.86,18.88
2908309,Conceição do Almeida,BA,2025,5.42,1544.69,28484.19,1544.69,0.0,12.38,5.43
2908408,Conceição do Coité,BA,2025,35.64,36187.58,101524.9,36187.58,0.0,233.12,35.73
2908507,Conceição do Jacuípe,BA,2025,12.24,1406.46,11487.12,1403.67,2.8,18.61,12.26
2908606,Conde,BA,2025,44.55,41269.25,92635.35,34126.17,7143.08,675.62,44.88
2908705,Condeúba,BA,2025,63.23,85241.15,134806.25,85048.9,192.25,203.76,63.33
2908804,Contendas do Sincorá,BA,2025,71.57,69953.31,97744.64,69332.22,621.09,167.71,71.69
2908903,Coração de Maria,BA,2025,15.47,5852.63,37841.62,5845.72,6.91,27.46,15.48
2909000,Cordeiros,BA,2025,62.2,32571.44,52362.59,32379.25,192.19,107.42,62.33
2909109,Coribe,BA,2025,72.44,193071.14,266512.21,189636.62,3434.52,61.09,72.46
2909208,Coronel João Sá,BA,2025,24.04,19168.02,79740.97,19165.73,2.29,613.1,24.22
2909307,Correntina,BA,2025,55.24,635447.93,1150430.08,593805.27,41642.66,167.75,55.24
2909406,Cotegipe,BA,2025,71.94,308126.23,428306.14,308057.29,68.94,1871.12,72.26
2909505,Cravolândia,BA,2025,46.32,8454.07,18250.68,8423.7,30.37,24.62,46.38
2909604,Crisópolis,BA,2025,22.82,14529.61,63659.63,14529.61,0.0,36.9,22.84
2909703,Cristópolis,BA,2025,71.59,75374.65,105284.53,75183.55,191.1,20.63,71.61
2909802,Cruz das Almas,BA,2025,7.0,973.18,13911.41,966.9,6.28,29.15,7.01
2909901,Curaçá,BA,2025,81.68,486069.65,595057.05,334621.41,151448.24,2328.69,82.01
2910008,Dário Meira,BA,2025,49.47,20461.24,41360.21,20394.17,67.07,53.56,49.53
2910057,Dias d'Ávila,BA,2025,17.89,3288.11,18377.46,3038.36,249.76,1529.57,19.52
2910107,Dom Basílio,BA,2025,43.76,30168.86,68948.92,29256.64,912.23,170.8,43.86
2910206,Dom Macedo Costa,BA,2025,6.77,641.76,9478.55,641.76,0.0,1.31,6.77
2910305,Elísio Medrado,BA,2025,18.71,3355.35,17933.16,3345.58,9.77,13.08,18.72
2910404,Encruzilhada,BA,2025,57.29,108292.54,189016.2,108247.63,44.91,173.91,57.35
2910503,Entre Rios,BA,2025,28.22,33469.65,118588.95,31517.94,1951.71,241.89,28.28
2910602,Esplanada,BA,2025,35.69,46297.32,129706.39,43094.75,3202.57,257.1,35.76
2910701,Euclides da Cunha,BA,2025,49.51,100277.93,202533.85,100277.93,0.0,52.23,49.52
2910727,Eunápolis,BA,2025,23.32,33249.36,142601.36,29222.88,4026.48,608.75,23.42
2910750,Fátima,BA,2025,5.06,1863.66,36833.49,1863.66,0.0,33.49,5.06
2910776,Feira da Mata,BA,2025,56.95,67007.67,117650.48,67007.67,0.0,201.18,57.05
2910800,Feira de Santana,BA,2025,16.77,21882.02,130445.24,21849.4,32.63,1519.56,16.97
2910859,Filadélfia,BA,2025,32.67,18937.52,57969.26,18937.52,0.0,352.66,32.87
2910909,Firmino Alves,BA,2025,19.41,3345.75,17236.48,3345.75,0.0,12.88,19.43
2911006,Floresta Azul,BA,2025,34.58,11100.61,32098.21,11100.61,0.0,48.86,34.64
2911105,Formosa do Rio Preto,BA,2025,53.33,833708.42,1563427.24,781729.76,51978.67,191.96,53.33
2911204,Gandu,BA,2025,60.37,13864.19,22964.99,13864.19,0.0,8.43,60.39
2911253,Gavião,BA,2025,7.78,2992.97,38459.48,2989.46,3.51,27.0,7.79
2911303,Gentio do Ouro,BA,2025,92.06,351464.53,381797.49,348160.01,3304.52,288.46,92.12
2911402,Glória,BA,2025,57.23,89654.93,156646.51,85811.53,3843.4,15506.27,63.52
2911501,Gongogi,BA,2025,33.7,6813.97,20218.2,6812.67,1.3,148.53,33.95
2911600,Governador Mangabeira,BA,2025,16.43,1755.92,10684.64,1620.08,135.84,911.97,17.97
2911659,Guajeru,BA,2025,43.31,37801.71,87285.35,37784.48,17.23,27.54,43.32
2911709,Guanambi,BA,2025,24.14,30713.27,127236.07,30697.74,15.53,1221.74,24.37
2911808,Guaratinga,BA,2025,30.74,67309.51,218940.16,59220.21,8089.31,305.99,30.79
2911857,Heliópolis,BA,2025,5.43,1706.56,31457.03,1706.56,0.0,14.76,5.43
2911907,Iaçu,BA,2025,39.51,92544.62,234249.25,89221.56,3323.06,589.8,39.61
2912004,Ibiassucê,BA,2025,54.85,26506.31,48327.09,26503.63,2.69,134.82,55.0
2912103,Ibicaraí,BA,2025,50.53,11672.75,23099.51,11672.75,0.0,33.3,50.61
2912202,Ibicoara,BA,2025,65.21,53296.38,81735.42,45129.41,8166.97,157.98,65.33
2912301,Ibicuí,BA,2025,21.71,24739.43,113938.92,24739.43,0.0,70.58,21.73
2912400,Ibipeba,BA,2025,74.1,102405.86,138197.27,102400.16,5.69,142.35,74.18
2912509,Ibipitanga,BA,2025,30.69,29290.96,95437.28,29222.33,68.63,93.5,30.72
2912608,Ibiquera,BA,2025,68.98,48166.87,69824.44,48070.38,96.49,52.29,69.03
2912707,Ibirapitanga,BA,2025,73.44,34714.27,47266.91,34710.53,3.73,122.25,73.63
2912806,Ibirapuã,BA,2025,10.79,8316.38,77108.39,6529.2,1787.18,125.51,10.8
2912905,Ibirataia,BA,2025,66.82,21258.62,31815.19,21254.1,4.51,74.83,66.98
2913002,Ibitiara,BA,2025,60.3,110580.35,183396.92,110087.29,493.06,99.27,60.33
2913101,Ibititá,BA,2025,18.29,10479.99,57302.15,10479.99,0.0,89.63,18.32
2913200,Ibotirama,BA,2025,79.73,138739.57,174014.41,133518.06,5221.51,5418.73,82.29
2913309,Ichu,BA,2025,25.21,3479.48,13802.91,3479.48,0.0,8.32,25.22
2913408,Igaporã,BA,2025,61.01,51038.77,83658.16,50917.12,121.65,146.21,61.12
2913457,Igrapiúna,BA,2025,64.36,38044.79,59110.12,37537.28,507.51,6018.28,71.66
2913507,Iguaí,BA,2025,32.44,27904.84,86023.58,27596.22,308.62,17.75,32.45
2913606,Ilhéus,BA,2025,74.33,117907.0,158627.13,117630.95,276.05,1674.96,75.12
2913705,Inhambupe,BA,2025,11.79,12763.17,108228.7,12634.59,128.57,35.73,11.8
2913804,Ipecaetá,BA,2025,16.31,6076.26,37254.33,6070.75,5.51,22.55,16.32
2913903,Ipiaú,BA,2025,57.31,16071.93,28044.54,16069.68,2.26,90.76,57.49
2914000,Ipirá,BA,2025,14.9,46276.73,310526.45,44969.66,1307.07,354.08,14.92
2914109,Ipupiara,BA,2025,85.38,90136.77,105573.85,89610.15,526.62,6.48,85.38
2914208,Irajuba,BA,2025,45.71,20982.93,45903.95,20953.5,29.43,118.0,45.83
2914307,Iramaia,BA,2025,62.11,106099.76,170814.54,104742.93,1356.83,230.13,62.2
2914406,Iraquara,BA,2025,61.08,60578.9,99183.09,58664.63,1914.27,24.12,61.09
2914505,Irará,BA,2025,13.21,3538.55,26785.19,3532.16,6.39,8.84,13.22
2914604,Irecê,BA,2025,20.22,6453.99,31916.05,6453.99,0.0,21.31,20.24
2914653,Itabela,BA,2025,32.07,29656.55,92486.47,27899.56,1756.99,230.74,32.15
2914703,Itaberaba,BA,2025,37.67,89908.73,238644.36,86892.47,3016.26,465.87,37.75
2914802,Itabuna,BA,2025,52.14,20909.53,40100.63,20909.53,0.0,124.81,52.31
2914901,Itacaré,BA,2025,78.59,57067.03,72614.97,56712.21,354.82,834.87,79.5
2915007,Itaeté,BA,2025,77.79,103601.55,133177.88,99622.25,3979.3,1017.22,78.39
2915106,Itagi,BA,2025,63.01,19572.46,31063.4,19429.04,143.41,19.43,63.05
2915205,Itagibá,BA,2025,32.23,26142.64,81100.75,26142.47,0.17,114.23,32.28
2915304,Itagimirim,BA,2025,13.45,11791.94,87679.73,10707.9,1084.04,1779.11,13.73
2915353,Itaguaçu da Bahia,BA,2025,70.22,302652.4,431025.41,302622.92,29.47,460.41,70.29
2915403,Itaju do Colônia,BA,2025,37.1,45459.57,122525.41,45457.07,2.5,111.68,37.14
2915502,Itajuípe,BA,2025,82.61,22366.98,27074.3,22366.98,0.0,15.58,82.66
2915601,Itamaraju,BA,2025,28.9,68213.91,236061.59,61818.33,6395.57,448.78,28.95
2915700,Itamari,BA,2025,59.03,8469.66,14348.23,8469.66,0.0,5.39,59.05
2915809,Itambé,BA,2025,34.23,52521.37,153454.24,52521.37,0.0,81.76,34.24
2915908,Itanagra,BA,2025,30.91,16495.83,53363.52,16432.57,63.26,55.4,30.94
2916005,Itanhém,BA,2025,14.6,20355.49,139416.88,19126.57,1228.92,76.89,14.61
2916104,Itaparica,BA,2025,5.41,656.48,12139.74,656.48,0.0,9628.98,26.15
2916203,Itapé,BA,2025,19.45,8813.25,45315.66,8807.28,5.97,442.29,19.64
2916302,Itapebi,BA,2025,29.89,30842.37,103187.39,30752.5,89.87,3938.04,31.08
2916401,Itapetinga,BA,2025,26.53,43800.86,165115.38,43783.68,17.18,394.79,26.59
2916500,Itapicuru,BA,2025,34.97,54463.0,155761.51,54323.91,139.09,71.4,34.98
2916609,Itapitanga,BA,2025,24.07,10125.42,42065.76,10125.42,0.0,10.92,24.08
2916708,Itaquara,BA,2025,31.98,11003.29,34408.75,10894.88,108.41,47.24,32.02
2916807,Itarantim,BA,2025,17.64,29523.78,167403.43,29498.48,25.3,1295.65,17.77
2916856,Itatim,BA,2025,33.05,18094.66,54753.59,18094.66,0.0,135.63,33.13
2916906,Itiruçu,BA,2025,27.5,8862.1,32226.25,8843.92,18.18,37.75,27.53
2917003,Itiúba,BA,2025,40.64,67085.27,165058.47,67085.27,0.0,555.95,40.78
2917102,Itororó,BA,2025,38.84,12190.77,31384.3,12190.77,0.0,13.05,38.86
2917201,Ituaçu,BA,2025,64.29,77114.4,119940.58,72161.61,4952.79,168.99,64.38
2917300,Ituberá,BA,2025,69.12,28677.45,41489.04,25325.48,3351.97,2668.67,73.87
2917334,Iuiu,BA,2025,24.93,38208.16,153272.18,38208.16,0.0,120.95,24.95
2917359,Jaborandi,BA,2025,54.21,539628.23,995513.41,460662.56,78965.66,292.42,54.22
2917409,Jacaraci,BA,2025,64.44,85864.38,133240.05,85488.54,375.84,76.38,64.48
2917508,Jacobina,BA,2025,63.87,140059.85,219287.64,140054.76,5.09,192.29,63.93
2917607,Jaguaquara,BA,2025,40.75,37672.15,92451.74,37372.4,299.75,145.94,40.81
2917706,Jaguarari,BA,2025,81.0,199755.44,246598.31,176802.01,22953.44,225.22,81.08
2917805,Jaguaripe,BA,2025,55.77,48141.51,86329.21,38566.55,9574.96,5033.38,59.22
2917904,Jandaíra,BA,2025,45.66,29049.56,63617.24,23067.62,5981.94,1664.88,46.89
2918001,Jequié,BA,2025,73.44,218042.75,296903.83,217407.87,634.88,4577.7,74.59
2918100,Jeremoabo,BA,2025,73.18,312308.26,426746.59,312298.84,9.43,131.92,73.21
2918209,Jiquiriçá,BA,2025,45.75,10918.9,23866.3,10892.0,26.89,11.93,45.77
2918308,Jitaúna,BA,2025,65.76,17232.53,26205.14,17155.08,77.46,49.14,65.88
2918357,João Dourado,BA,2025,15.97,14584.41,91326.13,14584.41,0.0,7.46,15.97
2918407,Juazeiro,BA,2025,67.68,454903.13,672124.87,309077.69,145825.43,5381.74,68.23
2918456,Jucuruçu,BA,2025,28.59,41679.24,145767.36,39101.76,2577.48,186.44,28.63
2918506,Jussara,BA,2025,32.63,44224.61,135521.35,44224.61,0.0,23.98,32.64
2918555,Jussari,BA,2025,46.93,15448.02,32918.7,15448.02,0.0,9.42,46.94
2918605,Jussiape,BA,2025,67.57,39848.33,58975.75,34458.08,5390.26,110.73,67.69
2918704,Lafaiete Coutinho,BA,2025,43.45,21640.9,49810.89,21631.16,9.74,64.94,43.5
2918753,Lagoa Real,BA,2025,63.75,58158.36,91224.82,57996.27,162.09,202.8,63.89
2918803,Laje,BA,2025,17.79,8002.07,44978.09,8002.07,0.0,105.41,17.83
2918902,Lajedão,BA,2025,2.76,1720.93,62437.05,549.38,1171.55,122.7,2.76
2919009,Lajedinho,BA,2025,45.36,38404.13,84670.62,38125.22,278.9,38.79,45.38
2919058,Lajedo do Tabocal,BA,2025,38.74,14833.83,38292.52,14830.61,3.22,90.76,38.83
2919108,Lamarão,BA,2025,16.01,3029.72,18925.84,3029.72,0.0,4.82,16.01
2919157,Lapão,BA,2025,16.36,10519.0,64291.76,10519.0,0.0,9.46,16.36
2919207,Lauro de Freitas,BA,2025,18.17,1050.9,5782.49,1050.9,0.0,56.52,18.35
2919306,Lençóis,BA,2025,95.31,122288.16,128299.5,111800.58,10487.58,18.61,95.33
2919405,Licínio de Almeida,BA,2025,70.3,60220.3,85665.06,60052.95,167.34,133.35,70.41
2919504,Livramento de Nossa Senhora,BA,2025,42.72,83420.1,195252.37,79821.86,3598.24,329.37,42.8
2919553,Luís Eduardo Magalhães,BA,2025,26.52,106956.05,403310.69,87801.99,19154.06,346.24,26.54
2919603,Macajuba,BA,2025,46.79,32804.03,70113.52,32768.52,35.51,42.33,46.82
2919702,Macarani,BA,2025,29.82,36087.69,121011.52,36082.78,4.92,127.38,29.85
2919801,Macaúbas,BA,2025,61.59,151464.7,245916.08,150336.57,1128.13,403.19,61.69
2919900,Macururé,BA,2025,70.85,180377.41,254585.48,131912.7,48464.71,136.2,70.89
2919926,Madre de Deus,BA,2025,3.45,113.78,3301.65,113.78,0.0,2873.93,26.6
2919959,Maetinga,BA,2025,58.95,36244.52,61483.61,36176.2,68.31,95.11,59.04
2920007,Maiquinique,BA,2025,20.89,12287.01,58830.61,12256.1,30.91,25.07,20.89
2920106,Mairi,BA,2025,43.62,39552.7,90668.67,39552.7,0.0,20.58,43.63
2920205,Malhada,BA,2025,48.58,95790.03,197164.71,95790.03,0.0,5504.08,49.98
2920304,Malhada de Pedras,BA,2025,31.01,17071.32,55053.73,16866.54,204.79,44.72,31.03
2920403,Manoel Vitorino,BA,2025,54.52,120030.02,220177.83,119410.88,619.14,2220.06,55.07
2920452,Mansidão,BA,2025,89.58,280347.56,312955.55,280315.71,31.85,551.0,89.74
2920502,Maracás,BA,2025,58.34,140798.19,241321.55,140202.49,595.7,2059.92,58.85
2920601,Maragogipe,BA,2025,39.04,17083.81,43761.08,17060.18,23.63,3580.08,42.52
2920700,Maraú,BA,2025,71.79,60893.51,84816.85,55134.86,5758.64,5372.83,76.65
2920809,Marcionílio Souza,BA,2025,40.57,44594.46,109932.6,44556.82,37.63,288.19,40.67
2920908,Mascote,BA,2025,46.87,34807.04,74268.91,34737.69,69.35,221.93,47.01
2921005,Mata de São João,BA,2025,38.84,23434.85,60331.12,23258.94,175.91,1298.52,39.7
2921054,Matina,BA,2025,37.66,29122.08,77328.84,29122.08,0.0,109.88,37.71
2921104,Medeiros Neto,BA,2025,4.06,5325.17,131171.98,3719.41,1605.76,262.21,4.07
2921203,Miguel Calmon,BA,2025,72.21,115511.38,159967.46,115511.38,0.0,188.44,72.29
2921302,Milagres,BA,2025,48.44,20361.91,42034.29,20313.51,48.4,65.41,48.52
2921401,Mirangaba,BA,2025,63.51,111265.05,175181.1,111229.67,35.39,35.21,63.53
2921450,Mirante,BA,2025,45.53,53399.51,117285.76,52812.49,587.02,409.37,45.69
2921500,Monte Santo,BA,2025,43.33,131479.99,303420.79,131479.99,0.0,187.35,43.36
2921609,Morpará,BA,2025,83.31,174441.66,209380.84,174269.18,172.48,385.32,83.47
2921708,Morro do Chapéu,BA,2025,71.61,411379.39,574491.28,409520.16,1859.23,74.62,71.62
2921807,Mortugaba,BA,2025,58.92,31120.88,52821.15,31118.11,2.76,29.22,58.95
2921906,Mucugê,BA,2025,70.05,172516.12,246266.94,115533.72,56982.4,1415.74,70.46
2922003,Mucuri,BA,2025,21.26,37987.18,178695.31,28118.13,9869.06,1586.53,21.45
2922052,Mulungu do Morro,BA,2025,55.21,35698.55,64661.45,35664.33,34.21,7.7,55.21
2922102,Mundo Novo,BA,2025,67.81,101173.67,149199.12,101170.87,2.8,72.2,67.84
2922201,Muniz Ferreira,BA,2025,19.21,2008.26,10454.07,2008.26,0.0,2.44,19.21
2922250,Muquém do São Francisco,BA,2025,66.48,256091.37,385194.22,255976.11,115.27,3731.56,67.13
2922300,Muritiba,BA,2025,9.73,839.66,8629.78,817.05,22.61,40.16,9.78
2922409,Mutuípe,BA,2025,25.1,6922.98,27586.68,6921.85,1.13,11.15,25.11
2922508,Nazaré,BA,2025,42.17,11749.19,27863.25,11722.77,26.41,222.86,42.51
2922607,Nilo Peçanha,BA,2025,76.67,29775.42,38837.1,28245.88,1529.54,705.99,78.09
2922656,Nordestina,BA,2025,45.93,21377.11,46540.62,21377.11,0.0,84.15,46.02
2922706,Nova Canaã,BA,2025,26.78,21549.93,80459.79,21523.28,26.65,19.2,26.79
2922730,Nova Fátima,BA,2025,7.46,2587.96,34679.89,2587.96,0.0,24.7,7.47
2922755,Nova Ibiá,BA,2025,64.88,13183.6,20320.19,13182.21,1.39,3.39,64.89
2922805,Nova Itarana,BA,2025,31.37,14914.75,47538.55,14897.85,16.9,52.73,31.41
2922854,Nova Redenção,BA,2025,56.46,31919.97,56535.37,31901.74,18.23,37.16,56.5
2922904,Nova Soure,BA,2025,36.16,34963.76,96695.01,34963.76,0.0,97.6,36.2
2923001,Nova Viçosa,BA,2025,24.25,31887.33,131483.74,21552.97,10334.35,1380.87,24.51
2923035,Novo Horizonte,BA,2025,82.31,51652.36,62749.71,51368.81,283.55,85.31,82.43
2923050,Novo Triunfo,BA,2025,43.65,13056.58,29912.37,13056.58,0.0,4.49,43.66
2923100,Olindina,BA,2025,15.74,10029.34,63732.78,10029.34,0.0,31.74,15.74
2923209,Oliveira dos Brejinhos,BA,2025,64.77,214600.42,331345.96,208343.66,6256.77,209.88,64.81
2923308,Ouriçangas,BA,2025,6.56,1029.29,15699.58,988.25,41.04,2.8,6.56
2923357,Ourolândia,BA,2025,35.97,55566.61,154500.63,55565.73,0.88,15.9,35.97
2923407,Palmas de Monte Alto,BA,2025,35.35,90503.58,256001.93,90502.45,1.13,384.16,35.41
2923506,Palmeiras,BA,2025,87.36,64450.51,73777.62,55156.38,9294.13,12.66,87.37
2923605,Paramirim,BA,2025,57.18,62156.71,108706.78,60321.97,1834.74,551.41,57.47
2923704,Paratinga,BA,2025,73.17,192069.6,262494.99,189152.09,2917.52,1957.88,73.72
2923803,Paripiranga,BA,2025,16.24,7183.1,44220.92,7170.53,12.57,51.8,16.26
2923902,Pau Brasil,BA,2025,55.27,34615.96,62631.7,34612.26,3.71,86.02,55.35
2924009,Paulo Afonso,BA,2025,50.29,77663.33,154442.16,77520.44,142.89,3424.08,51.43
2924058,Pé de Serra,BA,2025,7.1,4237.57,59675.26,4237.57,0.0,56.37,7.11
2924108,Pedrão,BA,2025,6.74,1067.66,15848.3,1067.66,0.0,50.55,6.76
2924207,Pedro Alexandre,BA,2025,21.93,19512.68,88958.39,19512.68,0.0,208.61,21.99
2924306,Piatã,BA,2025,84.81,154857.63,182583.9,129096.05,25761.58,45.15,84.84
2924405,Pilão Arcado,BA,2025,80.81,937242.55,1159768.17,937219.31,23.25,23864.42,82.51
2924504,Pindaí,BA,2025,36.97,23231.14,62845.0,23215.02,16.11,46.78,36.99
2924603,Pindobaçu,BA,2025,78.36,38854.79,49582.6,38854.79,0.0,197.24,78.68
2924652,Pintadas,BA,2025,16.28,10534.23,64714.5,10534.23,0.0,66.44,16.29
2924678,Piraí do Norte,BA,2025,58.4,11291.93,19334.44,11291.93,0.0,21.72,58.47
2924702,Piripá,BA,2025,75.69,38178.43,50437.83,38172.47,5.96,53.15,75.77
2924801,Piritiba,BA,2025,60.25,59062.35,98032.68,59057.71,4.64,281.08,60.42
2924900,Planaltino,BA,2025,48.16,46011.04,95545.73,46005.64,5.4,120.27,48.22
2925006,Planalto,BA,2025,35.25,27111.56,76901.41,27036.19,75.37,119.08,35.31
2925105,Poções,BA,2025,51.06,47883.67,93786.43,47771.44,112.23,214.75,51.17
2925204,Pojuca,BA,2025,25.96,8173.74,31491.1,8156.26,17.48,36.7,25.99
2925253,Ponto Novo,BA,2025,36.03,19101.77,53012.61,19101.77,0.0,342.67,36.27
2925303,Porto Seguro,BA,2025,50.62,115644.66,228476.39,99478.06,16166.61,702.15,50.77
2925402,Potiraguá,BA,2025,25.77,28647.29,111156.12,28643.07,4.22,258.73,25.83
2925501,Prado,BA,2025,45.71,77280.25,169053.68,59134.4,18145.86,692.28,45.9
2925600,Presidente Dutra,BA,2025,28.89,6703.94,23207.15,6703.94,0.0,1.32,28.89
2925709,Presidente Jânio Quadros,BA,2025,52.68,63663.6,120853.89,63473.28,190.32,86.37,52.72
2925758,Presidente Tancredo Neves,BA,2025,35.72,15783.42,44180.67,15776.38,7.05,29.59,35.75
2925808,Queimadas,BA,2025,25.13,50545.49,201105.92,50540.84,4.65,266.18,25.17
2925907,Quijingue,BA,2025,45.16,62353.44,138082.94,62353.44,0.0,81.43,45.18
2925931,Quixabeira,BA,2025,24.04,8806.37,36637.24,8806.37,0.0,231.38,24.19
2925956,Rafael Jambeiro,BA,2025,25.06,27326.85,109053.68,27307.46,19.39,213.93,25.11
2926004,Remanso,BA,2025,54.68,250084.32,457366.16,250084.32,0.0,67589.38,64.16
2926103,Retirolândia,BA,2025,21.05,5101.73,24231.31,5101.73,0.0,11.13,21.06
2926202,Riachão das Neves,BA,2025,54.58,325790.69,596910.32,321628.98,4161.71,730.47,54.65
2926301,Riachão do Jacuípe,BA,2025,6.28,7258.66,115539.84,7217.79,40.87,133.08,6.29
2926400,Riacho de Santana,BA,2025,61.99,197362.83,318384.55,195338.18,2024.65,360.58,62.06
2926509,Ribeira do Amparo,BA,2025,33.28,22169.25,66613.27,22164.86,4.39,6.94,33.28
2926608,Ribeira do Pombal,BA,2025,32.3,39669.62,122815.62,39669.62,0.0,13.44,32.3
2926657,Ribeirão do Largo,BA,2025,42.3,57684.11,136372.18,57567.19,116.92,43.14,42.31
2926707,Rio de Contas,BA,2025,72.84,81233.42,111527.06,58819.03,22414.4,744.37,73.33
2926806,Rio do Antônio,BA,2025,40.37,31401.35,77789.63,31374.64,26.7,30.52,40.38
2926905,Rio do Pires,BA,2025,71.73,47070.34,65623.65,44607.22,2463.12,15.77,71.74
2927002,Rio Real,BA,2025,17.93,13267.11,73978.71,13195.5,71.61,250.72,17.99
2927101,Rodelas,BA,2025,75.94,167614.02,220728.15,144032.66,23581.36,14461.95,81.26
2927200,Ruy Barbosa,BA,2025,57.91,115343.21,199175.89,115229.84,113.37,233.15,57.98
2927309,Salinas da Margarida,BA,2025,20.69,3114.98,15057.63,2834.55,280.42,9110.32,52.38
2927408,Salvador,BA,2025,6.59,4558.6,69129.97,4554.5,4.1,39275.93,15.27
2927507,Santa Bárbara,BA,2025,22.0,7634.65,34701.26,7630.98,3.67,36.93,22.02
2927606,Santa Brígida,BA,2025,48.17,45009.6,93444.99,44879.58,130.01,31.19,48.18
2927705,Santa Cruz Cabrália,BA,2025,54.1,79046.44,146101.81,73839.6,5206.85,295.73,54.21
2927804,Santa Cruz da Vitória,BA,2025,30.17,8571.94,28408.6,8571.94,0.0,14.01,30.19
2927903,Santa Inês,BA,2025,55.55,20805.0,37453.24,20752.84,52.16,67.04,55.65
2928000,Santaluz,BA,2025,32.44,52657.88,162344.32,52656.82,1.05,333.75,32.5
2928059,Santa Luzia,BA,2025,62.36,51414.39,82446.64,50257.59,1156.8,200.04,62.51
2928109,Santa Maria da Vitória,BA,2025,68.91,136775.14,198491.3,136690.11,85.03,177.04,68.97
2928208,Santana,BA,2025,62.77,119838.47,190931.99,119837.07,1.39,447.32,62.91
2928307,Santanópolis,BA,2025,15.73,3502.95,22268.74,3502.95,0.0,16.98,15.74
2928406,Santa Rita de Cássia,BA,2025,74.57,449671.18,603052.28,449586.48,84.71,415.32,74.62
2928505,Santa Terezinha,BA,2025,25.95,18661.88,71922.94,18520.1,141.78,116.94,25.99
2928604,Santo Amaro,BA,2025,32.59,16116.63,49448.58,16059.89,56.74,4692.28,36.01
2928703,Santo Antônio de Jesus,BA,2025,15.27,3995.44,26173.83,3992.3,3.14,52.82,15.3
2928802,Santo Estêvão,BA,2025,22.83,8225.55,36034.3,8224.76,0.79,1953.66,24.14
2928901,São Desidério,BA,2025,42.46,643653.8,1515865.83,594295.07,49358.73,387.27,42.47
2928950,São Domingos,BA,2025,22.87,6631.87,28997.25,6631.87,0.0,38.66,22.9
2929008,São Félix,BA,2025,16.07,1658.78,10324.04,1658.25,0.52,212.62,16.4
2929057,São Félix do Coribe,BA,2025,65.79,115240.28,175167.06,115240.28,0.0,255.7,65.88
2929107,São Felipe,BA,2025,9.39,2089.4,22240.3,2089.4,0.0,15.61,9.4
2929206,São Francisco do Conde,BA,2025,17.34,4676.02,26971.99,4673.66,2.36,8004.41,24.65
2929255,São Gabriel,BA,2025,36.11,41379.84,114604.91,41378.7,1.14,44.0,36.12
2929305,São Gonçalo dos Campos,BA,2025,25.16,7416.38,29477.04,7396.56,19.83,1329.44,26.35
2929354,São José da Vitória,BA,2025,72.87,9321.91,12792.53,9321.91,0.0,2.76,72.89
2929370,São José do Jacuípe,BA,2025,19.67,7126.55,36236.78,7126.55,0.0,202.11,19.78
2929404,São Miguel das Matas,BA,2025,15.38,3551.58,23090.66,3549.14,2.44,107.8,15.45
2929503,São Sebastião do Passé,BA,2025,16.89,9063.12,53668.51,9063.12,0.0,57.98,16.91
2929602,Sapeaçu,BA,2025,4.2,550.95,13122.66,526.87,24.09,19.98,4.2
2929701,Sátiro Dias,BA,2025,28.7,27246.85,94927.79,27246.85,0.0,34.08,28.71
2929750,Saubara,BA,2025,33.23,5530.93,16643.24,5493.5,37.43,8285.11,66.17
2929800,Saúde,BA,2025,80.77,41120.79,50910.49,41120.79,0.0,105.34,80.94
2929909,Seabra,BA,2025,71.73,172296.23,240217.67,171722.98,573.25,22.36,71.73
2930006,Sebastião Laranjeiras,BA,2025,52.47,104126.83,198449.61,104080.41,46.42,195.49,52.52
2930105,Senhor do Bonfim,BA,2025,53.21,42002.22,78937.33,42002.22,0.0,211.5,53.35
2930154,Serra do Ramalho,BA,2025,42.57,99676.29,234167.84,99676.29,0.0,2871.78,43.09
2930204,Sento Sé,BA,2025,77.9,933304.64,1198009.23,933295.58,9.06,105327.83,85.41
2930303,Serra Dourada,BA,2025,41.19,65589.17,159228.07,65589.17,0.0,75.89,41.21
2930402,Serra Preta,BA,2025,11.83,7042.74,59532.98,6896.37,146.37,101.36,11.85
2930501,Serrinha,BA,2025,25.68,14981.98,58333.54,14981.98,0.0,96.28,25.73
2930600,Serrolândia,BA,2025,28.28,9108.08,32202.83,9108.08,0.0,15.69,28.3
2930709,Simões Filho,BA,2025,25.76,5191.59,20152.51,5190.45,1.13,1305.9,27.55
2930758,Sítio do Mato,BA,2025,48.53,79004.77,162785.09,79004.77,0.0,2697.65,49.35
2930766,Sítio do Quinto,BA,2025,24.99,16411.5,65683.23,16411.5,0.0,197.12,25.06
2930774,Sobradinho,BA,2025,64.62,87617.47,135595.44,87617.47,0.0,10140.32,69.84
2930808,Souto Soares,BA,2025,67.25,69036.77,102663.58,68931.02,105.75,2.54,67.25
2930907,Tabocas do Brejo Velho,BA,2025,72.43,104095.68,143717.06,102765.34,1330.34,16.67,72.44
2931004,Tanhaçu,BA,2025,30.61,39098.95,127750.88,38651.09,447.86,447.07,30.71
2931053,Tanque Novo,BA,2025,51.12,37290.97,72952.32,37144.53,146.44,70.27,51.17
2931103,Tanquinho,BA,2025,19.65,4790.2,24382.09,4769.29,20.91,27.65,19.67
2931202,Taperoá,BA,2025,62.48,28373.1,45408.37,28348.66,24.44,493.68,63.17
2931301,Tapiramutá,BA,2025,60.35,43135.01,71469.45,43027.69,107.33,104.78,60.44
2931350,Teixeira de Freitas,BA,2025,10.57,12325.17,116560.02,9526.6,2798.58,312.03,10.6
2931400,Teodoro Sampaio,BA,2025,11.38,2783.87,24460.12,2783.87,0.0,14.69,11.39
2931509,Teofilândia,BA,2025,15.43,5429.43,35188.85,5429.43,0.0,44.7,15.45
2931608,Teolândia,BA,2025,50.4,14606.26,28980.56,14605.13,1.13,5.57,50.41
2931707,Terra Nova,BA,2025,7.71,1490.22,19323.34,1490.22,0.0,4.11,7.71
2931806,Tremedal,BA,2025,66.61,134398.2,201768.18,134375.03,23.17,398.48,66.74
2931905,Tucano,BA,2025,38.53,84694.33,219827.39,84694.33,0.0,221.27,38.57
2932002,Uauá,BA,2025,65.66,200938.75,306011.02,196273.91,4664.84,217.59,65.71
2932101,Ubaíra,BA,2025,52.47,34834.65,66389.31,34769.97,64.68,36.05,52.5
2932200,Ubaitaba,BA,2025,59.65,10801.35,18108.46,10801.35,0.0,337.11,60.78
2932309,Ubatã,BA,2025,63.24,11235.07,17765.48,11233.94,1.13,67.4,63.48
2932408,Uibaí,BA,2025,65.09,35496.67,54530.88,35496.67,0.0,20.96,65.12
2932457,Umburanas,BA,2025,75.45,133962.1,177561.43,133929.64,32.46,9.32,75.45
2932507,Una,BA,2025,77.75,87426.14,112443.26,85968.62,1457.52,1032.16,78.47
2932606,Urandi,BA,2025,48.04,43351.75,90240.25,42993.19,358.56,1518.65,48.86
2932705,Uruçuca,BA,2025,84.51,43076.84,50971.27,43025.56,51.28,70.51,84.63
2932804,Utinga,BA,2025,58.51,37079.28,63376.68,36715.31,363.97,11.55,58.52
2932903,Valença,BA,2025,51.51,57861.44,112339.83,55330.05,2531.39,2670.34,52.76
2933000,Valente,BA,2025,37.01,14613.08,39488.44,14613.08,0.0,78.65,37.08
2933059,Várzea da Roça,BA,2025,17.57,8232.21,46843.37,8232.21,0.0,636.7,17.82
2933109,Várzea do Poço,BA,2025,30.62,6322.53,20648.14,6322.53,0.0,20.86,30.65
2933158,Várzea Nova,BA,2025,47.14,57791.48,122589.42,57791.48,0.0,15.09,47.15
2933174,Varzedo,BA,2025,20.99,4647.46,22140.52,4644.84,2.62,71.46,21.06
2933208,Vera Cruz,BA,2025,32.24,9582.19,29722.96,9389.94,192.25,12442.26,55.45
2933257,Vereda,BA,2025,17.1,13373.65,78214.41,11081.37,2292.29,164.02,17.13
2933307,Vitória da Conquista,BA,2025,41.69,135670.83,325424.7,135413.79,257.04,669.66,41.78
2933406,Wagner,BA,2025,67.44,35230.65,52237.51,35214.39,16.26,3.58,67.45
2933455,Wanderley,BA,2025,60.52,176756.78,292050.74,176697.19,59.59,653.18,60.66
2933505,Wenceslau Guimarães,BA,2025,57.33,37558.0,65507.4,37467.81,90.19,26.17,57.36
2933604,Xique-Xique,BA,2025,72.03,365906.5,507968.02,365867.21,39.28,12796.7,73.89
3100104,Abadia dos Dourados,MG,2025,29.93,26349.21,88043.75,24345.37,2003.84,2565.85,30.83
3100203,Abaeté,MG,2025,26.29,47762.78,181706.59,39468.15,8294.63,7816.26,27.47
3100302,Abre Campo,MG,2025,20.65,9717.48,47054.63,8995.99,721.49,292.41,20.78
3100401,Acaiaca,MG,2025,29.1,2964.76,10189.35,2881.34,83.42,33.33,29.19
3100500,Açucena,MG,2025,39.86,32503.95,81543.29,32127.09,376.85,603.87,40.16
3100609,Água Boa,MG,2025,45.67,60294.43,132034.12,60149.35,145.08,238.44,45.75
3100708,Água Comprida,MG,2025,8.22,4043.47,49217.45,3908.81,134.66,5216.24,9.19
3100807,Aguanil,MG,2025,17.65,4096.86,23209.28,3915.38,181.47,1914.49,19.24
3100906,Águas Formosas,MG,2025,41.95,34403.72,82006.81,34004.7,399.01,38.08,41.97
3101003,Águas Vermelhas,MG,2025,66.2,83182.18,125654.37,83158.08,24.11,1062.55,66.76
3101102,Aimorés,MG,2025,18.86,25443.95,134896.25,21882.61,3561.34,2316.85,19.19
3101201,Aiuruoca,MG,2025,47.37,30775.52,64969.63,19322.93,11452.59,13.46,47.38
3101300,Alagoa,MG,2025,57.52,9281.22,16136.08,6925.58,2355.64,0.08,57.52
3101409,Albertina,MG,2025,20.0,1160.53,5801.52,1159.12,1.41,3.4,20.02
3101508,Além Paraíba,MG,2025,34.27,17484.64,51024.19,16764.33,720.31,720.26,34.76
3101607,Alfenas,MG,2025,8.69,7394.19,85045.58,7010.41,383.78,13259.26,10.3
3101631,Alfredo Vasconcelos,MG,2025,30.08,3933.99,13080.27,3299.11,634.88,9.1,30.1
3101706,Almenara,MG,2025,63.74,146243.55,229442.44,145825.59,417.96,1598.39,64.19
3101805,Alpercata,MG,2025,5.88,981.31,16697.55,935.17,46.13,664.03,6.12
3101904,Alpinópolis,MG,2025,24.81,11430.91,46067.42,11166.38,264.53,188.14,24.92
3102001,Alterosa,MG,2025,11.6,4200.93,36200.34,4067.63,133.3,1148.62,11.98
3102050,Alto Caparaó,MG,2025,52.13,5405.35,10368.12,3201.76,2203.59,3.1,52.15
3102100,Alto Rio Doce,MG,2025,28.42,14724.3,51804.26,14228.08,496.22,7.52,28.43
3102209,Alvarenga,MG,2025,27.38,7617.16,27818.05,5408.42,2208.74,50.57,27.43
3102308,Alvinópolis,MG,2025,33.0,19783.35,59944.22,19342.21,441.14,18.92,33.01
3102407,Alvorada de Minas,MG,2025,62.28,23293.88,37399.5,20735.09,2558.78,121.0,62.49
3102506,Amparo do Serra,MG,2025,24.7,3363.64,13618.07,3273.81,89.82,3.44,24.71
3102605,Andradas,MG,2025,19.26,9042.04,46938.14,8673.04,369.0,335.57,19.4
3102704,Cachoeira de Pajeú,MG,2025,68.59,47717.01,69569.9,47486.97,230.05,129.83,68.72
3102803,Andrelândia,MG,2025,53.54,53826.81,100531.12,20196.73,33630.08,84.9,53.59
3102852,Angelândia,MG,2025,39.51,7318.65,18521.31,7315.58,3.07,98.16,39.73
3102902,Antônio Carlos,MG,2025,42.43,22485.72,52991.04,18364.63,4121.09,26.68,42.45
3103009,Antônio Dias,MG,2025,49.39,38875.9,78708.82,38234.12,641.78,319.12,49.59
3103108,Antônio Prado de Minas,MG,2025,27.85,2333.82,8379.67,2157.45,176.37,5.6,27.87
3103207,Araçaí,MG,2025,36.51,6845.85,18752.59,6233.47,612.38,30.09,36.56
3103306,Aracitaba,MG,2025,19.1,2035.46,10659.16,1962.64,72.82,1.67,19.1
3103405,Araçuaí,MG,2025,62.65,140101.83,223625.6,139592.45,509.38,1756.21,63.15
3103504,Araguari,MG,2025,24.81,67738.41,272974.4,65426.76,2311.65,13259.73,26.08
3103603,Arantina,MG,2025,50.18,4487.1,8942.1,1718.71,2768.39,0.25,50.18
3103702,Araponga,MG,2025,39.18,11901.78,30380.3,10038.06,1863.72,6.37,39.18
3103751,Araporã,MG,2025,9.24,2719.33,29436.58,2719.33,0.0,4088.42,10.73
3103801,Arapuá,MG,2025,19.53,3396.42,17390.74,3396.42,0.0,5.75,19.54
3103900,Araújos,MG,2025,20.19,4956.61,24554.53,4913.08,43.54,160.82,20.32
3104007,Araxá,MG,2025,28.62,33313.53,116405.72,31669.56,1643.97,404.58,28.72
3104106,Arceburgo,MG,2025,15.77,2568.34,16286.78,2508.13,60.21,57.55,15.83
3104205,Arcos,MG,2025,22.03,11232.79,50988.98,10684.82,547.96,166.81,22.1
3104304,Areado,MG,2025,8.99,2545.8,28312.12,2439.36,106.44,2916.51,10.02
3104403,Argirita,MG,2025,33.1,5274.41,15936.21,5061.97,212.44,13.07,33.12
3104452,Aricanduva,MG,2025,41.4,10073.64,24332.47,10056.27,17.37,28.62,41.45
3104502,Arinos,MG,2025,64.1,338412.13,527946.85,300728.48,37683.65,1644.75,64.3
3104601,Astolfo Dutra,MG,2025,18.57,2950.05,15889.33,2654.32,295.73,259.65,18.87
3104700,Ataléia,MG,2025,14.24,26163.33,183689.76,21136.44,5026.89,184.56,14.26
3104809,Augusto de Lima,MG,2025,36.54,45848.16,125483.96,29752.11,16096.06,236.88,36.61
3104908,Baependi,MG,2025,43.39,32568.08,75057.46,20141.38,12426.7,15.96,43.4
3105004,Baldim,MG,2025,46.86,26068.57,55628.56,24576.83,1491.74,184.44,47.02
3105103,Bambuí,MG,2025,19.76,28764.34,145583.46,26782.92,1981.42,548.29,19.83
3105202,Bandeira,MG,2025,56.84,27497.46,48377.5,27497.46,0.0,5.16,56.85
3105301,Bandeira do Sul,MG,2025,20.81,983.48,4726.8,983.48,0.0,19.63,20.89
3105400,Barão de Cocais,MG,2025,58.9,20033.08,34012.61,17676.27,2356.82,51.71,58.99
3105509,Barão do Monte Alto,MG,2025,24.11,4780.53,19830.3,4701.65,78.87,61.51,24.18
3105608,Barbacena,MG,2025,37.73,28647.01,75918.04,17817.15,10829.87,48.58,37.76
3105707,Barra Longa,MG,2025,27.2,10436.56,38363.25,10143.94,292.62,244.22,27.38
3105905,Barroso,MG,2025,29.23,2399.53,8207.91,1577.67,821.86,8.35,29.26
3106002,Bela Vista de Minas,MG,2025,57.82,6318.84,10927.84,6128.3,190.54,49.2,58.08
3106101,Belmiro Braga,MG,2025,40.15,15781.51,39307.0,15141.42,640.09,408.98,40.57
3106200,Belo Horizonte,MG,2025,11.04,3658.42,33134.33,2002.26,1656.17,257.61,11.13
3106309,Belo Oriente,MG,2025,34.78,11646.93,33490.02,11570.61,76.32,656.27,35.47
3106408,Belo Vale,MG,2025,24.44,8943.93,36591.35,7650.47,1293.46,265.29,24.62
3106507,Berilo,MG,2025,57.71,33882.14,58710.18,33794.07,88.07,963.3,58.67
3106606,Bertópolis,MG,2025,17.4,7443.51,42782.47,7275.87,167.64,10.95,17.4
3106655,Berizal,MG,2025,67.22,32858.25,48878.15,32751.19,107.06,205.67,67.51
3106705,Betim,MG,2025,26.23,9024.7,34404.65,8614.71,409.99,415.4,26.55
3106804,Bias Fortes,MG,2025,39.83,11292.27,28352.1,10318.66,973.6,4.33,39.83
3106903,Bicas,MG,2025,17.24,2414.75,14008.22,2221.58,193.17,31.7,17.28
3107000,Biquinhas,MG,2025,34.93,16032.34,45894.24,11859.52,4172.83,262.13,35.13
3107109,Boa Esperança,MG,2025,20.45,17602.97,86069.72,14114.37,3488.6,10375.88,23.26
3107208,Bocaina de Minas,MG,2025,66.77,33637.9,50375.54,29944.18,3693.72,1.82,66.78
3107307,Bocaiúva,MG,2025,48.1,154262.19,320684.82,134833.18,19429.01,766.73,48.22
3107406,Bom Despacho,MG,2025,23.68,28734.02,121354.4,27639.29,1094.74,631.89,23.8
3107505,Bom Jardim de Minas,MG,2025,66.53,27416.73,41206.97,16618.57,10798.16,6.65,66.54
3107604,Bom Jesus da Penha,MG,2025,16.33,3401.83,20834.27,3400.33,1.5,16.22,16.34
3107703,Bom Jesus do Amparo,MG,2025,34.74,6796.0,19562.87,6715.92,80.08,99.69,34.92
3107802,Bom Jesus do Galho,MG,2025,23.07,13663.4,59229.74,13432.04,231.36,1104.99,23.51
3107901,Bom Repouso,MG,2025,17.88,4110.1,22984.88,4096.52,13.57,3.31,17.88
3108008,Bom Sucesso,MG,2025,24.13,17012.5,70505.54,14030.92,2981.58,744.82,24.39
3108107,Bonfim,MG,2025,13.8,4165.9,30187.8,4087.97,77.93,111.21,13.85
3108206,Bonfinópolis de Minas,MG,2025,39.96,73942.8,185047.37,59662.41,14280.38,488.18,40.06
3108255,Bonito de Minas,MG,2025,95.59,376276.16,393645.14,361573.45,14702.72,51.1,95.6
3108305,Borda da Mata,MG,2025,16.78,5051.07,30107.67,5016.0,35.07,27.27,16.79
3108404,Botelhos,MG,2025,17.0,5680.86,33408.65,5677.78,3.08,320.98,17.17
3108503,Botumirim,MG,2025,68.37,107259.45,156891.36,104748.74,2510.7,2387.48,69.42
3108552,Brasilândia de Minas,MG,2025,55.41,139076.03,250973.43,121695.49,17380.54,1092.13,55.66
3108602,Brasília de Minas,MG,2025,57.72,80778.19,139944.29,80615.03,163.16,58.2,57.75
3108701,Brás Pires,MG,2025,31.64,7067.03,22336.12,6855.39,211.64,47.78,31.71
3108800,Braúnas,MG,2025,44.87,16975.45,37830.75,16917.9,57.56,386.33,45.34
3108909,Brazópolis,MG,2025,22.0,8087.49,36766.87,7928.71,158.78,14.24,22.01
3109006,Brumadinho,MG,2025,52.44,33533.79,63943.2,27589.72,5944.07,970.94,53.25
3109105,Bueno Brandão,MG,2025,14.68,5229.34,35614.32,5192.19,37.15,22.02,14.69
3109204,Buenópolis,MG,2025,42.6,68146.07,159985.91,41853.93,26292.14,26.33,42.6
3109253,Bugre,MG,2025,22.07,3564.29,16148.65,3434.06,130.24,237.59,22.4
3109303,Buritis,MG,2025,55.74,291262.2,522512.86,248496.95,42765.25,1101.46,55.86
3109402,Buritizeiro,MG,2025,57.23,413124.23,721836.48,357548.73,55575.49,6634.35,57.76
3109451,Cabeceira Grande,MG,2025,27.08,27972.66,103306.11,26340.98,1631.68,2238.33,27.68
3109501,Cabo Verde,MG,2025,18.05,6646.48,36820.32,6598.14,48.34,69.08,18.09
3109600,Cachoeira da Prata,MG,2025,44.18,2714.07,6143.88,2660.23,53.84,22.53,44.34
3109709,Cachoeira de Minas,MG,2025,15.41,4689.18,30424.66,4610.56,78.62,108.61,15.47
3109808,Cachoeira Dourada,MG,2025,12.0,2437.7,20307.15,2437.7,0.0,2544.61,13.72
3109907,Caetanópolis,MG,2025,28.25,4408.99,15605.25,2386.31,2022.68,44.27,28.33
3110004,Caeté,MG,2025,62.57,33949.6,54254.98,29757.03,4192.57,67.86,62.65
3110103,Caiana,MG,2025,15.42,1641.87,10646.9,1625.03,16.83,12.98,15.44
3110202,Cajuri,MG,2025,21.24,1764.36,8305.22,1679.21,85.15,1.76,21.25
3110301,Caldas,MG,2025,22.35,15900.29,71138.95,14659.47,1240.81,141.83,22.4
3110400,Camacho,MG,2025,21.5,4793.34,22298.47,4151.38,641.96,30.25,21.53
3110509,Camanducaia,MG,2025,39.39,20828.77,52872.1,20488.41,340.36,26.6,39.41
3110608,Cambuí,MG,2025,16.05,3924.75,24456.81,3891.0,33.74,28.03,16.07
3110707,Cambuquira,MG,2025,20.08,4948.63,24638.46,4782.55,166.08,20.95,20.1
3110806,Campanário,MG,2025,33.4,14776.5,44243.08,14439.64,336.86,74.8,33.45
3110905,Campanha,MG,2025,19.02,6383.92,33559.14,5702.18,681.73,171.96,19.12
3111002,Campestre,MG,2025,16.75,9681.54,57785.1,9468.93,212.61,250.43,16.83
3111101,Campina Verde,MG,2025,18.68,68202.49,365072.58,63167.74,5034.75,520.17,18.71
3111150,Campo Azul,MG,2025,42.68,21591.58,50594.53,21453.0,138.58,60.56,42.73
3111200,Campo Belo,MG,2025,12.0,6338.57,52825.17,6201.28,137.29,954.25,12.22
3111309,Campo do Meio,MG,2025,13.33,3671.78,27541.51,3363.51,308.26,5091.18,16.36
3111408,Campo Florido,MG,2025,17.22,21768.78,126427.37,19463.07,2305.72,118.48,17.23
3111507,Campos Altos,MG,2025,38.67,27480.02,71066.48,25823.17,1656.84,96.46,38.72
3111606,Campos Gerais,MG,2025,13.45,10351.73,76947.82,10027.24,324.49,6237.18,14.64
3111705,Canaã,MG,2025,21.57,3773.61,17490.81,3359.71,413.9,11.73,21.59
3111804,Canápolis,MG,2025,15.15,12779.75,84357.47,11970.94,808.81,989.69,15.33
3111903,Cana Verde,MG,2025,12.95,2754.35,21272.12,2667.35,87.0,1595.64,14.0
3112000,Candeias,MG,2025,17.92,12914.22,72051.75,11661.22,1253.0,397.8,18.02
3112059,Cantagalo,MG,2025,31.16,4420.94,14186.97,4420.94,0.0,14.01,31.19
3112109,Caparaó,MG,2025,30.19,3946.03,13070.89,3618.46,327.57,4.28,30.2
3112208,Capela Nova,MG,2025,25.59,2842.24,11106.86,2784.7,57.55,1.42,25.59
3112307,Capelinha,MG,2025,49.44,47725.32,96529.0,47251.9,473.42,120.99,49.5
3112406,Capetinga,MG,2025,20.63,6147.3,29793.08,6139.68,7.62,35.19,20.66
3112505,Capim Branco,MG,2025,19.29,1839.67,9534.78,1829.2,10.46,49.51,19.39
3112604,Capinópolis,MG,2025,11.29,7005.03,62070.58,6888.23,116.8,1386.85,11.54
3112653,Capitão Andrade,MG,2025,14.07,3925.45,27907.87,3645.54,279.91,29.96,14.08
3112703,Capitão Enéas,MG,2025,38.95,37844.33,97155.53,37843.3,1.03,422.15,39.12
3112802,Capitólio,MG,2025,37.26,19446.22,52184.0,13535.17,5911.04,4838.51,41.07
3112901,Caputira,MG,2025,19.84,3724.65,18769.35,3538.19,186.46,8.15,19.85
3113008,Caraí,MG,2025,58.38,72529.71,124236.67,71943.54,586.17,77.46,58.42
3113107,Caranaíba,MG,2025,33.66,5383.37,15994.74,5375.93,7.45,7.19,33.67
3113206,Carandaí,MG,2025,28.78,14023.34,48726.13,10886.5,3136.84,117.64,28.85
3113305,Carangola,MG,2025,22.62,7993.7,35340.69,7360.96,632.75,81.32,22.67
3113404,Caratinga,MG,2025,24.71,31100.75,125842.46,28994.45,2106.29,1401.84,24.99
3113503,Carbonita,MG,2025,65.68,95635.44,145610.27,93916.73,1718.71,235.13,65.79
3113602,Careaçu,MG,2025,14.95,2706.23,18103.45,2653.45,52.79,159.4,15.08
3113701,Carlos Chagas,MG,2025,13.92,44600.61,320298.57,42225.75,2374.86,1141.9,13.97
3113800,Carmésia,MG,2025,65.75,17035.95,25910.0,16869.86,166.09,35.53,65.84
3113909,Carmo da Cachoeira,MG,2025,22.7,11494.21,50630.15,9714.37,1779.84,67.51,22.73
3114006,Carmo da Mata,MG,2025,21.28,7601.24,35720.91,7510.02,91.23,70.09,21.32
3114105,Carmo de Minas,MG,2025,26.22,8452.12,32230.18,8405.22,46.91,64.67,26.28
3114204,Carmo do Cajuru,MG,2025,27.61,12586.01,45582.84,12283.61,302.4,751.48,28.07
3114303,Carmo do Paranaíba,MG,2025,17.73,23187.55,130786.17,22730.33,457.22,622.81,17.81
3114402,Carmo do Rio Claro,MG,2025,20.98,22361.42,106572.85,18980.71,3380.71,19423.63,25.66
3114501,Carmópolis de Minas,MG,2025,19.66,7864.66,39999.53,7672.83,191.83,128.17,19.73
3114550,Carneirinho,MG,2025,8.53,17594.08,206344.3,15462.24,2131.84,22768.56,9.58
3114600,Carrancas,MG,2025,47.11,34291.5,72789.51,11498.72,22792.78,2807.0,49.0
3114709,Carvalhópolis,MG,2025,20.51,1663.2,8107.47,1658.37,4.82,12.81,20.55
3114808,Carvalhos,MG,2025,35.93,10141.44,28227.2,7495.43,2646.01,7.81,35.94
3114907,Casa Grande,MG,2025,19.87,3134.19,15771.72,2766.2,367.99,12.72,19.89
3115003,Cascalho Rico,MG,2025,16.42,6031.15,36733.11,6003.76,27.39,6806.79,20.15
3115102,Cássia,MG,2025,19.0,12653.06,66577.82,12605.27,47.79,5201.84,20.62
3115201,Conceição da Barra de Minas,MG,2025,26.64,7271.9,27301.09,4418.51,2853.39,187.24,26.82
3115300,Cataguases,MG,2025,20.65,10153.25,49175.84,9926.82,226.43,537.01,20.87
3115359,Catas Altas,MG,2025,58.38,14014.49,24004.88,10166.27,3848.22,43.65,58.49
3115409,Catas Altas da Noruega,MG,2025,52.34,7412.61,14162.4,7401.72,10.89,14.74,52.39
3115458,Catuji,MG,2025,50.75,21283.56,41936.96,21116.71,166.85,63.29,50.83
3115474,Catuti,MG,2025,28.66,8247.93,28779.68,8247.93,0.0,12.94,28.67
3115508,Caxambu,MG,2025,22.62,2272.98,10048.69,2046.39,226.58,18.19,22.66
3115607,Cedro do Abaeté,MG,2025,50.36,14264.42,28325.25,12083.51,2180.91,127.25,50.59
3115706,Central de Minas,MG,2025,12.59,2572.49,20432.91,2535.01,37.48,18.39,12.6
3115805,Centralina,MG,2025,13.69,4414.34,32240.75,4286.21,128.12,381.2,13.86
3115904,Chácara,MG,2025,20.64,3154.42,15282.45,2772.99,381.43,18.97,20.67
3116001,Chalé,MG,2025,21.3,4529.6,21267.48,3938.31,591.3,87.75,21.39
3116100,Chapada do Norte,MG,2025,67.44,56035.64,83084.01,56020.16,15.47,910.53,68.19
3116159,Chapada Gaúcha,MG,2025,77.6,252602.88,325518.69,220227.11,32375.77,779.08,77.79
3116209,Chiador,MG,2025,30.71,7763.03,25282.1,7446.79,316.23,890.9,31.83
3116308,Cipotânea,MG,2025,23.59,3620.2,15348.35,3469.81,150.39,24.68,23.62
3116407,Claraval,MG,2025,28.5,6487.67,22761.5,6283.58,204.1,372.82,28.98
3116506,Claro dos Poções,MG,2025,42.67,30740.62,72043.13,27241.38,3499.24,70.56,42.71
3116605,Cláudio,MG,2025,26.43,16668.31,63069.64,16392.44,275.87,1083.32,26.89
3116704,Coimbra,MG,2025,15.15,1619.17,10686.03,1521.17,98.0,32.39,15.2
3116803,Coluna,MG,2025,48.77,16996.76,34850.83,16987.15,9.61,20.49,48.8
3116902,Comendador Gomes,MG,2025,21.02,21880.93,104102.81,20392.55,1488.38,153.29,21.05
3117009,Comercinho,MG,2025,61.79,40468.93,65498.49,39745.43,723.5,74.39,61.86
3117108,Conceição da Aparecida,MG,2025,15.45,5446.13,35250.44,5416.56,29.57,41.11,15.47
3117207,Conceição das Pedras,MG,2025,29.92,3058.09,10219.37,3046.56,11.53,0.41,29.93
3117306,Conceição das Alagoas,MG,2025,9.84,13185.86,134026.29,12475.44,710.43,7914.75,10.46
3117405,Conceição de Ipanema,MG,2025,21.57,5477.78,25395.29,5164.36,313.42,77.69,21.64
3117504,Conceição do Mato Dentro,MG,2025,57.27,98502.93,172004.66,79668.27,18834.66,414.22,57.41
3117603,Conceição do Pará,MG,2025,34.72,8690.06,25029.83,8624.84,65.22,227.34,35.04
3117702,Conceição do Rio Verde,MG,2025,20.72,7658.46,36967.04,6872.77,785.69,223.81,20.84
3117801,Conceição dos Ouros,MG,2025,24.32,4383.52,18022.26,4287.73,95.79,18.46,24.35
3117836,Cônego Marinho,MG,2025,95.87,154400.11,161050.97,153920.23,479.87,7.09,95.87
3117876,Confins,MG,2025,34.51,1465.58,4246.25,1444.16,21.42,57.76,34.99
3117900,Congonhal,MG,2025,18.42,3778.61,20513.41,3700.83,77.78,15.43,18.43
3118007,Congonhas,MG,2025,52.44,15946.35,30406.83,10629.39,5316.97,207.06,52.8
3118106,Congonhas do Norte,MG,2025,41.9,16996.21,40567.54,12438.23,4557.98,10.34,41.91
3118205,Conquista,MG,2025,15.89,9824.85,61838.25,9704.97,119.89,1583.46,16.31
3118304,Conselheiro Lafaiete,MG,2025,24.64,9121.48,37022.88,7587.08,1534.39,107.91,24.71
3118403,Conselheiro Pena,MG,2025,24.88,36925.95,148387.27,31116.57,5809.37,1322.5,25.11
3118502,Consolação,MG,2025,15.56,1387.18,8912.86,1351.19,35.99,2.81,15.57
3118601,Contagem,MG,2025,19.55,3807.47,19474.08,3733.96,73.51,326.35,19.88
3118700,Coqueiral,MG,2025,14.96,4431.5,29616.03,4156.06,275.44,516.6,15.23
3118809,Coração de Jesus,MG,2025,51.97,115638.3,222526.09,114943.07,695.23,96.9,51.99
3118908,Cordisburgo,MG,2025,37.96,31262.06,82364.16,27577.12,3684.94,378.31,38.13
3119005,Cordislândia,MG,2025,15.64,2808.71,17953.98,2607.74,200.97,200.7,15.82
3119104,Corinto,MG,2025,38.97,98411.5,252541.31,73929.33,24482.17,1501.05,39.2
3119203,Coroaci,MG,2025,38.99,22467.79,57624.77,22065.65,402.14,41.98,39.02
3119302,Coromandel,MG,2025,36.9,122255.9,331333.16,107476.62,14779.28,1546.62,37.07
3119401,Coronel Fabriciano,MG,2025,45.79,10130.65,22124.09,9822.51,308.15,77.97,45.95
3119500,Coronel Murta,MG,2025,65.61,53496.35,81539.36,53389.29,107.05,555.36,66.06
3119609,Coronel Pacheco,MG,2025,22.12,2909.06,13153.19,2689.43,219.63,8.66,22.13
3119708,Coronel Xavier Chaves,MG,2025,36.35,5123.14,14095.19,2761.23,2361.91,14.21,36.38
3119807,Córrego Danta,MG,2025,39.37,25885.56,65745.01,25063.39,822.17,91.32,39.43
3119906,Córrego do Bom Jesus,MG,2025,17.77,2197.4,12364.26,2168.22,29.19,2.81,17.78
3119955,Córrego Fundo,MG,2025,21.32,2155.41,10112.14,2025.8,129.61,25.93,21.37
3120003,Córrego Novo,MG,2025,26.23,5386.47,20537.75,5188.99,197.48,463.87,26.83
3120102,Couto de Magalhães de Minas,MG,2025,62.78,30491.38,48568.13,24847.94,5643.44,27.84,62.82
3120151,Crisólita,MG,2025,26.82,25913.17,96620.18,25613.86,299.31,51.12,26.83
3120201,Cristais,MG,2025,14.88,9354.07,62845.02,8843.78,510.28,8568.78,17.23
3120300,Cristália,MG,2025,78.46,65960.5,84071.36,65519.19,441.32,3631.86,82.0
3120409,Cristiano Otoni,MG,2025,14.62,1942.29,13288.04,1783.7,158.59,11.97,14.63
3120508,Cristina,MG,2025,27.01,8409.05,31134.44,8392.38,16.67,5.31,27.01
3120607,Crucilândia,MG,2025,10.06,1681.86,16717.1,1655.59,26.27,13.01,10.07
3120706,Cruzeiro da Fortaleza,MG,2025,14.41,2701.39,18744.08,2678.44,22.95,18.8,14.43
3120805,Cruzília,MG,2025,28.28,14773.63,52239.3,9865.23,4908.41,30.12,28.3
3120839,Cuparaque,MG,2025,20.31,4606.66,22676.73,3504.05,1102.61,4.23,20.32
3120870,Curral de Dentro,MG,2025,55.29,31567.48,57095.67,31216.74,350.74,352.91,55.63
3120904,Curvelo,MG,2025,29.91,98582.4,329621.79,74556.16,24026.24,2676.93,30.15
3121001,Datas,MG,2025,38.62,11976.75,31011.58,6020.87,5955.88,49.51,38.68
3121100,Delfim Moreira,MG,2025,56.31,23000.46,40847.22,21514.72,1485.73,12.24,56.33
3121209,Delfinópolis,MG,2025,35.67,49172.29,137841.76,33831.51,15340.78,12694.18,39.29
3121258,Delta,MG,2025,8.37,860.67,10278.31,701.21,159.46,250.84,8.58
3121308,Descoberto,MG,2025,28.03,5975.21,21316.27,5761.53,213.68,150.6,28.23
3121407,Desterro de Entre Rios,MG,2025,22.91,8641.91,37716.77,5953.41,2688.5,8.63,22.92
3121506,Desterro do Melo,MG,2025,22.7,3229.28,14226.76,3097.73,131.55,1.25,22.7
3121605,Diamantina,MG,2025,56.44,219650.53,389164.62,164394.43,55256.1,1293.59,56.63
3121704,Diogo de Vasconcelos,MG,2025,38.45,6348.77,16511.69,6216.57,132.21,34.31,38.53
3121803,Dionísio,MG,2025,42.24,14337.78,33939.73,14260.29,77.48,1385.09,44.04
3121902,Divinésia,MG,2025,19.97,2335.92,11697.97,2229.82,106.1,20.32,20.0
3122009,Divino,MG,2025,20.88,7050.99,33777.19,6061.95,989.04,22.21,20.89
3122108,Divino das Laranjeiras,MG,2025,20.87,7143.09,34225.07,6942.93,200.16,15.09,20.88
3122207,Divinolândia de Minas,MG,2025,39.14,5211.41,13313.42,5175.13,36.28,4.92,39.16
3122306,Divinópolis,MG,2025,23.67,16762.77,70810.96,16445.56,317.21,657.09,23.89
3122355,Divisa Alegre,MG,2025,74.91,8823.58,11779.17,8817.38,6.2,5.0,74.94
3122405,Divisa Nova,MG,2025,14.56,3159.61,21696.1,3072.18,87.43,29.92,14.58
3122454,Divisópolis,MG,2025,60.54,34687.99,57293.08,34679.12,8.87,15.59,60.56
3122470,Dom Bosco,MG,2025,29.24,23900.35,81737.89,22276.65,1623.71,282.99,29.34
3122504,Dom Cavati,MG,2025,11.65,693.8,5954.14,626.74,67.06,17.99,11.69
3122603,Dom Joaquim,MG,2025,60.76,24231.4,39880.74,24214.31,17.09,48.19,60.83
3122702,Dom Silvério,MG,2025,27.37,5336.01,19496.4,4951.12,384.89,2.94,27.37
3122801,Dom Viçoso,MG,2025,28.53,3250.04,11392.5,3242.74,7.3,0.66,28.53
3122900,Dona Euzébia,MG,2025,31.07,2181.64,7022.36,2139.26,42.38,94.68,31.49
3123007,Dores de Campos,MG,2025,32.14,4013.7,12486.33,2631.49,1382.21,4.09,32.16
3123106,Dores de Guanhães,MG,2025,43.67,16685.75,38210.67,16603.07,82.67,711.05,44.5
3123205,Dores do Indaiá,MG,2025,15.39,17106.53,111118.65,16144.2,962.32,593.27,15.48
3123304,Dores do Turvo,MG,2025,20.43,4722.39,23116.91,4537.1,185.29,25.57,20.45
3123403,Doresópolis,MG,2025,21.12,3230.3,15291.66,3163.11,67.18,138.41,21.32
3123502,Douradoquara,MG,2025,21.63,6766.71,31287.87,6130.86,635.85,4056.33,24.85
3123528,Durandé,MG,2025,23.86,5187.32,21742.14,5067.02,120.3,9.5,23.87
3123601,Elói Mendes,MG,2025,9.23,4608.43,49954.14,4271.41,337.02,1810.41,9.57
3123700,Engenheiro Caldas,MG,2025,7.9,1477.57,18704.49,1438.15,39.41,37.3,7.92
3123809,Engenheiro Navarro,MG,2025,32.52,19779.44,60830.52,18815.16,964.28,44.09,32.54
3123858,Entre Folhas,MG,2025,16.53,1411.41,8539.47,1398.17,13.24,11.8,16.55
3123908,Entre Rios de Minas,MG,2025,27.35,12495.64,45682.5,9746.98,2748.66,91.65,27.41
3124005,Ervália,MG,2025,23.04,8236.46,35748.54,7118.22,1118.24,41.84,23.07
3124104,Esmeraldas,MG,2025,34.98,31824.22,90974.35,29586.23,2237.99,783.97,35.29
3124203,Espera Feliz,MG,2025,23.54,7476.08,31763.89,6928.76,547.32,10.14,23.54
3124302,Espinosa,MG,2025,60.46,112997.26,186895.25,112487.74,509.53,626.33,60.66
3124401,Espírito Santo do Dourado,MG,2025,24.3,6411.64,26386.71,5493.64,918.0,36.55,24.33
3124500,Estiva,MG,2025,17.08,4164.94,24386.46,4087.96,76.98,47.27,17.11
3124609,Estrela Dalva,MG,2025,19.1,2509.05,13138.22,2447.38,61.67,114.45,19.27
3124708,Estrela do Indaiá,MG,2025,22.88,14553.25,63598.42,13876.45,676.8,209.58,22.96
3124807,Estrela do Sul,MG,2025,14.95,12299.34,82243.36,9069.28,3230.07,324.34,15.01
3124906,Eugenópolis,MG,2025,25.46,7877.84,30937.52,7599.43,278.41,66.27,25.52
3125002,Ewbank da Câmara,MG,2025,32.81,3406.39,10381.69,2819.31,587.08,491.29,34.44
3125101,Extrema,MG,2025,29.36,7180.78,24456.39,7046.72,134.06,20.64,29.39
3125200,Fama,MG,2025,8.78,755.31,8603.25,709.55,45.75,1537.52,10.69
3125309,Faria Lemos,MG,2025,26.33,4350.53,16521.56,4200.24,150.29,28.13,26.38
3125408,Felício dos Santos,MG,2025,73.33,26223.73,35762.02,25122.33,1101.4,11.32,73.35
3125507,São Gonçalo do Rio Preto,MG,2025,63.76,20049.72,31444.73,18945.8,1103.92,10.38,63.78
3125606,Felisburgo,MG,2025,50.22,29944.04,59622.43,29630.93,313.11,21.7,50.24
3125705,Felixlândia,MG,2025,35.98,55938.8,155461.27,47829.7,8109.11,12364.11,39.09
3125804,Fernandes Tourinho,MG,2025,4.47,678.65,15186.99,632.2,46.45,530.44,4.63
3125903,Ferros,MG,2025,48.62,52939.74,108880.78,52455.59,484.15,859.78,49.01
3125952,Fervedouro,MG,2025,27.52,9845.0,35769.51,8754.73,1090.27,30.08,27.55
3126000,Florestal,MG,2025,34.58,6715.51,19422.6,6700.85,14.65,224.95,34.98
3126109,Formiga,MG,2025,19.45,29217.8,150190.43,26418.82,2798.98,14509.36,21.53
3126208,Formoso,MG,2025,74.55,274784.21,368599.27,213309.78,61474.43,637.89,74.68
3126307,Fortaleza de Minas,MG,2025,26.42,5779.59,21878.88,4401.77,1377.82,29.79,26.45
3126406,Fortuna de Minas,MG,2025,32.27,6409.6,19865.22,6124.96,284.64,258.26,32.69
3126505,Francisco Badaró,MG,2025,48.52,22391.97,46147.07,22389.83,2.14,183.26,48.72
3126604,Francisco Dumont,MG,2025,49.91,78664.07,157612.26,60436.35,18227.72,162.13,49.96
3126703,Francisco Sá,MG,2025,45.93,126168.85,274727.25,121554.01,4614.84,474.08,46.0
3126752,Franciscópolis,MG,2025,41.0,29403.06,71709.28,29392.08,10.98,175.2,41.1
3126802,Frei Gaspar,MG,2025,38.63,24207.52,62667.98,24057.32,150.2,33.43,38.65
3126901,Frei Inocêncio,MG,2025,18.39,8633.15,46953.47,8006.84,626.3,221.07,18.47
3126950,Frei Lagonegro,MG,2025,43.48,7281.81,16746.54,7281.81,0.0,6.55,43.5
3127008,Fronteira,MG,2025,9.39,1877.47,19998.54,1258.24,619.23,3004.81,11.05
3127057,Fronteira dos Vales,MG,2025,43.72,14022.92,32075.42,13698.8,324.12,5.57,43.73
3127073,Fruta de Leite,MG,2025,88.81,67746.3,76283.26,67266.73,479.57,35.5,88.85
3127107,Frutal,MG,2025,8.55,20754.66,242697.09,18120.61,2634.05,14459.72,9.09
3127206,Funilândia,MG,2025,36.13,7219.2,19978.86,6812.96,406.25,117.07,36.35
3127305,Galiléia,MG,2025,26.52,19101.69,72028.74,18270.64,831.05,657.59,26.76
3127339,Gameleiras,MG,2025,55.37,95962.48,173318.46,95592.11,370.37,69.84,55.39
3127354,Glaucilândia,MG,2025,14.92,2176.0,14587.82,2176.0,0.0,28.44,14.95
3127370,Goiabeira,MG,2025,22.97,2583.14,11243.75,2311.08,272.06,1.44,22.98
3127388,Goianá,MG,2025,17.67,2686.11,15202.29,2529.56,156.56,93.55,17.78
3127404,Gonçalves,MG,2025,39.27,7358.15,18734.99,7222.45,135.7,7.94,39.29
3127503,Gonzaga,MG,2025,39.92,8358.26,20936.03,8323.11,35.15,38.11,40.0
3127602,Gouveia,MG,2025,39.59,34304.06,86658.6,19963.39,14340.67,183.09,39.67
3127701,Governador Valadares,MG,2025,21.56,50509.37,234238.99,49393.93,1115.44,3209.97,21.86
3127800,Grão Mogol,MG,2025,71.81,279008.42,388526.68,268971.01,10037.4,1949.31,72.17
3127909,Grupiara,MG,2025,9.53,1841.33,19315.03,1836.75,4.59,6627.99,14.51
3128006,Guanhães,MG,2025,42.33,45513.89,107517.17,45051.37,462.53,338.28,42.47
3128105,Guapé,MG,2025,30.66,28650.58,93433.9,23374.04,5276.54,18804.63,38.39
3128204,Guaraciaba,MG,2025,39.79,13869.0,34854.32,13407.41,461.6,566.44,40.45
3128253,Guaraciama,MG,2025,44.29,17285.71,39025.66,13720.41,3565.3,29.87,44.33
3128303,Guaranésia,MG,2025,18.1,5337.84,29483.95,5313.14,24.69,113.31,18.17
3128402,Guarani,MG,2025,18.79,4965.34,26421.45,4766.76,198.58,557.76,19.2
3128501,Guarará,MG,2025,20.7,1834.82,8864.94,1694.82,140.0,15.81,20.73
3128600,Guarda-Mor,MG,2025,36.88,76285.96,206876.34,67535.84,8750.11,314.08,36.93
3128709,Guaxupé,MG,2025,23.53,6739.62,28640.86,6733.44,6.18,90.03,23.61
3128808,Guidoval,MG,2025,15.2,2407.26,15837.69,2131.2,276.06,50.03,15.25
3128907,Guimarânia,MG,2025,21.14,7753.93,36678.81,7003.71,750.22,14.57,21.15
3129004,Guiricema,MG,2025,13.6,3993.25,29357.15,3490.33,502.92,53.59,13.63
3129103,Gurinhatã,MG,2025,20.74,38350.17,184917.54,35365.65,2984.53,830.93,20.83
3129202,Heliodora,MG,2025,23.73,3653.42,15394.94,3567.58,85.84,11.21,23.75
3129301,Iapu,MG,2025,15.76,5374.03,34098.06,5136.78,237.25,523.62,16.01
3129400,Ibertioga,MG,2025,32.81,11361.05,34624.46,6865.35,4495.7,8.92,32.82
3129509,Ibiá,MG,2025,34.01,91961.42,270410.9,84324.29,7637.13,702.95,34.1
3129608,Ibiaí,MG,2025,42.63,37287.74,87475.64,37264.78,22.96,1025.52,43.13
3129657,Ibiracatu,MG,2025,71.76,25347.95,35322.79,25339.94,8.01,8.79,71.78
3129707,Ibiraci,MG,2025,29.71,16699.31,56209.02,14892.14,1807.17,2921.37,31.34
3129806,Ibirité,MG,2025,37.07,2683.24,7238.5,1688.19,995.05,14.97,37.15
3129905,Ibitiúra de Minas,MG,2025,19.52,1333.31,6830.75,1322.1,11.21,8.96,19.54
3130002,Ibituruna,MG,2025,23.76,3637.59,15308.61,3472.22,165.37,560.05,24.66
3130051,Icaraí de Minas,MG,2025,28.64,17917.68,62569.3,17843.77,73.92,888.71,29.05
3130101,Igarapé,MG,2025,30.21,3352.87,11100.34,2929.51,423.36,143.94,30.6
3130200,Igaratinga,MG,2025,16.95,3701.16,21835.01,3655.13,46.03,92.67,17.02
3130309,Iguatama,MG,2025,17.7,11116.28,62820.85,9661.48,1454.8,685.83,17.89
3130408,Ijaci,MG,2025,19.25,2025.69,10525.04,1288.69,737.0,1172.57,21.66
3130507,Ilicínea,MG,2025,40.85,15374.89,37633.79,13127.61,2247.28,20.24,40.88
3130556,Imbé de Minas,MG,2025,14.29,2811.38,19674.6,2738.33,73.05,18.97,14.3
3130606,Inconfidentes,MG,2025,16.8,2514.14,14960.95,2505.2,8.95,11.1,16.82
3130655,Indaiabira,MG,2025,74.18,74487.54,100412.19,74170.5,317.04,144.51,74.29
3130705,Indianópolis,MG,2025,19.21,15948.3,82999.71,12452.19,3496.11,2170.09,19.73
3130804,Ingaí,MG,2025,34.02,10397.27,30561.9,5972.96,4424.3,11.34,34.03
3130903,Inhapim,MG,2025,18.41,15799.52,85804.63,14219.3,1580.22,265.24,18.47
3131000,Inhaúma,MG,2025,24.52,6007.65,24500.1,5730.77,276.87,238.2,24.76
3131109,Inimutaba,MG,2025,27.28,14377.3,52703.92,11293.83,3083.47,323.79,27.45
3131158,Ipaba,MG,2025,31.98,3622.35,11326.88,3590.77,31.58,271.17,32.76
3131208,Ipanema,MG,2025,25.19,11503.94,45665.98,11159.78,344.16,348.62,25.39
3131307,Ipatinga,MG,2025,35.32,5823.99,16489.46,5651.24,172.75,136.81,35.61
3131406,Ipiaçu,MG,2025,8.11,3778.48,46603.31,3778.48,0.0,5566.54,9.21
3131505,Ipuiúna,MG,2025,21.81,6502.59,29820.26,5371.0,1131.59,74.98,21.86
3131604,Iraí de Minas,MG,2025,18.94,6748.36,35625.44,6151.26,597.1,5061.37,22.08
3131703,Itabira,MG,2025,44.11,55335.47,125459.76,51615.06,3720.41,622.0,44.33
3131802,Itabirinha,MG,2025,15.54,3249.42,20906.71,2458.68,790.74,11.12,15.55
3131901,Itabirito,MG,2025,72.41,39394.8,54402.69,21051.16,18343.63,342.96,72.87
3132008,Itacambira,MG,2025,64.33,115053.45,178844.68,95064.06,19989.39,313.37,64.44
3132107,Itacarambi,MG,2025,71.17,87205.86,122527.0,87159.44,46.42,1952.27,72.33
3132206,Itaguara,MG,2025,25.68,10542.4,41048.66,9974.36,568.04,86.97,25.74
3132305,Itaipé,MG,2025,51.11,24576.37,48082.78,24395.26,181.12,65.6,51.18
3132404,Itajubá,MG,2025,25.57,7539.23,29482.1,7412.65,126.58,23.77,25.59
3132503,Itamarandiba,MG,2025,56.06,153355.67,273554.6,149924.37,3431.3,95.67,56.08
3132602,Itamarati de Minas,MG,2025,33.31,3150.29,9456.99,3076.59,73.7,179.8,33.96
3132701,Itambacuri,MG,2025,32.88,46668.35,141920.3,45154.08,1514.26,327.8,32.96
3132800,Itambé do Mato Dentro,MG,2025,50.58,19239.3,38034.24,12979.8,6259.5,9.29,50.6
3132909,Itamogi,MG,2025,19.01,4632.22,24371.5,4574.24,57.99,38.94,19.04
3133006,Itamonte,MG,2025,68.29,29486.26,43179.0,24069.01,5417.25,6.71,68.3
3133105,Itanhandu,MG,2025,29.27,4195.34,14335.6,3974.33,221.01,2.98,29.27
3133204,Itanhomi,MG,2025,12.24,5983.83,48886.13,5668.86,314.98,221.94,12.3
3133303,Itaobim,MG,2025,61.4,41691.07,67902.61,41548.3,142.77,802.88,62.13
3133402,Itapagipe,MG,2025,8.3,14955.25,180246.98,12533.84,2421.41,6578.43,8.61
3133501,Itapecerica,MG,2025,26.57,27643.62,104049.14,26046.32,1597.3,164.42,26.61
3133600,Itapeva,MG,2025,22.75,4033.44,17729.03,3982.88,50.56,17.02,22.77
3133709,Itatiaiuçu,MG,2025,38.99,11475.43,29432.42,9431.55,2043.88,41.17,39.04
3133758,Itaú de Minas,MG,2025,27.67,4245.23,15342.35,4242.97,2.26,56.36,27.77
3133808,Itaúna,MG,2025,24.34,12068.86,49576.46,11649.14,419.72,494.87,24.59
3133907,Itaverava,MG,2025,35.21,10007.92,28423.56,9977.6,30.32,11.81,35.22
3134004,Itinga,MG,2025,65.75,108459.76,164961.77,108188.85,270.91,913.39,66.11
3134103,Itueta,MG,2025,27.69,12531.21,45263.18,11845.38,685.83,1454.33,28.6
3134202,Ituiutaba,MG,2025,19.78,51391.8,259802.45,48169.98,3221.82,2056.04,19.94
3134301,Itumirim,MG,2025,30.8,7232.07,23480.43,3068.79,4163.28,851.35,31.96
3134400,Iturama,MG,2025,7.35,10329.9,140468.6,7444.39,2885.51,11689.21,8.02
3134509,Itutinga,MG,2025,36.41,13546.2,37200.31,4851.91,8694.29,934.16,37.35
3134608,Jaboticatubas,MG,2025,44.59,49718.93,111496.05,38711.21,11007.72,246.44,44.69
3134707,Jacinto,MG,2025,40.76,56810.07,139363.76,53715.0,3095.07,1274.86,41.14
3134806,Jacuí,MG,2025,18.7,7654.83,40925.44,7616.38,38.45,29.6,18.72
3134905,Jacutinga,MG,2025,18.86,6557.61,34764.42,6420.03,137.58,90.92,18.91
3135001,Jaguaraçu,MG,2025,56.75,9291.98,16374.38,9109.99,181.99,91.27,57.07
3135050,Jaíba,MG,2025,44.16,116372.39,263545.72,116363.16,9.24,403.45,44.22
3135076,Jampruca,MG,2025,25.73,13307.78,51710.91,13236.61,71.17,21.49,25.75
3135100,Janaúba,MG,2025,37.08,80879.41,218134.92,80813.33,66.09,1626.14,37.36
3135209,Januária,MG,2025,82.23,547781.48,666160.06,516935.79,30845.69,4008.8,82.73
3135308,Japaraíba,MG,2025,13.73,2363.48,17212.75,2083.34,280.14,63.82,13.78
3135357,Japonvar,MG,2025,63.18,23705.2,37519.01,23666.66,38.54,7.66,63.19
3135407,Jeceaba,MG,2025,21.2,5008.08,23625.81,4514.73,493.35,69.43,21.26
3135456,Jenipapo de Minas,MG,2025,59.18,16833.9,28446.77,16833.9,0.0,137.42,59.46
3135506,Jequeri,MG,2025,24.39,13362.48,54790.16,12322.81,1039.68,168.32,24.46
3135605,Jequitaí,MG,2025,49.04,62206.81,126840.15,59274.07,2932.74,406.49,49.2
3135704,Jequitibá,MG,2025,41.7,18559.49,44503.45,17509.92,1049.57,404.77,42.09
3135803,Jequitinhonha,MG,2025,68.41,240417.44,351417.62,237655.66,2761.78,3013.1,69.01
3135902,Jesuânia,MG,2025,20.88,3213.4,15386.97,3150.28,63.12,3.07,20.89
3136009,Joaíma,MG,2025,53.46,88966.03,166420.31,88552.08,413.96,45.94,53.47
3136108,Joanésia,MG,2025,28.1,6554.47,23329.14,6523.43,31.04,374.78,28.55
3136207,João Monlevade,MG,2025,50.55,4965.37,9822.22,4676.24,289.13,33.94,50.73
3136306,João Pinheiro,MG,2025,48.58,521142.02,1072704.31,422812.45,98329.58,4598.39,48.79
3136405,Joaquim Felício,MG,2025,50.18,39688.9,79094.4,30880.13,8808.78,49.84,50.21
3136504,Jordânia,MG,2025,30.82,16848.27,54673.12,16793.53,54.74,31.92,30.83
3136520,José Gonçalves de Minas,MG,2025,63.21,24103.41,38132.08,24085.51,17.9,2067.84,66.83
3136553,José Raydan,MG,2025,32.44,5864.19,18078.83,5864.19,0.0,20.32,32.47
3136579,Josenópolis,MG,2025,64.38,34856.55,54138.53,34798.7,57.85,37.14,64.43
3136603,Nova União,MG,2025,40.34,6943.43,17211.54,6073.59,869.84,19.22,40.39
3136652,Juatuba,MG,2025,32.82,3184.74,9702.55,2740.99,443.75,285.79,33.82
3136702,Juiz de Fora,MG,2025,34.98,50228.49,143574.29,42381.0,7847.48,800.42,35.18
3136801,Juramento,MG,2025,35.7,15408.22,43162.47,13791.72,1616.5,412.15,36.04
3136900,Juruaia,MG,2025,20.18,4445.92,22035.0,4445.92,0.0,9.43,20.19
3136959,Juvenília,MG,2025,65.4,69632.79,106472.15,69632.79,0.0,419.19,65.66
3137007,Ladainha,MG,2025,62.79,54397.85,86630.16,54363.13,34.72,109.54,62.87
3137106,Lagamar,MG,2025,44.78,66032.13,147454.2,58128.95,7903.18,233.53,44.85
3137205,Lagoa da Prata,MG,2025,17.19,7564.04,44001.34,7096.78,467.26,648.71,17.45
3137304,Lagoa dos Patos,MG,2025,43.11,25888.23,60057.76,25516.11,372.12,231.39,43.27
3137403,Lagoa Dourada,MG,2025,24.41,11636.32,47669.13,9622.13,2014.19,33.3,24.43
3137502,Lagoa Formosa,MG,2025,14.32,12042.61,84092.12,11770.72,271.9,204.95,14.36
3137536,Lagoa Grande,MG,2025,27.11,33511.41,123634.04,26721.01,6790.4,648.9,27.25
3137601,Lagoa Santa,MG,2025,40.42,9287.2,22976.38,9175.39,111.81,413.39,41.16
3137700,Lajinha,MG,2025,25.95,11207.0,43191.89,9831.47,1375.53,24.97,25.96
3137809,Lambari,MG,2025,22.72,4841.85,21310.25,4802.97,38.88,77.82,22.8
3137908,Lamim,MG,2025,30.34,3598.9,11860.75,3597.81,1.09,5.61,30.36
3138005,Laranjal,MG,2025,18.13,3714.1,20488.53,3635.43,78.67,476.95,18.56
3138104,Lassance,MG,2025,49.61,158964.97,320419.14,104088.08,54876.89,1491.31,49.84
3138203,Lavras,MG,2025,18.58,10491.71,56473.35,7171.56,3320.15,730.52,18.82
3138302,Leandro Ferreira,MG,2025,32.12,11306.32,35201.89,11140.61,165.71,304.99,32.4
3138351,Leme do Prado,MG,2025,75.29,21084.6,28005.1,21077.58,7.01,622.81,77.0
3138401,Leopoldina,MG,2025,24.92,23503.94,94308.34,22882.68,621.27,802.83,25.14
3138500,Liberdade,MG,2025,51.26,20571.72,40131.95,13784.98,6786.74,16.36,51.28
3138609,Lima Duarte,MG,2025,52.96,44940.64,84856.09,28852.06,16088.58,32.77,52.98
3138625,Limeira do Oeste,MG,2025,11.22,14777.16,131713.88,12800.32,1976.83,3693.0,11.54
3138658,Lontra,MG,2025,65.53,16967.79,25894.99,16943.27,24.53,10.76,65.55
3138674,Luisburgo,MG,2025,26.35,3832.83,14543.32,3562.68,270.15,4.61,26.36
3138682,Luislândia,MG,2025,52.24,21508.59,41173.42,21491.75,16.84,17.53,52.26
3138708,Luminárias,MG,2025,40.88,20444.73,50015.79,10251.99,10192.75,22.99,40.9
3138807,Luz,MG,2025,14.22,16658.25,117160.72,14934.19,1724.07,887.0,14.33
3138906,Machacalis,MG,2025,12.75,4235.95,33235.12,4062.78,173.18,11.04,12.75
3139003,Machado,MG,2025,17.62,10326.12,58598.75,10151.92,174.2,432.62,17.75
3139102,Madre de Deus de Minas,MG,2025,35.0,17253.53,49290.16,7391.42,9862.12,1444.51,36.06
3139201,Malacacheta,MG,2025,51.83,37729.17,72788.08,37726.27,2.9,189.83,51.97
3139250,Mamonas,MG,2025,38.34,10902.8,28439.03,10775.69,127.11,8.12,38.35
3139300,Manga,MG,2025,70.52,137522.1,195019.82,137522.1,0.0,2469.09,71.42
3139409,Manhuaçu,MG,2025,27.31,17160.53,62830.41,15631.93,1528.6,73.43,27.34
3139508,Manhumirim,MG,2025,30.9,5651.85,18289.37,5469.43,182.41,4.79,30.91
3139607,Mantena,MG,2025,19.62,13442.97,68521.69,10887.02,2555.95,70.97,19.64
3139706,Maravilhas,MG,2025,23.11,6045.96,26160.94,5967.81,78.15,136.64,23.23
3139805,Mar de Espanha,MG,2025,31.33,11640.97,37161.35,10975.78,665.19,85.27,31.4
3139904,Maria da Fé,MG,2025,30.04,6094.61,20289.38,6088.65,5.97,2.24,30.04
3140001,Mariana,MG,2025,63.82,76216.84,119418.75,70233.59,5983.26,444.51,64.06
3140100,Marilac,MG,2025,20.54,3262.99,15883.27,3080.83,182.16,274.93,20.91
3140159,Mário Campos,MG,2025,43.53,1531.71,3518.9,1265.22,266.48,34.48,43.96
3140209,Maripá de Minas,MG,2025,24.02,1857.69,7734.49,1792.53,65.16,24.71,24.1
3140308,Marliéria,MG,2025,73.68,40216.71,54579.74,40073.25,143.46,2117.16,76.66
3140407,Marmelópolis,MG,2025,42.29,4563.41,10790.01,4316.03,247.38,0.0,42.29
3140506,Martinho Campos,MG,2025,22.38,23682.4,105842.93,22775.55,906.85,1272.94,22.65
3140530,Martins Soares,MG,2025,20.08,2274.74,11327.58,2182.58,92.15,9.07,20.1
3140555,Mata Verde,MG,2025,38.85,8839.4,22751.86,8839.4,0.0,2.33,38.86
3140605,Materlândia,MG,2025,60.7,17026.8,28052.25,17022.56,4.24,10.1,60.72
3140704,Mateus Leme,MG,2025,37.79,11416.66,30213.37,10796.94,619.72,511.28,38.44
3140803,Matias Barbosa,MG,2025,37.7,5920.93,15706.62,5694.77,226.16,114.36,37.97
3140852,Matias Cardoso,MG,2025,62.15,120617.32,194059.39,120609.2,8.13,2154.29,62.85
3140902,Matipó,MG,2025,17.5,4673.33,26698.9,4391.37,281.97,64.84,17.55
3141009,Mato Verde,MG,2025,36.3,17140.91,47226.47,16970.01,170.9,36.06,36.32
3141108,Matozinhos,MG,2025,31.97,8071.5,25244.58,7943.92,127.59,203.4,32.23
3141207,Matutina,MG,2025,25.91,6760.45,26095.23,6717.41,43.04,4.99,25.91
3141306,Medeiros,MG,2025,30.04,28432.75,94643.6,22864.05,5568.7,53.58,30.06
3141405,Medina,MG,2025,65.18,93591.83,143588.81,91591.4,2000.43,298.1,65.32
3141504,Mendes Pimentel,MG,2025,11.16,3409.32,30548.49,3019.96,389.36,20.95,11.17
3141603,Mercês,MG,2025,24.2,8429.52,34826.17,8090.1,339.41,74.46,24.26
3141702,Mesquita,MG,2025,33.27,9147.65,27495.89,9046.16,101.5,150.53,33.45
3141801,Minas Novas,MG,2025,63.71,115459.97,181239.09,115195.74,264.24,147.04,63.76
3141900,Minduri,MG,2025,44.1,9691.72,21975.74,7196.26,2495.46,25.96,44.15
3142007,Mirabela,MG,2025,58.65,42423.4,72329.08,42370.05,53.35,21.22,58.67
3142106,Miradouro,MG,2025,23.12,6974.12,30164.59,6331.92,642.2,66.76,23.17
3142205,Miraí,MG,2025,19.67,6309.23,32069.74,5982.21,327.02,151.12,19.77
3142254,Miravânia,MG,2025,83.38,50205.85,60211.27,50189.41,16.44,1.9,83.39
3142304,Moeda,MG,2025,46.49,7211.46,15512.06,4693.38,2518.08,52.22,46.65
3142403,Moema,MG,2025,18.79,3808.78,20270.42,3247.21,561.57,421.87,19.19
3142502,Monjolos,MG,2025,34.17,22245.29,65092.79,15778.6,6466.69,93.47,34.22
3142601,Monsenhor Paulo,MG,2025,12.95,2805.11,21654.91,2692.05,113.05,52.0,12.98
3142700,Montalvânia,MG,2025,71.65,107737.92,150373.06,107500.38,237.54,34.75,71.66
3142809,Monte Alegre de Minas,MG,2025,17.47,45352.99,259598.8,36193.89,9159.1,606.6,17.51
3142908,Monte Azul,MG,2025,42.39,42447.28,100130.21,41887.81,559.47,60.44,42.42
3143005,Monte Belo,MG,2025,13.99,5895.4,42126.63,5843.42,51.97,66.24,14.02
3143104,Monte Carmelo,MG,2025,20.09,26987.83,134306.39,23860.41,3127.42,1238.02,20.28
3143153,Monte Formoso,MG,2025,51.69,19930.1,38553.92,19837.85,92.25,29.55,51.73
3143203,Monte Santo de Minas,MG,2025,20.03,11907.23,59461.03,11737.67,169.56,146.03,20.07
3143302,Montes Claros,MG,2025,50.15,180017.69,358978.18,171065.61,8952.09,330.92,50.19
3143401,Monte Sião,MG,2025,13.51,3940.2,29160.35,3817.67,122.53,161.47,13.59
3143450,Montezuma,MG,2025,76.11,86035.54,113038.51,85627.65,407.89,75.55,76.16
3143500,Morada Nova de Minas,MG,2025,27.93,58220.06,208426.82,44617.1,13602.96,44309.63,35.47
3143609,Morro da Garça,MG,2025,23.51,9749.46,41476.56,8806.21,943.26,46.15,23.53
3143708,Morro do Pilar,MG,2025,58.13,27762.47,47757.37,23972.4,3790.07,29.17,58.17
3143807,Munhoz,MG,2025,23.62,4526.11,19159.89,3938.52,587.59,84.74,23.73
3143906,Muriaé,MG,2025,20.42,17191.49,84171.52,16413.77,777.73,470.68,20.54
3144003,Mutum,MG,2025,23.7,29648.34,125079.88,24829.1,4819.24,210.83,23.74
3144102,Muzambinho,MG,2025,13.45,5514.4,40994.26,5514.4,0.0,52.88,13.47
3144201,Nacip Raydan,MG,2025,35.01,8174.67,23350.97,8090.2,84.47,91.05,35.14
3144300,Nanuque,MG,2025,5.4,8200.36,151815.74,6893.06,1307.3,767.46,5.43
3144359,Naque,MG,2025,23.73,3017.82,12717.93,2951.52,66.29,216.26,24.14
3144375,Natalândia,MG,2025,41.79,19583.5,46864.95,18841.56,741.93,195.63,41.96
3144409,Natércia,MG,2025,22.66,4276.28,18872.93,4230.39,45.89,1.91,22.66
3144508,Nazareno,MG,2025,23.22,7926.78,34144.72,5858.25,2068.53,866.57,23.82
3144607,Nepomuceno,MG,2025,16.21,9441.42,58253.7,9139.4,302.02,1937.19,16.76
3144656,Ninheira,MG,2025,57.29,63492.25,110826.56,63492.25,0.0,1203.97,57.92
3144672,Nova Belém,MG,2025,22.99,3373.93,14677.74,2944.62,429.31,14.01,23.01
3144706,Nova Era,MG,2025,47.72,17267.86,36183.7,16875.26,392.6,306.35,48.13
3144805,Nova Lima,MG,2025,73.69,31637.92,42931.74,17045.19,14592.73,586.71,74.71
3144904,Nova Módica,MG,2025,14.4,5413.44,37594.95,5397.23,16.21,14.86,14.41
3145000,Nova Ponte,MG,2025,17.68,19642.98,111107.85,12742.87,6900.11,4914.47,18.5
3145059,Nova Porteirinha,MG,2025,33.75,4082.59,12095.31,4079.74,2.84,21.63,33.81
3145109,Nova Resende,MG,2025,16.38,6391.0,39015.96,6341.45,49.54,47.53,16.4
3145208,Nova Serrana,MG,2025,26.86,7589.01,28249.3,7540.92,48.09,166.75,27.02
3145307,Novo Cruzeiro,MG,2025,68.3,116308.58,170294.31,115999.28,309.3,141.42,68.36
3145356,Novo Oriente de Minas,MG,2025,50.02,37775.45,75515.46,37378.1,397.34,50.94,50.06
3145372,Novorizonte,MG,2025,70.31,19095.31,27157.87,19074.67,20.65,90.9,70.55
3145406,Olaria,MG,2025,57.02,10163.35,17822.79,8113.59,2049.76,0.25,57.03
3145455,Olhos-d'Água,MG,2025,58.14,121621.73,209200.74,99259.0,22362.74,594.05,58.3
3145505,Olímpio Noronha,MG,2025,26.56,1450.87,5462.95,1439.09,11.79,5.31,26.58
3145604,Oliveira,MG,2025,26.8,24043.89,89728.19,15692.31,8351.57,310.59,26.89
3145703,Oliveira Fortes,MG,2025,22.74,2527.04,11114.32,2432.45,94.59,5.01,22.75
3145802,Onça de Pitangui,MG,2025,43.74,10804.6,24699.05,10252.79,551.81,34.97,43.81
3145851,Oratórios,MG,2025,24.13,2149.54,8906.53,2100.04,49.51,2.1,24.14
3145877,Orizânia,MG,2025,21.13,2573.3,12180.7,2215.54,357.76,2.85,21.13
3145901,Ouro Branco,MG,2025,65.08,16838.12,25873.35,11392.3,5445.82,266.3,65.76
3146008,Ouro Fino,MG,2025,19.67,10500.27,53371.99,10391.62,108.65,153.0,19.73
3146107,Ouro Preto,MG,2025,70.73,88125.91,124587.77,59847.75,28278.17,585.6,71.07
3146206,Ouro Verde de Minas,MG,2025,27.15,4764.54,17549.1,3913.62,850.91,8.94,27.16
3146255,Padre Carvalho,MG,2025,72.2,32219.63,44626.14,31981.39,238.24,16.75,72.23
3146305,Padre Paraíso,MG,2025,57.78,31450.26,54435.3,31280.51,169.75,34.91,57.81
3146404,Paineiras,MG,2025,25.66,16353.65,63732.68,15451.79,901.87,3976.18,27.37
3146503,Pains,MG,2025,25.25,10653.63,42186.7,10542.57,111.06,49.86,25.28
3146552,Pai Pedro,MG,2025,41.41,34776.17,83980.57,34759.77,16.39,30.71,41.42
3146602,Paiva,MG,2025,24.6,1437.33,5843.44,1421.06,16.27,1.75,24.6
3146701,Palma,MG,2025,20.82,6589.89,31647.41,6431.93,157.96,351.4,21.06
3146750,Palmópolis,MG,2025,23.62,10232.78,43316.15,9924.52,308.26,7.63,23.63
3146909,Papagaios,MG,2025,22.62,12521.31,55355.32,11760.73,760.58,585.84,22.86
3147006,Paracatu,MG,2025,42.06,346171.69,823102.82,302263.41,43908.29,12918.24,42.73
3147105,Pará de Minas,MG,2025,24.25,13367.49,55125.96,13125.1,242.39,212.66,24.34
3147204,Paraguaçu,MG,2025,11.97,5080.85,42430.65,4869.7,211.15,2241.11,12.64
3147303,Paraisópolis,MG,2025,18.25,6043.49,33124.09,5875.23,168.26,27.87,18.26
3147402,Paraopeba,MG,2025,28.39,17764.78,62563.87,13920.85,3843.93,456.89,28.6
3147501,Passabém,MG,2025,28.57,2690.27,9418.02,2656.06,34.21,0.0,28.57
3147600,Passa Quatro,MG,2025,44.15,12239.64,27723.68,11253.09,986.54,6.04,44.16
3147709,Passa Tempo,MG,2025,26.87,11531.4,42916.39,9521.25,2010.15,122.38,26.95
3147808,Passa Vinte,MG,2025,64.57,15919.27,24655.96,15497.86,421.41,9.12,64.59
3147907,Passos,MG,2025,17.94,24009.24,133806.43,23449.42,559.82,4557.93,18.58
3147956,Patis,MG,2025,51.67,22953.67,44420.32,22941.98,11.69,24.42,51.7
3148004,Patos de Minas,MG,2025,26.01,82974.81,319047.58,78866.83,4107.97,1199.51,26.11
3148103,Patrocínio,MG,2025,30.02,86296.96,287438.09,78196.94,8100.01,8626.69,30.95
3148202,Patrocínio do Muriaé,MG,2025,16.6,1797.12,10824.95,1753.44,43.68,145.41,16.83
3148301,Paula Cândido,MG,2025,29.81,7998.96,26832.47,7741.69,257.27,42.08,29.86
3148400,Paulistas,MG,2025,42.16,9299.38,22055.98,9294.03,5.35,24.03,42.21
3148509,Pavão,MG,2025,30.67,18437.78,60119.46,18156.96,280.83,417.1,30.88
3148608,Peçanha,MG,2025,42.87,42729.96,99663.61,42417.78,312.17,235.39,42.98
3148707,Pedra Azul,MG,2025,71.77,114447.91,159466.68,112143.31,2304.6,179.71,71.85
3148756,Pedra Bonita,MG,2025,22.58,3927.63,17392.81,3016.46,911.17,4.11,22.59
3148806,Pedra do Anta,MG,2025,20.51,3550.9,17312.26,3345.13,205.78,37.48,20.56
3148905,Pedra do Indaiá,MG,2025,18.08,6289.69,34792.93,5786.23,503.47,19.32,18.09
3149002,Pedra Dourada,MG,2025,32.04,2242.83,6999.94,2163.98,78.85,6.86,32.07
3149101,Pedralva,MG,2025,23.63,5150.01,21796.97,5137.16,12.85,22.38,23.65
3149150,Pedras de Maria da Cruz,MG,2025,61.76,94224.2,152560.97,94224.2,0.0,3348.58,63.15
3149200,Pedrinópolis,MG,2025,22.19,7939.9,35786.69,7880.81,59.09,5384.7,26.12
3149309,Pedro Leopoldo,MG,2025,31.02,9082.25,29281.39,8952.57,129.68,243.55,31.28
3149408,Pedro Teixeira,MG,2025,37.09,4189.8,11296.24,3953.67,236.13,3.91,37.1
3149507,Pequeri,MG,2025,29.89,2713.97,9081.06,2541.77,172.2,29.68,29.98
3149606,Pequi,MG,2025,25.61,5224.74,20397.65,5171.17,53.56,103.67,25.75
3149705,Perdigão,MG,2025,19.84,4946.71,24929.18,4875.84,70.86,82.16,19.91
3149804,Perdizes,MG,2025,28.32,69420.74,245109.34,67912.23,1508.51,10314.96,29.57
3149903,Perdões,MG,2025,12.35,3342.3,27064.59,3246.87,95.42,588.99,12.62
3149952,Periquito,MG,2025,25.15,5756.71,22888.74,5582.52,174.19,903.41,26.18
3150000,Pescador,MG,2025,19.89,6312.61,31745.24,6297.99,14.61,9.6,19.89
3150109,Piau,MG,2025,28.32,5442.51,19219.93,5273.88,168.63,71.91,28.42
3150158,Piedade de Caratinga,MG,2025,20.23,2212.18,10934.53,2108.45,103.73,24.86,20.28
3150208,Piedade de Ponte Nova,MG,2025,12.89,1079.05,8371.53,1061.58,17.47,24.7,12.93
3150307,Piedade do Rio Grande,MG,2025,36.41,11753.96,32278.5,5479.02,6274.94,77.33,36.5
3150406,Piedade dos Gerais,MG,2025,15.28,3966.92,25962.39,3476.93,490.0,37.5,15.3
3150505,Pimenta,MG,2025,27.86,11560.48,41493.43,10087.08,1473.4,3004.23,30.04
3150539,Pingo-d'Água,MG,2025,25.74,1713.91,6658.25,1684.33,29.58,92.27,26.1
3150570,Pintópolis,MG,2025,62.98,77385.52,122874.51,75383.77,2001.75,978.62,63.48
3150604,Piracema,MG,2025,14.48,4059.43,28032.02,4015.73,43.7,23.06,14.49
3150703,Pirajuba,MG,2025,9.72,3286.38,33796.97,2345.41,940.97,39.64,9.74
3150802,Piranga,MG,2025,44.71,29453.74,65879.11,29262.34,191.4,56.72,44.75
3150901,Piranguçu,MG,2025,36.31,7393.64,20362.24,7148.68,244.96,20.92,36.35
3151008,Piranguinho,MG,2025,12.53,1563.39,12479.69,1509.04,54.35,145.99,12.68
3151107,Pirapetinga,MG,2025,14.01,2671.88,19065.45,2551.58,120.3,192.28,14.16
3151206,Pirapora,MG,2025,41.05,22557.7,54949.31,21775.34,782.36,1065.63,41.86
3151305,Piraúba,MG,2025,14.97,2159.41,14428.35,2138.71,20.7,127.17,15.1
3151404,Pitangui,MG,2025,33.6,19140.61,56963.78,18143.67,996.94,183.57,33.71
3151503,Piumhi,MG,2025,20.92,18875.5,90245.49,17007.44,1868.06,285.75,20.98
3151602,Planura,MG,2025,10.42,3309.47,31751.9,2121.63,1187.84,2115.65,11.17
3151701,Poço Fundo,MG,2025,19.57,9282.84,47422.93,9114.59,168.25,127.55,19.63
3151800,Poços de Caldas,MG,2025,22.74,12440.15,54696.98,11939.95,500.2,1456.77,23.37
3151909,Pocrane,MG,2025,21.02,14526.82,69105.93,12607.4,1919.42,623.85,21.21
3152006,Pompéu,MG,2025,28.25,72068.23,255109.52,47234.57,24833.66,9670.18,29.36
3152105,Ponte Nova,MG,2025,25.0,11766.33,47066.8,11494.9,271.43,655.01,25.35
3152131,Ponto Chique,MG,2025,35.5,21397.17,60278.12,21290.47,106.7,1157.62,36.19
3152170,Ponto dos Volantes,MG,2025,61.25,74266.67,121243.63,73827.88,438.79,79.93,61.29
3152204,Porteirinha,MG,2025,45.68,79920.79,174970.4,77743.25,2177.54,1938.15,46.19
3152303,Porto Firme,MG,2025,35.23,10032.89,28480.47,9791.17,241.73,254.9,35.55
3152402,Poté,MG,2025,50.96,31852.88,62509.13,31842.23,10.65,94.86,51.03
3152501,Pouso Alegre,MG,2025,14.72,7991.4,54280.08,7600.13,391.27,540.82,14.87
3152600,Pouso Alto,MG,2025,24.93,6556.59,26304.66,5925.87,630.72,11.28,24.94
3152709,Prados,MG,2025,38.5,10167.35,26408.36,5051.64,5115.71,30.32,38.54
3152808,Prata,MG,2025,19.62,95131.16,484751.55,81558.17,13572.99,751.74,19.66
3152907,Pratápolis,MG,2025,14.76,3181.58,21552.84,3181.58,0.0,26.54,14.78
3153004,Pratinha,MG,2025,40.55,25239.98,62247.65,21589.1,3650.88,9.94,40.55
3153103,Presidente Bernardes,MG,2025,38.39,9089.36,23678.38,8757.46,331.89,214.52,38.74
3153202,Presidente Juscelino,MG,2025,31.38,21835.9,69587.05,20783.96,1051.94,565.07,31.64
3153301,Presidente Kubitschek,MG,2025,46.74,8845.46,18923.15,5222.1,3623.35,1.61,46.75
3153400,Presidente Olegário,MG,2025,47.51,166461.29,350387.13,146755.61,19705.68,1098.1,47.66
3153509,Alto Jequitibá,MG,2025,32.11,4889.14,15226.57,4661.9,227.23,0.25,32.11
3153608,Prudente de Morais,MG,2025,30.18,3747.23,12417.6,3690.94,56.3,76.98,30.37
3153707,Quartel Geral,MG,2025,30.66,17057.63,55638.92,15246.22,1811.41,262.9,30.8
3153806,Queluzito,MG,2025,28.85,4429.93,15356.73,4052.91,377.02,27.3,28.9
3153905,Raposos,MG,2025,87.27,6303.01,7222.33,3325.04,2977.96,29.37,87.63
3154002,Raul Soares,MG,2025,19.06,14547.96,76338.99,13788.7,759.26,426.13,19.16
3154101,Recreio,MG,2025,15.1,3539.04,23430.71,3398.77,140.26,298.15,15.3
3154150,Reduto,MG,2025,23.85,3622.31,15188.89,3450.24,172.08,26.13,23.89
3154200,Resende Costa,MG,2025,32.84,20305.68,61831.47,13584.77,6720.91,31.05,32.86
3154309,Resplendor,MG,2025,21.21,22947.43,108180.89,21996.38,951.05,1179.32,21.45
3154408,Ressaquinha,MG,2025,30.14,5517.12,18307.34,4699.55,817.57,7.44,30.15
3154457,Riachinho,MG,2025,42.35,72815.46,171930.06,66672.64,6142.82,1161.57,42.64
3154507,Riacho dos Machados,MG,2025,73.6,96824.68,131552.46,92514.49,4310.19,146.64,73.68
3154606,Ribeirão das Neves,MG,2025,21.78,3378.03,15508.83,3264.61,113.41,25.95,21.82
3154705,Ribeirão Vermelho,MG,2025,11.15,549.34,4925.06,545.84,3.51,128.44,11.45
3154804,Rio Acima,MG,2025,91.65,20930.22,22838.24,11199.15,9731.06,50.2,91.85
3154903,Rio Casca,MG,2025,21.91,8423.49,38442.57,8312.62,110.86,732.08,22.34
3155009,Rio Doce,MG,2025,22.7,2544.53,11208.32,2492.27,52.26,329.12,23.39
3155108,Rio do Prado,MG,2025,39.28,18846.8,47981.81,18563.32,283.48,5.74,39.28
3155207,Rio Espera,MG,2025,26.23,6257.24,23859.56,6117.69,139.55,2.51,26.23
3155306,Rio Manso,MG,2025,28.58,6616.71,23153.52,6332.01,284.7,523.34,29.24
3155405,Rio Novo,MG,2025,14.75,3086.91,20929.69,3016.82,70.1,151.27,14.86
3155504,Rio Paranaíba,MG,2025,21.01,28412.38,135231.67,26715.71,1696.66,274.01,21.05
3155603,Rio Pardo de Minas,MG,2025,75.28,234705.67,311772.15,230811.17,3894.5,313.62,75.36
3155702,Rio Piracicaba,MG,2025,34.96,13040.55,37301.19,12385.98,654.57,102.1,35.06
3155801,Rio Pomba,MG,2025,18.6,4694.6,25242.94,4560.47,134.13,175.07,18.73
3155900,Rio Preto,MG,2025,59.58,20734.4,34802.8,16412.8,4321.6,133.88,59.81
3156007,Rio Vermelho,MG,2025,63.5,62647.7,98653.78,61873.45,774.25,22.27,63.52
3156106,Ritápolis,MG,2025,44.35,17953.25,40480.28,10854.99,7098.26,103.96,44.46
3156205,Rochedo de Minas,MG,2025,15.11,1200.09,7941.16,1155.72,44.37,5.74,15.12
3156304,Rodeiro,MG,2025,11.0,799.72,7268.27,772.51,27.21,63.45,11.1
3156403,Romaria,MG,2025,15.16,6178.16,40754.73,4568.54,1609.62,192.04,15.23
3156452,Rosário da Limeira,MG,2025,26.07,2897.75,11115.07,2647.41,250.35,21.16,26.12
3156502,Rubelita,MG,2025,60.57,67249.22,111031.61,67137.47,111.75,151.14,60.65
3156601,Rubim,MG,2025,39.53,38148.95,96517.73,35533.93,2615.02,5.32,39.53
3156700,Sabará,MG,2025,67.57,20436.16,30242.76,15740.69,4695.46,77.13,67.75
3156809,Sabinópolis,MG,2025,55.64,51179.21,91982.72,51120.62,58.58,102.55,55.7
3156908,Sacramento,MG,2025,33.09,101692.33,307326.78,83305.22,18387.1,5709.94,33.72
3157005,Salinas,MG,2025,49.37,91925.16,186214.87,91602.99,322.17,1955.08,49.89
3157104,Salto da Divisa,MG,2025,17.16,16099.63,93798.45,16090.26,9.37,1537.49,17.45
3157203,Santa Bárbara,MG,2025,69.41,47516.44,68453.78,39915.24,7601.2,386.76,69.81
3157252,Santa Bárbara do Leste,MG,2025,20.75,2228.77,10741.83,2088.21,140.56,4.97,20.76
3157278,Santa Bárbara do Monte Verde,MG,2025,48.17,20130.56,41792.38,17767.89,2362.67,82.1,48.26
3157302,Santa Bárbara do Tugúrio,MG,2025,18.82,3661.78,19456.12,3523.07,138.71,3.17,18.82
3157336,Santa Cruz de Minas,MG,2025,41.21,146.94,356.54,45.53,101.42,7.1,42.05
3157377,Santa Cruz de Salinas,MG,2025,43.04,25378.3,58959.87,24801.01,577.29,164.4,43.16
3157401,Santa Cruz do Escalvado,MG,2025,17.4,4501.28,25869.88,4435.34,65.94,356.43,17.64
3157500,Santa Efigênia de Minas,MG,2025,26.54,3501.81,13194.95,3428.78,73.03,24.32,26.59
3157609,Santa Fé de Minas,MG,2025,65.79,191948.88,291749.62,175291.85,16657.03,1139.45,66.05
3157658,Santa Helena de Minas,MG,2025,29.39,8126.07,27645.75,7655.47,470.6,3.42,29.4
3157708,Santa Juliana,MG,2025,17.09,12369.33,72379.36,11208.9,1160.43,1677.0,17.49
3157807,Santa Luzia,MG,2025,44.79,10528.33,23507.92,10387.32,141.02,212.8,45.2
3157906,Santa Margarida,MG,2025,18.9,4832.93,25572.48,4203.84,629.08,12.34,18.91
3158003,Santa Maria de Itabira,MG,2025,49.98,29860.68,59743.72,29302.39,558.29,48.06,50.02
3158102,Santa Maria do Salto,MG,2025,33.08,14576.78,44060.74,13862.36,714.42,31.97,33.11
3158201,Santa Maria do Suaçuí,MG,2025,46.96,29308.61,62406.46,29144.2,164.41,273.4,47.17
3158300,Santana da Vargem,MG,2025,16.68,2876.4,17243.87,2817.81,58.59,23.79,16.7
3158409,Santana de Cataguases,MG,2025,13.8,2229.23,16149.71,2134.68,94.55,20.78,13.82
3158508,Santana de Pirapama,MG,2025,40.25,50543.96,125585.27,41345.35,9198.62,367.31,40.36
3158607,Santana do Deserto,MG,2025,42.12,7692.96,18266.39,7518.76,174.2,138.68,42.44
3158706,Santana do Garambéu,MG,2025,61.96,12582.13,20307.49,3490.39,9091.73,29.97,62.05
3158805,Santana do Jacaré,MG,2025,17.19,1825.07,10616.37,1806.07,19.0,57.65,17.28
3158904,Santana do Manhuaçu,MG,2025,18.36,6376.15,34735.68,6037.67,338.48,295.32,18.51
3158953,Santana do Paraíso,MG,2025,36.59,10101.42,27606.15,9954.64,146.78,394.59,37.12
3159001,Santana do Riacho,MG,2025,40.6,27491.87,67717.63,16366.19,11125.68,253.45,40.75
3159100,Santana dos Montes,MG,2025,30.21,5939.21,19657.31,5923.55,15.66,20.76,30.25
3159209,Santa Rita de Caldas,MG,2025,19.71,9917.25,50305.12,8722.74,1194.51,71.84,19.74
3159308,Santa Rita de Jacutinga,MG,2025,50.02,21056.79,42093.05,19607.3,1449.49,42.22,50.07
3159357,Santa Rita de Minas,MG,2025,15.1,1028.86,6812.35,921.42,107.44,8.08,15.12
3159407,Santa Rita de Ibitipoca,MG,2025,43.55,14120.02,32426.1,8863.14,5256.88,2.92,43.55
3159506,Santa Rita do Itueto,MG,2025,35.97,17449.58,48507.43,15219.45,2230.13,221.96,36.14
3159605,Santa Rita do Sapucaí,MG,2025,20.31,7167.33,35297.97,7041.16,126.17,243.13,20.45
3159704,Santa Rosa da Serra,MG,2025,44.9,12767.26,28432.94,12650.53,116.73,38.13,44.96
3159803,Santa Vitória,MG,2025,11.88,35610.87,299837.03,30906.04,4704.83,21177.34,12.78
3159902,Santo Antônio do Amparo,MG,2025,27.36,13376.04,48889.08,11922.02,1454.03,38.47,27.38
3160009,Santo Antônio do Aventureiro,MG,2025,22.77,4599.89,20201.96,4207.23,392.66,18.89,22.79
3160108,Santo Antônio do Grama,MG,2025,22.29,2903.23,13022.58,2628.56,274.67,43.24,22.37
3160207,Santo Antônio do Itambé,MG,2025,60.82,18596.78,30574.35,17645.64,951.14,10.95,60.85
3160306,Santo Antônio do Jacinto,MG,2025,16.55,8337.51,50369.2,7687.49,650.02,12.79,16.56
3160405,Santo Antônio do Monte,MG,2025,23.23,26149.45,112575.16,24786.75,1362.7,173.59,23.26
3160454,Santo Antônio do Retiro,MG,2025,87.15,69393.65,79629.78,68516.25,877.4,36.07,87.18
3160504,Santo Antônio do Rio Abaixo,MG,2025,33.5,3593.8,10727.42,3570.04,23.76,86.48,33.77
3160603,Santo Hipólito,MG,2025,22.66,9756.83,43060.84,9441.55,315.28,529.93,22.94
3160702,Santos Dumont,MG,2025,29.46,18776.91,63735.55,17338.88,1438.03,882.32,29.87
3160801,São Bento Abade,MG,2025,16.58,1333.45,8040.33,1248.32,85.12,10.08,16.61
3160900,São Brás do Suaçuí,MG,2025,23.25,2558.19,11000.98,1895.76,662.43,17.94,23.29
3160959,São Domingos das Dores,MG,2025,13.09,796.66,6086.22,760.96,35.7,3.8,13.1
3161007,São Domingos do Prata,MG,2025,31.66,23549.77,74376.32,22935.83,613.94,49.57,31.68
3161056,São Félix de Minas,MG,2025,14.18,2304.64,16256.33,1901.03,403.62,9.5,14.19
3161106,São Francisco,MG,2025,55.72,184319.36,330806.9,182754.39,1564.97,4213.54,56.44
3161205,São Francisco de Paula,MG,2025,25.49,8076.22,31683.52,7419.26,656.95,133.31,25.6
3161304,São Francisco de Sales,MG,2025,7.91,8931.94,112886.2,6766.04,2165.91,10254.35,8.7
3161403,São Francisco do Glória,MG,2025,14.31,2355.66,16462.81,2002.24,353.43,39.77,14.34
3161502,São Geraldo,MG,2025,16.3,3025.67,18558.75,2661.78,363.89,27.85,16.33
3161601,São Geraldo da Piedade,MG,2025,24.95,3801.33,15234.19,3711.96,89.37,17.78,24.98
3161650,São Geraldo do Baixio,MG,2025,21.62,6075.4,28096.1,5808.22,267.19,6.78,21.63
3161700,São Gonçalo do Abaeté,MG,2025,54.59,146993.58,269254.59,98660.21,48333.37,4008.01,55.42
3161809,São Gonçalo do Pará,MG,2025,25.88,6876.58,26570.45,6816.82,59.75,213.17,26.09
3161908,São Gonçalo do Rio Abaixo,MG,2025,42.12,15322.33,36380.67,14782.42,539.92,342.14,42.52
3162005,São Gonçalo do Sapucaí,MG,2025,19.78,10217.81,51667.26,9606.6,611.22,461.51,19.95
3162104,São Gotardo,MG,2025,33.44,28965.81,86612.85,28318.97,646.84,235.5,33.53
3162203,São João Batista do Glória,MG,2025,32.78,17962.29,54790.63,8908.85,9053.44,979.14,33.38
3162252,São João da Lagoa,MG,2025,55.77,55663.19,99801.22,53280.44,2382.75,78.02,55.82
3162302,São João da Mata,MG,2025,19.91,2400.18,12055.84,2294.97,105.21,17.86,19.94
3162401,São João da Ponte,MG,2025,44.78,82893.78,185107.71,82883.89,9.9,305.95,44.86
3162450,São João das Missões,MG,2025,73.82,50068.51,67827.98,50058.74,9.77,34.43,73.85
3162500,São João del Rei,MG,2025,39.35,57132.58,145199.58,21063.76,36068.82,2012.34,39.9
3162559,São João do Manhuaçu,MG,2025,24.05,3440.74,14308.52,3030.35,410.39,7.3,24.06
3162575,São João do Manteninha,MG,2025,15.47,2133.71,13794.4,1803.58,330.13,6.36,15.48
3162609,São João do Oriente,MG,2025,11.7,1404.92,12009.65,1262.44,142.48,22.55,11.72
3162658,São João do Pacuí,MG,2025,40.17,16707.72,41591.19,16530.67,177.05,3.95,40.18
3162708,São João do Paraíso,MG,2025,56.44,108680.56,192559.4,107621.91,1058.64,546.95,56.6
3162807,São João Evangelista,MG,2025,33.48,16007.87,47817.18,15975.03,32.84,78.86,33.53
3162906,São João Nepomuceno,MG,2025,22.59,9205.61,40743.77,8878.17,327.45,143.28,22.67
3162922,São Joaquim de Bicas,MG,2025,26.49,1901.67,7177.5,1785.96,115.71,103.04,26.88
3162948,São José da Barra,MG,2025,26.71,8234.79,30830.85,6366.36,1868.43,4912.64,31.77
3162955,São José da Lapa,MG,2025,24.63,1185.29,4812.65,1119.37,65.92,47.54,24.87
3163003,São José da Safira,MG,2025,47.62,10186.55,21389.97,9551.96,634.58,68.72,47.78
3163102,São José da Varginha,MG,2025,21.56,4431.13,20551.03,4417.23,13.91,223.69,21.8
3163201,São José do Alegre,MG,2025,13.47,1196.27,8881.23,1134.8,61.47,34.21,13.52
3163300,São José do Divino,MG,2025,13.6,4470.97,32871.22,3796.95,674.02,12.06,13.61
3163409,São José do Goiabal,MG,2025,25.63,4859.92,18959.04,4844.77,15.15,243.5,25.97
3163508,São José do Jacuri,MG,2025,41.67,14380.76,34513.9,14373.36,7.4,92.76,41.78
3163607,São José do Mantimento,MG,2025,26.16,1430.66,5469.88,1231.45,199.21,33.9,26.32
3163706,São Lourenço,MG,2025,24.17,1402.3,5802.14,1392.84,9.46,38.67,24.33
3163805,São Miguel do Anta,MG,2025,22.03,3351.66,15213.71,3066.6,285.07,15.24,22.05
3163904,São Pedro da União,MG,2025,16.35,4264.51,26082.69,4264.51,0.0,38.75,16.37
3164001,São Pedro dos Ferros,MG,2025,21.18,8527.65,40271.37,8388.5,139.15,655.17,21.53
3164100,São Pedro do Suaçuí,MG,2025,45.47,14009.43,30812.46,14009.43,0.0,128.47,45.66
3164209,São Romão,MG,2025,69.3,168675.24,243398.21,148507.64,20167.6,2413.35,69.99
3164308,São Roque de Minas,MG,2025,49.1,103058.26,209888.0,59321.41,43736.84,193.98,49.15
3164407,São Sebastião da Bela Vista,MG,2025,17.75,2971.62,16743.38,2853.41,118.21,213.79,17.98
3164431,São Sebastião da Vargem Alegre,MG,2025,22.12,1628.39,7363.04,1501.56,126.83,6.6,22.14
3164472,São Sebastião do Anta,MG,2025,16.02,1291.65,8063.48,1203.87,87.78,3.46,16.03
3164506,São Sebastião do Maranhão,MG,2025,38.21,19784.6,51783.52,19777.79,6.81,34.13,38.23
3164605,São Sebastião do Oeste,MG,2025,22.57,9209.73,40810.09,9030.81,178.92,93.07,22.62
3164704,São Sebastião do Paraíso,MG,2025,18.62,15169.55,81489.21,14715.4,454.15,108.57,18.64
3164803,São Sebastião do Rio Preto,MG,2025,36.98,4733.12,12798.63,4015.69,717.42,64.74,37.17
3164902,São Sebastião do Rio Verde,MG,2025,20.68,1878.8,9083.55,1827.81,50.99,5.47,20.7
3165008,São Tiago,MG,2025,29.26,16746.23,57241.8,9364.87,7381.35,140.15,29.33
3165107,São Tomás de Aquino,MG,2025,16.31,4534.56,27796.99,4495.39,39.17,36.0,16.33
3165206,São Tomé das Letras,MG,2025,34.49,12752.74,36975.33,7957.13,4795.61,12.9,34.5
3165305,São Vicente de Minas,MG,2025,36.92,14497.77,39265.22,9134.33,5363.44,266.39,37.17
3165404,Sapucaí-Mirim,MG,2025,61.6,17560.91,28507.14,16745.54,815.37,5.04,61.61
3165503,Sardoá,MG,2025,32.67,4636.38,14191.1,4589.0,47.38,19.49,32.72
3165537,Sarzedo,MG,2025,42.64,2649.77,6215.0,2090.2,559.58,13.37,42.73
3165552,Setubinha,MG,2025,63.98,34206.25,53466.31,34201.89,4.35,23.03,64.0
3165560,Sem-Peixe,MG,2025,13.55,2392.84,17663.03,2256.19,136.65,280.63,13.77
3165578,Senador Amaral,MG,2025,24.55,3710.26,15110.39,3588.51,121.75,39.37,24.62
3165602,Senador Cortes,MG,2025,25.05,2463.8,9835.14,2307.34,156.46,18.21,25.1
3165701,Senador Firmino,MG,2025,22.29,3710.64,16649.99,3588.91,121.73,28.11,22.32
3165800,Senador José Bento,MG,2025,23.28,2185.33,9388.8,2184.17,1.16,12.94,23.31
3165909,Senador Modestino Gonçalves,MG,2025,75.52,71900.69,95204.89,69255.71,2644.98,47.69,75.56
3166006,Senhora de Oliveira,MG,2025,29.11,4970.43,17074.11,4863.28,107.16,9.37,29.13
3166105,Senhora do Porto,MG,2025,55.61,21203.59,38131.27,21131.02,72.58,27.52,55.65
3166204,Senhora dos Remédios,MG,2025,18.08,4299.93,23783.32,4117.28,182.65,4.35,18.08
3166303,Sericita,MG,2025,29.86,4956.52,16601.03,4003.76,952.76,4.87,29.87
3166402,Seritinga,MG,2025,36.29,4165.09,11476.44,2077.32,2087.77,6.15,36.31
3166501,Serra Azul de Minas,MG,2025,56.69,12391.56,21859.89,11801.04,590.52,12.15,56.72
3166600,Serra da Saudade,MG,2025,31.32,10513.1,33567.41,10109.1,404.0,122.2,31.43
3166709,Serra dos Aimorés,MG,2025,7.46,1593.17,21358.36,1098.64,494.53,345.62,7.58
3166808,Serra do Salitre,MG,2025,26.39,34183.6,129530.04,31075.11,3108.5,708.59,26.54
3166907,Serrania,MG,2025,13.75,2876.89,20926.83,2848.48,28.41,82.96,13.8
3166956,Serranópolis de Minas,MG,2025,59.67,32934.35,55194.08,32014.85,919.5,95.14,59.77
3167004,Serranos,MG,2025,44.78,9547.24,21317.98,5337.85,4209.39,8.98,44.8
3167103,Serro,MG,2025,52.54,63985.34,121781.71,54870.26,9115.09,70.67,52.57
3167202,Sete Lagoas,MG,2025,28.54,15321.07,53691.84,10941.25,4379.82,456.53,28.78
3167301,Silveirânia,MG,2025,26.95,4243.2,15744.0,3965.21,277.99,20.97,26.99
3167400,Silvianópolis,MG,2025,19.11,5965.19,31216.88,5802.86,162.33,132.41,19.19
3167509,Simão Pereira,MG,2025,31.67,4297.45,13567.97,4099.03,198.43,160.2,32.05
3167608,Simonésia,MG,2025,23.5,11433.91,48653.01,10766.44,667.47,90.99,23.54
3167707,Sobrália,MG,2025,12.73,2632.94,20680.13,2489.8,143.13,143.95,12.82
3167806,Soledade de Minas,MG,2025,19.6,3858.63,19685.79,3681.05,177.58,61.77,19.66
3167905,Tabuleiro,MG,2025,15.3,3230.25,21108.72,3120.66,109.58,44.37,15.34
3168002,Taiobeiras,MG,2025,56.96,69488.21,122001.89,69371.23,116.98,673.45,57.27
3168051,Taparuba,MG,2025,19.74,3812.01,19307.63,3631.7,180.31,181.96,19.93
3168101,Tapira,MG,2025,47.88,56460.33,117924.3,41903.84,14556.49,565.38,48.11
3168200,Tapiraí,MG,2025,34.37,14021.42,40791.13,13679.91,341.51,25.09,34.39
3168309,Taquaraçu de Minas,MG,2025,50.78,16721.77,32928.66,15926.18,795.59,47.98,50.86
3168408,Tarumirim,MG,2025,16.21,11862.13,73174.99,11223.27,638.86,312.44,16.28
3168507,Teixeiras,MG,2025,26.23,4374.02,16676.29,4301.28,72.74,14.33,26.25
3168606,Teófilo Otoni,MG,2025,38.18,123795.08,324226.97,122371.54,1423.54,873.37,38.28
3168705,Timóteo,MG,2025,60.24,8696.77,14437.31,8474.39,222.38,257.11,61.33
3168804,Tiradentes,MG,2025,46.2,3836.52,8304.5,2145.05,1691.47,23.23,46.33
3168903,Tiros,MG,2025,48.16,100745.12,209175.55,63178.83,37566.29,1242.47,48.45
3169000,Tocantins,MG,2025,19.38,3369.52,17385.52,3340.62,28.9,46.51,19.43
3169059,Tocos do Moji,MG,2025,14.11,1618.72,11472.52,1618.72,0.0,2.07,14.11
3169109,Toledo,MG,2025,16.3,2228.9,13677.9,2153.22,75.68,36.93,16.34
3169208,Tombos,MG,2025,25.37,7232.41,28511.33,6962.27,270.14,121.99,25.48
3169307,Três Corações,MG,2025,16.32,13510.58,82805.88,12569.73,940.85,566.82,16.43
3169356,Três Marias,MG,2025,51.18,137063.68,267830.94,80270.22,56793.46,20324.2,55.38
3169406,Três Pontas,MG,2025,15.7,10831.72,68977.4,9847.0,984.72,1197.65,15.98
3169505,Tumiritinga,MG,2025,12.86,6431.27,50006.34,6295.39,135.88,1133.42,13.16
3169604,Tupaciguara,MG,2025,16.2,29531.86,182251.31,27475.69,2056.17,20075.52,18.21
3169703,Turmalina,MG,2025,72.18,83229.84,115313.75,83009.38,220.46,1412.07,73.07
3169802,Turvolândia,MG,2025,20.5,4529.97,22099.9,4296.84,233.14,206.46,20.69
3169901,Ubá,MG,2025,19.15,7801.59,40747.13,7589.46,212.13,89.79,19.19
3170008,Ubaí,MG,2025,40.23,33007.5,82050.12,32951.42,56.07,337.7,40.39
3170057,Ubaporanga,MG,2025,13.87,2621.07,18904.03,2558.01,63.06,31.62,13.89
3170107,Uberaba,MG,2025,22.18,100361.88,452390.5,71471.02,28890.86,4261.04,22.4
3170206,Uberlândia,MG,2025,21.87,90000.8,411523.41,72252.9,17747.9,6220.93,22.21
3170305,Umburatiba,MG,2025,17.12,6947.33,40581.71,6944.51,2.82,17.86,17.13
3170404,Unaí,MG,2025,37.38,315674.02,844539.93,284911.23,30762.79,6676.66,37.68
3170438,União de Minas,MG,2025,10.49,12031.2,114738.27,9298.92,2732.28,113.25,10.5
3170479,Uruana de Minas,MG,2025,48.19,28829.72,59822.08,27178.56,1651.16,176.52,48.34
3170503,Urucânia,MG,2025,19.23,2669.73,13880.89,2585.42,84.3,59.71,19.32
3170529,Urucuia,MG,2025,68.72,142719.52,207694.87,130233.58,12485.95,609.68,68.92
3170578,Vargem Alegre,MG,2025,17.6,2053.78,11667.04,1942.18,111.59,23.7,17.64
3170602,Vargem Bonita,MG,2025,39.0,15987.46,40988.33,14008.33,1979.14,53.79,39.06
3170651,Vargem Grande do Rio Pardo,MG,2025,76.82,37757.35,49150.01,37603.36,153.99,34.69,76.87
3170701,Varginha,MG,2025,13.94,5509.71,39538.18,5356.13,153.58,839.53,14.24
3170750,Varjão de Minas,MG,2025,26.75,17427.89,65147.75,16363.18,1064.71,398.11,26.92
3170800,Várzea da Palma,MG,2025,36.22,80413.46,222028.83,76562.39,3851.07,1797.38,36.51
3170909,Varzelândia,MG,2025,57.77,47081.77,81499.28,47081.77,0.0,30.23,57.79
3171006,Vazante,MG,2025,44.18,84543.76,191341.06,78459.45,6084.3,258.8,44.24
3171030,Verdelândia,MG,2025,45.23,71035.25,157058.77,71025.08,10.17,68.1,45.25
3171071,Veredinha,MG,2025,66.97,42307.72,63170.88,42277.51,30.22,86.22,67.07
3171105,Veríssimo,MG,2025,28.18,29073.48,103180.3,26438.99,2634.49,60.2,28.19
3171154,Vermelho Novo,MG,2025,20.41,2351.7,11523.87,2289.2,62.5,2.19,20.41
3171204,Vespasiano,MG,2025,17.98,1268.72,7054.85,1217.98,50.74,17.36,18.03
3171303,Viçosa,MG,2025,26.87,8044.63,29939.95,7682.77,361.86,41.2,26.91
3171402,Vieiras,MG,2025,16.15,1820.02,11269.81,1664.09,155.94,43.82,16.21
3171501,Mathias Lobato,MG,2025,15.05,2592.96,17229.63,2504.91,88.06,231.97,15.25
3171600,Virgem da Lapa,MG,2025,53.79,46739.57,86895.48,46728.43,11.14,448.18,54.07
3171709,Virgínia,MG,2025,26.06,8508.49,32650.16,8450.58,57.91,9.28,26.07
3171808,Virginópolis,MG,2025,37.57,16525.2,43986.93,16364.76,160.44,70.75,37.63
3171907,Virgolândia,MG,2025,34.88,9801.6,28099.72,9792.18,9.42,164.97,35.09
3172004,Visconde do Rio Branco,MG,2025,10.61,2580.98,24333.28,2398.81,182.17,96.98,10.65
3172103,Volta Grande,MG,2025,27.02,5553.12,20554.25,5364.43,188.69,156.84,27.22
3172202,Wenceslau Braz,MG,2025,31.85,3264.29,10248.02,3072.11,192.18,9.76,31.88
3200102,Afonso Cláudio,ES,2025,29.02,27318.9,94123.58,24879.51,2439.39,100.9,29.06
3200136,Águia Branca,ES,2025,25.77,11712.38,45441.01,8085.29,3627.09,212.89,25.9
3200169,Água Doce do Norte,ES,2025,24.55,11631.61,47371.13,9693.09,1938.52,84.11,24.6
3200201,Alegre,ES,2025,19.53,14780.2,75689.03,12996.01,1784.19,517.41,19.66
3200300,Alfredo Chaves,ES,2025,56.26,34637.96,61567.59,34399.88,238.08,40.67,56.3
3200359,Alto Rio Novo,ES,2025,19.47,4430.93,22761.94,4230.93,200.0,50.78,19.51
3200409,Anchieta,ES,2025,31.05,12711.33,40942.36,10221.69,2489.64,579.49,31.49
3200508,Apiacá,ES,2025,20.74,4023.63,19397.52,3762.28,261.35,56.38,20.8
3200607,Aracruz,ES,2025,32.15,45652.2,141977.55,34083.75,11568.44,2814.85,32.8
3200706,Atílio Vivácqua,ES,2025,25.56,5951.27,23284.87,5451.62,499.65,21.16,25.58
3200805,Baixo Guandu,ES,2025,25.58,23250.51,90903.36,19362.01,3888.5,933.7,25.84
3200904,Barra de São Francisco,ES,2025,18.47,17441.48,94451.43,13791.29,3650.2,369.94,18.54
3201001,Boa Esperança,ES,2025,10.57,4531.85,42870.35,3787.5,744.34,846.05,10.78
3201100,Bom Jesus do Norte,ES,2025,18.67,1663.62,8908.53,1627.02,36.6,64.41,18.81
3201159,Brejetuba,ES,2025,26.67,9450.26,35439.79,8908.43,541.82,13.36,26.68
3201209,Cachoeiro de Itapemirim,ES,2025,25.53,22076.48,86459.25,20064.5,2011.98,876.65,25.8
3201308,Cariacica,ES,2025,41.9,11721.41,27973.18,10983.4,738.01,621.61,42.85
3201407,Castelo,ES,2025,38.23,25363.03,66349.77,23251.52,2111.51,91.03,38.28
3201506,Colatina,ES,2025,18.58,25975.71,139825.69,23254.1,2721.61,3432.48,19.04
3201605,Conceição da Barra,ES,2025,28.4,33584.5,118260.7,23373.45,10211.05,1236.97,28.7
3201704,Conceição do Castelo,ES,2025,43.89,16230.61,36979.81,15335.4,895.22,21.15,43.92
3201803,Divino de São Lourenço,ES,2025,34.53,6009.06,17403.73,5851.81,157.25,7.04,34.54
3201902,Domingos Martins,ES,2025,52.48,64513.02,122922.19,63431.05,1081.97,180.61,52.56
3202009,Dores do Rio Preto,ES,2025,35.73,5692.18,15929.63,5059.0,633.18,8.63,35.75
3202108,Ecoporanga,ES,2025,7.92,18091.33,228536.77,15755.93,2335.4,577.42,7.94
3202207,Fundão,ES,2025,32.37,9284.09,28682.09,7785.52,1498.58,196.96,32.59
3202256,Governador Lindenberg,ES,2025,21.08,7587.47,36001.69,6998.07,589.4,347.09,21.28
3202306,Guaçuí,ES,2025,20.63,9657.9,46816.88,9298.11,359.78,227.09,20.73
3202405,Guarapari,ES,2025,48.08,28324.61,58910.8,24908.27,3416.34,846.18,48.78
3202454,Ibatiba,ES,2025,18.28,4394.41,24035.12,3515.65,878.76,13.36,18.29
3202504,Ibiraçu,ES,2025,36.1,7268.15,20131.24,7048.92,219.23,48.26,36.19
3202553,Ibitirama,ES,2025,39.04,12917.28,33088.23,9554.93,3362.36,69.34,39.12
3202603,Iconha,ES,2025,29.8,6062.85,20345.6,5792.17,270.68,8.88,29.81
3202652,Irupi,ES,2025,16.5,3049.03,18479.57,2638.41,410.62,30.39,16.53
3202702,Itaguaçu,ES,2025,30.14,16124.74,53501.12,14143.55,1981.19,105.59,30.2
3202801,Itapemirim,ES,2025,16.05,8833.45,55052.63,5395.44,3438.01,682.13,16.25
3202900,Itarana,ES,2025,36.11,10657.86,29515.03,9913.5,744.36,36.45,36.15
3203007,Iúna,ES,2025,32.3,14875.71,46053.81,10781.57,4094.14,26.86,32.32
3203056,Jaguaré,ES,2025,31.29,20643.06,65971.56,12175.56,8467.5,835.29,31.69
3203106,Jerônimo Monteiro,ES,2025,19.42,3443.57,17734.51,3084.55,359.01,153.83,19.59
3203130,João Neiva,ES,2025,24.45,6963.5,28482.14,6168.66,794.84,43.75,24.49
3203163,Laranja da Terra,ES,2025,26.0,11919.47,45837.88,11661.21,258.26,226.92,26.13
3203205,Linhares,ES,2025,40.75,142434.71,349573.07,81396.67,61038.04,22567.07,43.56
3203304,Mantenópolis,ES,2025,15.38,4944.8,32142.03,4751.76,193.04,44.64,15.41
3203320,Marataízes,ES,2025,8.17,1062.21,13008.09,191.28,870.94,171.35,8.27
3203346,Marechal Floriano,ES,2025,65.54,18710.71,28548.87,18640.73,69.98,30.71,65.61
3203353,Marilândia,ES,2025,27.11,8882.64,32760.54,8196.31,686.33,941.65,27.92
3203403,Mimoso do Sul,ES,2025,28.02,24359.14,86947.7,22863.55,1495.6,477.56,28.17
3203502,Montanha,ES,2025,5.42,5952.27,109907.27,4101.6,1850.67,504.8,5.44
3203601,Mucurici,ES,2025,3.39,1833.28,54053.32,1301.68,531.6,188.44,3.4
3203700,Muniz Freire,ES,2025,30.5,20706.89,67880.32,19383.31,1323.58,103.42,30.55
3203809,Muqui,ES,2025,33.38,10924.93,32725.87,10204.49,720.44,18.07,33.4
3203908,Nova Venécia,ES,2025,14.63,21056.88,143956.4,16135.48,4921.4,1682.92,14.8
3204005,Pancas,ES,2025,30.02,25150.69,83786.6,19389.55,5761.14,230.2,30.1
3204054,Pedro Canário,ES,2025,7.49,3244.69,43345.88,2159.69,1085.0,176.3,7.52
3204104,Pinheiros,ES,2025,8.51,8283.12,97313.49,6360.33,1922.79,1149.69,8.61
3204203,Piúma,ES,2025,24.43,1801.44,7373.67,411.53,1389.91,54.4,24.61
3204252,Ponto Belo,ES,2025,3.46,1244.9,36010.09,674.54,570.36,196.31,3.48
3204302,Presidente Kennedy,ES,2025,17.35,10322.95,59483.16,4230.93,6092.01,503.15,17.5
3204351,Rio Bananal,ES,2025,18.87,12113.35,64195.38,10956.56,1156.79,1246.3,19.24
3204401,Rio Novo do Sul,ES,2025,31.24,6388.77,20449.95,5946.89,441.88,12.55,31.26
3204500,Santa Leopoldina,ES,2025,57.42,41246.55,71828.92,40218.03,1028.52,144.35,57.54
3204559,Santa Maria de Jetibá,ES,2025,49.08,36085.2,73518.45,35895.11,190.09,338.37,49.31
3204609,Santa Teresa,ES,2025,46.49,31760.59,68311.44,30667.63,1092.96,99.02,46.56
3204658,São Domingos do Norte,ES,2025,13.97,4170.81,29856.43,3511.26,659.55,342.92,14.13
3204708,São Gabriel da Palha,ES,2025,17.04,7411.66,43488.55,6440.14,971.52,425.63,17.21
3204807,São José do Calçado,ES,2025,22.73,6214.91,27347.33,5870.73,344.18,132.66,22.84
3204906,São Mateus,ES,2025,22.91,53743.66,234604.75,30395.68,23347.97,2770.0,23.18
3204955,São Roque do Canaã,ES,2025,21.51,7353.8,34191.73,6331.42,1022.38,98.53,21.57
3205002,Serra,ES,2025,36.32,19890.17,54763.8,13965.0,5925.16,983.67,36.98
3205010,Sooretama,ES,2025,48.09,28229.91,58704.98,27569.57,660.34,649.22,48.63
3205036,Vargem Alta,ES,2025,51.87,21669.95,41773.64,21422.66,247.29,45.66,51.93
3205069,Venda Nova do Imigrante,ES,2025,45.58,8474.36,18592.0,8306.87,167.49,81.27,45.78
3205101,Viana,ES,2025,45.77,14293.79,31227.73,12689.02,1604.78,61.6,45.86
3205150,Vila Pavão,ES,2025,14.09,6105.56,43325.5,4495.09,1610.47,341.52,14.2
3205176,Vila Valério,ES,2025,16.45,7735.78,47036.81,6826.0,909.77,569.92,16.65
3205200,Vila Velha,ES,2025,27.73,5822.14,20993.68,2658.33,3163.81,310.91,28.15
3205309,Vitória,ES,2025,29.04,2470.26,8505.84,2152.15,318.11,1275.99,34.17
3300100,Angra dos Reis,RJ,2025,87.71,70926.19,80867.42,70621.47,304.72,581.41,88.34
3300159,Aperibé,RJ,2025,7.79,736.25,9453.8,486.86,249.39,318.97,8.06
3300209,Araruama,RJ,2025,10.33,6593.7,63827.36,5409.83,1183.87,6684.96,11.54
3300225,Areal,RJ,2025,39.0,4317.88,11072.6,4270.13,47.75,97.1,39.34
3300233,Armação dos Búzios,RJ,2025,26.87,1870.84,6963.36,1490.99,379.85,85.74,27.2
3300258,Arraial do Cabo,RJ,2025,13.05,1971.94,15105.45,1143.63,828.31,8472.87,29.73
3300308,Barra do Piraí,RJ,2025,33.7,19698.33,58459.65,18541.98,1156.35,621.95,34.06
3300407,Barra Mansa,RJ,2025,29.85,16334.83,54713.96,12140.62,4194.21,359.7,30.05
3300456,Belford Roxo,RJ,2025,5.53,436.38,7898.17,307.81,128.57,16.61,5.54
3300506,Bom Jardim,RJ,2025,41.23,15767.6,38243.07,14682.61,1084.99,114.4,41.35
3300605,Bom Jesus do Itabapoana,RJ,2025,13.51,8062.13,59665.62,7125.73,936.4,390.43,13.6
3300704,Cabo Frio,RJ,2025,18.61,7666.71,41203.43,3795.83,3870.89,3293.94,20.22
3300803,Cachoeiras de Macacu,RJ,2025,63.62,60740.2,95473.81,59188.37,1551.83,174.25,63.74
3300902,Cambuci,RJ,2025,20.5,11444.29,55827.06,10198.24,1246.05,484.97,20.68
3300936,Carapebus,RJ,2025,21.42,6522.18,30448.15,2438.68,4083.5,823.59,22.02
3300951,Comendador Levy Gasparian,RJ,2025,26.82,2913.74,10864.01,2716.48,197.26,231.4,27.4
3301009,Campos dos Goytacazes,RJ,2025,20.71,83491.66,403174.04,43565.06,39926.59,25569.08,22.11
3301108,Cantagalo,RJ,2025,30.59,22859.0,74721.32,21473.11,1385.89,509.84,30.8
3301157,Cardoso Moreira,RJ,2025,11.3,5902.77,52259.02,4817.9,1084.87,1112.18,11.54
3301207,Carmo,RJ,2025,29.79,9109.46,30575.79,8735.14,374.33,429.54,30.22
3301306,Casimiro de Abreu,RJ,2025,49.96,23123.1,46280.61,20511.62,2611.48,343.25,50.34
3301405,Conceição de Macabu,RJ,2025,32.7,11061.2,33826.84,10932.09,129.11,36.66,32.73
3301504,Cordeiro,RJ,2025,30.76,3477.53,11304.16,3419.74,57.79,22.41,30.82
3301603,Duas Barras,RJ,2025,42.11,15984.27,37961.79,15100.31,883.96,43.67,42.15
3301702,Duque de Caxias,RJ,2025,46.28,21548.9,46560.52,19049.0,2499.89,537.15,46.82
3301801,Engenheiro Paulo de Frontin,RJ,2025,65.96,9193.52,13938.14,9043.74,149.78,29.79,66.1
3301850,Guapimirim,RJ,2025,59.69,21388.47,35833.6,16983.02,4405.45,236.31,60.08
3301876,Iguaba Grande,RJ,2025,5.11,260.73,5097.95,253.22,7.51,1149.34,6.6
3301900,Itaboraí,RJ,2025,18.47,7938.27,42989.97,5921.03,2017.24,159.07,18.53
3302007,Itaguaí,RJ,2025,44.4,12480.73,28111.03,11043.37,1437.36,292.05,44.86
3302056,Italva,RJ,2025,12.6,3667.98,29119.64,2911.95,756.03,379.68,12.76
3302106,Itaocara,RJ,2025,11.5,4983.35,43316.31,3995.2,988.16,872.53,11.74
3302205,Itaperuna,RJ,2025,12.31,13628.63,110669.92,11244.76,2383.87,1475.29,12.48
3302254,Itatiaia,RJ,2025,62.45,15053.19,24104.68,13230.91,1822.29,694.89,64.3
3302270,Japeri,RJ,2025,12.61,1030.5,8169.26,994.46,36.04,118.59,12.8
3302304,Laje do Muriaé,RJ,2025,23.13,5863.4,25352.41,5661.26,202.15,252.72,23.36
3302403,Macaé,RJ,2025,42.06,51165.49,121651.03,45664.71,5500.78,638.33,42.28
3302452,Macuco,RJ,2025,41.95,3287.63,7837.13,3275.84,11.79,27.31,42.1
3302502,Magé,RJ,2025,57.29,22316.16,38949.6,20820.01,1496.14,114.57,57.46
3302601,Mangaratiba,RJ,2025,82.12,30013.38,36549.14,29243.13,770.25,258.07,82.7
3302700,Maricá,RJ,2025,38.41,13876.16,36126.34,12759.22,1116.94,3694.12,42.79
3302809,Mendes,RJ,2025,57.33,5465.72,9533.21,5132.36,333.35,8.03,57.38
3302858,Mesquita,RJ,2025,53.62,2207.36,4116.46,2090.7,116.66,0.0,53.62
3302908,Miguel Pereira,RJ,2025,54.81,15782.94,28793.34,15665.61,117.33,34.09,54.88
3303005,Miracema,RJ,2025,23.97,7269.68,30325.98,7039.85,229.83,92.47,24.05
3303104,Natividade,RJ,2025,19.97,7730.36,38708.61,6664.72,1065.64,182.41,20.07
3303203,Nilópolis,RJ,2025,30.81,597.55,1939.63,8.75,588.8,0.83,30.82
3303302,Niterói,RJ,2025,38.63,5088.0,13172.75,4906.77,181.23,502.28,40.16
3303401,Nova Friburgo,RJ,2025,70.73,66158.42,93541.13,65130.92,1027.5,16.24,70.74
3303500,Nova Iguaçu,RJ,2025,46.53,24222.2,52058.01,23593.15,629.05,194.15,46.7
3303609,Paracambi,RJ,2025,41.77,7975.2,19092.35,7862.83,112.36,256.97,42.34
3303708,Paraíba do Sul,RJ,2025,27.67,15800.5,57112.74,14802.64,997.86,457.94,27.89
3303807,Paraty,RJ,2025,91.29,84230.9,92265.66,83585.96,644.95,484.44,91.77
3303856,Paty do Alferes,RJ,2025,21.34,6708.4,31433.08,6651.57,56.83,38.35,21.37
3303906,Petrópolis,RJ,2025,63.75,50439.59,79116.08,46355.04,4084.55,76.32,63.82
3303955,Pinheiral,RJ,2025,33.79,2779.14,8225.53,2517.86,261.28,115.43,34.27
3304003,Piraí,RJ,2025,45.89,22495.89,49026.66,21977.88,518.01,881.57,46.73
3304102,Porciúncula,RJ,2025,22.71,6628.89,29186.68,6306.63,322.25,82.8,22.78
3304110,Porto Real,RJ,2025,10.52,535.6,5090.2,330.94,204.66,117.58,10.77
3304128,Quatis,RJ,2025,27.33,7783.92,28479.5,6868.8,915.12,167.58,27.49
3304144,Queimados,RJ,2025,7.98,605.82,7593.32,349.66,256.16,105.82,8.09
3304151,Quissamã,RJ,2025,38.98,27974.63,71771.24,3008.18,24966.45,9112.37,44.65
3304201,Resende,RJ,2025,42.08,46256.02,109932.6,42222.16,4033.86,2878.92,43.21
3304300,Rio Bonito,RJ,2025,35.23,16186.75,45947.47,15785.48,401.27,68.17,35.28
3304409,Rio Claro,RJ,2025,53.28,45114.59,84678.9,44517.98,596.62,2609.55,54.97
3304508,Rio das Flores,RJ,2025,28.49,13640.38,47877.19,12793.91,846.47,364.46,28.71
3304524,Rio das Ostras,RJ,2025,26.39,6002.68,22747.19,5348.37,654.31,170.71,26.59
3304557,Rio de Janeiro,RJ,2025,30.7,36717.35,119593.45,31234.61,5482.74,2321.32,31.31
3304607,Santa Maria Madalena,RJ,2025,45.9,37224.21,81096.47,36059.68,1164.53,334.55,46.09
3304706,Santo Antônio de Pádua,RJ,2025,15.64,9441.92,60365.81,7982.94,1458.98,745.82,15.84
3304755,São Francisco de Itabapoana,RJ,2025,19.43,21693.82,111679.22,4615.04,17078.78,2235.65,19.82
3304805,São Fidélis,RJ,2025,22.09,22859.31,103484.68,18773.47,4085.84,2338.75,22.6
3304904,São Gonçalo,RJ,2025,19.98,4947.74,24766.01,4366.53,581.21,64.58,20.03
3305000,São João da Barra,RJ,2025,48.36,21865.81,45218.68,1015.2,20850.61,1779.38,50.34
3305109,São João de Meriti,RJ,2025,0.36,12.55,3521.43,0.0,12.55,1.82,0.36
3305133,São José de Ubá,RJ,2025,16.01,3997.33,24970.37,3011.68,985.65,66.8,16.05
3305158,São José do Vale do Rio Preto,RJ,2025,53.86,11859.54,22018.04,11304.32,555.23,76.81,54.05
3305208,São Pedro da Aldeia,RJ,2025,12.65,4205.12,33247.92,3673.31,531.81,5613.14,15.22
3305307,São Sebastião do Alto,RJ,2025,19.09,7581.23,39721.94,5866.96,1714.27,322.97,19.24
3305406,Sapucaia,RJ,2025,41.16,22256.76,54067.74,20274.79,1981.97,336.8,41.42
3305505,Saquarema,RJ,2025,32.64,11491.79,35208.83,9625.07,1866.73,3767.09,36.55
3305554,Seropédica,RJ,2025,18.53,4914.72,26520.17,3185.64,1729.07,897.57,19.18
3305604,Silva Jardim,RJ,2025,55.48,52031.43,93775.73,46375.3,5656.13,2125.67,56.77
3305703,Sumidouro,RJ,2025,38.01,15715.87,41342.42,14849.98,865.89,28.21,38.04
3305752,Tanguá,RJ,2025,25.14,3595.87,14302.22,3578.85,17.02,4.46,25.15
3305802,Teresópolis,RJ,2025,62.44,48284.54,77331.05,45918.21,2366.34,76.07,62.5
3305901,Trajano de Moraes,RJ,2025,51.69,30556.29,59114.61,29603.76,952.52,364.71,52.01
3306008,Três Rios,RJ,2025,27.7,8943.4,32285.02,8119.04,824.35,1235.9,28.8
3306107,Valença,RJ,2025,27.86,36239.24,130080.2,34072.64,2166.6,426.05,27.95
3306156,Varre-Sai,RJ,2025,22.21,4483.96,20192.96,4412.11,71.85,48.03,22.26
3306206,Vassouras,RJ,2025,28.24,15139.92,53607.93,14524.81,615.11,476.64,28.5
3306305,Volta Redonda,RJ,2025,34.83,6342.34,18211.58,5016.12,1326.22,398.95,35.61
3500105,Adamantina,SP,2025,3.96,1630.41,41199.04,1193.93,436.47,77.91,3.96
3500204,Adolfo,SP,2025,5.93,1251.24,21105.36,1094.41,156.83,6368.82,8.49
3500303,Aguaí,SP,2025,12.91,6128.97,47456.74,5582.06,546.91,465.88,13.04
3500402,Águas da Prata,SP,2025,39.14,5584.11,14266.51,5457.8,126.31,18.03,39.19
3500501,Águas de Lindóia,SP,2025,18.97,1140.74,6011.87,1093.73,47.02,22.76,19.05
3500550,Águas de Santa Bárbara,SP,2025,18.0,7281.56,40444.07,6832.26,449.3,224.34,18.1
3500600,Águas de São Pedro,SP,2025,34.11,123.06,360.72,115.53,7.53,0.0,34.11
3500709,Agudos,SP,2025,19.65,19000.37,96672.06,18140.49,859.88,73.03,19.67
3500758,Alambari,SP,2025,20.46,3265.34,15959.74,2499.74,765.6,51.74,20.53
3500808,Alfredo Marcondes,SP,2025,2.39,284.71,11891.88,278.73,5.98,3.65,2.39
3500907,Altair,SP,2025,13.21,4135.98,31300.5,3784.54,351.45,126.21,13.27
3501004,Altinópolis,SP,2025,27.52,25562.51,92893.57,24156.92,1405.59,181.57,27.57
3501103,Alto Alegre,SP,2025,5.73,1826.25,31857.67,1491.16,335.08,12.16,5.73
3501152,Alumínio,SP,2025,31.65,2646.61,8361.93,2360.54,286.07,137.61,32.18
3501202,Álvares Florence,SP,2025,7.42,2690.62,36239.32,2072.21,618.41,35.95,7.43
3501301,Álvares Machado,SP,2025,4.82,1676.04,34764.98,1385.53,290.51,61.15,4.83
3501400,Álvaro de Carvalho,SP,2025,20.05,3081.09,15366.39,2961.67,119.42,6.14,20.06
3501509,Alvinlândia,SP,2025,24.85,2108.86,8487.6,2031.79,77.06,3.39,24.86
3501608,Americana,SP,2025,7.1,950.99,13389.81,752.77,198.21,925.01,7.63
3501707,Américo Brasiliense,SP,2025,11.05,1357.9,12293.31,1139.99,217.91,126.8,11.16
3501806,Américo de Campos,SP,2025,8.32,2104.76,25290.31,1411.83,692.93,38.13,8.33
3501905,Amparo,SP,2025,20.02,8915.28,44532.82,8463.15,452.13,307.44,20.16
3502002,Analândia,SP,2025,26.99,8797.42,32591.93,8727.13,70.28,61.16,27.04
3502101,Andradina,SP,2025,6.51,6272.68,96425.19,4486.2,1786.48,3474.78,6.75
3502200,Angatuba,SP,2025,19.64,20177.76,102728.78,19332.11,845.65,787.03,19.79
3502309,Anhembi,SP,2025,18.83,13868.33,73655.91,12696.32,1172.01,6528.91,20.66
3502408,Anhumas,SP,2025,8.38,2688.49,32084.34,2372.89,315.6,8.12,8.38
3502507,Aparecida,SP,2025,27.66,3344.38,12089.42,3281.09,63.29,161.55,28.04
3502606,Aparecida d'Oeste,SP,2025,6.75,1208.93,17901.67,712.42,496.51,408.09,6.91
3502705,Apiaí,SP,2025,70.22,68417.47,97431.84,67231.02,1186.45,108.86,70.3
3502754,Araçariguama,SP,2025,48.65,7064.2,14521.11,6938.01,126.19,118.72,49.05
3502804,Araçatuba,SP,2025,4.5,5249.75,116709.25,3895.16,1354.59,14463.55,5.13
3502903,Araçoiaba da Serra,SP,2025,15.57,3975.19,25530.23,3592.04,383.16,106.79,15.64
3503000,Aramina,SP,2025,6.47,1312.39,20284.65,835.25,477.14,379.47,6.59
3503109,Arandu,SP,2025,7.99,2283.3,28590.91,2167.67,115.63,6394.72,10.29
3503158,Arapeí,SP,2025,45.68,7166.78,15690.06,6693.81,472.97,11.24,45.71
3503208,Araraquara,SP,2025,10.8,10836.25,100361.67,9941.97,894.28,236.41,10.82
3503307,Araras,SP,2025,10.24,6603.38,64482.35,5773.93,829.45,931.97,10.39
3503356,Arco-Íris,SP,2025,8.38,2220.3,26491.16,1283.55,936.76,61.9,8.4
3503406,Arealva,SP,2025,10.42,5273.6,50623.09,4710.62,562.98,983.47,10.62
3503505,Areias,SP,2025,51.85,15826.78,30524.85,10423.94,5402.84,102.5,52.02
3503604,Areiópolis,SP,2025,4.27,366.46,8590.02,312.14,54.32,21.58,4.28
3503703,Ariranha,SP,2025,4.55,602.8,13262.53,538.92,63.88,44.17,4.56
3503802,Artur Nogueira,SP,2025,6.41,1141.57,17802.18,887.08,254.49,66.92,6.44
3503901,Arujá,SP,2025,38.05,3659.18,9617.43,3631.31,27.87,26.4,38.15
3503950,Aspásia,SP,2025,4.03,279.71,6937.47,123.04,156.67,10.67,4.04
3504008,Assis,SP,2025,14.13,6510.55,46061.39,6234.69,275.86,102.7,14.17
3504107,Atibaia,SP,2025,30.78,14726.57,47851.71,13596.25,1130.32,351.01,31.0
3504206,Auriflama,SP,2025,6.34,2753.53,43450.39,1929.56,823.97,60.94,6.35
3504305,Avaí,SP,2025,14.12,7632.61,54068.98,6690.41,942.2,46.44,14.13
3504404,Avanhandava,SP,2025,7.82,2645.85,33837.03,1385.33,1260.52,29.26,7.83
3504503,Avaré,SP,2025,13.65,16557.96,121308.28,16007.76,550.2,7210.56,14.51
3504602,Bady Bassitt,SP,2025,6.86,757.63,11036.41,709.54,48.09,18.4,6.88
3504701,Balbinos,SP,2025,7.23,662.43,9163.1,465.86,196.56,7.4,7.24
3504800,Bálsamo,SP,2025,8.71,1304.91,14988.91,1273.75,31.16,21.19,8.72
3504909,Bananal,SP,2025,56.43,34784.85,61644.63,33626.68,1158.16,69.14,56.49
3505005,Barão de Antonina,SP,2025,13.1,2006.73,15315.84,1886.25,120.48,2147.51,15.24
3505104,Barbosa,SP,2025,9.05,1856.99,20520.81,1013.85,843.14,2408.94,10.25
3505203,Bariri,SP,2025,5.44,2419.6,44439.68,1971.07,448.53,1708.86,5.66
3505302,Barra Bonita,SP,2025,4.39,658.41,15011.23,593.69,64.72,1180.88,4.76
3505351,Barra do Chapéu,SP,2025,53.81,21829.52,40569.9,21230.77,598.76,19.58,53.83
3505401,Barra do Turvo,SP,2025,76.77,77361.91,100769.31,77316.14,45.77,46.34,76.81
3505500,Barretos,SP,2025,11.85,18561.69,156620.59,15152.88,3408.81,2204.1,12.02
3505609,Barrinha,SP,2025,8.69,1268.49,14604.8,309.81,958.68,148.6,8.77
3505708,Barueri,SP,2025,11.09,728.54,6569.32,695.52,33.02,85.12,11.24
3505807,Bastos,SP,2025,7.79,1331.27,17089.89,1252.02,79.25,52.83,7.81
3505906,Batatais,SP,2025,13.1,11130.84,84947.6,10581.2,549.64,216.23,13.14
3506003,Bauru,SP,2025,15.0,10015.88,66769.6,9366.75,649.14,119.35,15.03
3506102,Bebedouro,SP,2025,7.55,5160.33,68314.48,4553.77,606.56,159.14,7.57
3506201,Bento de Abreu,SP,2025,7.65,2308.84,30168.95,1687.1,621.74,52.3,7.67
3506300,Bernardino de Campos,SP,2025,8.65,2111.74,24411.73,2022.56,89.19,427.52,8.8
3506359,Bertioga,SP,2025,86.39,42271.37,48928.65,42027.81,243.56,760.8,87.76
3506409,Bilac,SP,2025,4.27,675.3,15803.24,542.17,133.13,14.34,4.28
3506508,Birigui,SP,2025,5.35,2835.19,53001.95,2077.45,757.73,813.46,5.43
3506607,Biritiba Mirim,SP,2025,62.69,19899.34,31740.54,19415.31,484.02,1086.47,64.92
3506706,Boa Esperança do Sul,SP,2025,16.2,11189.51,69076.51,8739.0,2450.51,71.78,16.22
3506805,Bocaina,SP,2025,16.97,6174.06,36392.2,5315.11,858.95,49.94,16.99
3506904,Bofete,SP,2025,30.97,20242.27,65355.21,19618.7,623.57,82.94,31.01
3507001,Boituva,SP,2025,11.9,2963.29,24897.12,2304.08,659.22,126.8,11.96
3507100,Bom Jesus dos Perdões,SP,2025,57.64,6245.48,10836.23,5947.64,297.84,16.97,57.73
3507159,Bom Sucesso de Itararé,SP,2025,54.88,7331.5,13359.44,6760.85,570.65,13.39,54.93
3507209,Borá,SP,2025,11.84,1408.43,11895.89,1297.74,110.7,9.95,11.85
3507308,Boracéia,SP,2025,5.1,622.24,12210.92,554.79,67.45,1477.21,5.8
3507407,Borborema,SP,2025,5.44,3006.82,55226.25,2481.27,525.55,2605.77,5.71
3507456,Borebi,SP,2025,17.3,6020.69,34799.61,5544.8,475.89,44.22,17.32
3507506,Botucatu,SP,2025,19.27,28572.68,148261.63,27836.82,735.87,5699.51,20.04
3507605,Bragança Paulista,SP,2025,16.85,8636.17,51256.76,7975.76,660.41,1251.74,17.27
3507704,Braúna,SP,2025,5.78,1128.3,19518.32,939.41,188.89,5.92,5.78
3507753,Brejo Alegre,SP,2025,5.56,587.4,10568.58,340.34,247.06,1010.64,6.15
3507803,Brodowski,SP,2025,12.63,3515.71,27842.77,3143.26,372.45,98.01,12.67
3507902,Brotas,SP,2025,18.31,20164.2,110137.43,18858.43,1305.77,553.55,18.4
3508009,Buri,SP,2025,25.36,30339.79,119649.15,26981.45,3358.35,443.76,25.45
3508108,Buritama,SP,2025,7.14,2335.38,32694.22,1993.49,341.89,3809.79,8.09
3508207,Buritizal,SP,2025,17.36,4626.13,26641.87,4525.66,100.48,26.47,17.38
3508306,Cabrália Paulista,SP,2025,16.11,3867.06,23997.92,3477.97,389.09,14.4,16.12
3508405,Cabreúva,SP,2025,50.79,13217.17,26022.56,13002.14,215.03,243.48,51.27
3508504,Caçapava,SP,2025,16.78,6191.74,36898.87,5883.98,307.76,843.21,17.17
3508603,Cachoeira Paulista,SP,2025,13.84,3985.93,28799.08,3618.72,367.21,275.75,13.97
3508702,Caconde,SP,2025,20.05,9386.49,46820.2,9385.41,1.08,2352.03,21.11
3508801,Cafelândia,SP,2025,10.98,10107.71,92027.74,8361.94,1745.77,3905.61,11.47
3508900,Caiabu,SP,2025,8.47,2147.16,25335.63,2015.02,132.14,36.65,8.49
3509007,Caieiras,SP,2025,49.57,4840.77,9764.61,4733.45,107.32,34.13,49.75
3509106,Caiuá,SP,2025,9.62,5300.86,55115.89,2206.86,3094.0,624.01,9.73
3509205,Cajamar,SP,2025,48.18,6329.02,13137.05,6212.0,117.02,69.74,48.43
3509254,Cajati,SP,2025,59.79,27171.94,45448.89,27085.16,86.78,77.32,59.89
3509304,Cajobi,SP,2025,7.22,1276.53,17692.02,1151.86,124.67,64.68,7.24
3509403,Cajuru,SP,2025,28.65,18911.16,66011.68,18494.93,416.23,330.54,28.79
3509452,Campina do Monte Alegre,SP,2025,18.9,3486.31,18447.4,2487.34,998.97,129.55,19.03
3509502,Campinas,SP,2025,10.37,8241.18,79456.33,6143.65,2097.53,662.18,10.46
3509601,Campo Limpo Paulista,SP,2025,30.35,2410.0,7940.68,2187.14,222.86,13.26,30.4
3509700,Campos do Jordão,SP,2025,82.24,23849.81,28999.64,19967.44,3882.37,6.69,82.26
3509809,Campos Novos Paulista,SP,2025,12.75,6175.32,48419.53,5640.77,534.55,59.21,12.77
3509908,Cananéia,SP,2025,86.57,107032.01,123641.31,103938.64,3093.37,12362.91,96.18
3509957,Canas,SP,2025,10.52,559.74,5319.79,463.3,96.44,44.54,10.61
3510005,Cândido Mota,SP,2025,3.85,2295.03,59579.15,1882.79,412.25,1580.22,3.96
3510104,Cândido Rodrigues,SP,2025,4.09,289.71,7089.64,264.69,25.02,1.84,4.09
3510153,Canitar,SP,2025,4.44,254.84,5745.4,166.62,88.22,66.77,4.49
3510203,Capão Bonito,SP,2025,40.8,66927.29,164020.99,65146.08,1781.21,321.59,40.88
3510302,Capela do Alto,SP,2025,18.28,3105.05,16990.29,2544.81,560.25,83.15,18.37
3510401,Capivari,SP,2025,9.14,2951.68,32290.6,2693.05,258.63,112.64,9.17
3510500,Caraguatatuba,SP,2025,79.47,38492.99,48438.07,37743.66,749.33,114.82,79.66
3510609,Carapicuíba,SP,2025,5.56,192.07,3453.69,173.67,18.39,5.67,5.57
3510708,Cardoso,SP,2025,10.29,6578.49,63924.45,4642.91,1935.58,7376.71,11.63
3510807,Casa Branca,SP,2025,14.41,12452.48,86421.53,11244.8,1207.68,1107.97,14.6
3510906,Cássia dos Coqueiros,SP,2025,31.13,5966.83,19168.34,5947.88,18.95,22.53,31.17
3511003,Castilho,SP,2025,18.76,19981.23,106530.9,9106.66,10874.57,7272.28,20.13
3511102,Catanduva,SP,2025,6.08,1765.64,29059.5,1454.7,310.94,36.84,6.08
3511201,Catiguá,SP,2025,6.0,890.66,14840.27,732.38,158.28,15.71,6.01
3511300,Cedral,SP,2025,5.98,1182.24,19782.91,1015.54,166.71,31.28,5.99
3511409,Cerqueira César,SP,2025,11.62,5947.01,51161.15,5710.6,236.41,2776.12,12.29
3511508,Cerquilho,SP,2025,8.01,1024.33,12781.76,629.63,394.69,131.18,8.1
3511607,Cesário Lange,SP,2025,9.39,1788.35,19036.87,1244.42,543.94,184.34,9.49
3511706,Charqueada,SP,2025,11.26,1979.8,17583.61,1929.25,50.55,36.73,11.28
3511904,Clementina,SP,2025,4.77,803.67,16859.36,570.32,233.35,16.57,4.77
3512001,Colina,SP,2025,7.55,3188.86,42231.24,2715.02,473.84,126.19,7.57
3512100,Colômbia,SP,2025,12.96,9445.93,72864.39,7718.25,1727.68,4496.35,13.82
3512209,Conchal,SP,2025,8.47,1547.87,18281.1,1450.96,96.91,84.83,8.51
3512308,Conchas,SP,2025,12.59,5868.07,46610.71,5379.21,488.85,468.48,12.72
3512407,Cordeirópolis,SP,2025,7.21,991.6,13756.07,757.61,233.99,186.81,7.31
3512506,Coroados,SP,2025,5.87,1448.34,24684.01,911.02,537.32,64.56,5.88
3512605,Coronel Macedo,SP,2025,11.67,3545.59,30378.35,3032.84,512.75,287.82,11.78
3512704,Corumbataí,SP,2025,19.7,5490.23,27864.44,5417.27,72.96,42.53,19.73
3512803,Cosmópolis,SP,2025,9.94,1537.97,15468.42,1157.31,380.66,240.86,10.1
3512902,Cosmorama,SP,2025,9.65,4260.37,44167.88,3117.47,1142.9,58.65,9.66
3513009,Cotia,SP,2025,56.02,18149.06,32399.12,17779.16,369.9,374.54,56.67
3513108,Cravinhos,SP,2025,7.67,2388.61,31140.51,2082.27,306.35,131.89,7.7
3513207,Cristais Paulista,SP,2025,20.09,7738.66,38522.83,7713.56,25.1,48.43,20.11
3513306,Cruzália,SP,2025,2.18,325.27,14933.13,208.96,116.31,465.72,2.25
3513405,Cruzeiro,SP,2025,36.95,11294.58,30569.3,10848.72,445.86,197.32,37.19
3513504,Cubatão,SP,2025,60.46,8640.25,14289.78,8577.42,62.83,1080.15,65.41
3513603,Cunha,SP,2025,36.16,50882.18,140728.6,47369.26,3512.92,50.2,36.17
3513702,Descalvado,SP,2025,21.8,16427.12,75370.97,15120.69,1306.42,296.13,21.88
3513801,Diadema,SP,2025,5.57,171.33,3073.68,170.27,1.07,58.48,5.68
3513850,Dirce Reis,SP,2025,11.66,1027.34,8813.67,827.15,200.19,9.4,11.67
3513900,Divinolândia,SP,2025,18.33,4102.38,22376.58,4101.38,1.0,125.95,18.44
3514007,Dobrada,SP,2025,3.1,464.24,14970.95,324.02,140.23,44.07,3.11
3514106,Dois Córregos,SP,2025,10.8,6834.66,63297.04,6637.65,197.01,2348.83,11.21
3514205,Dolcinópolis,SP,2025,4.36,339.75,7793.81,125.01,214.74,12.61,4.37
3514304,Dourado,SP,2025,23.02,4739.47,20587.4,4563.46,176.01,17.26,23.04
3514403,Dracena,SP,2025,9.6,4681.69,48770.45,2108.38,2573.31,95.41,9.62
3514502,Duartina,SP,2025,13.94,3688.2,26457.27,3117.61,570.59,22.69,13.95
3514601,Dumont,SP,2025,3.49,388.19,11137.4,269.17,119.02,25.12,3.49
3514700,Echaporã,SP,2025,16.62,8564.55,51527.54,7900.39,664.16,27.98,16.63
3514809,Eldorado,SP,2025,85.06,140714.97,165421.68,140641.4,73.58,1126.82,85.65
3514908,Elias Fausto,SP,2025,5.05,1020.9,20235.28,735.6,285.31,176.2,5.09
3514924,Elisiário,SP,2025,9.37,880.59,9397.76,804.93,75.66,11.53,9.38
3514957,Embaúba,SP,2025,6.32,525.63,8311.49,476.03,49.6,29.95,6.35
3515004,Embu das Artes,SP,2025,33.66,2369.81,7039.39,2276.59,93.22,21.91,33.77
3515103,Embu-Guaçu,SP,2025,63.91,9946.96,15563.56,9194.34,752.61,122.94,64.42
3515129,Emilianópolis,SP,2025,5.58,1256.15,22516.56,615.26,640.89,57.74,5.59
3515152,Engenheiro Coelho,SP,2025,8.86,973.53,10993.56,877.1,96.43,101.46,8.94
3515186,Espírito Santo do Pinhal,SP,2025,20.77,8085.39,38922.57,8057.95,27.44,286.94,20.93
3515194,Espírito Santo do Turvo,SP,2025,8.53,1652.01,19368.16,1471.58,180.44,14.79,8.54
3515202,Estrela d'Oeste,SP,2025,8.59,2546.46,29628.63,1656.6,889.85,61.65,8.61
3515301,Estrela do Norte,SP,2025,11.04,2926.67,26501.24,1588.54,1338.13,7.45,11.05
3515350,Euclides da Cunha Paulista,SP,2025,9.89,5675.01,57388.95,4130.99,1544.02,5279.31,10.89
3515400,Fartura,SP,2025,12.3,5278.39,42916.38,5167.87,110.51,7764.98,15.02
3515509,Fernandópolis,SP,2025,7.82,4299.87,54976.26,2877.63,1422.24,113.48,7.84
3515608,Fernando Prestes,SP,2025,5.73,973.6,16997.78,857.48,116.12,6.51,5.73
3515657,Fernão,SP,2025,16.12,1620.06,10051.03,1359.81,260.25,4.06,16.12
3515707,Ferraz de Vasconcelos,SP,2025,16.08,475.29,2954.94,463.96,11.33,0.66,16.09
3515806,Flora Rica,SP,2025,4.9,1100.6,22471.61,571.27,529.33,125.79,4.93
3515905,Floreal,SP,2025,6.67,1361.9,20422.22,1137.7,224.2,9.89,6.67
3516002,Flórida Paulista,SP,2025,4.75,2488.8,52411.06,1958.96,529.84,120.16,4.76
3516101,Florínea,SP,2025,3.76,849.09,22589.21,748.22,100.87,2775.45,4.29
3516200,Franca,SP,2025,20.02,12125.25,60570.47,11788.21,337.04,108.42,20.05
3516309,Francisco Morato,SP,2025,28.11,1377.74,4900.5,1344.66,33.08,3.04,28.13
3516408,Franco da Rocha,SP,2025,48.63,6456.25,13277.31,5100.14,1356.11,136.31,49.13
3516507,Gabriel Monteiro,SP,2025,5.32,738.29,13868.12,630.63,107.66,11.0,5.33
3516606,Gália,SP,2025,20.44,7275.47,35590.26,6781.13,494.34,40.85,20.47
3516705,Garça,SP,2025,18.02,10014.05,55582.01,9672.28,341.77,53.23,18.03
3516804,Gastão Vidigal,SP,2025,8.51,1537.17,18057.84,1190.12,347.05,25.11,8.52
3516853,Gavião Peixoto,SP,2025,9.01,2195.87,24375.02,1959.67,236.19,51.64,9.03
3516903,General Salgado,SP,2025,8.04,3973.82,49436.08,3248.77,725.05,38.46,8.04
3517000,Getulina,SP,2025,9.01,6100.15,67674.93,4380.26,1719.9,93.55,9.03
3517109,Glicério,SP,2025,5.29,1442.59,27280.46,788.49,654.09,2240.48,5.76
3517208,Guaiçara,SP,2025,5.42,1501.97,27714.75,1197.54,304.42,1958.33,5.83
3517307,Guaimbê,SP,2025,6.51,1418.39,21780.64,1171.72,246.67,44.38,6.53
3517406,Guaíra,SP,2025,9.34,11750.3,125843.93,6839.62,4910.68,4048.91,9.65
3517505,Guapiaçu,SP,2025,7.59,2468.04,32513.4,2177.78,290.25,58.71,7.6
3517604,Guapiara,SP,2025,51.13,20877.64,40831.35,20206.89,670.75,36.44,51.18
3517703,Guará,SP,2025,6.76,2447.62,36217.37,2229.79,217.83,518.23,6.86
3517802,Guaraçaí,SP,2025,12.72,7243.12,56920.54,5709.81,1533.31,115.39,12.75
3517901,Guaraci,SP,2025,8.65,5545.89,64148.75,4949.79,596.09,8336.03,9.94
3518008,Guarani d'Oeste,SP,2025,7.88,674.92,8569.59,319.09,355.83,9.5,7.88
3518107,Guarantã,SP,2025,11.29,5212.62,46176.07,4442.18,770.44,42.89,11.3
3518206,Guararapes,SP,2025,7.18,6857.15,95563.99,5063.37,1793.79,604.87,7.22
3518305,Guararema,SP,2025,32.1,8692.23,27082.18,8518.77,173.47,156.7,32.28
3518404,Guaratinguetá,SP,2025,34.17,25720.71,75263.92,23809.59,1911.12,184.01,34.26
3518503,Guareí,SP,2025,21.37,12135.72,56787.75,11788.77,346.95,120.54,21.42
3518602,Guariba,SP,2025,3.49,944.46,27031.79,681.57,262.9,115.91,3.51
3518701,Guarujá,SP,2025,51.56,7389.04,14331.37,7070.01,319.03,1192.58,56.24
3518800,Guarulhos,SP,2025,37.23,11863.28,31868.89,11628.38,234.9,134.43,37.38
3518859,Guatapará,SP,2025,11.81,4885.43,41357.52,3231.0,1654.43,375.51,11.92
3518909,Guzolândia,SP,2025,7.4,1869.13,25246.9,1142.1,727.03,48.54,7.42
3519006,Herculândia,SP,2025,3.82,1390.28,36425.07,823.88,566.4,26.74,3.82
3519055,Holambra,SP,2025,9.59,628.93,6557.47,454.23,174.69,59.11,9.68
3519071,Hortolândia,SP,2025,2.57,160.2,6240.63,13.37,146.83,23.11,2.58
3519105,Iacanga,SP,2025,9.15,5011.34,54739.57,4417.95,593.39,3260.74,9.73
3519204,Iacri,SP,2025,7.05,2270.2,32195.05,1513.65,756.55,51.74,7.06
3519253,Iaras,SP,2025,19.81,7952.51,40138.79,7566.08,386.43,191.76,19.91
3519303,Ibaté,SP,2025,15.41,4483.95,29098.84,4285.65,198.31,42.03,15.43
3519402,Ibirá,SP,2025,8.19,2227.11,27192.48,2051.63,175.48,31.0,8.2
3519501,Ibirarema,SP,2025,4.89,1115.21,22822.09,911.48,203.74,503.97,5.0
3519600,Ibitinga,SP,2025,9.71,6694.28,68939.84,3715.08,2979.2,3649.68,10.25
3519709,Ibiúna,SP,2025,63.94,67649.47,105809.62,66142.44,1507.03,2477.6,65.47
3519808,Icém,SP,2025,14.64,5303.19,36235.75,4175.82,1127.37,2968.4,15.94
3519907,Iepê,SP,2025,7.44,4427.79,59495.53,4241.23,186.57,7195.06,8.47
3520004,Igaraçu do Tietê,SP,2025,2.88,281.46,9776.32,196.17,85.29,409.97,3.01
3520103,Igarapava,SP,2025,14.31,6701.57,46835.92,6313.45,388.12,2115.74,14.99
3520202,Igaratá,SP,2025,38.25,11204.75,29294.38,10955.08,249.67,1646.16,40.53
3520301,Iguape,SP,2025,86.04,169924.44,197487.18,163340.37,6584.07,4743.93,88.16
3520400,Ilhabela,SP,2025,94.17,32395.99,34402.2,32281.64,114.35,244.14,94.84
3520426,Ilha Comprida,SP,2025,77.79,14879.49,19128.38,10304.95,4574.54,617.53,80.38
3520442,Ilha Solteira,SP,2025,4.48,2922.55,65264.44,1832.27,1090.28,15898.64,5.92
3520509,Indaiatuba,SP,2025,9.34,2909.82,31154.02,2177.95,731.86,382.94,9.46
3520608,Indiana,SP,2025,10.21,1321.36,12937.61,1244.86,76.5,5.23,10.22
3520707,Indiaporã,SP,2025,7.42,2073.71,27961.13,1531.38,542.33,4168.77,8.72
3520806,Inúbia Paulista,SP,2025,8.41,732.91,8712.4,708.87,24.04,27.79,8.44
3520905,Ipaussu,SP,2025,11.84,2480.74,20957.6,2278.63,202.11,970.97,12.41
3521002,Iperó,SP,2025,34.33,5846.05,17030.01,4863.89,982.16,166.92,34.67
3521101,Ipeúna,SP,2025,19.25,3657.83,19001.48,3629.6,28.23,43.8,19.29
3521150,Ipiguá,SP,2025,9.2,1251.49,13603.02,1093.94,157.55,13.49,9.21
3521200,Iporanga,SP,2025,91.72,105668.53,115208.56,105640.13,28.4,698.09,92.28
3521309,Ipuã,SP,2025,7.62,3552.82,46645.8,2826.75,726.07,207.57,7.65
3521408,Iracemápolis,SP,2025,9.15,1053.84,11511.48,886.36,167.47,235.7,9.35
3521507,Irapuã,SP,2025,10.41,2680.51,25761.06,2526.46,154.05,584.9,10.65
3521606,Irapuru,SP,2025,4.73,1015.16,21445.65,764.62,250.54,28.36,4.74
3521705,Itaberá,SP,2025,18.4,20241.29,110022.31,17263.44,2977.86,511.58,18.48
3521804,Itaí,SP,2025,12.56,13725.97,109287.99,11291.48,2434.49,10586.01,13.91
3521903,Itajobi,SP,2025,5.84,2934.32,50205.63,2731.95,202.36,74.73,5.85
3522000,Itaju,SP,2025,9.55,2200.79,23034.23,1238.12,962.67,1463.5,10.2
3522109,Itanhaém,SP,2025,83.01,49724.53,59901.37,49036.81,687.72,254.62,83.37
3522158,Itaoca,SP,2025,45.27,8284.76,18302.32,8283.46,1.3,47.96,45.39
3522208,Itapecerica da Serra,SP,2025,54.85,8268.6,15075.44,8043.77,224.82,93.56,55.19
3522307,Itapetininga,SP,2025,20.91,37412.65,178935.95,33627.22,3785.43,667.37,20.99
3522406,Itapeva,SP,2025,22.39,40892.1,182625.23,38288.02,2604.07,775.8,22.49
3522505,Itapevi,SP,2025,35.82,2960.4,8265.3,2900.53,59.87,18.07,35.9
3522604,Itapira,SP,2025,15.29,7928.99,51842.85,6840.66,1088.33,499.99,15.44
3522653,Itapirapuã Paulista,SP,2025,50.67,20595.64,40647.57,20448.18,147.46,48.95,50.73
3522703,Itápolis,SP,2025,6.44,6418.01,99677.68,5912.04,505.96,117.11,6.45
3522802,Itaporanga,SP,2025,13.51,6864.35,50802.4,6522.48,341.88,1478.2,13.92
3522901,Itapuí,SP,2025,2.3,321.92,14003.07,230.4,91.52,1205.04,2.52
3523008,Itapura,SP,2025,6.06,1826.99,30162.57,1217.04,609.96,4152.13,7.02
3523107,Itaquaquecetuba,SP,2025,6.98,576.61,8261.67,493.53,83.08,118.9,7.08
3523206,Itararé,SP,2025,23.86,23955.98,100388.38,22089.09,1866.89,115.38,23.89
3523305,Itariri,SP,2025,79.38,21722.5,27365.98,21706.5,16.0,6.86,79.4
3523404,Itatiba,SP,2025,17.66,5690.05,32227.81,5446.2,243.84,321.26,17.83
3523503,Itatinga,SP,2025,19.53,19131.59,97981.67,18662.71,468.88,2793.73,20.1
3523602,Itirapina,SP,2025,24.96,14090.36,56459.77,13332.99,757.37,411.8,25.14
3523701,Itirapuã,SP,2025,18.8,3028.72,16111.76,3028.72,0.0,11.65,18.81
3523800,Itobi,SP,2025,11.75,1633.41,13897.83,1580.84,52.57,158.71,11.89
3523909,Itu,SP,2025,21.67,13884.17,64072.58,12937.75,946.43,501.87,21.84
3524006,Itupeva,SP,2025,18.69,3755.28,20087.45,3645.07,110.2,222.87,18.9
3524105,Ituverava,SP,2025,9.02,6353.58,70467.65,5282.45,1071.13,223.92,9.05
3524204,Jaborandi,SP,2025,7.89,2157.81,27342.44,1395.73,762.07,326.92,7.99
3524303,Jaboticabal,SP,2025,4.19,2963.57,70659.73,2132.54,831.02,320.98,4.21
3524402,Jacareí,SP,2025,18.09,8400.65,46426.01,7997.69,402.96,2551.28,19.15
3524501,Jaci,SP,2025,7.78,1128.87,14513.33,1056.45,72.43,40.39,7.8
3524600,Jacupiranga,SP,2025,75.22,52965.36,70411.66,52797.88,167.48,84.43,75.31
3524709,Jaguariúna,SP,2025,10.63,1503.76,14140.79,824.17,679.59,207.28,10.79
3524808,Jales,SP,2025,6.83,2516.67,36857.48,1774.15,742.52,48.12,6.84
3524907,Jambeiro,SP,2025,27.58,5086.39,18441.46,5015.79,70.6,474.54,28.31
3525003,Jandira,SP,2025,9.46,165.22,1746.59,153.32,11.91,2.38,9.47
3525102,Jardinópolis,SP,2025,10.94,5490.99,50187.32,4671.8,819.19,338.91,11.02
3525201,Jarinu,SP,2025,29.16,6051.11,20754.36,5856.53,194.57,171.21,29.4
3525300,Jaú,SP,2025,4.32,2970.09,68707.62,2611.01,359.08,1002.06,4.39
3525409,Jeriquara,SP,2025,12.95,1839.11,14197.71,1836.01,3.11,32.49,12.98
3525508,Joanópolis,SP,2025,38.26,14321.73,37429.74,14153.77,167.96,1171.26,39.5
3525607,João Ramalho,SP,2025,8.67,3602.82,41542.59,2899.02,703.81,18.98,8.68
3525706,José Bonifácio,SP,2025,6.94,5967.52,86021.17,4708.96,1258.56,1426.45,7.05
3525805,Júlio Mesquita,SP,2025,9.74,1248.56,12817.88,1178.62,69.94,3.74,9.74
3525854,Jumirim,SP,2025,10.42,590.3,5665.97,526.85,63.44,66.91,10.54
3525904,Jundiaí,SP,2025,37.37,16112.88,43121.34,15833.82,279.07,347.73,37.67
3526001,Junqueirópolis,SP,2025,7.44,4331.71,58256.51,2062.69,2269.02,145.31,7.45
3526100,Juquiá,SP,2025,80.87,65729.82,81283.25,65448.12,281.71,670.2,81.54
3526209,Juquitiba,SP,2025,87.23,45547.72,52216.43,45479.19,68.53,550.2,88.16
3526308,Lagoinha,SP,2025,26.66,6812.0,25547.62,6457.79,354.21,57.68,26.72
3526407,Laranjal Paulista,SP,2025,6.89,2647.98,38426.9,2325.32,322.66,540.76,6.99
3526506,Lavínia,SP,2025,6.77,3640.92,53768.07,3007.38,633.54,647.46,6.85
3526605,Lavrinhas,SP,2025,40.58,6778.67,16705.85,6204.57,574.1,173.04,41.0
3526704,Leme,SP,2025,8.86,3569.95,40287.3,3213.77,356.18,379.46,8.95
3526803,Lençóis Paulista,SP,2025,8.34,6751.12,80952.95,6356.27,394.85,117.73,8.35
3526902,Limeira,SP,2025,7.37,4282.74,58072.44,4080.92,201.82,377.8,7.42
3527009,Lindóia,SP,2025,15.47,754.14,4876.36,732.63,21.51,58.17,15.65
3527108,Lins,SP,2025,7.7,4387.86,57004.48,3717.01,670.85,1299.08,7.88
3527207,Lorena,SP,2025,21.85,9049.15,41419.27,8449.56,599.59,226.98,21.97
3527256,Lourdes,SP,2025,10.46,1191.2,11393.58,901.77,289.43,64.89,10.51
3527306,Louveira,SP,2025,19.62,1093.43,5572.99,1085.68,7.75,42.28,19.77
3527405,Lucélia,SP,2025,5.23,1645.49,31480.13,1490.56,154.93,98.31,5.24
3527504,Lucianópolis,SP,2025,13.84,2622.78,18952.15,2255.42,367.36,13.49,13.85
3527603,Luís Antônio,SP,2025,30.02,17958.63,59826.82,15899.76,2058.87,448.78,30.24
3527702,Luiziânia,SP,2025,7.91,1317.71,16656.7,873.37,444.34,40.78,7.93
3527801,Lupércio,SP,2025,23.8,3692.56,15517.43,3544.46,148.1,11.26,23.81
3527900,Lutécia,SP,2025,11.47,5448.45,47520.7,4832.7,615.74,42.86,11.48
3528007,Macatuba,SP,2025,4.51,1011.65,22451.57,885.92,125.73,698.1,4.65
3528106,Macaubal,SP,2025,8.49,2106.68,24807.66,1851.8,254.87,11.8,8.5
3528205,Macedônia,SP,2025,8.67,2841.34,32757.69,1808.96,1032.38,278.2,8.75
3528304,Magda,SP,2025,13.77,4299.87,31228.59,3935.58,364.28,28.84,13.78
3528403,Mairinque,SP,2025,36.67,7705.26,21013.86,7103.44,601.82,362.25,37.31
3528502,Mairiporã,SP,2025,65.14,20890.52,32069.87,20481.93,408.59,411.96,65.99
3528601,Manduri,SP,2025,10.3,2358.52,22905.98,2126.11,232.41,115.05,10.35
3528700,Marabá Paulista,SP,2025,8.24,7581.25,91950.86,3949.62,3631.63,128.36,8.26
3528809,Maracaí,SP,2025,4.9,2612.08,53350.32,2255.74,356.34,3149.69,5.2
3528858,Marapoama,SP,2025,4.42,491.41,11126.02,449.09,42.32,20.95,4.43
3528908,Mariápolis,SP,2025,2.56,477.6,18654.77,430.11,47.49,87.23,2.57
3529005,Marília,SP,2025,16.24,19004.7,117051.27,17558.65,1446.05,127.11,16.25
3529104,Marinópolis,SP,2025,5.26,409.23,7781.63,221.94,187.29,87.88,5.32
3529203,Martinópolis,SP,2025,8.83,11075.71,125408.44,9584.67,1491.04,278.57,8.85
3529302,Matão,SP,2025,10.58,5551.88,52492.75,5143.63,408.25,99.82,10.6
3529401,Mauá,SP,2025,17.27,1069.81,6193.02,1045.6,24.2,25.77,17.35
3529500,Mendonça,SP,2025,8.87,1731.15,19512.63,1507.47,223.68,1280.17,9.49
3529609,Meridiano,SP,2025,12.87,2938.09,22821.47,2481.62,456.47,26.77,12.89
3529658,Mesópolis,SP,2025,4.83,718.34,14863.84,485.65,232.69,1081.58,5.21
3529708,Miguelópolis,SP,2025,6.37,5226.59,82080.94,3312.79,1913.79,11387.89,7.39
3529807,Mineiros do Tietê,SP,2025,8.33,1776.65,21325.7,1754.3,22.35,1400.73,8.92
3529906,Miracatu,SP,2025,86.11,86236.21,100147.51,86172.72,63.49,353.21,86.41
3530003,Mira Estrela,SP,2025,7.11,1541.52,21682.08,1089.5,452.03,5093.78,9.29
3530102,Mirandópolis,SP,2025,8.61,7904.07,91770.37,6637.75,1266.32,855.2,8.69
3530201,Mirante do Paranapanema,SP,2025,6.6,8175.95,123895.36,2961.22,5214.73,302.09,6.62
3530300,Mirassol,SP,2025,7.3,1776.09,24321.68,1609.61,166.48,53.73,7.32
3530409,Mirassolândia,SP,2025,9.44,1567.88,16612.86,1251.39,316.49,33.11,9.46
3530508,Mococa,SP,2025,17.3,14791.31,85515.53,14416.56,374.75,772.67,17.45
3530607,Mogi das Cruzes,SP,2025,45.35,32316.17,71255.21,30375.0,1941.17,2113.63,46.74
3530706,Mogi Guaçu,SP,2025,15.76,12807.42,81270.72,12314.08,493.35,1056.02,15.97
3530805,Mogi Mirim,SP,2025,7.04,3503.69,49772.82,2642.53,861.16,486.7,7.11
3530904,Mombuca,SP,2025,11.47,1533.96,13369.05,1510.77,23.18,17.57,11.49
3531001,Monções,SP,2025,8.22,857.99,10438.84,515.0,342.99,61.25,8.27
3531100,Mongaguá,SP,2025,67.93,9584.37,14108.84,9437.95,146.42,4.99,67.96
3531209,Monte Alegre do Sul,SP,2025,29.32,3234.37,11029.42,3184.96,49.42,22.06,29.38
3531308,Monte Alto,SP,2025,7.53,2613.15,34696.46,2335.26,277.89,83.12,7.55
3531407,Monte Aprazível,SP,2025,6.72,3332.0,49555.69,2793.08,538.92,68.66,6.73
3531506,Monte Azul Paulista,SP,2025,5.72,1507.64,26345.73,1411.85,95.79,50.94,5.73
3531605,Monte Castelo,SP,2025,16.03,3743.87,23355.17,1863.01,1880.87,88.68,16.09
3531704,Monteiro Lobato,SP,2025,57.31,19071.72,33275.62,18921.76,149.95,32.17,57.37
3531803,Monte Mor,SP,2025,8.48,2040.23,24057.56,916.36,1123.87,207.02,8.55
3531902,Morro Agudo,SP,2025,8.43,11698.73,138810.95,6581.37,5117.37,1544.39,8.52
3532009,Morungaba,SP,2025,22.83,3350.29,14674.4,3231.7,118.59,102.66,22.99
3532058,Motuca,SP,2025,9.16,2096.05,22870.66,1554.46,541.59,181.52,9.24
3532108,Murutinga do Sul,SP,2025,7.96,1997.0,25084.73,1635.6,361.41,12.37,7.96
3532157,Nantes,SP,2025,6.13,1758.27,28667.48,1630.7,127.56,3521.6,6.99
3532207,Narandiba,SP,2025,13.6,4860.51,35733.38,4085.85,774.66,805.55,13.92
3532306,Natividade da Serra,SP,2025,47.77,39812.53,83336.77,39032.27,780.26,7559.45,52.54
3532405,Nazaré Paulista,SP,2025,51.52,16807.44,32626.3,16567.97,239.47,2048.47,54.97
3532504,Neves Paulista,SP,2025,6.19,1355.66,21905.79,1196.16,159.51,37.4,6.2
3532603,Nhandeara,SP,2025,8.84,3853.89,43615.65,3242.35,611.54,23.29,8.84
3532702,Nipoã,SP,2025,7.34,1009.87,13760.07,853.76,156.1,10.96,7.34
3532801,Nova Aliança,SP,2025,10.49,2282.45,21750.95,2187.35,95.1,42.13,10.51
3532827,Nova Campina,SP,2025,42.13,16235.72,38538.15,15255.28,980.45,25.67,42.16
3532843,Nova Canaã Paulista,SP,2025,4.61,573.7,12446.33,319.44,254.26,270.48,4.71
3532868,Nova Castilho,SP,2025,9.16,1680.55,18337.98,1356.15,324.4,28.38,9.18
3532900,Nova Europa,SP,2025,8.15,1306.43,16023.98,998.55,307.88,48.65,8.18
3533007,Nova Granada,SP,2025,10.56,5615.78,53183.09,4382.67,1233.1,167.56,10.59
3533106,Nova Guataporanga,SP,2025,2.62,89.6,3415.12,42.8,46.8,3.0,2.63
3533205,Nova Independência,SP,2025,13.43,3558.56,26503.23,1839.29,1719.27,110.64,13.48
3533254,Novais,SP,2025,6.64,782.43,11778.93,693.22,89.22,3.09,6.64
3533304,Nova Luzitânia,SP,2025,10.6,782.89,7383.49,688.18,94.72,32.05,10.65
3533403,Nova Odessa,SP,2025,6.57,484.82,7377.72,288.49,196.33,160.06,6.72
3533502,Novo Horizonte,SP,2025,12.35,11508.42,93176.06,10953.93,554.49,11491.08,14.09
3533601,Nuporanga,SP,2025,8.91,3101.88,34827.13,3009.7,92.18,94.43,8.93
3533700,Ocauçu,SP,2025,18.91,5692.14,30102.16,5092.83,599.31,13.99,18.92
3533809,Óleo,SP,2025,9.04,1798.67,19895.27,1732.99,65.68,28.71,9.05
3533908,Olímpia,SP,2025,9.87,7921.92,80255.36,6820.96,1100.96,130.84,9.89
3534005,Onda Verde,SP,2025,9.08,2204.86,24292.42,1904.32,300.54,52.38,9.1
3534104,Oriente,SP,2025,18.6,4067.16,21867.55,3790.91,276.25,31.52,18.63
3534203,Orindiúva,SP,2025,10.7,2646.89,24737.98,1869.53,777.36,348.48,10.85
3534302,Orlândia,SP,2025,7.09,2069.28,29177.16,2029.57,39.71,48.74,7.1
3534401,Osasco,SP,2025,5.02,326.02,6497.53,313.29,12.73,38.36,5.05
3534500,Oscar Bressane,SP,2025,10.41,2311.66,22212.66,2191.86,119.8,20.73,10.42
3534609,Osvaldo Cruz,SP,2025,7.86,1949.02,24801.84,1853.95,95.07,49.79,7.87
3534708,Ourinhos,SP,2025,6.27,1855.08,29580.51,1207.33,647.74,562.64,6.39
3534757,Ouroeste,SP,2025,11.3,3261.8,28863.28,2527.58,734.21,709.29,11.59
3534807,Ouro Verde,SP,2025,12.44,3319.02,26678.2,1060.78,2258.23,60.79,12.47
3534906,Pacaembu,SP,2025,4.69,1591.24,33939.05,1074.45,516.79,51.2,4.7
3535002,Palestina,SP,2025,9.53,6650.1,69767.19,4552.74,2097.36,243.27,9.57
3535101,Palmares Paulista,SP,2025,7.06,579.63,8212.91,466.84,112.79,19.88,7.07
3535200,Palmeira d'Oeste,SP,2025,5.13,1635.51,31875.1,1133.55,501.96,93.27,5.15
3535309,Palmital,SP,2025,4.84,2654.78,54839.64,2033.19,621.59,1326.31,4.96
3535408,Panorama,SP,2025,12.84,4572.23,35602.2,1489.02,3083.21,4122.76,14.52
3535507,Paraguaçu Paulista,SP,2025,8.14,8153.54,100149.92,7017.69,1135.85,286.01,8.16
3535606,Paraibuna,SP,2025,34.67,28072.64,80960.39,27733.22,339.43,8263.7,38.62
3535705,Paraíso,SP,2025,6.36,986.28,15519.07,910.47,75.81,12.54,6.36
3535804,Paranapanema,SP,2025,14.46,14730.82,101867.68,13667.37,1063.44,8893.07,15.84
3535903,Paranapuã,SP,2025,4.42,620.65,14033.01,328.85,291.79,43.32,4.44
3536000,Parapuã,SP,2025,5.47,2005.95,36667.63,1634.51,371.43,79.04,5.48
3536109,Pardinho,SP,2025,18.42,3866.0,20990.26,3737.47,128.53,60.41,18.47
3536208,Pariquera-Açu,SP,2025,65.17,23421.46,35940.43,22923.87,497.59,95.21,65.34
3536257,Parisi,SP,2025,6.29,533.31,8473.86,356.9,176.4,11.42,6.3
3536307,Patrocínio Paulista,SP,2025,27.6,16641.0,60283.66,16023.71,617.29,108.35,27.65
3536406,Paulicéia,SP,2025,21.06,7877.64,37412.33,2895.43,4982.21,3162.47,23.0
3536505,Paulínia,SP,2025,10.3,1429.57,13877.44,510.76,918.81,145.23,10.41
3536570,Paulistânia,SP,2025,17.95,4598.27,25614.0,4350.88,247.39,12.24,17.96
3536604,Paulo de Faria,SP,2025,9.46,6982.91,73798.62,5531.45,1451.47,4749.36,10.11
3536703,Pederneiras,SP,2025,10.8,7857.02,72747.52,7360.55,496.47,1354.08,11.01
3536802,Pedra Bela,SP,2025,19.74,3131.2,15858.35,3046.53,84.67,17.51,19.77
3536901,Pedranópolis,SP,2025,8.99,2339.23,26009.42,1489.99,849.24,219.86,9.07
3537008,Pedregulho,SP,2025,29.26,20848.57,71261.17,20492.73,355.84,1098.1,29.71
3537107,Pedreira,SP,2025,17.2,1871.86,10881.39,1781.58,90.29,101.51,17.36
3537156,Pedrinhas Paulista,SP,2025,1.59,242.52,15231.77,139.55,102.97,2607.18,1.92
3537206,Pedro de Toledo,SP,2025,92.82,62232.05,67043.54,62224.78,7.27,12.02,92.84
3537305,Penápolis,SP,2025,5.62,3994.31,71129.05,2759.01,1235.3,3678.93,5.92
3537404,Pereira Barreto,SP,2025,5.55,5403.25,97425.51,4317.84,1085.41,23020.62,7.26
3537503,Pereiras,SP,2025,6.17,1377.86,22316.13,1329.67,48.2,112.71,6.21
3537602,Peruíbe,SP,2025,75.43,24430.94,32389.35,23724.34,706.6,350.92,76.26
3537701,Piacatu,SP,2025,9.54,2218.43,23249.76,1975.47,242.96,120.42,9.59
3537800,Piedade,SP,2025,44.92,33547.79,74685.24,33175.12,372.66,666.69,45.32
3537909,Pilar do Sul,SP,2025,31.32,21336.35,68126.76,20879.56,456.79,512.09,31.56
3538006,Pindamonhangaba,SP,2025,32.7,23912.47,73134.15,22886.18,1026.28,937.59,33.12
3538105,Pindorama,SP,2025,7.09,1309.83,18482.01,1115.54,194.29,35.49,7.1
3538204,Pinhalzinho,SP,2025,17.62,2723.57,15455.14,2680.71,42.86,77.05,17.71
3538303,Piquerobi,SP,2025,6.94,3351.69,48277.26,1542.32,1809.37,86.75,6.96
3538501,Piquete,SP,2025,51.47,9058.15,17599.94,8824.76,233.39,7.11,51.49
3538600,Piracaia,SP,2025,35.98,13872.41,38556.41,13277.9,594.51,2231.22,38.19
3538709,Piracicaba,SP,2025,12.0,16530.5,137808.13,14167.28,2363.22,2098.27,12.18
3538808,Piraju,SP,2025,16.42,8283.46,50459.26,8062.81,220.65,4442.55,18.0
3538907,Pirajuí,SP,2025,10.57,8709.91,82379.6,7499.15,1210.76,1722.54,10.8
3539004,Pirangi,SP,2025,5.25,1132.98,21580.56,1024.19,108.79,10.53,5.25
3539103,Pirapora do Bom Jesus,SP,2025,56.28,6106.37,10850.22,5820.26,286.12,491.22,58.95
3539202,Pirapozinho,SP,2025,7.09,3387.65,47765.68,2177.4,1210.25,2267.87,7.45
3539301,Pirassununga,SP,2025,14.97,10884.58,72715.72,10093.65,790.93,560.24,15.08
3539400,Piratininga,SP,2025,16.44,6616.74,40242.21,5883.51,733.23,34.37,16.46
3539509,Pitangueiras,SP,2025,5.61,2414.38,43063.29,846.69,1567.69,482.58,5.67
3539608,Planalto,SP,2025,13.36,3871.58,28983.32,2933.87,937.71,158.61,13.43
3539707,Platina,SP,2025,9.24,3027.0,32749.4,2877.66,149.34,23.4,9.25
3539806,Poá,SP,2025,4.95,85.41,1725.74,68.99,16.43,4.11,4.96
3539905,Poloni,SP,2025,6.47,874.61,13512.73,797.48,77.13,11.22,6.48
3540002,Pompéia,SP,2025,9.17,7192.13,78469.75,5620.33,1571.8,56.28,9.17
3540101,Pongaí,SP,2025,5.35,981.92,18338.68,806.36,175.56,923.74,5.64
3540200,Pontal,SP,2025,5.83,2075.95,35636.54,1281.43,794.52,402.49,5.89
3540259,Pontalinda,SP,2025,10.58,2217.26,20952.97,1689.46,527.8,20.39,10.59
3540309,Pontes Gestal,SP,2025,10.94,2380.39,21748.73,1682.69,697.7,483.93,11.19
3540408,Populina,SP,2025,7.14,2257.13,31596.48,1504.47,752.65,1976.2,7.62
3540507,Porangaba,SP,2025,10.84,2879.21,26570.56,2791.27,87.94,54.76,10.86
3540606,Porto Feliz,SP,2025,8.62,4799.5,55668.55,4095.43,704.07,721.84,8.73
3540705,Porto Ferreira,SP,2025,15.13,3706.03,24490.82,3319.72,386.31,318.41,15.33
3540754,Potim,SP,2025,3.52,156.94,4463.62,118.96,37.98,85.19,3.58
3540804,Potirendaba,SP,2025,7.1,2432.84,34248.9,2217.17,215.66,89.53,7.12
3540853,Pracinha,SP,2025,2.22,140.26,6304.32,127.7,12.55,24.19,2.23
3540903,Pradópolis,SP,2025,6.47,1082.44,16735.67,393.21,689.23,339.59,6.6
3541000,Praia Grande,SP,2025,62.73,9217.0,14693.34,9168.88,48.12,114.43,63.22
3541059,Pratânia,SP,2025,12.53,2193.74,17509.87,2132.23,61.52,57.13,12.57
3541109,Presidente Alves,SP,2025,19.16,5490.56,28661.05,5167.82,322.74,16.93,19.17
3541208,Presidente Bernardes,SP,2025,8.5,6370.58,74924.96,5158.82,1211.76,47.94,8.51
3541307,Presidente Epitácio,SP,2025,8.01,10098.13,126026.5,4433.0,5665.13,23749.04,9.87
3541406,Presidente Prudente,SP,2025,7.66,4294.78,56060.43,4059.63,235.14,130.73,7.68
3541505,Presidente Venceslau,SP,2025,8.35,6307.02,75518.05,2519.06,3787.96,187.56,8.37
3541604,Promissão,SP,2025,8.4,6543.58,77922.9,4925.91,1617.67,4123.62,8.87
3541653,Quadra,SP,2025,10.53,2165.05,20568.54,1862.36,302.69,312.39,10.69
3541703,Quatá,SP,2025,11.26,7331.46,65133.77,6385.81,945.65,65.36,11.27
3541802,Queiroz,SP,2025,8.39,1971.44,23490.65,975.78,995.67,15.64,8.4
3541901,Queluz,SP,2025,50.62,12624.76,24938.86,10676.44,1948.31,231.65,51.1
3542008,Quintana,SP,2025,12.82,4088.49,31893.91,3451.76,636.73,39.82,12.84
3542107,Rafard,SP,2025,8.01,973.94,12163.22,944.92,29.02,54.89,8.04
3542206,Rancharia,SP,2025,9.96,15816.36,158747.99,13702.47,2113.89,775.64,10.01
3542305,Redenção da Serra,SP,2025,33.15,10258.73,30943.58,10088.11,170.62,1172.55,34.46
3542404,Regente Feijó,SP,2025,6.54,1722.13,26331.08,1614.64,107.49,14.26,6.54
3542503,Reginópolis,SP,2025,11.4,4678.28,41041.4,4206.81,471.47,2504.12,12.14
3542602,Registro,SP,2025,54.49,39356.39,72221.23,38200.86,1155.53,1193.46,55.41
3542701,Restinga,SP,2025,17.64,4335.04,24573.68,4199.68,135.36,131.52,17.74
3542800,Ribeira,SP,2025,64.6,21688.56,33573.48,21676.01,12.55,214.5,65.02
3542909,Ribeirão Bonito,SP,2025,21.03,9915.96,47156.06,9573.25,342.71,51.87,21.05
3543006,Ribeirão Branco,SP,2025,46.36,32332.58,69748.17,31117.07,1215.52,145.1,46.45
3543105,Ribeirão Corrente,SP,2025,14.28,2118.35,14832.2,2117.35,1.01,24.41,14.31
3543204,Ribeirão do Sul,SP,2025,6.82,1385.53,20321.19,1287.31,98.22,32.88,6.83
3543238,Ribeirão dos Índios,SP,2025,7.16,1405.92,19643.3,627.29,778.62,65.24,7.18
3543253,Ribeirão Grande,SP,2025,67.36,22451.43,33332.8,22040.89,410.54,37.19,67.43
3543303,Ribeirão Pires,SP,2025,49.1,4858.28,9895.59,4762.79,95.49,480.52,51.6
3543402,Ribeirão Preto,SP,2025,7.36,4788.78,65093.86,4014.72,774.07,361.4,7.4
3543501,Riversul,SP,2025,16.95,6540.82,38586.57,5612.95,927.86,170.05,17.03
3543600,Rifaina,SP,2025,29.86,4852.2,16249.13,4803.4,48.79,2045.13,34.16
3543709,Rincão,SP,2025,11.65,3687.46,31664.66,1914.5,1772.96,421.52,11.8
3543808,Rinópolis,SP,2025,6.54,2342.87,35848.41,1983.9,358.97,135.63,6.56
3543907,Rio Claro,SP,2025,15.03,7489.29,49841.34,7257.65,231.64,215.84,15.09
3544004,Rio das Pedras,SP,2025,7.63,1730.45,22667.04,1621.9,108.55,109.87,7.67
3544103,Rio Grande da Serra,SP,2025,67.24,2443.68,3634.2,2311.32,132.36,1.72,67.27
3544202,Riolândia,SP,2025,9.39,5936.33,63192.36,5110.96,825.37,5736.51,10.33
3544251,Rosana,SP,2025,14.48,10772.21,74399.72,6178.86,4593.35,11673.74,17.17
3544301,Roseira,SP,2025,31.05,4032.87,12987.02,3917.21,115.66,370.52,31.97
3544400,Rubiácea,SP,2025,7.95,1880.97,23646.13,1496.58,384.39,77.96,7.98
3544509,Rubinéia,SP,2025,3.27,793.96,24286.51,609.61,184.34,8987.89,5.19
3544608,Sabino,SP,2025,9.61,2932.52,30525.89,2578.17,354.34,6341.25,12.13
3544707,Sagres,SP,2025,4.44,657.08,14795.56,568.73,88.35,32.58,4.45
3544806,Sales,SP,2025,16.33,5038.66,30857.6,4794.97,243.69,6061.32,20.32
3544905,Sales Oliveira,SP,2025,8.04,2457.97,30578.31,2332.02,125.95,102.03,8.07
3545001,Salesópolis,SP,2025,48.37,20557.38,42499.3,20318.73,238.66,2263.87,51.09
3545100,Salmourão,SP,2025,14.19,2454.08,17293.3,2342.97,111.11,70.73,14.25
3545159,Saltinho,SP,2025,11.48,1145.44,9973.4,1085.26,60.18,44.73,11.54
3545209,Salto,SP,2025,6.79,902.97,13306.71,608.83,294.14,232.3,6.91
3545308,Salto de Pirapora,SP,2025,17.38,4873.21,28042.84,4413.06,460.15,95.28,17.44
3545407,Salto Grande,SP,2025,7.77,1464.1,18845.98,1212.71,251.38,633.2,8.04
3545506,Sandovalina,SP,2025,8.02,3655.18,45583.25,1787.11,1868.06,1835.38,8.36
3545605,Santa Adélia,SP,2025,6.33,2091.87,33026.6,1780.3,311.57,33.62,6.34
3545704,Santa Albertina,SP,2025,4.14,1128.11,27271.48,812.91,315.21,3393.5,4.72
3545803,Santa Bárbara d'Oeste,SP,2025,6.33,1715.43,27101.54,1339.78,375.64,462.14,6.44
3546009,Santa Branca,SP,2025,25.59,6967.72,27226.11,6826.92,140.8,714.87,26.28
3546108,Santa Clara d'Oeste,SP,2025,4.83,885.48,18344.28,737.89,147.59,3446.22,5.94
3546207,Santa Cruz da Conceição,SP,2025,16.39,2459.93,15013.2,2388.34,71.59,170.34,16.57
3546256,Santa Cruz da Esperança,SP,2025,27.56,4080.88,14805.33,3795.15,285.74,214.45,27.97
3546306,Santa Cruz das Palmeiras,SP,2025,18.17,5365.8,29531.93,5051.74,314.06,187.08,18.29
3546405,Santa Cruz do Rio Pardo,SP,2025,8.82,9829.58,111473.28,9134.84,694.73,386.58,8.85
3546504,Santa Ernestina,SP,2025,5.37,722.18,13442.39,541.97,180.21,75.86,5.4
3546603,Santa Fé do Sul,SP,2025,5.55,1145.84,20654.92,978.64,167.2,2637.91,6.36
3546702,Santa Gertrudes,SP,2025,6.48,637.28,9829.59,501.62,135.66,178.95,6.6
3546801,Santa Isabel,SP,2025,41.36,15028.12,36333.1,14947.66,80.46,719.86,42.2
3546900,Santa Lúcia,SP,2025,12.56,1932.28,15387.97,1114.42,817.86,70.5,12.61
3547007,Santa Maria da Serra,SP,2025,16.19,4088.44,25260.17,3951.39,137.06,2853.92,18.25
3547106,Santa Mercedes,SP,2025,5.1,851.01,16675.35,343.09,507.92,24.61,5.11
3547205,Santana da Ponte Pensa,SP,2025,3.87,502.06,12989.66,318.77,183.29,41.57,3.88
3547304,Santana de Parnaíba,SP,2025,42.11,7578.1,17994.51,7263.06,315.04,257.27,42.72
3547403,Santa Rita d'Oeste,SP,2025,5.54,1162.8,20978.88,789.57,373.23,968.31,5.81
3547502,Santa Rita do Passa Quatro,SP,2025,23.7,17874.35,75410.79,16830.39,1043.97,396.82,23.83
3547601,Santa Rosa de Viterbo,SP,2025,20.35,5872.01,28857.66,5561.21,310.8,67.68,20.4
3547650,Santa Salete,SP,2025,5.2,411.88,7918.62,332.93,78.96,4.28,5.2
3547700,Santo Anastácio,SP,2025,5.92,3275.02,55289.81,2028.13,1246.89,98.02,5.93
3547809,Santo André,SP,2025,52.01,9142.69,17577.13,8780.25,362.45,631.86,53.95
3547908,Santo Antônio da Alegria,SP,2025,28.59,8872.19,31035.44,8775.09,97.09,21.73,28.61
3548005,Santo Antônio de Posse,SP,2025,9.27,1428.78,15412.63,762.75,666.03,140.58,9.36
3548054,Santo Antônio do Aracanguá,SP,2025,7.93,10379.16,130843.74,8361.29,2017.86,16775.85,9.1
3548104,Santo Antônio do Jardim,SP,2025,14.76,1622.96,10995.15,1621.88,1.08,66.13,14.85
3548203,Santo Antônio do Pinhal,SP,2025,56.03,7452.47,13300.32,7414.24,38.23,1.07,56.04
3548302,Santo Expedito,SP,2025,3.13,296.03,9446.37,204.79,91.24,19.96,3.14
3548401,Santópolis do Aguapeí,SP,2025,6.87,879.47,12802.66,461.07,418.39,45.69,6.89
3548500,Santos,SP,2025,72.14,20253.22,28073.49,20065.31,187.91,2268.51,78.49
3548609,São Bento do Sapucaí,SP,2025,44.76,11305.62,25258.87,10564.95,740.67,3.97,44.77
3548708,São Bernardo do Campo,SP,2025,52.26,21400.87,40954.15,20683.73,717.14,7352.28,63.69
3548807,São Caetano do Sul,SP,2025,0.0,0.0,1532.12,0.0,0.0,0.0,0.0
3548906,São Carlos,SP,2025,21.59,24544.79,113690.06,22981.3,1563.48,541.95,21.69
3549003,São Francisco,SP,2025,5.1,385.28,7556.84,210.69,174.59,12.09,5.11
3549102,São João da Boa Vista,SP,2025,15.85,8185.78,51642.66,8133.36,52.41,489.66,16.0
3549201,São João das Duas Pontes,SP,2025,8.98,1162.54,12947.76,769.76,392.78,17.71,8.99
3549250,São João de Iracema,SP,2025,13.54,2415.02,17840.7,2011.64,403.38,16.52,13.55
3549300,São João do Pau d'Alho,SP,2025,8.3,976.76,11765.25,258.51,718.25,27.48,8.32
3549409,São Joaquim da Barra,SP,2025,7.15,2938.4,41087.85,2872.4,66.0,488.01,7.24
3549508,São José da Bela Vista,SP,2025,12.57,3480.94,27696.92,3412.89,68.04,170.71,12.65
3549607,São José do Barreiro,SP,2025,70.29,40112.07,57067.09,36884.53,3227.54,165.37,70.49
3549706,São José do Rio Pardo,SP,2025,15.42,6470.66,41969.04,6457.34,13.32,811.04,15.72
3549805,São José do Rio Preto,SP,2025,5.04,2176.53,43195.57,1909.47,267.06,125.98,5.05
3549904,São José dos Campos,SP,2025,32.49,35724.15,109938.86,34327.27,1396.88,2033.31,33.11
3549953,São Lourenço da Serra,SP,2025,85.36,15914.42,18644.04,15880.99,33.43,56.37,85.62
3550001,São Luiz do Paraitinga,SP,2025,41.16,25409.65,61730.71,24999.88,409.77,90.07,41.22
3550100,São Manuel,SP,2025,9.05,5887.4,65075.95,5460.69,426.72,4198.48,9.67
3550209,São Miguel Arcanjo,SP,2025,29.34,27292.21,93034.67,25990.04,1302.17,343.47,29.44
3550308,São Paulo,SP,2025,27.08,41196.86,152113.53,39360.74,1836.12,5823.93,28.16
3550407,São Pedro,SP,2025,20.31,12415.94,61129.45,11073.31,1342.64,676.74,20.54
3550506,São Pedro do Turvo,SP,2025,15.64,11437.88,73124.08,10853.24,584.63,36.35,15.65
3550605,São Roque,SP,2025,49.32,15134.86,30688.68,14572.1,562.76,92.46,49.47
3550704,São Sebastião,SP,2025,87.89,35032.58,39860.72,34996.1,36.48,181.92,88.29
3550803,São Sebastião da Grama,SP,2025,23.53,5938.07,25241.46,5910.2,27.87,93.16,23.61
3550902,São Simão,SP,2025,22.35,13796.1,61725.57,12385.04,1411.05,96.05,22.39
3551009,São Vicente,SP,2025,66.01,9769.43,14800.26,9688.21,81.22,1130.6,71.47
3551108,Sarapuí,SP,2025,20.92,7375.08,35256.37,5957.14,1417.94,186.81,21.03
3551207,Sarutaiá,SP,2025,17.75,2513.21,14160.86,2407.45,105.76,56.14,17.82
3551306,Sebastianópolis do Sul,SP,2025,12.59,2113.52,16783.12,1616.15,497.37,12.82,12.6
3551405,Serra Azul,SP,2025,20.07,5681.98,28316.32,4940.0,741.99,200.72,20.21
3551504,Serrana,SP,2025,9.85,1241.94,12604.53,1061.36,180.58,121.16,9.95
3551603,Serra Negra,SP,2025,20.65,4206.08,20373.02,3990.06,216.02,101.96,20.75
3551702,Sertãozinho,SP,2025,5.56,2242.85,40307.79,1520.66,722.19,452.92,5.63
3551801,Sete Barras,SP,2025,80.83,85899.77,106274.28,85019.53,880.24,670.72,81.34
3551900,Severínia,SP,2025,4.41,619.05,14046.89,542.86,76.18,61.27,4.43
3552007,Silveiras,SP,2025,40.57,16827.42,41479.08,14900.35,1927.07,4.13,40.57
3552106,Socorro,SP,2025,12.73,5715.32,44902.15,5595.24,120.08,135.21,12.77
3552205,Sorocaba,SP,2025,11.94,5373.5,44987.71,4313.4,1060.1,250.74,12.01
3552304,Sud Mennucci,SP,2025,5.32,3166.04,59472.28,1843.04,1323.01,8214.57,6.18
3552403,Sumaré,SP,2025,3.88,595.78,15348.41,131.91,463.87,202.65,3.93
3552502,Suzano,SP,2025,30.29,6247.21,20625.31,5764.42,482.79,972.62,31.79
3552551,Suzanápolis,SP,2025,7.64,2524.34,33061.04,1748.28,776.06,2781.6,8.34
3552601,Tabapuã,SP,2025,7.68,2654.55,34578.37,2301.73,352.82,38.31,7.69
3552700,Tabatinga,SP,2025,8.62,3177.46,36859.41,2952.08,225.38,34.12,8.63
3552809,Taboão da Serra,SP,2025,5.16,105.16,2039.62,105.16,0.0,0.0,5.16
3552908,Taciba,SP,2025,9.29,5635.05,60673.81,4596.76,1038.29,1836.34,9.58
3553005,Taguaí,SP,2025,9.24,1343.23,14534.39,1320.55,22.68,88.56,9.3
3553104,Taiaçu,SP,2025,4.6,492.19,10707.16,471.14,21.05,8.1,4.6
3553203,Taiúva,SP,2025,3.09,409.52,13246.29,305.8,103.73,18.88,3.1
3553302,Tambaú,SP,2025,22.3,12529.08,56178.62,11972.99,556.09,213.05,22.39
3553401,Tanabi,SP,2025,8.06,6025.85,74721.14,4934.74,1091.11,125.97,8.08
3553500,Tapiraí,SP,2025,90.98,68697.42,75507.71,68596.75,100.66,444.2,91.52
3553609,Tapiratiba,SP,2025,23.66,5249.59,22188.58,5238.16,11.42,85.35,23.75
3553658,Taquaral,SP,2025,2.37,127.6,5390.23,104.21,23.4,12.53,2.37
3553708,Taquaritinga,SP,2025,5.31,3154.36,59429.54,2748.66,405.7,98.71,5.32
3553807,Taquarituba,SP,2025,10.92,4896.86,44851.71,2847.89,2048.97,1408.77,11.27
3553856,Taquarivaí,SP,2025,16.92,3922.57,23180.6,3803.27,119.29,225.2,17.09
3553906,Tarabai,SP,2025,5.85,1177.3,20138.7,813.34,363.96,16.49,5.85
3553955,Tarumã,SP,2025,3.76,1139.65,30289.67,925.61,214.04,146.28,3.78
3554003,Tatuí,SP,2025,10.97,5745.79,52371.94,4207.87,1537.92,677.16,11.11
3554102,Taubaté,SP,2025,22.34,13960.59,62499.73,13640.0,320.59,477.84,22.51
3554201,Tejupá,SP,2025,17.7,5241.49,29619.84,5031.9,209.59,1655.2,18.74
3554300,Teodoro Sampaio,SP,2025,30.26,47076.58,155580.91,42642.04,4434.54,6438.49,31.56
3554409,Terra Roxa,SP,2025,7.09,1570.98,22153.66,996.91,574.07,278.35,7.18
3554508,Tietê,SP,2025,8.53,3449.69,40441.15,3204.62,245.07,659.97,8.67
3554607,Timburi,SP,2025,28.64,5635.95,19677.66,5580.87,55.08,2650.74,33.1
3554656,Torre de Pedra,SP,2025,26.49,1889.87,7133.9,1877.19,12.67,19.02,26.56
3554706,Torrinha,SP,2025,13.13,4139.19,31527.79,4065.02,74.17,43.71,13.15
3554755,Trabiju,SP,2025,16.51,1047.2,6343.06,940.09,107.11,10.13,16.54
3554805,Tremembé,SP,2025,25.68,4907.29,19110.28,4789.17,118.12,1024.84,27.13
3554904,Três Fronteiras,SP,2025,3.97,601.53,15159.59,288.24,313.29,601.05,4.13
3554953,Tuiuti,SP,2025,14.73,1866.68,12674.32,1713.95,152.73,54.9,14.79
3555000,Tupã,SP,2025,6.72,4222.27,62798.49,3403.49,818.78,110.05,6.74
3555109,Tupi Paulista,SP,2025,5.05,1235.98,24475.62,568.46,667.51,3.67,5.05
3555208,Turiúba,SP,2025,8.41,1289.0,15321.6,1030.07,258.93,290.81,8.58
3555307,Turmalina,SP,2025,9.3,1374.72,14779.39,787.22,587.5,15.97,9.31
3555356,Ubarana,SP,2025,6.6,1385.34,20986.19,1109.93,275.41,2492.21,7.49
3555406,Ubatuba,SP,2025,91.8,64882.23,70674.37,64747.34,134.89,478.19,92.43
3555505,Ubirajara,SP,2025,14.77,4168.33,28218.69,3865.42,302.91,1.9,14.77
3555604,Uchoa,SP,2025,7.19,1815.25,25243.74,1358.64,456.61,33.96,7.2
3555703,União Paulista,SP,2025,8.31,656.8,7906.25,545.69,111.11,18.99,8.33
3555802,Urânia,SP,2025,4.76,995.76,20925.81,646.4,349.36,25.46,4.76
3555901,Uru,SP,2025,3.73,547.31,14690.23,427.13,120.18,1302.33,4.09
3556008,Urupês,SP,2025,5.72,1854.23,32391.87,1670.11,184.11,20.62,5.73
3556107,Valentim Gentil,SP,2025,9.21,1378.71,14971.99,1215.08,163.64,59.41,9.25
3556206,Valinhos,SP,2025,14.24,2114.4,14853.43,1959.18,155.22,128.99,14.36
3556305,Valparaíso,SP,2025,9.49,8139.53,85766.97,6931.16,1208.37,742.16,9.57
3556354,Vargem,SP,2025,28.17,4016.58,14259.28,3829.02,187.55,1144.04,30.63
3556404,Vargem Grande do Sul,SP,2025,10.79,2882.53,26716.33,2704.23,178.3,349.95,10.93
3556453,Vargem Grande Paulista,SP,2025,26.99,1147.05,4249.4,1070.38,76.67,10.34,27.06
3556503,Várzea Paulista,SP,2025,19.43,682.44,3512.93,644.65,37.78,6.01,19.46
3556602,Vera Cruz,SP,2025,17.47,4328.82,24771.79,4219.71,109.12,5.14,17.48
3556701,Vinhedo,SP,2025,17.78,1439.38,8094.28,1397.76,41.62,77.15,17.95
3556800,Viradouro,SP,2025,4.69,1021.87,21773.79,718.81,303.06,146.11,4.72
3556909,Vista Alegre do Alto,SP,2025,3.06,291.52,9541.78,241.08,50.44,62.54,3.08
3556958,Vitória Brasil,SP,2025,5.21,259.5,4982.87,124.04,135.46,10.76,5.22
3557006,Votorantim,SP,2025,26.29,4842.4,18419.9,4379.99,462.41,1018.08,27.83
3557105,Votuporanga,SP,2025,8.8,3700.83,42074.67,2947.34,753.49,106.72,8.82
3557154,Zacarias,SP,2025,6.37,2031.2,31904.11,1369.42,661.78,7279.04,8.25
3557204,Chavantes,SP,2025,8.32,1570.16,18872.22,1337.46,232.7,935.69,8.75
3557303,Estiva Gerbi,SP,2025,11.98,888.56,7415.72,850.59,37.97,55.71,12.07
4100103,Abatiá,PR,2025,8.5,1943.04,22872.05,1915.65,27.39,90.84,8.53
4100202,Adrianópolis,PR,2025,64.96,87648.78,134933.13,87576.55,72.24,435.74,65.17
4100301,Agudos do Sul,PR,2025,42.35,8143.09,19227.66,8141.23,1.85,57.91,42.48
4100400,Almirante Tamandaré,PR,2025,55.72,10823.48,19424.32,10443.4,380.08,54.36,55.88
4100459,Altamira do Paraná,PR,2025,19.71,7627.48,38696.22,7596.56,30.92,741.08,20.1
4100509,Altônia,PR,2025,28.92,19133.15,66157.07,5025.2,14107.96,5339.19,31.46
4100608,Alto Paraná,PR,2025,7.78,3170.64,40773.12,3084.67,85.97,24.88,7.78
4100707,Alto Piquiri,PR,2025,6.77,3029.9,44765.33,2802.7,227.2,286.64,6.81
4100806,Alvorada do Sul,PR,2025,6.61,2804.42,42425.99,2732.93,71.5,7698.1,8.08
4100905,Amaporã,PR,2025,6.74,2592.7,38472.71,2200.88,391.82,163.95,6.77
4101002,Ampére,PR,2025,20.83,6214.63,29834.91,6193.91,20.72,55.55,20.87
4101051,Anahy,PR,2025,10.93,1125.15,10289.67,1119.93,5.21,49.45,10.99
4101101,Andirá,PR,2025,4.19,989.75,23596.04,761.58,228.17,860.49,4.35
4101150,Ângulo,PR,2025,5.86,621.44,10596.0,599.96,21.49,52.7,5.89
4101200,Antonina,PR,2025,88.49,78894.92,89158.27,77692.27,1202.66,4653.88,93.36
4101309,Antônio Olinto,PR,2025,40.21,18883.78,46961.62,18858.64,25.14,351.59,40.51
4101408,Apucarana,PR,2025,16.73,9315.64,55695.98,9302.74,12.89,105.61,16.76
4101507,Arapongas,PR,2025,12.35,4719.38,38220.97,4708.7,10.68,75.29,12.37
4101606,Arapoti,PR,2025,29.41,40018.55,136074.83,39492.18,526.36,124.47,29.44
4101655,Arapuã,PR,2025,7.84,1703.17,21737.55,1703.17,0.0,46.12,7.85
4101705,Araruna,PR,2025,11.57,5704.6,49320.03,5586.16,118.44,9.99,11.57
4101804,Araucária,PR,2025,31.79,14916.38,46920.51,13455.87,1460.51,1700.45,32.99
4101853,Ariranha do Ivaí,PR,2025,11.8,2762.51,23407.54,2754.75,7.75,327.76,11.97
4101903,Assaí,PR,2025,10.1,4447.92,44032.71,4382.48,65.45,605.68,10.24
4102000,Assis Chateaubriand,PR,2025,6.77,6638.43,98068.74,5666.05,972.38,568.45,6.81
4102109,Astorga,PR,2025,9.43,4099.68,43479.92,4073.33,26.36,38.43,9.44
4102208,Atalaia,PR,2025,6.2,853.5,13765.59,797.4,56.1,51.09,6.22
4102307,Balsa Nova,PR,2025,40.58,14159.68,34893.47,8152.95,6006.73,370.87,41.02
4102406,Bandeirantes,PR,2025,8.03,3573.77,44516.81,3443.41,130.36,408.14,8.1
4102505,Barbosa Ferraz,PR,2025,15.99,8610.32,53863.01,8608.27,2.05,386.57,16.1
4102604,Barracão,PR,2025,24.11,3886.83,16119.91,3879.76,7.07,30.94,24.16
4102703,Barra do Jacaré,PR,2025,4.83,559.14,11582.82,532.03,27.1,36.09,4.84
4102752,Bela Vista da Caroba,PR,2025,22.37,3313.58,14811.92,3303.42,10.16,30.72,22.42
4102802,Bela Vista do Paraíso,PR,2025,10.16,2465.76,24268.11,2448.27,17.48,24.9,10.17
4102901,Bituruna,PR,2025,58.58,74758.8,127615.79,73993.87,764.93,4963.31,60.95
4103008,Boa Esperança,PR,2025,5.72,1733.19,30294.64,1679.13,54.06,6.21,5.72
4103024,Boa Esperança do Iguaçu,PR,2025,17.71,2687.71,15176.57,2684.8,2.91,956.96,18.9
4103040,Boa Ventura de São Roque,PR,2025,25.51,15512.25,60816.58,15505.18,7.07,196.52,25.59
4103057,Boa Vista da Aparecida,PR,2025,19.56,5207.66,26617.56,5195.36,12.3,2907.86,21.96
4103107,Bocaiúva do Sul,PR,2025,70.15,57918.02,82562.96,57909.0,9.01,744.66,70.79
4103156,Bom Jesus do Sul,PR,2025,26.42,4654.28,17614.27,4650.25,4.02,3.94,26.43
4103206,Bom Sucesso,PR,2025,16.39,5289.52,32273.88,5289.52,0.0,6.07,16.39
4103222,Bom Sucesso do Sul,PR,2025,14.58,2857.08,19591.98,2834.46,22.62,90.34,14.65
4103305,Borrazópolis,PR,2025,12.09,4043.82,33439.3,4035.87,7.94,555.51,12.3
4103354,Braganey,PR,2025,15.24,5232.76,34329.21,5157.22,75.54,234.07,15.35
4103370,Brasilândia do Sul,PR,2025,7.09,2062.72,29102.48,1881.56,181.16,332.04,7.17
4103404,Cafeara,PR,2025,4.09,760.2,18574.97,650.35,109.85,0.25,4.09
4103453,Cafelândia,PR,2025,9.74,2678.32,27491.37,2281.36,396.97,80.46,9.77
4103479,Cafezal do Sul,PR,2025,7.2,2413.91,33540.28,1692.22,721.69,3.28,7.2
4103503,Califórnia,PR,2025,10.82,1534.35,14182.05,1533.28,1.07,5.01,10.82
4103602,Cambará,PR,2025,4.21,1540.85,36616.59,1322.57,218.28,866.4,4.31
4103701,Cambé,PR,2025,7.32,3625.24,49534.33,3596.99,28.26,63.16,7.33
4103800,Cambira,PR,2025,12.93,2130.69,16478.85,2129.7,0.98,3.86,12.93
4103909,Campina da Lagoa,PR,2025,14.74,11740.37,79664.02,11618.94,121.43,504.06,14.83
4103958,Campina do Simão,PR,2025,33.92,15210.0,44841.47,14833.17,376.84,53.56,33.96
4104006,Campina Grande do Sul,PR,2025,73.94,39872.61,53923.8,39644.85,227.76,845.65,75.12
4104055,Campo Bonito,PR,2025,28.71,12454.43,43381.79,12402.77,51.66,176.44,28.83
4104105,Campo do Tenente,PR,2025,32.9,10017.89,30448.53,9979.92,37.97,123.22,33.03
4104204,Campo Largo,PR,2025,66.03,82122.85,124376.5,78266.64,3856.21,674.79,66.39
4104253,Campo Magro,PR,2025,65.47,18026.82,27534.82,17278.67,748.14,101.98,65.71
4104303,Campo Mourão,PR,2025,15.83,11863.67,74963.46,11600.38,263.29,773.68,15.99
4104402,Cândido de Abreu,PR,2025,32.2,48633.67,151017.87,48624.47,9.21,974.82,32.41
4104428,Candói,PR,2025,25.31,38298.7,151307.41,34791.17,3507.53,5403.57,26.25
4104451,Cantagalo,PR,2025,28.38,16119.74,56808.1,15942.07,177.67,151.86,28.45
4104501,Capanema,PR,2025,17.26,7223.71,41859.95,7184.43,39.28,2348.75,18.28
4104600,Capitão Leônidas Marques,PR,2025,18.1,5069.91,28005.94,5059.47,10.44,1854.02,19.39
4104659,Carambeí,PR,2025,27.81,18068.57,64964.9,11690.46,6378.11,584.09,28.07
4104709,Carlópolis,PR,2025,6.9,3116.78,45143.58,3010.9,105.88,8815.53,8.58
4104808,Cascavel,PR,2025,22.44,46932.86,209118.79,46521.78,411.08,265.88,22.47
4104907,Castro,PR,2025,44.91,113689.69,253149.17,94791.23,18898.45,489.44,45.0
4105003,Catanduvas,PR,2025,29.66,17215.0,58041.03,17201.54,13.46,29.65,29.68
4105102,Centenário do Sul,PR,2025,8.83,3281.95,37184.59,2819.1,462.85,469.84,8.94
4105201,Cerro Azul,PR,2025,48.67,65280.49,134118.01,64922.26,358.22,331.83,48.79
4105300,Céu Azul,PR,2025,75.37,88967.04,118035.6,88960.32,6.72,1024.63,76.03
4105409,Chopinzinho,PR,2025,26.47,25407.53,95970.26,25322.65,84.88,6045.14,28.25
4105508,Cianorte,PR,2025,13.86,11249.76,81169.4,10630.47,619.29,52.57,13.87
4105607,Cidade Gaúcha,PR,2025,7.65,3081.37,40303.24,2599.48,481.89,114.09,7.67
4105706,Clevelândia,PR,2025,29.28,20602.1,70368.07,19604.44,997.66,542.87,29.51
4105805,Colombo,PR,2025,42.95,8486.28,19758.8,8486.28,0.0,60.76,43.08
4105904,Colorado,PR,2025,4.22,1720.9,40756.13,1444.19,276.7,142.52,4.24
4106001,Congonhinhas,PR,2025,21.12,11317.86,53596.09,11141.3,176.56,220.19,21.2
4106100,Conselheiro Mairinck,PR,2025,10.18,2084.52,20469.38,2062.84,21.68,106.9,10.24
4106209,Contenda,PR,2025,31.56,9436.28,29903.57,8722.39,713.89,154.89,31.72
4106308,Corbélia,PR,2025,14.6,7728.36,52919.38,7535.55,192.81,128.27,14.64
4106407,Cornélio Procópio,PR,2025,14.96,9502.51,63509.61,9227.26,275.24,276.94,15.03
4106456,Coronel Domingos Soares,PR,2025,51.46,77892.92,151372.6,76349.29,1543.63,3025.45,52.51
4106506,Coronel Vivida,PR,2025,22.01,15061.6,68429.68,14991.36,70.24,629.74,22.21
4106555,Corumbataí do Sul,PR,2025,17.33,2848.19,16435.34,2845.81,2.37,12.67,17.34
4106571,Cruzeiro do Iguaçu,PR,2025,17.86,2891.44,16186.07,2887.23,4.2,1672.55,19.92
4106605,Cruzeiro do Oeste,PR,2025,10.27,7967.94,77595.83,7676.85,291.08,79.49,10.28
4106704,Cruzeiro do Sul,PR,2025,5.4,1398.67,25909.89,1303.91,94.75,50.06,5.41
4106803,Cruz Machado,PR,2025,60.58,89550.33,147830.67,89440.92,109.4,5089.52,62.74
4106852,Cruzmaltina,PR,2025,15.39,4805.13,31232.44,4793.76,11.37,289.59,15.53
4106902,Curitiba,PR,2025,13.14,5721.42,43530.23,5538.72,182.7,788.52,13.39
4107009,Curiúva,PR,2025,25.02,14417.79,57619.44,14417.79,0.0,81.44,25.06
4107108,Diamante do Norte,PR,2025,15.75,3826.15,24290.15,3183.8,642.36,1812.35,17.02
4107124,Diamante do Sul,PR,2025,29.0,10068.47,34723.55,10058.56,9.91,296.05,29.25
4107157,Diamante D'Oeste,PR,2025,28.72,8878.9,30910.42,8752.55,126.35,55.1,28.78
4107207,Dois Vizinhos,PR,2025,20.82,8717.39,41866.56,8705.6,11.78,349.13,21.0
4107256,Douradina,PR,2025,11.44,4810.98,42061.25,4151.89,659.09,165.62,11.48
4107306,Doutor Camargo,PR,2025,4.68,553.79,11829.6,547.63,6.16,168.95,4.75
4107405,Enéas Marques,PR,2025,27.49,5283.16,19220.59,5282.67,0.48,9.19,27.5
4107504,Engenheiro Beltrão,PR,2025,10.49,4903.66,46764.48,4860.78,42.88,505.86,10.6
4107520,Esperança Nova,PR,2025,6.48,915.81,14128.09,446.62,469.19,0.08,6.48
4107538,Entre Rios do Oeste,PR,2025,19.24,2326.87,12094.28,2239.7,87.18,1882.89,22.79
4107546,Espigão Alto do Iguaçu,PR,2025,39.39,12859.3,32643.9,12844.16,15.14,11.73,39.41
4107553,Farol,PR,2025,9.59,2774.48,28922.45,2713.14,61.33,5.48,9.59
4107603,Faxinal,PR,2025,26.43,18920.48,71597.7,18915.48,4.99,152.08,26.48
4107652,Fazenda Rio Grande,PR,2025,28.06,3274.17,11667.56,3246.63,27.54,153.07,28.44
4107702,Fênix,PR,2025,14.29,3345.99,23412.03,3326.9,19.09,410.68,14.55
4107736,Fernandes Pinheiro,PR,2025,38.78,15764.56,40649.03,15725.55,39.01,54.91,38.83
4107751,Figueira,PR,2025,22.99,2983.49,12978.66,2982.26,1.23,35.97,23.05
4107801,Floraí,PR,2025,5.42,1036.33,19108.58,1025.8,10.53,11.93,5.43
4107850,Flor da Serra do Sul,PR,2025,23.67,6052.59,25571.62,6050.18,2.41,61.17,23.73
4107900,Floresta,PR,2025,4.5,712.26,15834.04,691.01,21.26,228.69,4.56
4108007,Florestópolis,PR,2025,13.17,3250.02,24684.55,3202.48,47.54,315.83,13.34
4108106,Flórida,PR,2025,4.47,371.18,8303.39,306.5,64.69,17.14,4.48
4108205,Formosa do Oeste,PR,2025,7.52,2073.55,27590.13,1994.58,78.97,662.57,7.7
4108304,Foz do Iguaçu,PR,2025,33.57,20345.96,60601.61,19794.99,550.97,16548.48,46.19
4108320,Francisco Alves,PR,2025,9.17,2951.46,32190.81,1654.59,1296.87,657.38,9.36
4108403,Francisco Beltrão,PR,2025,26.3,19334.66,73514.19,19203.76,130.91,290.11,26.4
4108452,Foz do Jordão,PR,2025,26.02,6107.63,23471.2,5794.33,313.3,898.94,27.06
4108502,General Carneiro,PR,2025,63.2,67692.86,107116.03,65910.08,1782.77,716.52,63.62
4108551,Godoy Moreira,PR,2025,13.04,1708.64,13100.41,1708.64,0.0,140.68,13.18
4108601,Goioerê,PR,2025,11.82,6673.31,56445.98,6475.6,197.71,184.13,11.86
4108650,Goioxim,PR,2025,29.58,20790.26,70292.7,20203.56,586.7,133.09,29.63
4108700,Grandes Rios,PR,2025,15.32,4777.55,31188.95,4776.17,1.39,511.79,15.57
4108809,Guaíra,PR,2025,18.84,10568.88,56099.64,5193.04,5375.84,5471.99,20.88
4108908,Guairaçá,PR,2025,6.42,3170.36,49395.48,3130.65,39.7,15.92,6.42
4108957,Guamiranga,PR,2025,34.39,8418.0,24477.25,8416.7,1.3,78.94,34.5
4109005,Guapirama,PR,2025,7.41,1400.29,18908.72,1357.32,42.97,160.49,7.47
4109104,Guaporema,PR,2025,7.68,1544.14,20115.15,1327.99,216.15,235.6,7.77
4109203,Guaraci,PR,2025,6.2,1311.91,21172.11,1289.64,22.26,6.93,6.2
4109302,Guaraniaçu,PR,2025,31.53,39046.14,123831.24,39008.37,37.77,429.43,31.64
4109401,Guarapuava,PR,2025,42.09,133338.59,316781.45,122598.28,10740.31,1105.68,42.24
4109500,Guaraqueçaba,PR,2025,84.08,168928.67,200918.38,164561.97,4366.7,26422.45,96.81
4109609,Guaratuba,PR,2025,87.41,115965.36,132663.22,113667.85,2297.52,5708.19,91.34
4109658,Honório Serpa,PR,2025,25.91,13011.88,50215.67,12343.86,668.02,571.73,26.21
4109708,Ibaiti,PR,2025,19.17,17216.37,89821.23,17152.05,64.31,182.15,19.21
4109757,Ibema,PR,2025,26.54,3860.48,14544.23,3852.37,8.11,6.08,26.55
4109807,Ibiporã,PR,2025,9.73,2896.83,29775.04,2783.22,113.61,678.21,9.96
4109906,Icaraíma,PR,2025,9.71,6556.44,67523.2,3245.31,3311.12,1386.43,9.91
4110003,Iguaraçu,PR,2025,6.58,1086.24,16504.57,1056.04,30.21,36.05,6.6
4110052,Iguatu,PR,2025,16.47,1761.06,10694.85,1746.24,14.82,161.5,16.72
4110078,Imbaú,PR,2025,29.83,9866.15,33073.45,9866.15,0.0,99.91,29.92
4110102,Imbituva,PR,2025,35.9,27156.95,75655.5,27045.56,111.39,79.7,35.93
4110201,Inácio Martins,PR,2025,64.79,60689.28,93667.13,59939.15,750.13,216.25,64.94
4110300,Inajá,PR,2025,11.08,2157.87,19469.72,1089.97,1067.9,1663.2,12.12
4110409,Indianópolis,PR,2025,9.37,1149.35,12263.14,942.25,207.09,1.48,9.37
4110508,Ipiranga,PR,2025,30.86,27798.3,90072.29,27693.33,104.97,145.47,30.91
4110607,Iporã,PR,2025,10.84,7025.55,64789.48,4405.37,2620.17,252.37,10.89
4110656,Iracema do Oeste,PR,2025,7.04,573.78,8154.38,568.39,5.38,13.13,7.05
4110706,Irati,PR,2025,32.51,32491.22,99954.35,32491.22,0.0,180.1,32.56
4110805,Iretama,PR,2025,20.57,11734.47,57045.11,11734.47,0.0,141.38,20.62
4110904,Itaguajé,PR,2025,5.48,1064.77,19433.85,514.73,550.04,1299.55,5.87
4110953,Itaipulândia,PR,2025,15.01,4920.56,32787.66,4792.07,128.49,13376.3,25.35
4111001,Itambaracá,PR,2025,5.29,1096.42,20732.76,956.22,140.2,1484.94,5.7
4111100,Itambé,PR,2025,5.91,1441.74,24383.3,1438.79,2.95,474.23,6.03
4111209,Itapejara d'Oeste,PR,2025,15.6,3962.82,25401.27,3906.82,56.01,464.98,15.89
4111258,Itaperuçu,PR,2025,59.0,19055.6,32298.6,18530.95,524.66,59.08,59.11
4111308,Itaúna do Sul,PR,2025,4.85,625.46,12884.64,504.83,120.63,0.0,4.85
4111407,Ivaí,PR,2025,30.05,18267.79,60785.02,18256.98,10.8,94.62,30.1
4111506,Ivaiporã,PR,2025,9.48,4144.69,43725.37,4134.48,10.21,315.87,9.55
4111555,Ivaté,PR,2025,12.82,5257.33,41017.36,4236.41,1020.92,220.21,12.89
4111605,Ivatuba,PR,2025,3.62,348.65,9641.48,343.89,4.76,187.37,3.69
4111704,Jaboti,PR,2025,9.41,1310.26,13927.54,1307.14,3.12,41.51,9.44
4111803,Jacarezinho,PR,2025,15.54,9362.21,60253.98,8704.1,658.11,478.98,15.66
4111902,Jaguapitã,PR,2025,6.74,3199.93,47502.41,3127.07,72.86,27.85,6.74
4112009,Jaguariaíva,PR,2025,37.11,53720.74,144776.52,46500.76,7219.99,186.06,37.15
4112108,Jandaia do Sul,PR,2025,12.64,2371.83,18759.85,2370.76,1.07,17.97,12.66
4112207,Janiópolis,PR,2025,7.59,2556.89,33681.24,2515.51,41.38,18.24,7.6
4112306,Japira,PR,2025,14.18,2663.15,18780.57,2663.15,0.0,21.65,14.2
4112405,Japurá,PR,2025,8.97,1481.51,16518.05,1403.01,78.5,157.36,9.06
4112504,Jardim Alegre,PR,2025,13.12,5422.28,41337.59,5422.28,0.0,161.0,13.17
4112603,Jardim Olinda,PR,2025,15.58,2002.39,12852.54,393.26,1609.13,539.91,16.26
4112702,Jataizinho,PR,2025,11.5,1830.19,15915.1,1786.72,43.47,338.01,11.75
4112751,Jesuítas,PR,2025,8.92,2207.6,24750.99,2159.55,48.05,73.02,8.95
4112801,Joaquim Távora,PR,2025,10.24,2960.64,28918.47,2950.95,9.69,29.25,10.25
4112900,Jundiaí do Sul,PR,2025,13.74,4409.89,32083.86,4400.77,9.13,92.14,13.78
4112959,Juranda,PR,2025,7.89,2793.91,35428.18,2585.74,208.17,26.44,7.89
4113007,Jussara,PR,2025,13.95,2941.7,21084.14,2861.28,80.42,64.54,14.0
4113106,Kaloré,PR,2025,8.03,1552.85,19331.82,1544.34,8.52,216.14,8.12
4113205,Lapa,PR,2025,38.84,81316.92,209382.04,77256.66,4060.26,1264.43,39.07
4113254,Laranjal,PR,2025,19.88,11121.78,55939.28,11101.22,20.56,518.48,20.07
4113304,Laranjeiras do Sul,PR,2025,26.8,18079.97,67457.93,18025.38,54.6,122.03,26.85
4113403,Leópolis,PR,2025,9.58,3305.06,34489.76,3164.22,140.84,1857.36,10.13
4113429,Lidianópolis,PR,2025,9.75,1476.77,15144.15,1476.77,0.0,370.22,10.0
4113452,Lindoeste,PR,2025,25.83,8964.53,34709.2,8959.75,4.78,68.71,25.88
4113502,Loanda,PR,2025,7.98,5762.65,72248.84,5469.26,293.39,28.54,7.98
4113601,Lobato,PR,2025,7.88,1897.63,24089.37,1725.84,171.8,125.12,7.92
4113700,Londrina,PR,2025,17.75,29327.86,165261.14,29067.28,260.58,1283.44,17.89
4113734,Luiziana,PR,2025,22.0,20173.35,91684.05,20163.79,9.56,603.46,22.15
4113759,Lunardelli,PR,2025,17.35,3455.84,19920.81,3455.84,0.0,85.45,17.42
4113809,Lupionópolis,PR,2025,7.61,921.51,12105.02,736.88,184.63,573.14,7.99
4113908,Mallet,PR,2025,54.48,41419.85,76023.22,41415.41,4.44,91.44,54.55
4114005,Mamborê,PR,2025,12.39,9762.82,78806.43,9722.33,40.49,42.85,12.4
4114104,Mandaguaçu,PR,2025,8.44,2482.76,29401.01,2458.06,24.69,51.36,8.46
4114203,Mandaguari,PR,2025,14.15,4753.12,33581.4,4745.97,7.15,29.66,14.17
4114302,Mandirituba,PR,2025,48.72,18473.12,37917.09,18459.56,13.56,239.17,49.03
4114351,Manfrinópolis,PR,2025,39.3,8479.46,21575.46,8478.25,1.21,4.51,39.31
4114401,Mangueirinha,PR,2025,27.21,28718.72,105542.29,28079.18,639.55,2867.97,27.97
4114500,Manoel Ribas,PR,2025,16.47,9407.03,57111.56,9390.89,16.14,374.04,16.58
4114609,Marechal Cândido Rondon,PR,2025,18.4,13719.13,74562.58,13411.46,307.67,3815.57,19.39
4114708,Maria Helena,PR,2025,8.92,4337.31,48623.65,4174.51,162.79,17.41,8.92
4114807,Marialva,PR,2025,8.94,4250.91,47547.51,4235.7,15.21,29.99,8.95
4114906,Marilândia do Sul,PR,2025,15.36,5903.46,38442.97,5860.0,43.46,95.42,15.39
4115002,Marilena,PR,2025,12.05,2799.9,23236.61,1396.21,1403.69,780.94,12.47
4115101,Mariluz,PR,2025,12.35,5351.03,43318.03,4921.13,429.9,360.39,12.46
4115200,Maringá,PR,2025,7.29,3547.95,48701.92,3519.08,28.87,135.16,7.31
4115309,Mariópolis,PR,2025,17.48,4026.66,23037.02,3983.93,42.73,33.58,17.5
4115358,Maripá,PR,2025,8.04,2281.95,28390.47,2180.72,101.23,128.65,8.07
4115408,Marmeleiro,PR,2025,21.99,8521.3,38758.93,8457.05,64.25,87.63,22.04
4115457,Marquinho,PR,2025,25.24,13088.04,51864.43,13059.08,28.96,471.89,25.47
4115507,Marumbi,PR,2025,14.5,3022.65,20846.85,3022.65,0.0,9.59,14.51
4115606,Matelândia,PR,2025,56.35,36017.05,63918.98,36002.4,14.65,513.77,56.8
4115705,Matinhos,PR,2025,77.24,9057.6,11727.26,8920.96,136.64,81.85,77.78
4115739,Mato Rico,PR,2025,32.87,12967.69,39453.47,12967.69,0.0,91.55,32.94
4115754,Mauá da Serra,PR,2025,26.04,2821.04,10831.7,2821.04,0.0,12.78,26.08
4115804,Medianeira,PR,2025,17.17,5644.25,32872.64,5604.95,39.31,14.18,17.18
4115853,Mercedes,PR,2025,19.33,3810.34,19715.05,3689.01,121.32,995.03,20.35
4115903,Mirador,PR,2025,6.99,1549.19,22169.24,1411.31,137.88,138.83,7.03
4116000,Miraselva,PR,2025,7.24,654.04,9028.41,623.86,30.18,3.3,7.25
4116059,Missal,PR,2025,18.25,5918.97,32439.22,5719.82,199.15,2462.92,19.75
4116109,Moreira Sales,PR,2025,6.7,2368.95,35346.69,2297.0,71.95,86.62,6.72
4116208,Morretes,PR,2025,89.06,60971.34,68458.25,60831.33,140.02,330.18,89.5
4116307,Munhoz de Melo,PR,2025,5.14,704.69,13700.92,689.69,15.0,7.25,5.15
4116406,Nossa Senhora das Graças,PR,2025,4.69,871.69,18578.06,816.24,55.45,21.03,4.7
4116505,Nova Aliança do Ivaí,PR,2025,7.87,1033.11,13129.87,1026.44,6.67,0.41,7.87
4116604,Nova América da Colina,PR,2025,15.91,2060.14,12949.94,2012.68,47.46,18.26,15.93
4116703,Nova Aurora,PR,2025,11.3,5317.64,47062.32,5130.46,187.18,559.83,11.44
4116802,Nova Cantu,PR,2025,21.17,11759.8,55545.69,11713.36,46.45,307.28,21.29
4116901,Nova Esperança,PR,2025,7.04,2825.88,40159.92,2746.82,79.05,8.4,7.04
4116950,Nova Esperança do Sudoeste,PR,2025,23.91,4983.91,20845.37,4980.04,3.87,12.58,23.92
4117008,Nova Fátima,PR,2025,16.34,4630.54,28346.46,4528.54,102.0,267.6,16.49
4117057,Nova Laranjeiras,PR,2025,29.87,36123.46,120934.7,36104.01,19.44,394.96,29.97
4117107,Nova Londrina,PR,2025,7.09,1910.91,26938.62,1584.3,326.61,117.81,7.12
4117206,Nova Olímpia,PR,2025,6.21,846.97,13632.34,750.94,96.03,1.64,6.21
4117214,Nova Santa Bárbara,PR,2025,10.92,839.31,7688.63,784.47,54.85,16.75,10.94
4117222,Nova Santa Rosa,PR,2025,11.14,2279.85,20463.89,2118.74,161.12,257.04,11.28
4117255,Nova Prata do Iguaçu,PR,2025,15.96,5627.5,35258.09,5570.02,57.48,4031.74,18.02
4117271,Nova Tebas,PR,2025,17.58,9594.28,54567.54,9592.16,2.12,195.82,17.65
4117297,Novo Itacolomi,PR,2025,15.42,2489.32,16139.01,2488.33,0.98,37.46,15.46
4117305,Ortigueira,PR,2025,32.9,79938.07,242949.19,79930.95,7.12,5133.07,33.61
4117404,Ourizona,PR,2025,6.51,1149.53,17645.99,1131.21,18.32,53.47,6.53
4117453,Ouro Verde do Oeste,PR,2025,16.29,4774.12,29303.52,4604.36,169.76,54.59,16.32
4117503,Paiçandu,PR,2025,5.67,970.95,17137.27,968.64,2.3,23.59,5.67
4117602,Palmas,PR,2025,42.87,66854.04,155935.91,57406.95,9447.09,744.6,43.08
4117701,Palmeira,PR,2025,27.76,40848.05,147128.97,32947.72,7900.32,184.32,27.8
4117800,Palmital,PR,2025,21.42,17516.88,81764.35,17505.98,10.9,537.0,21.57
4117909,Palotina,PR,2025,8.25,5371.73,65111.36,5087.27,284.46,878.41,8.36
4118006,Paraíso do Norte,PR,2025,6.98,1428.33,20461.92,1360.54,67.8,312.95,7.09
4118105,Paranacity,PR,2025,5.91,2061.59,34863.23,1750.16,311.44,142.49,5.94
4118204,Paranaguá,PR,2025,55.94,45418.13,81190.74,44362.99,1055.14,28321.72,85.91
4118303,Paranapoema,PR,2025,12.69,2232.23,17588.18,476.94,1755.29,634.16,13.17
4118402,Paranavaí,PR,2025,9.67,11630.19,120223.09,11185.19,445.0,1163.34,9.77
4118451,Pato Bragado,PR,2025,18.39,2494.08,13558.66,2396.41,97.66,3023.91,23.67
4118501,Pato Branco,PR,2025,22.29,12021.48,53931.03,11968.32,53.16,384.85,22.45
4118600,Paula Freitas,PR,2025,38.23,16107.34,42137.83,16104.76,2.58,660.45,38.83
4118709,Paulo Frontin,PR,2025,36.23,13165.54,36334.23,13165.54,0.0,155.89,36.39
4118808,Peabiru,PR,2025,14.31,6704.86,46858.77,6668.91,35.95,117.17,14.34
4118857,Perobal,PR,2025,5.85,2392.99,40906.81,2102.84,290.15,51.5,5.86
4118907,Pérola,PR,2025,6.72,1587.48,23617.32,881.85,705.64,0.33,6.72
4119004,Pérola d'Oeste,PR,2025,20.81,4271.27,20521.45,4267.32,3.95,19.2,20.83
4119103,Piên,PR,2025,42.34,10786.69,25478.38,10780.82,5.88,111.63,42.52
4119152,Pinhais,PR,2025,12.13,738.0,6086.53,721.25,16.75,396.87,12.97
4119202,Pinhalão,PR,2025,21.67,4781.24,22062.55,4780.09,1.15,21.96,21.69
4119251,Pinhal de São Bento,PR,2025,22.03,2146.83,9746.43,2142.48,4.35,25.53,22.08
4119301,Pinhão,PR,2025,49.93,99986.3,200266.83,96423.33,3562.97,4303.1,51.02
4119400,Piraí do Sul,PR,2025,40.94,55112.44,134612.24,39604.62,15507.82,95.62,40.97
4119509,Piraquara,PR,2025,49.03,11131.75,22705.42,10933.95,197.8,1702.59,53.0
4119608,Pitanga,PR,2025,25.45,43100.7,169341.73,43061.37,39.33,308.16,25.5
4119657,Pitangueiras,PR,2025,5.41,666.31,12322.41,664.0,2.3,2.06,5.41
4119707,Planaltina do Paraná,PR,2025,5.82,2073.93,35620.29,1939.59,134.35,223.77,5.86
4119806,Planalto,PR,2025,22.11,7655.24,34619.07,7638.36,16.87,60.71,22.15
4119905,Ponta Grossa,PR,2025,34.96,71782.13,205327.88,54906.14,16875.99,1386.76,35.2
4119954,Pontal do Paraná,PR,2025,81.13,16293.06,20083.44,15923.91,369.15,501.57,83.2
4120002,Porecatu,PR,2025,13.85,4040.45,29167.6,3700.95,339.5,2605.56,15.21
4120101,Porto Amazonas,PR,2025,29.34,5474.67,18660.96,4027.8,1446.87,192.42,29.64
4120150,Porto Barreiro,PR,2025,20.75,7490.99,36104.98,7488.41,2.59,3300.67,22.84
4120200,Porto Rico,PR,2025,15.65,3406.75,21768.71,2628.86,777.88,2958.34,18.11
4120309,Porto Vitória,PR,2025,57.62,12274.42,21302.88,12274.42,0.0,613.55,59.33
4120333,Prado Ferreira,PR,2025,9.6,1467.5,15287.0,1465.52,1.98,3.55,9.6
4120358,Pranchita,PR,2025,18.98,4291.8,22608.33,4191.5,100.31,47.3,19.02
4120408,Presidente Castelo Branco,PR,2025,8.54,1330.55,15574.79,1302.57,27.99,1.07,8.54
4120507,Primeiro de Maio,PR,2025,4.49,1861.72,41446.87,1852.56,9.16,9174.02,5.77
4120606,Prudentópolis,PR,2025,36.83,82711.82,224586.99,82658.48,53.34,699.76,36.94
4120655,Quarto Centenário,PR,2025,10.66,3419.85,32076.33,3333.85,86.0,252.85,10.75
4120705,Quatiguá,PR,2025,7.29,821.52,11268.48,819.14,2.38,6.08,7.29
4120804,Quatro Barras,PR,2025,73.31,13230.04,18047.55,13220.97,9.07,197.73,74.12
4120853,Quatro Pontes,PR,2025,11.71,1339.48,11437.57,1323.5,15.98,60.63,11.77
4120903,Quedas do Iguaçu,PR,2025,29.36,24122.15,82149.89,24099.09,23.06,3538.29,30.69
4121000,Querência do Norte,PR,2025,19.89,18198.2,91475.04,10139.74,8058.46,5613.91,21.19
4121109,Quinta do Sol,PR,2025,12.6,4110.82,32617.09,4097.87,12.95,299.87,12.72
4121208,Quitandinha,PR,2025,37.93,16956.99,44702.83,16942.63,14.35,165.7,38.07
4121257,Ramilândia,PR,2025,28.1,6663.8,23718.58,6662.5,1.3,18.66,28.12
4121307,Rancho Alegre,PR,2025,5.01,839.86,16763.23,792.88,46.97,1156.16,5.38
4121356,Rancho Alegre D'Oeste,PR,2025,8.33,2008.94,24118.93,1911.26,97.67,28.51,8.34
4121406,Realeza,PR,2025,19.89,7030.68,35340.87,6992.24,38.43,972.54,20.46
4121505,Rebouças,PR,2025,33.16,15977.36,48182.91,15977.36,0.0,121.61,33.24
4121604,Renascença,PR,2025,18.89,8034.89,42526.63,7941.32,93.57,107.68,18.94
4121703,Reserva,PR,2025,31.17,50986.36,163550.12,50986.36,0.0,203.66,31.21
4121752,Reserva do Iguaçu,PR,2025,48.25,40250.74,83421.73,39268.89,981.85,3245.43,50.2
4121802,Ribeirão Claro,PR,2025,12.32,7750.44,62923.2,7672.87,77.57,11353.24,15.03
4121901,Ribeirão do Pinhal,PR,2025,13.31,4987.54,37470.43,4859.29,128.25,307.27,13.42
4122008,Rio Azul,PR,2025,43.82,26248.54,59903.23,26237.32,11.22,137.37,43.92
4122107,Rio Bom,PR,2025,17.09,3040.28,17784.96,3027.09,13.19,15.66,17.11
4122156,Rio Bonito do Iguaçu,PR,2025,23.48,16002.33,68138.9,15978.72,23.61,5295.52,25.46
4122172,Rio Branco do Ivaí,PR,2025,20.04,7576.72,37804.75,7569.45,7.27,304.1,20.2
4122206,Rio Branco do Sul,PR,2025,55.04,44659.68,81145.46,43680.68,979.01,171.17,55.15
4122305,Rio Negro,PR,2025,38.1,23014.06,60410.8,23012.93,1.13,436.63,38.37
4122404,Rolândia,PR,2025,7.64,3508.28,45902.21,3492.56,15.72,42.87,7.65
4122503,Roncador,PR,2025,25.66,19040.22,74216.13,19031.1,9.13,73.98,25.68
4122602,Rondon,PR,2025,10.12,5619.59,55513.4,5468.16,151.43,78.56,10.14
4122651,Rosário do Ivaí,PR,2025,14.54,5489.14,37758.61,5489.14,0.0,169.1,14.6
4122701,Sabáudia,PR,2025,10.42,1983.97,19034.2,1980.1,3.86,6.5,10.43
4122800,Salgado Filho,PR,2025,33.35,6038.41,18104.18,6038.41,0.0,8.29,33.37
4122909,Salto do Itararé,PR,2025,10.76,2156.93,20052.99,2122.95,33.99,809.53,11.21
4123006,Salto do Lontra,PR,2025,22.76,7116.79,31273.85,7106.21,10.57,45.2,22.79
4123105,Santa Amélia,PR,2025,12.86,1003.83,7803.63,1000.95,2.88,26.26,12.91
4123204,Santa Cecília do Pavão,PR,2025,12.52,1315.23,10508.96,1306.94,8.29,5.17,12.52
4123303,Santa Cruz de Monte Castelo,PR,2025,7.91,3494.34,44199.42,2738.94,755.4,470.29,7.99
4123402,Santa Fé,PR,2025,6.58,1818.22,27624.16,1736.83,81.39,52.11,6.59
4123501,Santa Helena,PR,2025,20.17,15116.07,74944.46,14403.51,712.56,17332.21,26.24
4123600,Santa Inês,PR,2025,3.62,567.77,15696.89,385.75,182.02,497.34,3.74
4123709,Santa Isabel do Ivaí,PR,2025,4.64,1621.07,34949.0,1457.16,163.91,342.32,4.68
4123808,Santa Izabel do Oeste,PR,2025,19.64,6306.77,32116.1,6292.81,13.96,23.64,19.65
4123824,Santa Lúcia,PR,2025,16.85,2136.33,12681.91,2131.39,4.94,52.71,16.92
4123857,Santa Maria do Oeste,PR,2025,24.68,20221.17,81932.32,20141.18,79.99,214.03,24.74
4123907,Santa Mariana,PR,2025,10.63,4540.65,42721.98,4132.02,408.64,739.28,10.82
4123956,Santa Mônica,PR,2025,7.53,1958.56,25993.9,1703.63,254.94,393.12,7.65
4124004,Santana do Itararé,PR,2025,15.1,3794.31,25129.65,3759.45,34.86,114.98,15.17
4124020,Santa Tereza do Oeste,PR,2025,18.28,5961.85,32619.62,5940.25,21.6,34.74,18.3
4124053,Santa Terezinha de Itaipu,PR,2025,15.58,4180.22,26825.64,3824.75,355.47,2248.13,17.01
4124103,Santo Antônio da Platina,PR,2025,8.43,6082.38,72145.57,5960.58,121.8,374.85,8.47
4124202,Santo Antônio do Caiuá,PR,2025,7.86,1723.28,21911.42,994.13,729.15,964.08,8.23
4124301,Santo Antônio do Paraíso,PR,2025,18.87,3151.62,16701.05,3023.52,128.1,107.24,18.99
4124400,Santo Antônio do Sudoeste,PR,2025,19.25,6268.01,32561.43,6255.13,12.88,49.06,19.28
4124509,Santo Inácio,PR,2025,4.34,1216.57,28010.78,688.77,527.8,941.58,4.49
4124608,São Carlos do Ivaí,PR,2025,5.39,1213.24,22525.05,1165.87,47.37,360.7,5.47
4124707,São Jerônimo da Serra,PR,2025,29.91,24643.38,82378.2,24595.53,47.85,627.37,30.14
4124806,São João,PR,2025,15.81,6136.96,38804.88,6084.11,52.85,947.18,16.21
4124905,São João do Caiuá,PR,2025,7.05,2147.29,30439.3,1706.47,440.82,10.81,7.06
4125001,São João do Ivaí,PR,2025,6.48,2289.97,35331.49,2257.46,32.51,821.89,6.64
4125100,São João do Triunfo,PR,2025,46.06,33182.12,72041.54,33137.55,44.57,337.46,46.28
4125209,São Jorge d'Oeste,PR,2025,20.37,7731.17,37954.68,7711.54,19.63,2614.19,21.88
4125308,São Jorge do Ivaí,PR,2025,5.51,1737.04,31510.21,1676.39,60.65,250.2,5.56
4125357,São Jorge do Patrocínio,PR,2025,47.52,19312.24,40641.81,2711.64,16600.6,3895.35,52.56
4125407,São José da Boa Vista,PR,2025,18.65,7455.82,39974.32,7106.55,349.27,147.49,18.72
4125456,São José das Palmeiras,PR,2025,22.97,4190.85,18241.81,4112.78,78.07,50.74,23.04
4125506,São José dos Pinhais,PR,2025,55.49,52494.12,94603.84,52362.09,132.03,983.81,56.07
4125555,São Manoel do Paraná,PR,2025,17.93,1709.75,9536.91,1644.37,65.38,143.62,18.2
4125605,São Mateus do Sul,PR,2025,41.37,55514.36,134177.33,55450.68,63.67,1952.07,41.98
4125704,São Miguel do Iguaçu,PR,2025,22.34,19018.72,85135.84,18544.61,474.11,6426.93,24.16
4125753,São Pedro do Iguaçu,PR,2025,18.89,5825.65,30833.78,5691.13,134.52,41.61,18.92
4125803,São Pedro do Ivaí,PR,2025,10.37,3347.41,32268.95,3324.15,23.26,708.45,10.61
4125902,São Pedro do Paraná,PR,2025,8.74,2190.88,25065.26,1256.14,934.74,1659.73,9.36
4126009,São Sebastião da Amoreira,PR,2025,11.7,2654.35,22686.72,2587.78,66.57,142.5,11.77
4126108,São Tomé,PR,2025,17.13,3743.75,21861.06,3429.36,314.39,191.94,17.28
4126207,Sapopema,PR,2025,33.18,22485.17,67759.55,22485.17,0.0,347.35,33.35
4126256,Sarandi,PR,2025,4.61,477.69,10351.51,477.69,0.0,2.71,4.62
4126272,Saudade do Iguaçu,PR,2025,18.39,2795.9,15206.47,2762.95,32.95,1358.53,20.19
4126306,Sengés,PR,2025,29.52,42598.0,144325.79,39846.6,2751.4,233.56,29.56
4126355,Serranópolis do Iguaçu,PR,2025,63.44,30577.06,48198.3,30469.9,107.16,1924.7,66.08
4126405,Sertaneja,PR,2025,4.2,1865.39,44449.59,1518.74,346.65,8055.69,5.13
4126504,Sertanópolis,PR,2025,8.56,4329.03,50552.23,4234.9,94.13,1601.93,8.84
4126603,Siqueira Campos,PR,2025,10.64,2958.38,27799.22,2935.23,23.15,271.64,10.75
4126652,Sulina,PR,2025,16.89,2884.66,17079.55,2871.42,13.24,277.89,17.17
4126678,Tamarana,PR,2025,32.86,15513.27,47214.53,15474.72,38.54,302.34,33.07
4126702,Tamboara,PR,2025,6.1,1177.64,19313.41,1175.09,2.55,1.89,6.1
4126801,Tapejara,PR,2025,7.86,4650.54,59142.25,4450.18,200.36,5.99,7.86
4126900,Tapira,PR,2025,8.64,3753.11,43441.02,3039.8,713.31,367.67,8.71
4127007,Teixeira Soares,PR,2025,36.96,33368.1,90277.79,30883.32,2484.78,344.57,37.1
4127106,Telêmaco Borba,PR,2025,35.09,48523.09,138290.74,48496.8,26.29,4502.1,36.27
4127205,Terra Boa,PR,2025,21.38,6859.23,32085.69,6806.99,52.25,164.59,21.49
4127304,Terra Rica,PR,2025,6.47,4534.38,70061.74,3029.05,1505.33,4342.94,6.9
4127403,Terra Roxa,PR,2025,11.43,9155.0,80087.64,7072.2,2082.8,980.52,11.57
4127502,Tibagi,PR,2025,34.02,101295.56,297793.96,85620.01,15675.55,1842.97,34.23
4127601,Tijucas do Sul,PR,2025,56.95,38265.69,67190.39,36993.86,1271.83,520.0,57.4
4127700,Toledo,PR,2025,13.66,16365.38,119801.85,16003.64,361.74,344.44,13.7
4127809,Tomazina,PR,2025,15.45,9140.0,59146.96,9050.17,89.83,261.51,15.52
4127858,Três Barras do Paraná,PR,2025,25.34,12807.86,50551.16,12801.14,6.72,3703.74,27.34
4127882,Tunas do Paraná,PR,2025,66.29,44312.98,66847.32,44292.59,20.39,25.67,66.32
4127908,Tuneiras do Oeste,PR,2025,18.77,13121.08,69885.97,12833.32,287.75,41.51,18.79
4127957,Tupãssi,PR,2025,5.47,1640.6,29977.3,1108.51,532.09,48.14,5.48
4127965,Turvo,PR,2025,45.05,42314.05,93918.9,41678.62,635.43,232.56,45.17
4128005,Ubiratã,PR,2025,11.17,7289.11,65258.7,7148.92,140.19,681.85,11.29
4128104,Umuarama,PR,2025,8.68,10716.05,123453.08,9969.75,746.29,64.86,8.68
4128203,União da Vitória,PR,2025,64.05,46115.14,72000.28,46089.77,25.37,1541.94,65.45
4128302,Uniflor,PR,2025,6.24,591.77,9482.17,576.19,15.58,20.69,6.25
4128401,Uraí,PR,2025,8.78,2087.95,23782.62,2035.91,52.04,19.43,8.79
4128500,Wenceslau Braz,PR,2025,19.17,7626.36,39789.4,7597.38,28.99,19.17,19.18
4128534,Ventania,PR,2025,35.58,29155.25,81937.31,28957.03,198.22,16.35,35.59
4128559,Vera Cruz do Oeste,PR,2025,14.54,4755.39,32698.06,4688.68,66.71,43.7,14.56
4128609,Verê,PR,2025,16.24,5063.03,31178.58,5002.56,60.47,468.01,16.49
4128625,Alto Paraíso,PR,2025,33.06,31996.13,96776.44,7982.99,24013.14,6393.89,35.4
4128633,Doutor Ulysses,PR,2025,55.23,42942.9,77749.29,42465.79,477.11,71.77,55.28
4128658,Virmond,PR,2025,22.55,5614.85,24904.02,5587.73,27.12,465.59,22.98
4128708,Vitorino,PR,2025,20.65,6364.16,30822.51,6347.2,16.96,59.3,20.69
4128807,Xambrê,PR,2025,5.47,1967.21,35971.45,1611.74,355.47,2.62,5.47
4200051,Abdon Batista,SC,2025,49.39,11730.76,23752.11,9351.05,2379.71,1847.99,53.56
4200101,Abelardo Luz,SC,2025,28.98,27646.43,95400.12,26339.43,1307.0,1164.91,29.34
4200200,Agrolândia,SC,2025,41.69,8621.89,20681.54,8621.89,0.0,57.45,41.8
4200309,Agronômica,SC,2025,31.48,4084.51,12974.81,4084.51,0.0,20.31,31.53
4200408,Água Doce,SC,2025,31.03,41205.88,132794.35,31706.88,9499.0,1047.6,31.28
4200507,Águas de Chapecó,SC,2025,23.21,3237.86,13948.73,3237.86,0.0,1041.65,25.09
4200556,Águas Frias,SC,2025,24.87,1905.95,7663.47,1905.95,0.0,179.11,25.47
4200606,Águas Mornas,SC,2025,78.31,25582.51,32666.83,25416.81,165.7,17.31,78.35
4200705,Alfredo Wagner,SC,2025,50.83,37281.58,73348.4,34619.62,2661.97,114.36,50.91
4200754,Alto Bela Vista,SC,2025,31.46,3253.17,10341.98,3154.68,98.49,1621.49,37.3
4200804,Anchieta,SC,2025,24.57,5709.6,23235.2,5709.6,0.0,110.99,24.69
4200903,Angelina,SC,2025,69.69,34849.09,50003.68,34479.24,369.85,152.89,69.91
4201000,Anita Garibaldi,SC,2025,56.91,33568.05,58983.08,24079.53,9488.53,3341.37,60.33
4201109,Anitápolis,SC,2025,75.0,40549.31,54065.69,39841.28,708.03,13.47,75.02
4201208,Antônio Carlos,SC,2025,71.71,16810.72,23441.32,16803.88,6.84,6.04,71.73
4201257,Apiúna,SC,2025,75.25,37139.82,49352.0,37139.82,0.0,348.87,75.79
4201273,Arabutã,SC,2025,42.29,5607.55,13259.14,5606.12,1.44,92.91,42.59
4201307,Araquari,SC,2025,44.57,17234.14,38668.22,17212.06,22.09,2127.83,47.16
4201406,Araranguá,SC,2025,10.33,3117.42,30178.26,2548.22,569.2,1186.91,10.75
4201505,Armazém,SC,2025,38.5,6698.74,17397.61,6698.74,0.0,112.64,38.75
4201604,Arroio Trinta,SC,2025,43.64,4082.05,9353.63,4082.05,0.0,29.81,43.78
4201653,Arvoredo,SC,2025,33.14,2998.6,9048.93,2996.84,1.76,185.21,33.83
4201703,Ascurra,SC,2025,71.29,8047.47,11289.03,8047.47,0.0,142.85,72.2
4201802,Atalanta,SC,2025,29.27,2762.65,9438.56,2762.65,0.0,37.96,29.39
4201901,Aurora,SC,2025,41.44,8580.4,20704.45,8580.4,0.0,141.2,41.73
4201950,Balneário Arroio do Silva,SC,2025,35.34,3323.48,9405.27,896.74,2426.74,313.22,36.55
4202008,Balneário Camboriú,SC,2025,47.98,2158.73,4498.88,2158.73,0.0,75.55,48.8
4202057,Balneário Barra do Sul,SC,2025,59.61,6489.61,10886.21,6359.45,130.16,724.12,63.86
4202073,Balneário Gaivota,SC,2025,17.26,2517.0,14586.99,958.96,1558.04,1535.98,19.29
4202081,Bandeirante,SC,2025,37.43,5513.48,14731.68,5513.48,0.0,82.34,37.64
4202099,Barra Bonita,SC,2025,32.62,3031.51,9293.72,3031.51,0.0,119.01,33.04
4202107,Barra Velha,SC,2025,27.41,3807.38,13889.72,3806.26,1.12,268.57,27.95
4202131,Bela Vista do Toldo,SC,2025,45.59,24423.67,53571.47,24416.38,7.3,57.01,45.64
4202156,Belmonte,SC,2025,31.66,2958.25,9344.38,2958.25,0.0,62.54,31.87
4202206,Benedito Novo,SC,2025,68.45,26577.13,38828.64,26574.49,2.64,115.53,68.65
4202305,Biguaçu,SC,2025,54.92,17389.46,31665.25,17376.73,12.73,139.07,55.16
4202404,Blumenau,SC,2025,68.9,35728.91,51859.25,35728.91,0.0,557.58,69.64
4202438,Bocaina do Sul,SC,2025,49.3,25177.35,51065.06,23764.68,1412.68,191.22,49.49
4202453,Bombinhas,SC,2025,58.09,2002.7,3447.34,2002.7,0.0,50.0,58.95
4202503,Bom Jardim da Serra,SC,2025,94.73,88907.62,93849.87,32524.64,56382.98,157.2,94.89
4202537,Bom Jesus,SC,2025,11.51,735.31,6388.84,721.38,13.93,78.12,11.65
4202578,Bom Jesus do Oeste,SC,2025,18.55,1257.24,6776.94,1257.24,0.0,7.37,18.57
4202602,Bom Retiro,SC,2025,57.18,60446.39,105704.03,56601.38,3845.0,141.69,57.26
4202701,Botuverá,SC,2025,84.64,25075.15,29626.89,25075.15,0.0,127.42,85.0
4202800,Braço do Norte,SC,2025,30.29,6422.88,21204.96,6422.88,0.0,208.0,30.59
4202859,Braço do Trombudo,SC,2025,33.41,2987.97,8942.56,2987.97,0.0,40.13,33.56
4202875,Brunópolis,SC,2025,29.31,9860.0,33641.29,7009.58,2850.42,1343.68,30.53
4202909,Brusque,SC,2025,63.09,17959.72,28467.64,17959.72,0.0,128.32,63.37
4203006,Caçador,SC,2025,35.27,34684.56,98341.55,34485.09,199.47,866.24,35.58
4203105,Caibi,SC,2025,27.51,4762.02,17307.45,4762.02,0.0,235.07,27.89
4203154,Calmon,SC,2025,40.0,25450.65,63620.81,25173.52,277.14,286.61,40.18
4203204,Camboriú,SC,2025,63.2,13307.63,21057.42,13307.63,0.0,39.37,63.32
4203253,Capão Alto,SC,2025,71.38,95077.05,133197.58,36414.1,58662.94,1589.19,72.24
4203303,Campo Alegre,SC,2025,51.98,25996.32,50016.91,25394.39,601.94,195.69,52.18
4203402,Campo Belo do Sul,SC,2025,56.52,57965.25,102561.43,28177.1,29788.15,1500.59,57.36
4203501,Campo Erê,SC,2025,22.7,10877.62,47916.13,10728.89,148.73,130.98,22.76
4203600,Campos Novos,SC,2025,36.92,63411.54,171758.63,44099.51,19312.03,2474.28,37.46
4203709,Canelinha,SC,2025,50.69,7647.43,15088.11,7647.43,0.0,283.04,51.65
4203808,Canoinhas,SC,2025,34.21,39276.76,114802.79,39260.97,15.79,1126.08,34.55
4203907,Capinzal,SC,2025,40.97,10009.24,24430.7,7172.3,2836.94,880.8,42.5
4203956,Capivari de Baixo,SC,2025,4.74,252.4,5322.41,251.14,1.26,112.64,4.84
4204004,Catanduvas,SC,2025,40.06,7979.73,19918.04,7950.19,29.54,58.68,40.18
4204103,Caxambu do Sul,SC,2025,23.52,3313.34,14088.01,3313.34,0.0,1474.36,26.27
4204152,Celso Ramos,SC,2025,51.74,10782.3,20839.06,8471.28,2311.02,1454.67,55.62
4204178,Cerro Negro,SC,2025,63.28,26481.91,41851.76,15117.63,11364.28,1966.57,66.4
4204194,Chapadão do Lageado,SC,2025,36.79,4593.17,12486.07,4590.63,2.54,49.6,36.93
4204202,Chapecó,SC,2025,31.58,19726.1,62470.39,19516.65,209.45,1399.37,32.3
4204251,Cocal do Sul,SC,2025,37.18,2638.59,7097.04,2638.59,0.0,21.65,37.29
4204301,Concórdia,SC,2025,35.03,27997.64,79922.5,27780.35,217.29,3649.36,36.71
4204350,Cordilheira Alta,SC,2025,37.0,3154.05,8524.86,3154.05,0.0,27.48,37.12
4204400,Coronel Freitas,SC,2025,29.42,6840.9,23250.11,6840.9,0.0,478.2,30.04
4204459,Coronel Martins,SC,2025,18.83,2023.66,10749.73,2023.66,0.0,17.48,18.86
4204509,Corupá,SC,2025,77.95,31626.01,40574.33,31601.3,24.71,72.57,78.09
4204558,Correia Pinto,SC,2025,43.89,28412.05,64739.5,17764.35,10647.7,416.29,44.17
4204608,Criciúma,SC,2025,21.81,5119.47,23477.33,5115.54,3.93,64.24,21.87
4204707,Cunha Porã,SC,2025,27.45,6041.76,22010.22,6041.76,0.0,72.36,27.54
4204756,Cunhataí,SC,2025,33.64,1843.86,5481.1,1843.86,0.0,7.51,33.69
4204806,Curitibanos,SC,2025,28.28,26871.2,95002.75,24522.52,2348.68,2000.95,28.89
4204905,Descanso,SC,2025,27.12,7785.99,28704.42,7785.99,0.0,187.16,27.3
4205001,Dionísio Cerqueira,SC,2025,21.89,8288.12,37861.55,8282.5,5.63,149.36,21.98
4205100,Dona Emma,SC,2025,44.07,7851.9,17816.21,7851.9,0.0,20.61,44.12
4205159,Doutor Pedrinho,SC,2025,74.86,28014.89,37422.27,28012.4,2.48,75.06,75.01
4205175,Entre Rios,SC,2025,46.3,4809.02,10386.62,4809.02,0.0,192.31,47.17
4205191,Ermo,SC,2025,2.72,177.81,6531.84,177.81,0.0,81.58,2.76
4205209,Erval Velho,SC,2025,52.33,10927.27,20882.99,6820.2,4107.07,219.55,52.88
4205308,Faxinal dos Guedes,SC,2025,26.37,8966.08,34006.57,8889.5,76.58,467.19,26.73
4205357,Flor do Sertão,SC,2025,36.85,2153.27,5843.38,2153.27,0.0,94.04,37.45
4205407,Florianópolis,SC,2025,46.56,20437.44,43891.72,19523.92,913.52,3396.91,50.47
4205431,Formosa do Sul,SC,2025,27.05,2715.86,10039.39,2715.86,0.0,7.45,27.07
4205456,Forquilhinha,SC,2025,3.96,726.84,18337.58,726.84,0.0,98.96,3.99
4205506,Fraiburgo,SC,2025,22.5,12358.16,54920.98,12355.92,2.24,496.73,22.71
4205555,Frei Rogério,SC,2025,19.55,3103.64,15878.84,3008.11,95.53,364.28,20.0
4205605,Galvão,SC,2025,16.93,2368.12,13986.67,2358.73,9.39,11.56,16.95
4205704,Garopaba,SC,2025,40.24,4606.17,11448.02,4207.89,398.28,777.84,43.17
4205803,Garuva,SC,2025,76.44,38497.47,50360.26,36412.66,2084.81,769.14,77.63
4205902,Gaspar,SC,2025,57.81,22348.59,38660.26,22348.59,0.0,513.74,58.59
4206009,Governador Celso Ramos,SC,2025,49.86,4674.09,9374.1,4648.76,25.32,181.45,50.85
4206108,Grão-Pará,SC,2025,55.73,18635.61,33436.75,17949.07,686.54,60.93,55.84
4206207,Gravatal,SC,2025,27.81,4607.86,16572.01,4607.86,0.0,66.93,27.92
4206306,Guabiruba,SC,2025,76.57,13183.66,17217.77,13183.66,0.0,57.04,76.82
4206405,Guaraciaba,SC,2025,26.51,8785.5,33134.17,8785.5,0.0,104.37,26.6
4206504,Guaramirim,SC,2025,39.47,10557.82,26750.85,10557.82,0.0,281.16,39.89
4206603,Guarujá do Sul,SC,2025,21.34,2147.17,10061.36,2147.17,0.0,31.15,21.41
4206652,Guatambú,SC,2025,36.6,7546.3,20617.92,7541.76,4.55,540.43,37.59
4206702,Herval d'Oeste,SC,2025,45.27,9804.44,21658.84,8622.2,1182.25,152.0,45.59
4206751,Ibiam,SC,2025,39.93,5830.58,14600.46,4985.38,845.2,30.22,40.02
4206801,Ibicaré,SC,2025,40.25,6288.43,15622.0,6267.86,20.57,151.08,40.65
4206900,Ibirama,SC,2025,67.02,16561.01,24709.5,16561.01,0.0,386.55,68.09
4207007,Içara,SC,2025,6.8,1568.18,23049.28,1563.31,4.87,170.87,6.85
4207106,Ilhota,SC,2025,46.05,11652.0,25301.38,11652.0,0.0,370.98,46.74
4207205,Imaruí,SC,2025,43.88,23794.67,54223.15,23768.53,26.13,5571.68,48.91
4207304,Imbituba,SC,2025,19.61,3556.21,18133.35,2498.65,1057.57,3343.64,24.05
4207403,Imbuia,SC,2025,17.92,2134.03,11910.7,2127.27,6.76,27.59,17.96
4207502,Indaial,SC,2025,76.9,33129.41,43081.1,33129.41,0.0,533.53,77.86
4207577,Iomerê,SC,2025,34.55,3938.36,11397.56,3938.36,0.0,57.11,34.73
4207601,Ipira,SC,2025,45.4,7091.13,15618.32,6008.4,1082.73,251.38,46.15
4207650,Iporã do Oeste,SC,2025,35.21,7081.25,20110.19,7081.25,0.0,62.47,35.32
4207684,Ipuaçu,SC,2025,21.09,5507.53,26108.44,5436.16,71.37,1117.84,22.04
4207700,Ipumirim,SC,2025,34.46,8480.81,24608.99,8479.77,1.04,34.97,34.51
4207759,Iraceminha,SC,2025,30.64,5059.42,16514.61,5059.42,0.0,68.79,30.76
4207809,Irani,SC,2025,45.05,14679.55,32583.19,14349.31,330.24,209.62,45.34
4207858,Irati,SC,2025,22.62,1762.23,7791.96,1762.23,0.0,3.29,22.63
4207908,Irineópolis,SC,2025,32.45,19134.31,58970.26,19134.31,0.0,761.56,32.87
4208005,Itá,SC,2025,28.95,4813.83,16625.39,4788.0,25.83,1949.7,32.8
4208104,Itaiópolis,SC,2025,50.38,65367.81,129754.86,65339.97,27.84,292.7,50.49
4208203,Itajaí,SC,2025,37.09,10727.62,28920.26,10727.62,0.0,614.72,37.9
4208302,Itapema,SC,2025,58.99,3430.67,5816.11,3430.67,0.0,28.88,59.28
4208401,Itapiranga,SC,2025,34.81,9773.75,28073.56,9773.75,0.0,1327.48,36.54
4208450,Itapoá,SC,2025,71.8,17620.23,24539.31,17604.28,15.94,1028.39,74.94
4208500,Ituporanga,SC,2025,30.09,10129.35,33661.37,10115.52,13.83,216.45,30.29
4208609,Jaborá,SC,2025,37.45,6834.55,18248.94,6827.21,7.34,34.63,37.52
4208708,Jacinto Machado,SC,2025,54.0,23258.84,43070.45,22789.27,469.57,209.35,54.27
4208807,Jaguaruna,SC,2025,8.16,2663.02,32632.5,1769.57,893.45,2208.03,8.75
4208906,Jaraguá do Sul,SC,2025,66.55,35328.33,53081.58,35325.36,2.97,202.67,66.81
4208955,Jardinópolis,SC,2025,29.95,2051.31,6849.32,2051.31,0.0,92.63,30.36
4209003,Joaçaba,SC,2025,39.05,9435.54,24163.54,9375.18,60.37,165.02,39.32
4209102,Joinville,SC,2025,62.72,70744.1,112787.3,70720.45,23.65,3489.15,64.73
4209151,José Boiteux,SC,2025,76.91,31190.3,40554.3,31190.3,0.0,301.29,77.49
4209177,Jupiá,SC,2025,17.28,1579.7,9144.16,1574.08,5.62,3.53,17.28
4209201,Lacerdópolis,SC,2025,40.04,2763.98,6902.96,2383.88,380.1,142.95,40.89
4209300,Lages,SC,2025,68.97,181931.51,263769.24,48055.85,133875.66,2408.16,69.61
4209409,Laguna,SC,2025,16.16,5381.54,33293.33,1681.09,3700.46,11859.13,25.11
4209458,Lajeado Grande,SC,2025,15.83,1034.83,6535.84,1034.83,0.0,21.76,15.89
4209508,Laurentino,SC,2025,28.98,2299.64,7934.14,2299.64,0.0,59.95,29.2
4209607,Lauro Müller,SC,2025,62.88,17094.11,27187.2,15857.29,1236.82,24.38,62.93
4209706,Lebon Régis,SC,2025,36.86,34705.34,94163.68,34391.76,313.57,570.14,37.08
4209805,Leoberto Leal,SC,2025,62.16,18249.07,29359.96,17508.13,740.94,16.31,62.19
4209854,Lindóia do Sul,SC,2025,39.53,7519.03,19020.05,7514.24,4.79,36.26,39.61
4209904,Lontras,SC,2025,43.15,8525.2,19758.12,8525.2,0.0,289.02,43.79
4210001,Luiz Alves,SC,2025,61.01,15869.18,26009.63,15869.18,0.0,51.24,61.13
4210035,Luzerna,SC,2025,35.68,4177.44,11707.88,4177.44,0.0,54.1,35.85
4210050,Macieira,SC,2025,45.92,11995.19,26120.27,11854.56,140.64,41.52,46.0
4210100,Mafra,SC,2025,34.65,48648.41,140410.17,48629.03,19.38,824.18,34.85
4210209,Major Gercino,SC,2025,75.19,23010.49,30602.13,22984.09,26.41,78.15,75.38
4210308,Major Vieira,SC,2025,36.69,19105.78,52077.58,19035.19,70.59,80.08,36.74
4210407,Maracajá,SC,2025,9.07,570.84,6292.02,569.82,1.02,77.28,9.19
4210506,Maravilha,SC,2025,25.87,4406.59,17034.31,4406.59,0.0,49.86,25.94
4210555,Marema,SC,2025,19.1,1990.07,10417.8,1990.07,0.0,185.89,19.45
4210605,Massaranduba,SC,2025,54.42,20378.69,37446.33,20378.69,0.0,164.42,54.66
4210704,Matos Costa,SC,2025,48.93,21301.96,43539.38,20940.43,361.53,301.44,49.27
4210803,Meleiro,SC,2025,10.12,1887.17,18643.63,1887.17,0.0,92.38,10.17
4210852,Mirim Doce,SC,2025,67.97,22972.61,33798.22,22972.61,0.0,77.34,68.13
4210902,Modelo,SC,2025,26.72,2467.95,9234.74,2467.95,0.0,15.76,26.77
4211009,Mondaí,SC,2025,36.77,7364.97,20029.26,7364.97,0.0,1173.44,39.06
4211058,Monte Carlo,SC,2025,25.67,4909.92,19129.04,4290.36,619.57,162.72,25.89
4211108,Monte Castelo,SC,2025,52.54,29460.06,56075.24,29300.96,159.11,65.16,52.6
4211207,Morro da Fumaça,SC,2025,13.8,1143.36,8287.6,1143.36,0.0,385.58,14.47
4211256,Morro Grande,SC,2025,71.25,18536.35,26016.67,18085.24,451.11,38.37,71.35
4211306,Navegantes,SC,2025,25.79,2870.75,11132.51,2845.48,25.27,354.09,26.63
4211405,Nova Erechim,SC,2025,26.81,1744.11,6506.05,1744.11,0.0,302.67,28.12
4211454,Nova Itaberaba,SC,2025,38.78,5316.27,13708.14,5316.27,0.0,226.65,39.43
4211504,Nova Trento,SC,2025,78.65,31682.46,40284.65,31682.46,0.0,44.37,78.73
4211603,Nova Veneza,SC,2025,44.66,13177.24,29503.63,13011.0,166.24,111.61,44.83
4211652,Novo Horizonte,SC,2025,22.57,3424.64,15172.06,3424.64,0.0,12.03,22.59
4211702,Orleans,SC,2025,59.86,32913.23,54985.36,31944.7,968.53,213.47,60.09
4211751,Otacílio Costa,SC,2025,25.62,21710.04,84724.04,21254.07,455.97,415.2,25.75
4211801,Ouro,SC,2025,45.81,9781.92,21354.52,8028.55,1753.38,160.08,46.15
4211850,Ouro Verde,SC,2025,12.4,2337.33,18856.28,2284.16,53.17,241.81,12.56
4211876,Paial,SC,2025,38.08,3276.69,8603.96,3260.18,16.5,338.76,39.64
4211892,Painel,SC,2025,81.96,60518.01,73835.66,16212.59,44305.42,278.27,82.27
4211900,Palhoça,SC,2025,61.47,20141.41,32767.95,17839.94,2301.47,487.23,62.39
4212007,Palma Sola,SC,2025,28.92,9569.52,33089.72,9560.28,9.24,96.22,29.0
4212056,Palmeira,SC,2025,36.31,10497.56,28908.44,9355.67,1141.89,223.03,36.6
4212106,Palmitos,SC,2025,24.31,8534.72,35104.28,8534.72,0.0,1386.82,25.31
4212205,Papanduva,SC,2025,45.04,34444.01,76473.38,34415.57,28.44,124.66,45.11
4212239,Paraíso,SC,2025,33.14,5934.59,17910.11,5934.59,0.0,110.39,33.34
4212254,Passo de Torres,SC,2025,9.96,917.41,9209.17,568.06,349.35,807.04,10.92
4212270,Passos Maia,SC,2025,44.98,27755.74,61708.08,26172.81,1582.93,694.63,45.49
4212304,Paulo Lopes,SC,2025,76.51,34130.65,44608.12,33694.36,436.28,385.92,77.18
4212403,Pedras Grandes,SC,2025,50.38,8055.99,15991.93,8055.99,0.0,81.22,50.63
4212502,Penha,SC,2025,34.21,1964.96,5743.55,1964.96,0.0,72.65,34.65
4212601,Peritiba,SC,2025,41.26,3945.83,9563.11,3869.39,76.44,6.21,41.29
4212650,Pescaria Brava,SC,2025,15.0,1602.67,10684.2,1532.39,70.28,3782.45,23.22
4212700,Petrolândia,SC,2025,44.93,13783.05,30675.81,13776.38,6.67,162.61,45.17
4212809,Balneário Piçarras,SC,2025,22.73,2257.99,9935.03,2257.99,0.0,54.58,22.85
4212908,Pinhalzinho,SC,2025,23.29,2998.33,12872.76,2998.33,0.0,72.56,23.42
4213005,Pinheiro Preto,SC,2025,29.89,1823.96,6101.9,1823.96,0.0,111.7,30.45
4213104,Piratuba,SC,2025,53.01,7743.74,14609.11,5321.71,2422.03,1562.95,59.36
4213153,Planalto Alegre,SC,2025,40.09,2529.85,6310.54,2529.85,0.0,11.34,40.16
4213203,Pomerode,SC,2025,70.12,15028.1,21431.25,15028.1,0.0,30.18,70.22
4213302,Ponte Alta,SC,2025,43.43,24981.73,57518.9,22049.68,2932.05,374.3,43.72
4213351,Ponte Alta do Norte,SC,2025,36.68,14555.51,39687.05,13209.02,1346.49,216.95,36.88
4213401,Ponte Serrada,SC,2025,47.34,26543.32,56073.11,26006.21,537.12,977.45,48.18
4213500,Porto Belo,SC,2025,45.2,4226.03,9350.38,4213.83,12.2,48.66,45.43
4213609,Porto União,SC,2025,48.48,41153.08,84881.48,41122.91,30.18,841.2,48.97
4213708,Pouso Redondo,SC,2025,34.47,12289.37,35655.02,12289.37,0.0,103.1,34.57
4213807,Praia Grande,SC,2025,63.0,17916.43,28436.86,17416.1,500.33,137.39,63.31
4213906,Presidente Castello Branco,SC,2025,44.12,2886.71,6543.49,2868.94,17.77,4.86,44.15
4214003,Presidente Getúlio,SC,2025,40.87,12144.73,29714.17,12144.73,0.0,70.82,40.97
4214102,Presidente Nereu,SC,2025,69.23,15559.08,22474.66,15559.08,0.0,37.29,69.34
4214151,Princesa,SC,2025,24.83,2123.45,8552.65,2123.45,0.0,13.24,24.87
4214201,Quilombo,SC,2025,25.51,7118.39,27899.54,7118.39,0.0,346.58,25.84
4214300,Rancho Queimado,SC,2025,65.67,18812.26,28645.77,17194.07,1618.19,47.4,65.78
4214409,Rio das Antas,SC,2025,30.42,9578.36,31490.11,9578.36,0.0,412.3,30.82
4214508,Rio do Campo,SC,2025,53.41,26816.43,50210.11,26785.18,31.26,134.95,53.55
4214607,Rio do Oeste,SC,2025,32.49,7961.08,24505.08,7961.08,0.0,171.64,32.72
4214706,Rio dos Cedros,SC,2025,72.17,40089.0,55548.17,40069.75,19.25,715.79,73.11
4214805,Rio do Sul,SC,2025,49.33,12864.74,26081.33,12864.74,0.0,203.07,49.71
4214904,Rio Fortuna,SC,2025,45.58,13782.66,30237.89,13524.19,258.47,133.48,45.78
4215000,Rio Negrinho,SC,2025,41.12,37314.76,90743.8,37237.56,77.19,960.09,41.56
4215059,Rio Rufino,SC,2025,74.3,20996.31,28259.32,19671.3,1325.01,56.66,74.45
4215075,Riqueza,SC,2025,34.73,6635.01,19106.8,6635.01,0.0,98.98,34.91
4215109,Rodeio,SC,2025,65.27,8419.98,12899.74,8419.98,0.0,126.36,65.92
4215208,Romelândia,SC,2025,27.79,6205.69,22332.2,6205.69,0.0,171.54,28.0
4215307,Salete,SC,2025,41.66,7410.11,17787.85,7410.11,0.0,49.93,41.78
4215356,Saltinho,SC,2025,20.53,3213.97,15657.16,3213.97,0.0,22.45,20.56
4215406,Salto Veloso,SC,2025,44.78,4700.57,10497.36,4700.57,0.0,7.83,44.81
4215455,Sangão,SC,2025,9.96,827.0,8300.4,825.82,1.18,187.24,10.19
4215505,Santa Cecília,SC,2025,29.61,33919.03,114571.49,33378.51,540.52,1391.54,29.97
4215554,Santa Helena,SC,2025,36.38,2937.15,8072.59,2937.15,0.0,34.77,36.54
4215604,Santa Rosa de Lima,SC,2025,56.68,11517.78,20321.41,11468.53,49.25,70.27,56.87
4215653,Santa Rosa do Sul,SC,2025,23.29,3500.23,15031.03,3392.73,107.5,1466.42,25.8
4215679,Santa Terezinha,SC,2025,60.53,43315.63,71554.79,43315.63,0.0,148.41,60.66
4215687,Santa Terezinha do Progresso,SC,2025,28.38,3396.13,11965.4,3396.13,0.0,5.77,28.4
4215695,Santiago do Sul,SC,2025,20.53,1505.62,7332.68,1505.62,0.0,6.41,20.55
4215703,Santo Amaro da Imperatriz,SC,2025,78.19,26917.02,34423.07,26108.71,808.31,44.29,78.3
4215752,São Bernardino,SC,2025,23.13,3466.44,14989.53,3466.44,0.0,14.6,23.15
4215802,São Bento do Sul,SC,2025,63.68,31522.07,49499.54,31461.0,61.07,131.35,63.85
4215901,São Bonifácio,SC,2025,71.37,32935.65,46145.39,32827.37,108.28,55.87,71.46
4216008,São Carlos,SC,2025,27.05,4385.37,16213.13,4385.37,0.0,528.25,27.96
4216057,São Cristóvão do Sul,SC,2025,39.58,13691.68,34591.33,12652.69,1038.99,68.44,39.66
4216107,São Domingos,SC,2025,16.91,6215.54,36750.37,6146.47,69.07,1050.91,17.41
4216206,São Francisco do Sul,SC,2025,53.08,26174.15,49314.67,26005.45,168.69,11983.51,70.11
4216255,São João do Oeste,SC,2025,37.9,6200.22,16359.74,6200.22,0.0,15.01,37.93
4216305,São João Batista,SC,2025,63.0,12648.32,20077.78,12648.32,0.0,188.08,63.59
4216354,São João do Itaperiú,SC,2025,27.11,4117.4,15188.97,4117.4,0.0,85.16,27.26
4216404,São João do Sul,SC,2025,13.63,2513.21,18438.34,2120.22,392.99,918.47,14.34
4216503,São Joaquim,SC,2025,86.62,163594.43,188862.38,47176.08,116418.35,1245.47,87.2
4216602,São José,SC,2025,40.8,4666.61,11436.89,4666.61,0.0,52.13,40.99
4216701,São José do Cedro,SC,2025,24.61,6893.63,28013.21,6893.63,0.0,66.19,24.67
4216800,São José do Cerrito,SC,2025,47.57,45135.18,94872.16,32914.22,12220.95,2948.05,49.1
4216909,São Lourenço do Oeste,SC,2025,20.76,7394.86,35618.9,7394.86,0.0,49.85,20.79
4217006,São Ludgero,SC,2025,38.95,4159.21,10677.24,4159.21,0.0,147.49,39.5
4217105,São Martinho,SC,2025,49.03,11010.03,22455.24,11010.03,0.0,116.54,49.29
4217154,São Miguel da Boa Vista,SC,2025,30.84,2243.99,7277.01,2243.99,0.0,37.56,31.0
4217204,São Miguel do Oeste,SC,2025,32.4,7576.43,23384.39,7576.43,0.0,125.45,32.57
4217253,São Pedro de Alcântara,SC,2025,69.71,9703.29,13920.1,9703.29,0.0,11.36,69.76
4217303,Saudades,SC,2025,31.03,6385.43,20579.05,6385.43,0.0,77.69,31.15
4217402,Schroeder,SC,2025,75.7,12508.0,16522.92,12508.0,0.0,49.72,75.93
4217501,Seara,SC,2025,37.22,11522.99,30961.66,11511.67,11.32,58.07,37.29
4217550,Serra Alta,SC,2025,29.25,2649.25,9056.11,2649.25,0.0,8.25,29.28
4217600,Siderópolis,SC,2025,68.94,18061.82,26197.91,17909.69,152.13,560.81,70.45
4217709,Sombrio,SC,2025,10.78,1545.54,14343.42,1477.59,67.94,475.51,11.14
4217758,Sul Brasil,SC,2025,30.63,3465.86,11314.84,3465.86,0.0,107.28,30.92
4217808,Taió,SC,2025,50.21,34836.55,69386.99,34831.76,4.79,1190.6,51.08
4217907,Tangará,SC,2025,34.24,13355.45,39003.57,12926.04,429.41,243.31,34.46
4217956,Tigrinhos,SC,2025,20.92,1191.72,5697.37,1191.72,0.0,11.85,20.96
4218004,Tijucas,SC,2025,40.33,11260.89,27919.31,11249.66,11.24,505.38,41.08
4218103,Timbé do Sul,SC,2025,74.48,24467.96,32849.9,23732.98,734.98,38.42,74.57
4218202,Timbó,SC,2025,48.9,6274.15,12830.71,6274.15,0.0,141.76,49.45
4218251,Timbó Grande,SC,2025,45.13,26915.25,59633.41,26912.44,2.8,376.02,45.42
4218301,Três Barras,SC,2025,38.92,16986.27,43647.15,16759.68,226.59,388.38,39.27
4218350,Treviso,SC,2025,73.61,11528.92,15662.75,11299.66,229.26,26.55,73.73
4218400,Treze de Maio,SC,2025,27.06,4325.28,15981.48,4325.28,0.0,44.24,27.14
4218509,Treze Tílias,SC,2025,28.94,5120.89,17692.57,5112.18,8.71,120.38,29.14
4218608,Trombudo Central,SC,2025,30.59,3354.38,10964.23,3354.38,0.0,52.57,30.74
4218707,Tubarão,SC,2025,22.37,6743.69,30149.83,6702.9,40.79,439.06,22.7
4218756,Tunápolis,SC,2025,36.23,4799.43,13246.95,4799.43,0.0,65.11,36.41
4218806,Turvo,SC,2025,17.23,4051.38,23509.89,4047.22,4.16,145.23,17.34
4218855,União do Oeste,SC,2025,24.11,2238.26,9283.89,2238.26,0.0,48.01,24.23
4218905,Urubici,SC,2025,86.99,88851.58,102135.16,64378.65,24472.94,88.34,87.07
4218954,Urupema,SC,2025,89.22,31270.66,35047.49,7540.03,23730.63,118.6,89.53
4219002,Urussanga,SC,2025,46.87,11949.51,25492.87,11934.53,14.98,56.44,46.98
4219101,Vargeão,SC,2025,22.91,3818.97,16670.63,3812.24,6.72,116.06,23.07
4219150,Vargem,SC,2025,45.34,15894.49,35058.42,12901.12,2993.37,1163.47,46.89
4219176,Vargem Bonita,SC,2025,41.77,12520.88,29977.78,11970.86,550.02,157.62,41.99
4219200,Vidal Ramos,SC,2025,54.64,18955.17,34692.83,18917.63,37.54,136.06,54.85
4219309,Videira,SC,2025,31.35,12043.7,38412.3,12035.7,8.0,349.59,31.64
4219358,Vitor Meireles,SC,2025,63.81,23634.8,37039.84,23634.8,0.0,49.2,63.89
4219408,Witmarsum,SC,2025,39.86,6130.28,15379.01,6130.28,0.0,16.22,39.9
4219507,Xanxerê,SC,2025,18.68,7050.62,37743.21,7050.62,0.0,252.76,18.81
4219606,Xavantina,SC,2025,28.04,6113.61,21805.49,6113.61,0.0,188.14,28.28
4219705,Xaxim,SC,2025,25.62,7523.87,29361.51,7523.87,0.0,251.2,25.85
4219853,Zortéa,SC,2025,37.54,7133.33,19004.24,5172.34,1960.99,782.14,39.15
4220000,Balneário Rincão,SC,2025,15.17,963.67,6351.5,175.71,787.96,859.21,17.55
4300034,Aceguá,RS,2025,38.46,59665.36,155135.38,7513.4,52151.96,4768.53,39.68
4300059,Água Santa,RS,2025,18.51,5395.16,29153.03,5376.82,18.33,44.09,18.53
4300109,Agudo,RS,2025,40.09,21432.14,53466.68,20608.46,823.69,1188.59,41.0
4300208,Ajuricaba,RS,2025,8.39,2705.73,32268.23,2682.25,23.48,293.65,8.46
4300307,Alecrim,RS,2025,38.59,12131.45,31435.47,11169.4,962.05,1234.79,40.17
4300406,Alegrete,RS,2025,56.85,443499.23,780054.93,45828.38,397670.84,20764.15,58.41
4300455,Alegria,RS,2025,24.01,4148.61,17277.98,4007.86,140.75,31.01,24.05
4300471,Almirante Tamandaré do Sul,RS,2025,21.9,5804.2,26503.62,5532.67,271.54,72.82,21.96
4300505,Alpestre,RS,2025,29.32,9556.97,32597.29,9556.97,0.0,2607.28,31.87
4300554,Alto Alegre,RS,2025,12.56,1448.59,11530.42,1433.89,14.7,202.39,12.79
4300570,Alto Feliz,RS,2025,64.48,5041.18,7817.65,5032.27,8.91,34.0,64.77
4300604,Alvorada,RS,2025,41.14,2949.2,7169.39,1315.81,1633.39,182.75,42.21
4300638,Amaral Ferrador,RS,2025,60.12,30424.43,50608.98,17107.2,13317.23,546.67,60.77
4300646,Ametista do Sul,RS,2025,37.95,3551.96,9359.44,3551.96,0.0,136.13,38.51
4300661,André da Rocha,RS,2025,47.16,15621.16,33121.31,7552.49,8068.67,210.87,47.47
4300703,Anta Gorda,RS,2025,45.86,11101.0,24208.56,11097.39,3.61,158.49,46.16
4300802,Antônio Prado,RS,2025,62.32,21660.35,34754.42,20241.0,1419.35,495.3,63.23
4300851,Arambaré,RS,2025,17.88,9264.01,51818.43,1521.72,7742.29,2944.04,18.95
4300877,Araricá,RS,2025,38.2,1344.56,3519.69,954.33,390.22,22.76,38.45
4300901,Aratiba,RS,2025,33.34,11413.38,34228.32,11381.82,31.56,3095.44,36.66
4301008,Arroio do Meio,RS,2025,33.41,5248.54,15710.64,5233.93,14.61,367.39,34.21
4301057,Arroio do Sal,RS,2025,21.38,2474.51,11572.03,196.99,2277.52,1976.3,25.79
4301073,Arroio do Padre,RS,2025,51.27,6392.93,12468.33,5004.73,1388.2,7.88,51.31
4301107,Arroio dos Ratos,RS,2025,54.13,23047.32,42581.64,11617.45,11429.87,253.71,54.45
4301206,Arroio do Tigre,RS,2025,26.11,8229.63,31516.28,8058.01,171.62,293.78,26.36
4301305,Arroio Grande,RS,2025,32.11,80538.39,250848.25,19298.15,61240.24,10030.52,33.44
4301404,Arvorezinha,RS,2025,50.48,13593.03,26930.11,13332.89,260.14,85.29,50.64
4301503,Augusto Pestana,RS,2025,15.94,5550.42,34825.33,4458.01,1092.4,95.09,15.98
4301552,Áurea,RS,2025,21.14,3312.28,15670.69,3312.28,0.0,40.72,21.19
4301602,Bagé,RS,2025,59.75,244398.88,409024.93,52602.5,191796.38,6582.27,60.73
4301636,Balneário Pinhal,RS,2025,27.28,2791.68,10234.36,116.15,2675.53,1696.57,32.7
4301651,Barão,RS,2025,53.02,6499.39,12258.42,6495.8,3.6,35.87,53.18
4301701,Barão de Cotegipe,RS,2025,30.64,7980.96,26045.86,7980.96,0.0,68.11,30.72
4301750,Barão do Triunfo,RS,2025,72.16,31467.59,43611.0,21956.49,9511.1,73.49,72.28
4301800,Barracão,RS,2025,41.51,21399.22,51549.89,15414.51,5984.71,1029.08,42.36
4301859,Barra do Guarita,RS,2025,33.42,2098.63,6279.28,2098.63,0.0,514.31,36.4
4301875,Barra do Quaraí,RS,2025,27.65,29044.56,105055.46,5352.07,23692.49,7289.83,29.71
4301909,Barra do Ribeiro,RS,2025,33.13,24162.15,72933.36,8878.24,15283.92,2534.22,34.32
4301925,Barra do Rio Azul,RS,2025,35.95,5283.51,14695.84,5283.51,0.0,45.96,36.07
4301958,Barra Funda,RS,2025,11.5,695.01,6044.0,693.82,1.19,102.99,11.7
4302006,Barros Cassal,RS,2025,45.47,29465.51,64798.15,25014.98,4450.53,165.46,45.59
4302055,Benjamin Constant do Sul,RS,2025,46.37,6138.27,13236.31,6138.27,0.0,66.81,46.61
4302105,Bento Gonçalves,RS,2025,53.67,14612.54,27225.05,14607.92,4.62,525.56,54.73
4302154,Boa Vista das Missões,RS,2025,17.86,3501.42,19607.89,3237.73,263.69,61.91,17.91
4302204,Boa Vista do Buricá,RS,2025,26.52,2904.82,10954.89,2903.79,1.03,26.44,26.58
4302220,Boa Vista do Cadeado,RS,2025,13.86,9721.0,70124.13,7728.86,1992.14,249.91,13.91
4302238,Boa Vista do Incra,RS,2025,13.0,6552.52,50410.89,4242.55,2309.98,267.52,13.07
4302253,Boa Vista do Sul,RS,2025,53.95,5024.69,9313.01,5023.52,1.17,59.1,54.3
4302303,Bom Jesus,RS,2025,74.14,194469.17,262284.71,63563.34,130905.83,1836.18,74.67
4302352,Bom Princípio,RS,2025,49.6,4465.74,9002.85,4428.34,37.4,79.86,50.05
4302378,Bom Progresso,RS,2025,20.66,1842.45,8918.61,1842.45,0.0,71.94,20.83
4302402,Bom Retiro do Sul,RS,2025,17.14,1757.47,10254.18,1332.7,424.77,225.2,17.52
4302451,Boqueirão do Leão,RS,2025,48.45,12490.02,25779.46,12358.76,131.26,113.09,48.66
4302501,Bossoroca,RS,2025,59.12,95187.97,161000.7,25898.37,69289.6,784.76,59.41
4302584,Bozano,RS,2025,8.56,1715.42,20050.73,1699.64,15.77,92.58,8.6
4302600,Braga,RS,2025,18.18,2400.57,13204.13,2400.57,0.0,158.47,18.4
4302659,Brochier,RS,2025,37.39,3940.58,10538.41,3935.43,5.15,27.08,37.49
4302709,Butiá,RS,2025,40.79,30684.28,75221.24,11466.12,19218.16,1417.1,41.58
4302808,Caçapava do Sul,RS,2025,75.54,230255.42,304812.44,80972.86,149282.56,1542.23,75.92
4302907,Cacequi,RS,2025,50.36,119541.91,237351.87,11561.1,107980.81,5637.77,51.59
4303004,Cachoeira do Sul,RS,2025,34.22,127835.94,373613.14,48540.36,79295.57,8579.62,35.02
4303103,Cachoeirinha,RS,2025,31.06,1359.63,4377.05,861.37,498.26,62.33,31.51
4303202,Cacique Doble,RS,2025,32.48,6612.27,20357.46,5560.3,1051.97,52.57,32.56
4303301,Caibaté,RS,2025,25.99,6790.18,26128.95,3618.55,3171.63,117.26,26.1
4303400,Caiçara,RS,2025,32.41,6128.37,18907.44,6128.37,0.0,400.44,33.11
4303509,Camaquã,RS,2025,34.12,57291.53,167926.51,31653.01,25638.53,3857.4,34.92
4303558,Camargo,RS,2025,26.31,3632.95,13807.04,3631.85,1.1,17.48,26.35
4303608,Cambará do Sul,RS,2025,69.84,82533.45,118178.16,32827.95,49705.5,294.73,70.01
4303673,Campestre da Serra,RS,2025,64.24,34588.44,53846.49,19304.4,15284.04,316.57,64.62
4303707,Campina das Missões,RS,2025,26.2,5890.68,22481.96,4643.88,1246.81,84.02,26.3
4303806,Campinas do Sul,RS,2025,9.19,2539.12,27614.48,2116.28,422.85,5514.65,11.49
4303905,Campo Bom,RS,2025,39.82,2411.58,6055.95,1625.07,786.51,128.49,40.68
4304002,Campo Novo,RS,2025,9.89,2181.98,22072.09,2181.98,0.0,388.12,10.06
4304101,Campos Borges,RS,2025,15.06,3407.03,22621.75,2752.88,654.15,4831.99,19.15
4304200,Candelária,RS,2025,36.28,34276.64,94478.06,26756.53,7520.11,1386.45,36.82
4304309,Cândido Godói,RS,2025,21.84,5396.76,24705.93,4386.51,1010.25,28.19,21.87
4304358,Candiota,RS,2025,41.67,38906.66,93360.71,9484.35,29422.3,1322.57,42.27
4304408,Canela,RS,2025,62.19,15733.68,25301.02,14496.14,1237.55,84.77,62.4
4304507,Canguçu,RS,2025,57.1,201343.17,352638.88,106424.55,94918.62,1324.28,57.31
4304606,Canoas,RS,2025,26.2,3426.36,13075.66,1642.5,1783.86,303.63,26.83
4304614,Canudos do Vale,RS,2025,55.54,4603.81,8289.59,4598.42,5.39,20.95,55.68
4304622,Capão Bonito do Sul,RS,2025,25.37,13366.12,52686.3,7507.47,5858.65,103.92,25.42
4304630,Capão da Canoa,RS,2025,17.62,1689.37,9588.83,161.25,1528.12,107.6,17.82
4304655,Capão do Cipó,RS,2025,31.74,31987.76,100777.73,8696.61,23291.14,433.46,31.88
4304663,Capão do Leão,RS,2025,44.77,35067.03,78319.05,9554.22,25512.81,2566.71,46.29
4304671,Capivari do Sul,RS,2025,21.9,9045.13,41295.28,1222.87,7822.26,1843.76,22.93
4304689,Capela de Santana,RS,2025,35.87,6555.39,18276.56,3245.94,3309.45,306.27,36.48
4304697,Capitão,RS,2025,45.08,3335.71,7398.74,3335.24,0.47,57.58,45.44
4304705,Carazinho,RS,2025,16.91,11275.98,66666.51,8936.98,2339.0,272.4,16.98
4304713,Caraá,RS,2025,60.04,17687.21,29461.12,16074.06,1613.15,8.79,60.05
4304804,Carlos Barbosa,RS,2025,55.69,12812.08,23007.42,12795.58,16.5,94.0,55.92
4304853,Carlos Gomes,RS,2025,32.1,2671.12,8320.04,2417.44,253.69,48.02,32.29
4304903,Casca,RS,2025,24.98,6796.67,27204.42,6796.67,0.0,109.99,25.09
4304952,Caseiros,RS,2025,29.21,6882.19,23564.37,5202.01,1680.19,64.2,29.29
4305009,Catuípe,RS,2025,13.49,7868.41,58317.45,6736.79,1131.62,249.08,13.55
4305108,Caxias do Sul,RS,2025,70.89,117122.23,165227.92,74912.75,42209.48,1808.97,71.67
4305116,Centenário,RS,2025,27.99,3772.34,13478.35,3754.97,17.37,82.33,28.16
4305124,Cerrito,RS,2025,53.95,24369.74,45168.3,10285.58,14084.16,429.73,54.47
4305132,Cerro Branco,RS,2025,51.49,8136.05,15801.65,8080.17,55.88,93.39,51.79
4305157,Cerro Grande,RS,2025,14.58,1070.83,7343.83,1069.01,1.83,75.39,14.73
4305173,Cerro Grande do Sul,RS,2025,63.89,20758.21,32491.44,16291.51,4466.7,61.41,64.01
4305207,Cerro Largo,RS,2025,25.69,4540.65,17675.42,3034.35,1506.3,992.13,27.22
4305306,Chapada,RS,2025,14.31,9792.1,68422.26,8490.95,1301.15,489.94,14.41
4305355,Charqueadas,RS,2025,29.41,6392.88,21735.96,2038.51,4354.37,1274.69,31.24
4305371,Charrua,RS,2025,37.04,7361.93,19877.2,7291.27,70.66,33.03,37.1
4305405,Chiapetta,RS,2025,21.52,8547.77,39719.65,7505.76,1042.02,214.01,21.64
4305439,Chuí,RS,2025,52.54,10633.12,20239.66,186.6,10446.52,43.04,52.65
4305447,Chuvisca,RS,2025,61.61,13582.09,22046.11,9411.16,4170.92,37.22,61.71
4305454,Cidreira,RS,2025,32.86,7991.88,24318.58,701.67,7290.21,4276.32,39.88
4305504,Ciríaco,RS,2025,24.18,6632.16,27433.18,6529.21,102.96,44.67,24.22
4305587,Colinas,RS,2025,36.38,2209.47,6073.46,2208.38,1.09,190.59,37.56
4305603,Colorado,RS,2025,12.31,3523.01,28627.21,3336.11,186.9,53.86,12.33
4305702,Condor,RS,2025,15.8,7322.02,46356.29,7023.23,298.78,251.56,15.88
4305801,Constantina,RS,2025,17.65,3593.01,20360.84,3593.01,0.0,63.74,17.7
4305835,Coqueiro Baixo,RS,2025,53.12,5984.07,11265.62,5974.83,9.24,63.9,53.42
4305850,Coqueiros do Sul,RS,2025,23.7,6569.3,27715.83,6371.47,197.84,33.29,23.73
4305871,Coronel Barros,RS,2025,15.04,2462.41,16371.14,2137.57,324.84,247.52,15.27
4305900,Coronel Bicaco,RS,2025,12.36,6085.78,49231.01,5562.81,522.96,282.35,12.43
4305934,Coronel Pilar,RS,2025,56.79,6000.3,10566.08,5999.05,1.25,18.86,56.89
4305959,Cotiporã,RS,2025,58.38,10111.15,17318.59,10106.05,5.1,433.76,59.88
4305975,Coxilha,RS,2025,17.41,7348.05,42212.21,6637.18,710.87,176.82,17.48
4306007,Crissiumal,RS,2025,22.27,8058.46,36182.3,8049.7,8.75,444.96,22.55
4306056,Cristal,RS,2025,44.87,30498.94,67973.5,15303.27,15195.66,1967.11,46.21
4306072,Cristal do Sul,RS,2025,22.02,2138.07,9707.92,2138.07,0.0,139.12,22.34
4306106,Cruz Alta,RS,2025,13.65,18568.27,136055.92,12251.52,6316.75,948.44,13.74
4306130,Cruzaltense,RS,2025,15.27,2547.87,16690.57,2349.3,198.57,1142.68,16.39
4306205,Cruzeiro do Sul,RS,2025,16.33,2539.88,15551.75,2469.2,70.67,407.14,16.77
4306304,David Canabarro,RS,2025,24.19,4213.72,17417.14,4004.71,209.01,30.21,24.24
4306320,Derrubadas,RS,2025,59.17,21286.63,35973.7,21286.63,0.0,802.39,60.52
4306353,Dezesseis de Novembro,RS,2025,80.76,17472.33,21634.11,5314.79,12157.54,607.45,83.1
4306379,Dilermando de Aguiar,RS,2025,44.99,27017.38,60048.8,6579.23,20438.15,908.24,45.68
4306403,Dois Irmãos,RS,2025,55.78,3765.82,6751.56,3720.83,44.99,25.26,55.99
4306429,Dois Irmãos das Missões,RS,2025,21.01,4749.08,22607.9,4538.3,210.78,113.46,21.11
4306452,Dois Lajeados,RS,2025,46.69,6234.86,13353.84,6232.82,2.04,136.9,47.17
4306502,Dom Feliciano,RS,2025,63.1,85517.8,135518.91,52234.49,33283.3,174.06,63.19
4306551,Dom Pedro de Alcântara,RS,2025,26.6,2080.34,7820.6,1899.11,181.23,1390.14,32.35
4306601,Dom Pedrito,RS,2025,45.15,234492.23,519411.76,22982.99,211509.25,17791.42,46.75
4306700,Dona Francisca,RS,2025,36.22,4134.79,11415.01,3939.4,195.39,263.56,37.08
4306734,Doutor Maurício Cardoso,RS,2025,13.42,3413.76,25432.43,3409.31,4.45,865.18,13.9
4306759,Doutor Ricardo,RS,2025,49.06,5297.14,10796.94,5297.14,0.0,57.51,49.32
4306767,Eldorado do Sul,RS,2025,35.04,17858.25,50961.67,6114.65,11743.61,1201.49,35.89
4306809,Encantado,RS,2025,49.78,6969.22,14000.32,6958.42,10.8,295.05,50.85
4306908,Encruzilhada do Sul,RS,2025,56.75,189978.04,334785.43,104927.51,85050.53,1515.76,57.0
4306924,Engenho Velho,RS,2025,19.46,1385.27,7118.95,1377.25,8.02,8.97,19.48
4306932,Entre-Ijuís,RS,2025,23.21,12856.44,55392.49,8913.63,3942.8,843.81,23.57
4306957,Entre Rios do Sul,RS,2025,33.59,4027.57,11990.1,3803.16,224.41,1014.85,36.7
4306973,Erebango,RS,2025,15.51,2369.74,15280.22,2188.34,181.4,55.97,15.57
4307005,Erechim,RS,2025,25.27,10843.24,42914.92,10834.27,8.97,158.25,25.36
4307054,Ernestina,RS,2025,14.82,3534.59,23857.73,2963.82,570.77,1341.66,15.7
4307104,Herval,RS,2025,75.33,132551.88,175968.18,48604.87,83947.0,497.37,75.54
4307203,Erval Grande,RS,2025,36.93,10550.24,28569.16,10531.67,18.57,708.9,37.87
4307302,Erval Seco,RS,2025,41.49,14819.67,35718.61,14745.85,73.82,215.28,41.74
4307401,Esmeralda,RS,2025,44.45,36876.11,82959.11,11721.0,25155.11,1041.25,45.02
4307450,Esperança do Sul,RS,2025,28.92,4298.07,14862.53,4298.07,0.0,196.78,29.31
4307500,Espumoso,RS,2025,19.06,14938.64,78367.82,11968.62,2970.02,336.02,19.14
4307559,Estação,RS,2025,13.36,1332.67,9974.59,1274.44,58.23,20.84,13.39
4307609,Estância Velha,RS,2025,36.37,1883.06,5177.3,1775.11,107.95,31.73,36.6
4307708,Esteio,RS,2025,10.79,298.41,2766.58,166.17,132.24,67.76,11.06
4307807,Estrela,RS,2025,16.25,3005.92,18502.43,2956.69,49.23,532.39,16.73
4307815,Estrela Velha,RS,2025,28.31,7973.46,28160.7,7543.9,429.56,939.72,29.29
4307831,Eugênio de Castro,RS,2025,20.18,8430.07,41777.41,5865.41,2564.66,343.37,20.35
4307864,Fagundes Varela,RS,2025,45.03,6046.68,13428.5,6001.77,44.91,94.6,45.35
4307906,Farroupilha,RS,2025,51.11,18468.28,36131.11,18450.27,18.01,323.08,51.58
4308003,Faxinal do Soturno,RS,2025,37.26,6315.94,16949.67,5943.82,372.12,176.45,37.65
4308052,Faxinalzinho,RS,2025,33.22,4760.11,14329.73,4760.11,0.0,463.01,34.33
4308078,Fazenda Vilanova,RS,2025,18.07,1531.93,8479.06,1218.34,313.6,51.48,18.18
4308102,Feliz,RS,2025,57.14,5407.86,9464.61,5393.02,14.84,135.34,57.97
4308201,Flores da Cunha,RS,2025,54.19,14968.65,27623.99,14874.09,94.57,179.92,54.54
4308250,Floriano Peixoto,RS,2025,39.04,6579.68,16854.92,6519.84,59.84,51.6,39.16
4308300,Fontoura Xavier,RS,2025,55.7,32487.72,58322.1,30415.3,2072.42,324.36,56.02
4308409,Formigueiro,RS,2025,35.1,20316.18,57887.6,4938.07,15378.11,2270.54,36.53
4308433,Forquetinha,RS,2025,46.81,4366.49,9327.84,4336.72,29.78,61.66,47.12
4308458,Fortaleza dos Valos,RS,2025,12.7,8261.64,65053.75,5571.76,2689.88,9509.5,14.87
4308508,Frederico Westphalen,RS,2025,30.23,8007.0,26488.16,8007.0,0.0,267.96,30.54
4308607,Garibaldi,RS,2025,51.46,8671.02,16849.72,8667.11,3.91,85.92,51.72
4308656,Garruchos,RS,2025,56.09,44874.01,80002.18,12844.83,32029.18,3091.44,58.35
4308706,Gaurama,RS,2025,29.48,6028.0,20446.79,6028.0,0.0,17.64,29.51
4308805,General Câmara,RS,2025,36.74,18737.22,51000.58,6726.58,12010.65,3288.57,39.27
4308854,Gentil,RS,2025,21.13,3903.21,18470.87,3901.0,2.21,55.38,21.2
4308904,Getúlio Vargas,RS,2025,17.04,4898.32,28746.15,4898.32,0.0,68.97,17.08
4309001,Giruá,RS,2025,16.36,13996.56,85558.56,12060.66,1935.91,289.97,16.41
4309050,Glorinha,RS,2025,63.18,20468.32,32395.64,3793.02,16675.3,702.4,64.58
4309100,Gramado,RS,2025,72.1,17257.83,23936.18,17033.16,224.68,102.16,72.41
4309126,Gramado dos Loureiros,RS,2025,35.37,4647.29,13138.99,4581.19,66.1,18.14,35.42
4309159,Gramado Xavier,RS,2025,49.36,10700.4,21679.32,10516.14,184.26,95.36,49.58
4309209,Gravataí,RS,2025,62.92,29467.16,46835.39,13948.59,15518.57,713.45,63.89
4309258,Guabiju,RS,2025,30.43,4470.96,14694.32,3422.3,1048.66,34.09,30.5
4309308,Guaíba,RS,2025,55.53,20972.1,37767.39,7035.78,13936.32,569.63,56.38
4309407,Guaporé,RS,2025,49.91,14849.74,29755.44,14805.28,44.46,298.89,50.41
4309506,Guarani das Missões,RS,2025,19.3,5588.04,28946.52,4492.48,1095.55,217.09,19.45
4309555,Harmonia,RS,2025,39.68,1926.3,4854.17,1924.82,1.48,26.45,39.9
4309571,Herveiras,RS,2025,54.03,6375.12,11799.37,6351.84,23.28,40.38,54.21
4309605,Horizontina,RS,2025,15.66,3596.97,22969.1,3588.94,8.02,106.33,15.73
4309654,Hulha Negra,RS,2025,43.93,36135.12,82261.61,6745.28,29389.84,884.59,44.4
4309704,Humaitá,RS,2025,11.86,1601.28,13504.96,1601.28,0.0,30.12,11.88
4309753,Ibarama,RS,2025,50.62,9891.58,19541.71,9871.66,19.92,728.86,52.58
4309803,Ibiaçá,RS,2025,17.46,6090.12,34878.1,5089.05,1001.07,72.3,17.5
4309902,Ibiraiaras,RS,2025,24.63,6915.81,28080.98,5778.45,1137.36,68.48,24.69
4309951,Ibirapuitã,RS,2025,22.19,6814.73,30717.5,6750.59,64.13,393.96,22.47
4310009,Ibirubá,RS,2025,11.54,7007.88,60718.95,6375.54,632.34,625.58,11.66
4310108,Igrejinha,RS,2025,64.94,8968.74,13811.72,8408.66,560.08,54.99,65.2
4310207,Ijuí,RS,2025,12.09,8329.39,68897.5,8046.08,283.32,691.68,12.21
4310306,Ilópolis,RS,2025,52.75,6519.87,12360.39,6519.87,0.0,52.27,52.97
4310330,Imbé,RS,2025,32.45,1270.83,3916.44,10.57,1260.26,474.87,36.93
4310363,Imigrante,RS,2025,57.43,4120.02,7173.36,4115.72,4.3,5.24,57.48
4310405,Independência,RS,2025,19.91,7131.72,35828.66,6213.8,917.92,225.92,20.03
4310413,Inhacorá,RS,2025,14.28,1624.17,11374.04,1320.15,304.03,77.48,14.38
4310439,Ipê,RS,2025,59.86,35856.44,59902.69,21727.45,14128.99,487.64,60.35
4310462,Ipiranga do Sul,RS,2025,15.06,2390.62,15870.33,2216.92,173.7,26.69,15.09
4310504,Iraí,RS,2025,26.0,4727.6,18186.32,4727.6,0.0,569.81,26.84
4310538,Itaara,RS,2025,45.85,7923.0,17281.88,7372.79,550.21,245.25,46.51
4310553,Itacurubi,RS,2025,71.76,80393.06,112028.88,18864.63,61528.43,878.47,72.33
4310579,Itapuca,RS,2025,42.29,7809.61,18468.84,7057.43,752.19,29.16,42.35
4310603,Itaqui,RS,2025,26.73,90693.21,339303.64,16588.38,74104.83,15989.71,28.05
4310652,Itati,RS,2025,82.59,16937.36,20507.66,16760.6,176.76,9.92,82.63
4310702,Itatiba do Sul,RS,2025,38.7,8230.98,21271.21,8171.85,59.12,396.65,39.43
4310751,Ivorá,RS,2025,44.21,5435.16,12293.59,5181.44,253.72,24.2,44.3
4310801,Ivoti,RS,2025,51.21,3231.16,6309.33,3207.29,23.87,15.36,51.34
4310850,Jaboticaba,RS,2025,17.91,2285.19,12756.79,2284.16,1.03,23.27,17.95
4310876,Jacuizinho,RS,2025,23.61,8014.55,33941.12,6541.69,1472.87,1388.47,24.62
4310900,Jacutinga,RS,2025,13.42,2389.57,17800.44,2252.86,136.71,352.51,13.7
4311007,Jaguarão,RS,2025,40.82,83758.61,205186.63,8885.99,74872.61,4799.48,41.8
4311106,Jaguari,RS,2025,50.21,33901.67,67513.96,17445.27,16456.4,792.09,50.81
4311122,Jaquirana,RS,2025,78.82,71637.47,90888.41,27507.22,44130.25,683.89,79.42
4311130,Jari,RS,2025,42.25,36039.79,85306.05,13368.89,22670.9,346.38,42.42
4311155,Jóia,RS,2025,25.42,31487.27,123871.55,15124.46,16362.81,693.29,25.56
4311205,Júlio de Castilhos,RS,2025,25.6,49393.17,192949.81,25289.32,24103.85,1254.54,25.77
4311239,Lagoa Bonita do Sul,RS,2025,40.14,4405.61,10975.4,4395.23,10.38,29.27,40.25
4311254,Lagoão,RS,2025,41.04,15901.2,38745.27,12850.69,3050.51,122.0,41.17
4311270,Lagoa dos Três Cantos,RS,2025,10.94,1515.83,13860.54,1485.04,30.79,18.74,10.95
4311304,Lagoa Vermelha,RS,2025,31.61,40224.84,127271.01,25922.23,14302.61,397.88,31.7
4311403,Lajeado,RS,2025,17.08,1550.67,9079.0,1544.5,6.17,211.41,17.49
4311429,Lajeado do Bugre,RS,2025,9.27,630.29,6795.81,630.29,0.0,3.57,9.28
4311502,Lavras do Sul,RS,2025,69.5,180777.83,260097.0,41620.78,139157.05,1434.73,69.89
4311601,Liberato Salzano,RS,2025,39.57,9720.28,24562.84,9720.28,0.0,185.55,39.87
4311627,Lindolfo Collor,RS,2025,51.43,1715.55,3335.68,1680.37,35.18,4.37,51.5
4311643,Linha Nova,RS,2025,70.49,4476.5,6350.62,4466.66,9.84,10.07,70.6
4311700,Machadinho,RS,2025,34.68,11630.19,33531.58,7192.98,4437.21,2590.4,37.59
4311718,Maçambará,RS,2025,31.86,53614.48,168265.93,10725.44,42889.04,6299.14,33.1
4311734,Mampituba,RS,2025,65.32,10231.87,15664.28,9974.4,257.47,18.78,65.4
4311759,Manoel Viana,RS,2025,41.8,57067.07,136512.71,9590.12,47476.96,2644.64,42.63
4311775,Maquiné,RS,2025,67.8,41600.67,61355.1,37009.63,4591.04,12185.04,84.61
4311791,Maratá,RS,2025,47.58,3904.9,8206.77,3901.24,3.67,13.5,47.66
4311809,Marau,RS,2025,19.97,12974.76,64976.64,12918.51,56.25,983.67,20.28
4311908,Marcelino Ramos,RS,2025,34.2,7851.28,22954.84,7609.79,241.49,1982.56,37.44
4311981,Mariana Pimentel,RS,2025,61.24,20727.16,33843.08,11561.7,9165.47,181.69,61.58
4312005,Mariano Moro,RS,2025,22.13,2184.32,9870.22,2167.67,16.65,1520.76,26.16
4312054,Marques de Souza,RS,2025,49.75,6253.32,12569.7,6188.27,65.05,209.49,50.59
4312104,Mata,RS,2025,48.87,15448.24,31611.03,8400.68,7047.55,182.75,49.15
4312138,Mato Castelhano,RS,2025,21.04,5011.92,23825.25,4560.18,451.74,489.98,21.48
4312153,Mato Leitão,RS,2025,14.87,696.23,4681.36,690.46,5.77,12.64,14.91
4312179,Mato Queimado,RS,2025,14.57,1669.64,11463.21,918.5,751.14,565.59,15.32
4312203,Maximiliano de Almeida,RS,2025,38.74,8094.82,20895.12,6319.09,1775.73,931.22,40.55
4312252,Minas do Leão,RS,2025,25.12,10659.77,42432.92,2489.73,8170.04,1199.88,25.85
4312302,Miraguaí,RS,2025,23.63,3100.65,13123.35,3096.83,3.82,36.43,23.69
4312351,Montauri,RS,2025,32.07,2637.88,8225.4,2637.88,0.0,43.9,32.24
4312377,Monte Alegre dos Campos,RS,2025,77.36,42509.4,54947.36,25562.88,16946.52,290.96,77.78
4312385,Monte Belo do Sul,RS,2025,55.16,3851.52,6982.02,3850.58,0.94,20.76,55.33
4312401,Montenegro,RS,2025,47.78,20307.57,42498.37,12185.78,8121.79,421.49,48.26
4312427,Mormaço,RS,2025,19.45,2844.01,14620.34,2842.75,1.26,64.13,19.54
4312443,Morrinhos do Sul,RS,2025,48.63,8084.17,16623.69,7920.85,163.31,136.68,49.03
4312450,Morro Redondo,RS,2025,70.3,17198.11,24463.4,9007.9,8190.22,22.24,70.37
4312476,Morro Reuter,RS,2025,76.1,6624.43,8704.39,6624.43,0.0,5.23,76.15
4312500,Mostardas,RS,2025,22.75,44940.1,197554.26,4922.94,40017.16,14845.05,24.6
4312609,Muçum,RS,2025,59.48,6617.67,11125.64,6614.61,3.05,404.81,61.73
4312617,Muitos Capões,RS,2025,35.5,42363.7,119324.99,16495.47,25868.23,552.9,35.67
4312625,Muliterno,RS,2025,26.14,2900.85,11098.23,2534.47,366.39,22.57,26.19
4312658,Não-Me-Toque,RS,2025,13.29,4806.11,36167.9,4657.21,148.9,148.52,13.34
4312674,Nicolau Vergueiro,RS,2025,14.2,2200.32,15499.27,2157.61,42.71,1379.29,15.58
4312708,Nonoai,RS,2025,45.9,21525.01,46897.48,21466.29,58.72,940.62,46.84
4312757,Nova Alvorada,RS,2025,38.43,5720.42,14885.89,5716.49,3.93,47.82,38.55
4312807,Nova Araçá,RS,2025,32.93,2486.54,7551.48,2402.41,84.13,50.51,33.15
4312906,Nova Bassano,RS,2025,35.74,7563.64,21164.84,7389.04,174.6,168.35,36.02
4312955,Nova Boa Vista,RS,2025,16.22,1520.32,9372.51,1483.74,36.57,24.07,16.26
4313003,Nova Bréscia,RS,2025,43.42,4470.38,10296.39,4470.38,0.0,6.81,43.45
4313011,Nova Candelária,RS,2025,21.18,2066.64,9757.03,2065.37,1.27,36.07,21.26
4313037,Nova Esperança do Sul,RS,2025,50.62,9706.74,19177.59,4581.99,5124.76,135.83,50.98
4313060,Nova Hartz,RS,2025,54.01,3353.04,6208.73,3143.96,209.07,26.28,54.23
4313086,Nova Pádua,RS,2025,57.98,5950.88,10264.04,5930.25,20.63,286.97,59.65
4313102,Nova Palma,RS,2025,41.76,13137.18,31462.3,11810.21,1326.98,500.51,42.43
4313201,Nova Petrópolis,RS,2025,74.93,21740.03,29015.64,21702.19,37.83,119.45,75.23
4313300,Nova Prata,RS,2025,45.31,11779.4,25995.84,10207.66,1571.74,125.15,45.53
4313334,Nova Ramada,RS,2025,16.06,4099.12,25525.44,3500.42,598.71,163.98,16.16
4313359,Nova Roma do Sul,RS,2025,57.21,8568.32,14976.0,8553.02,15.3,327.55,58.49
4313375,Nova Santa Rita,RS,2025,53.65,11701.78,21810.91,3507.13,8194.65,612.96,55.2
4313391,Novo Cabrais,RS,2025,29.47,5686.63,19299.34,3755.54,1931.09,354.08,30.02
4313409,Novo Hamburgo,RS,2025,40.7,9058.89,22256.13,6323.78,2735.11,150.71,40.98
4313425,Novo Machado,RS,2025,14.94,3251.72,21768.42,3247.82,3.9,778.17,15.49
4313441,Novo Tiradentes,RS,2025,17.97,1355.63,7542.86,1355.63,0.0,142.67,18.32
4313466,Novo Xingu,RS,2025,16.79,1341.16,7985.93,1341.16,0.0,126.5,17.06
4313490,Novo Barreiro,RS,2025,12.93,1594.29,12332.58,1580.11,14.18,135.68,13.07
4313508,Osório,RS,2025,47.01,31206.03,66387.64,8642.33,22563.7,17027.12,63.22
4313607,Paim Filho,RS,2025,37.83,6884.51,18200.54,5522.16,1362.35,228.44,38.31
4313656,Palmares do Sul,RS,2025,27.68,26267.76,94908.78,3184.01,23083.75,8060.69,30.25
4313706,Palmeira das Missões,RS,2025,16.06,22819.99,142110.73,19685.44,3134.55,749.84,16.14
4313805,Palmitinho,RS,2025,42.74,6161.25,14416.51,6161.25,0.0,135.54,43.14
4313904,Panambi,RS,2025,15.42,7580.63,49155.71,7366.98,213.65,205.1,15.49
4313953,Pantano Grande,RS,2025,31.0,26073.13,84118.74,10696.91,15376.22,1283.39,31.48
4314001,Paraí,RS,2025,36.58,4452.54,12173.64,4403.8,48.74,107.78,36.9
4314027,Paraíso do Sul,RS,2025,39.58,13358.85,33749.9,11658.2,1700.65,816.66,40.56
4314035,Pareci Novo,RS,2025,45.63,2623.17,5749.13,2515.33,107.84,51.53,46.04
4314050,Parobé,RS,2025,41.07,4458.61,10856.76,2640.13,1818.49,142.69,41.61
4314068,Passa Sete,RS,2025,47.92,14580.67,30429.76,14372.04,208.63,149.2,48.15
4314076,Passo do Sobrado,RS,2025,35.58,9433.07,26513.38,4504.38,4928.69,277.75,35.96
4314100,Passo Fundo,RS,2025,21.09,16542.75,78439.2,13788.98,2753.76,527.42,21.23
4314134,Paulo Bento,RS,2025,23.97,3587.01,14965.77,3534.48,52.53,58.81,24.06
4314159,Paverama,RS,2025,25.71,4419.11,17187.61,4401.64,17.47,29.02,25.75
4314175,Pedras Altas,RS,2025,52.51,72143.03,137397.74,19361.18,52781.85,1165.96,52.96
4314209,Pedro Osório,RS,2025,36.22,21868.18,60382.01,6537.3,15330.88,1298.34,37.01
4314308,Pejuçara,RS,2025,11.96,4951.27,41408.14,4347.19,604.08,118.48,11.99
4314407,Pelotas,RS,2025,44.99,72372.97,160878.37,36106.71,36266.26,9261.3,47.73
4314423,Picada Café,RS,2025,73.02,6153.89,8427.92,6151.63,2.26,15.77,73.15
4314456,Pinhal,RS,2025,24.62,1679.67,6823.26,1679.67,0.0,8.91,24.65
4314464,Pinhal da Serra,RS,2025,59.52,26074.32,43810.34,17835.44,8238.88,2017.55,62.39
4314472,Pinhal Grande,RS,2025,32.92,15741.31,47811.7,11795.07,3946.24,876.85,33.54
4314498,Pinheirinho do Vale,RS,2025,33.52,3532.67,10537.62,3532.67,0.0,650.42,35.73
4314506,Pinheiro Machado,RS,2025,84.17,189318.54,224919.0,60044.57,129273.97,299.61,84.28
4314548,Pinto Bandeira,RS,2025,54.0,5659.87,10482.19,5647.1,12.77,156.64,54.81
4314555,Pirapó,RS,2025,64.64,18146.73,28071.84,5149.07,12997.67,1115.03,67.32
4314605,Piratini,RS,2025,66.52,235362.94,353831.8,108456.02,126906.92,1000.6,66.71
4314704,Planalto,RS,2025,41.4,9461.44,22854.96,9461.44,0.0,38.63,41.47
4314753,Poço das Antas,RS,2025,33.78,2284.09,6762.03,2284.09,0.0,24.91,33.9
4314779,Pontão,RS,2025,16.34,8216.52,50272.88,7301.87,914.65,262.96,16.43
4314787,Ponte Preta,RS,2025,14.67,1460.33,9957.04,1460.33,0.0,10.0,14.68
4314803,Portão,RS,2025,38.18,6082.63,15930.04,3571.42,2511.21,83.65,38.38
4314902,Porto Alegre,RS,2025,50.36,24976.85,49599.18,13291.29,11685.56,2657.83,53.21
4315008,Porto Lucena,RS,2025,34.09,8504.7,24944.8,6304.45,2200.25,876.34,35.34
4315057,Porto Mauá,RS,2025,21.91,2299.14,10495.45,2210.71,88.43,637.2,23.32
4315073,Porto Vera Cruz,RS,2025,41.63,4720.94,11340.51,3830.78,890.16,685.04,44.31
4315107,Porto Xavier,RS,2025,66.99,18767.88,28015.95,6647.95,12119.94,1596.03,71.04
4315131,Pouso Novo,RS,2025,61.05,6430.85,10533.97,6419.88,10.96,183.45,62.13
4315149,Presidente Lucena,RS,2025,48.77,2420.41,4963.19,2368.28,52.13,16.78,48.93
4315156,Progresso,RS,2025,58.8,15054.23,25604.33,15035.29,18.94,67.71,58.95
4315172,Protásio Alves,RS,2025,62.04,10671.06,17198.92,9601.76,1069.3,162.26,62.64
4315206,Putinga,RS,2025,52.31,11306.82,21615.0,11306.82,0.0,97.05,52.55
4315305,Quaraí,RS,2025,84.76,266132.02,313998.48,19849.4,246282.62,5030.13,86.14
4315313,Quatro Irmãos,RS,2025,20.68,5563.01,26897.57,5055.03,507.97,276.95,20.9
4315321,Quevedos,RS,2025,37.74,20508.11,54334.32,9730.78,10777.33,533.14,38.12
4315354,Quinze de Novembro,RS,2025,12.83,2862.12,22305.78,2721.77,140.35,3083.93,14.89
4315404,Redentora,RS,2025,24.92,7568.66,30371.5,7564.85,3.81,76.31,24.98
4315453,Relvado,RS,2025,50.9,5508.29,10821.29,5505.62,2.66,22.09,51.01
4315503,Restinga Sêca,RS,2025,26.37,25543.53,96860.74,9118.2,16425.33,3604.51,27.39
4315552,Rio dos Índios,RS,2025,27.09,6388.99,23587.02,6371.46,17.54,1461.2,28.88
4315602,Rio Grande,RS,2025,64.18,171903.6,267861.55,4875.97,167027.63,11142.49,66.96
4315701,Rio Pardo,RS,2025,37.35,76602.44,205115.89,26753.1,49849.34,5987.88,38.47
4315750,Riozinho,RS,2025,75.18,17976.86,23910.64,17808.85,168.01,6.32,75.2
4315800,Roca Sales,RS,2025,52.24,10870.63,20808.31,10845.43,25.2,427.17,53.34
4315909,Rodeio Bonito,RS,2025,20.32,1692.53,8328.17,1692.53,0.0,269.19,21.0
4315958,Rolador,RS,2025,37.05,10937.37,29520.68,4066.02,6871.35,1423.16,38.93
4316006,Rolante,RS,2025,60.54,17921.65,29603.78,15354.5,2567.15,70.55,60.68
4316105,Ronda Alta,RS,2025,11.06,4629.72,41871.55,4163.63,466.08,3818.46,12.17
4316204,Rondinha,RS,2025,16.83,4249.82,25244.87,4209.08,40.74,27.04,16.85
4316303,Roque Gonzales,RS,2025,49.66,17322.94,34882.72,5459.38,11863.57,1760.82,52.3
4316402,Rosário do Sul,RS,2025,63.98,277901.16,434363.51,36272.26,241628.9,8421.29,65.24
4316428,Sagrada Família,RS,2025,15.54,1209.74,7786.37,1208.39,1.35,113.91,15.77
4316436,Saldanha Marinho,RS,2025,10.92,2419.79,22158.25,2306.36,113.43,38.98,10.94
4316451,Salto do Jacuí,RS,2025,23.72,12043.85,50766.84,9532.61,2511.25,3376.92,25.41
4316477,Salvador das Missões,RS,2025,15.19,1457.51,9593.88,1129.3,328.21,405.74,15.86
4316501,Salvador do Sul,RS,2025,42.21,4180.75,9903.48,4179.42,1.33,121.98,42.74
4316600,Sananduva,RS,2025,25.05,12638.53,50449.95,10515.72,2122.81,152.22,25.13
4316709,Santa Bárbara do Sul,RS,2025,10.65,10387.76,97582.78,8541.07,1846.7,500.87,10.7
4316733,Santa Cecília do Sul,RS,2025,22.56,4513.26,20004.31,4229.5,283.76,45.28,22.61
4316758,Santa Clara do Sul,RS,2025,41.77,3611.45,8645.63,3600.99,10.46,8.2,41.81
4316808,Santa Cruz do Sul,RS,2025,45.23,33223.26,73451.97,28657.44,4565.82,571.47,45.59
4316907,Santa Maria,RS,2025,46.18,82205.97,178020.47,29166.28,53039.69,2976.38,46.96
4316956,Santa Maria do Herval,RS,2025,70.35,9879.0,14041.82,9877.2,1.8,20.38,70.46
4316972,Santa Margarida do Sul,RS,2025,44.5,42514.86,95530.46,15416.98,27097.88,1136.48,45.04
4317004,Santana da Boa Vista,RS,2025,80.11,113659.74,141881.18,42324.61,71335.14,580.06,80.44
4317103,Sant'Ana do Livramento,RS,2025,81.02,562781.44,694636.72,49936.56,512844.88,4940.64,81.6
4317202,Santa Rosa,RS,2025,16.1,7879.72,48937.61,7438.37,441.36,231.4,16.18
4317251,Santa Tereza,RS,2025,70.14,5162.89,7360.45,5161.48,1.41,201.42,72.12
4317301,Santa Vitória do Palmar,RS,2025,27.92,145211.6,520148.96,1669.83,143541.76,97210.98,34.33
4317400,Santiago,RS,2025,61.75,149035.69,241341.65,41948.42,107087.27,982.99,62.01
4317509,Santo Ângelo,RS,2025,21.53,14609.32,67857.03,10885.59,3723.73,778.56,21.78
4317558,Santo Antônio do Palma,RS,2025,27.95,3524.42,12610.51,3524.42,0.0,20.1,27.99
4317608,Santo Antônio da Patrulha,RS,2025,48.76,51177.76,104955.81,14860.09,36317.68,4786.15,51.09
4317707,Santo Antônio das Missões,RS,2025,49.72,85042.41,171042.91,17659.27,67383.14,2641.28,50.5
4317756,Santo Antônio do Planalto,RS,2025,17.65,3591.01,20342.09,3185.05,405.96,79.87,17.72
4317806,Santo Augusto,RS,2025,13.43,6282.94,46776.52,5975.92,307.02,402.8,13.55
4317905,Santo Cristo,RS,2025,27.33,10037.49,36721.6,9608.7,428.79,46.63,27.37
4317954,Santo Expedito do Sul,RS,2025,20.65,2587.68,12533.44,2057.36,530.32,52.12,20.73
4318002,São Borja,RS,2025,27.93,100971.83,361459.76,23564.04,77407.79,15502.51,29.19
4318051,São Domingos do Sul,RS,2025,37.82,2975.61,7867.13,2975.61,0.0,36.47,38.0
4318101,São Francisco de Assis,RS,2025,52.29,132542.54,253479.56,42904.63,89637.9,1571.15,52.62
4318200,São Francisco de Paula,RS,2025,73.04,242336.9,331786.64,72873.94,169462.96,3048.63,73.72
4318309,São Gabriel,RS,2025,43.96,222134.74,505349.74,37054.85,185079.89,10951.78,44.93
4318408,São Jerônimo,RS,2025,59.45,55618.46,93555.81,23848.76,31769.7,1261.64,60.26
4318424,São João da Urtiga,RS,2025,34.25,5873.91,17149.69,4645.58,1228.34,90.42,34.43
4318432,São João do Polêsine,RS,2025,28.32,2219.02,7834.77,1804.81,414.2,128.95,28.8
4318440,São Jorge,RS,2025,34.03,4278.59,12574.02,3712.69,565.91,26.08,34.1
4318457,São José das Missões,RS,2025,13.5,1325.0,9811.6,1321.27,3.73,51.72,13.58
4318465,São José do Herval,RS,2025,59.21,6094.74,10292.77,6085.73,9.02,54.4,59.53
4318481,São José do Hortêncio,RS,2025,45.47,2896.69,6370.93,2864.31,32.38,15.29,45.58
4318499,São José do Inhacorá,RS,2025,30.96,2406.46,7772.5,2406.46,0.0,9.92,31.0
4318507,São José do Norte,RS,2025,61.1,64900.0,106212.14,5372.18,59527.82,2861.83,62.8
4318606,São José do Ouro,RS,2025,21.49,7202.92,33521.22,5323.59,1879.33,40.21,21.51
4318614,São José do Sul,RS,2025,49.03,2685.36,5476.7,2683.8,1.56,9.05,49.11
4318622,São José dos Ausentes,RS,2025,76.88,90252.71,117389.59,29279.0,60973.71,480.88,77.2
4318705,São Leopoldo,RS,2025,32.46,3344.14,10301.37,2903.98,440.16,116.19,32.83
4318804,São Lourenço do Sul,RS,2025,38.9,79318.66,203925.83,41766.69,37551.97,3049.53,39.49
4318903,São Luiz Gonzaga,RS,2025,34.06,44166.94,129676.33,18551.66,25615.28,1624.59,34.49
4319000,São Marcos,RS,2025,73.85,18917.99,25616.41,13248.42,5669.57,172.8,74.35
4319109,São Martinho,RS,2025,12.93,2213.82,17124.46,2213.82,0.0,22.94,12.95
4319125,São Martinho da Serra,RS,2025,43.71,29264.69,66954.24,14330.89,14933.8,488.47,44.03
4319158,São Miguel das Missões,RS,2025,33.36,40998.96,122891.5,20799.4,20199.56,903.13,33.61
4319208,São Nicolau,RS,2025,47.36,23552.22,49725.42,8434.5,15117.72,961.17,48.3
4319307,São Paulo das Missões,RS,2025,48.46,10780.12,22244.93,5483.35,5296.76,60.9,48.59
4319356,São Pedro da Serra,RS,2025,45.21,1701.34,3763.15,1701.34,0.0,32.81,45.61
4319364,São Pedro das Missões,RS,2025,12.01,959.57,7989.73,940.14,19.43,8.25,12.02
4319372,São Pedro do Butiá,RS,2025,17.65,1897.33,10752.7,1229.17,668.16,383.97,18.3
4319406,São Pedro do Sul,RS,2025,54.43,47540.76,87340.67,14712.4,32828.35,1217.88,55.2
4319505,São Sebastião do Caí,RS,2025,40.66,4597.61,11308.15,4266.36,331.25,100.92,41.02
4319604,São Sepé,RS,2025,36.26,79937.48,220476.41,30519.68,49417.8,5468.95,37.18
4319703,São Valentim,RS,2025,34.48,5324.88,15444.24,5323.45,1.43,32.43,34.55
4319711,São Valentim do Sul,RS,2025,44.54,4093.56,9190.58,4093.56,0.0,103.62,45.05
4319737,São Valério do Sul,RS,2025,22.69,2436.38,10738.77,2436.38,0.0,17.69,22.73
4319752,São Vendelino,RS,2025,63.23,2015.41,3187.56,2014.08,1.33,7.74,63.38
4319802,São Vicente do Sul,RS,2025,43.17,50694.41,117420.44,11734.58,38959.83,3014.12,44.31
4319901,Sapiranga,RS,2025,52.74,7263.8,13773.51,6382.63,881.17,58.6,52.96
4320008,Sapucaia do Sul,RS,2025,37.74,2198.27,5824.48,1765.54,432.73,48.64,38.06
4320107,Sarandi,RS,2025,22.47,7902.22,35175.0,7640.12,262.1,230.64,22.61
4320206,Seberi,RS,2025,26.57,7998.98,30102.03,7972.77,26.22,113.42,26.67
4320230,Sede Nova,RS,2025,9.52,1135.98,11930.89,1135.98,0.0,15.81,9.53
4320263,Segredo,RS,2025,27.54,6751.58,24516.79,6517.89,233.69,95.88,27.65
4320305,Selbach,RS,2025,7.23,1276.26,17648.25,1091.25,185.01,137.69,7.29
4320321,Senador Salgado Filho,RS,2025,16.21,2384.85,14712.13,1593.28,791.57,53.9,16.27
4320354,Sentinela do Sul,RS,2025,59.59,16812.35,28214.3,7797.66,9014.69,407.09,60.46
4320404,Serafina Corrêa,RS,2025,34.13,5572.88,16330.05,5572.88,0.0,82.74,34.3
4320453,Sério,RS,2025,54.7,5770.09,10548.72,5770.09,0.0,15.47,54.78
4320503,Sertão,RS,2025,16.71,7363.63,44061.29,6803.87,559.76,78.38,16.74
4320552,Sertão Santana,RS,2025,59.9,15095.11,25199.01,11626.66,3468.45,145.12,60.25
4320578,Sete de Setembro,RS,2025,14.79,1945.93,13160.11,1535.41,410.52,23.56,14.81
4320602,Severiano de Almeida,RS,2025,38.7,6487.54,16762.91,6476.31,11.23,487.16,39.86
4320651,Silveira Martins,RS,2025,52.01,6202.87,11926.3,6093.59,109.28,29.78,52.14
4320677,Sinimbu,RS,2025,66.05,33669.57,50974.56,33568.16,101.41,163.1,66.26
4320701,Sobradinho,RS,2025,28.4,3658.85,12882.65,3596.26,62.58,34.53,28.48
4320800,Soledade,RS,2025,29.91,36335.93,121501.18,23899.47,12436.46,279.73,29.97
4320859,Tabaí,RS,2025,25.14,2381.72,9474.24,1613.66,768.06,11.77,25.17
4320909,Tapejara,RS,2025,15.47,3682.08,23806.93,3520.51,161.56,38.14,15.49
4321006,Tapera,RS,2025,8.61,1549.28,17993.54,1474.51,74.77,155.91,8.69
4321105,Tapes,RS,2025,27.5,22152.5,80544.67,5735.7,16416.79,4423.49,29.1
4321204,Taquara,RS,2025,58.64,26392.44,45010.82,18050.56,8341.88,235.71,58.94
4321303,Taquari,RS,2025,27.0,9449.41,34996.59,4234.88,5214.53,1212.97,27.97
4321329,Taquaruçu do Sul,RS,2025,27.7,2130.37,7691.23,2130.37,0.0,54.2,27.9
4321352,Tavares,RS,2025,50.3,30507.65,60647.1,3732.14,26775.51,6511.43,56.35
4321402,Tenente Portela,RS,2025,35.14,11859.04,33750.63,11859.04,0.0,130.64,35.27
4321436,Terra de Areia,RS,2025,26.19,3717.1,14194.45,2965.57,751.52,884.42,27.93
4321451,Teutônia,RS,2025,32.93,5792.25,17587.36,5776.48,15.77,45.28,33.02
4321469,Tio Hugo,RS,2025,18.65,2125.02,11394.89,2072.48,52.54,312.54,19.17
4321477,Tiradentes do Sul,RS,2025,23.91,5632.8,23553.97,5631.6,1.19,464.91,24.4
4321493,Toropi,RS,2025,43.01,8528.7,19830.78,6227.49,2301.22,132.07,43.3
4321501,Torres,RS,2025,12.52,1996.66,15947.61,1247.62,749.04,665.82,13.07
4321600,Tramandaí,RS,2025,31.5,4489.8,14253.54,677.94,3811.86,1673.37,35.69
4321626,Travesseiro,RS,2025,47.27,3813.04,8065.95,3810.62,2.43,153.31,48.19
4321634,Três Arroios,RS,2025,38.92,5781.58,14856.82,5781.58,0.0,16.3,38.96
4321667,Três Cachoeiras,RS,2025,28.45,7154.45,25150.62,7144.46,9.99,8919.88,44.08
4321709,Três Coroas,RS,2025,78.08,13127.53,16813.41,12883.9,243.63,25.84,78.2
4321808,Três de Maio,RS,2025,18.67,7869.56,42146.1,6918.75,950.82,233.24,18.78
4321832,Três Forquilhas,RS,2025,75.76,16467.4,21737.7,15638.25,829.14,88.27,76.06
4321857,Três Palmeiras,RS,2025,20.11,3632.01,18059.1,3437.78,194.23,2027.45,22.66
4321907,Três Passos,RS,2025,30.02,8071.24,26888.21,8071.24,0.0,112.77,30.14
4321956,Trindade do Sul,RS,2025,28.33,7604.29,26841.82,7362.13,242.16,549.18,28.92
4322004,Triunfo,RS,2025,49.09,40149.59,81783.97,16345.82,23803.77,4564.09,51.99
4322103,Tucunduva,RS,2025,14.2,2574.03,18120.96,2540.13,33.9,23.67,14.22
4322152,Tunas,RS,2025,28.03,6090.77,21727.76,5606.86,483.91,50.77,28.1
4322186,Tupanci do Sul,RS,2025,23.94,3248.02,13566.61,2606.63,641.38,19.49,23.98
4322202,Tupanciretã,RS,2025,20.06,45209.84,225327.8,14532.1,30677.74,1549.29,20.2
4322251,Tupandi,RS,2025,50.02,2972.43,5941.92,2972.43,0.0,3.44,50.05
4322301,Tuparendi,RS,2025,18.64,5735.46,30771.29,5481.28,254.18,36.27,18.66
4322327,Turuçu,RS,2025,34.07,8642.3,25362.7,3576.7,5065.6,324.96,34.52
4322343,Ubiretama,RS,2025,20.09,2529.58,12589.71,1853.61,675.97,15.51,20.12
4322350,União da Serra,RS,2025,42.22,5537.23,13114.83,5536.21,1.02,88.1,42.51
4322376,Unistalda,RS,2025,72.32,43556.92,60225.59,12629.52,30927.39,125.66,72.47
4322400,Uruguaiana,RS,2025,45.03,256511.93,569606.38,19905.9,236606.03,33543.15,47.85
4322509,Vacaria,RS,2025,48.73,103516.01,212444.94,40794.61,62721.39,2704.39,49.35
4322525,Vale Verde,RS,2025,40.32,13293.06,32971.86,5968.01,7325.05,1221.26,41.87
4322533,Vale do Sol,RS,2025,40.89,13468.94,32937.36,13153.28,315.66,108.13,41.03
4322541,Vale Real,RS,2025,65.69,2961.26,4508.12,2953.06,8.21,65.72,66.66
4322558,Vanini,RS,2025,27.18,1764.13,6489.39,1763.9,0.24,11.82,27.23
4322608,Venâncio Aires,RS,2025,32.43,25054.35,77268.06,22440.37,2613.97,517.95,32.64
4322707,Vera Cruz,RS,2025,31.68,9819.73,30997.26,8644.7,1175.03,160.98,31.84
4322806,Veranópolis,RS,2025,58.17,16836.53,28942.27,16796.12,40.42,515.53,59.23
4322855,Vespasiano Corrêa,RS,2025,36.93,4195.64,11361.7,4193.37,2.27,62.79,37.13
4322905,Viadutos,RS,2025,32.53,8676.49,26668.19,8534.23,142.26,56.88,32.6
4323002,Viamão,RS,2025,56.74,84877.61,149598.99,24694.33,60183.29,5127.77,58.75
4323101,Vicente Dutra,RS,2025,19.63,3788.76,19299.77,3788.76,0.0,1335.16,21.09
4323200,Victor Graeff,RS,2025,10.88,2590.69,23814.68,2527.44,63.24,150.03,10.95
4323309,Vila Flores,RS,2025,35.93,3869.41,10769.42,3852.44,16.96,130.84,36.37
4323358,Vila Lângaro,RS,2025,14.44,2190.73,15167.72,2147.1,43.63,17.16,14.46
4323408,Vila Maria,RS,2025,25.81,4672.54,18104.97,4672.54,0.0,71.95,25.91
4323457,Vila Nova do Sul,RS,2025,52.77,26820.19,50826.42,10192.59,16627.6,171.89,52.95
4323507,Vista Alegre,RS,2025,30.16,2342.71,7767.8,2342.71,0.0,21.66,30.24
4323606,Vista Alegre do Prata,RS,2025,51.02,6086.38,11928.39,6079.3,7.07,112.34,51.51
4323705,Vista Gaúcha,RS,2025,31.51,2836.84,9003.2,2836.84,0.0,91.97,31.83
4323754,Vitória das Missões,RS,2025,30.97,8002.73,25844.38,4919.85,3082.89,424.78,31.48
4323770,Westfália,RS,2025,42.43,2836.08,6684.86,2835.07,1.02,44.77,42.71
4323804,Xangri-lá,RS,2025,26.87,1614.17,6008.1,77.98,1536.19,104.83,27.34
5000203,Água Clara,MS,2025,19.06,148288.02,778152.65,119511.32,28776.7,2978.01,19.13
5000252,Alcinópolis,MS,2025,32.8,144247.64,439755.86,133817.08,10430.56,781.47,32.86
5000609,Amambai,MS,2025,11.47,48093.27,419372.69,38949.03,9144.24,934.36,11.49
5000708,Anastácio,MS,2025,26.38,76862.12,291314.91,73058.25,3803.87,565.33,26.44
5000807,Anaurilândia,MS,2025,13.39,45748.29,341571.31,33760.35,11987.94,70524.32,16.88
5000856,Angélica,MS,2025,13.53,17367.54,128364.58,5891.31,11476.23,859.64,13.62
5000906,Antônio João,MS,2025,18.31,20061.52,109545.64,19030.05,1031.46,36.48,18.32
5001003,Aparecida do Taboado,MS,2025,9.95,27387.6,275151.42,23091.4,4296.21,27227.26,11.05
5001102,Aquidauana,MS,2025,74.23,1268497.24,1708867.36,620301.07,648196.17,38827.79,75.96
5001243,Aral Moreira,MS,2025,15.98,26431.61,165363.41,24501.29,1930.32,232.41,16.01
5001508,Bandeirantes,MS,2025,20.69,69576.13,336347.46,63426.23,6149.91,222.94,20.7
5001904,Bataguassu,MS,2025,13.68,32728.88,239246.98,21607.59,11121.29,54123.39,17.68
5002001,Batayporã,MS,2025,26.6,48590.65,182653.88,19369.28,29221.38,7365.43,27.72
5002100,Bela Vista,MS,2025,27.44,135950.57,495514.8,110034.05,25916.52,637.36,27.47
5002159,Bodoquena,MS,2025,51.64,133701.12,258912.03,130010.86,3690.26,486.26,51.74
5002209,Bonito,MS,2025,41.85,225102.74,537879.3,211965.68,13137.06,775.94,41.91
5002308,Brasilândia,MS,2025,17.16,99569.16,580355.64,69700.12,29869.04,20788.76,17.79
5002407,Caarapó,MS,2025,11.14,23559.03,211569.55,15249.58,8309.45,517.9,11.16
5002605,Camapuã,MS,2025,23.7,147873.68,623817.82,136709.15,11164.53,1439.17,23.76
5002704,Campo Grande,MS,2025,17.87,144423.08,808216.2,120227.13,24195.95,1417.67,17.9
5002803,Caracol,MS,2025,24.8,72572.18,292642.47,62131.94,10440.24,596.64,24.85
5002902,Cassilândia,MS,2025,16.52,61324.73,371169.5,50418.1,10906.63,1904.62,16.61
5002951,Chapadão do Sul,MS,2025,14.1,45860.84,325229.67,38592.28,7268.56,1774.94,14.18
5003108,Corguinho,MS,2025,34.21,90282.89,263887.79,87441.73,2841.16,213.73,34.24
5003157,Coronel Sapucaia,MS,2025,11.36,11628.02,102375.28,10588.65,1039.37,188.89,11.38
5003207,Corumbá,MS,2025,84.84,5464656.16,6441035.59,2059989.06,3404667.1,434843.83,90.98
5003256,Costa Rica,MS,2025,25.51,106091.99,415938.58,80882.55,25209.44,308.09,25.53
5003306,Coxim,MS,2025,37.45,239354.02,639062.9,168179.8,71174.22,7466.54,37.9
5003454,Deodápolis,MS,2025,12.43,10297.64,82844.32,3922.74,6374.9,463.17,12.5
5003488,Dois Irmãos do Buriti,MS,2025,26.79,65111.13,243028.93,62348.05,2763.08,416.23,26.84
5003504,Douradina,MS,2025,12.54,3513.24,28022.87,1240.85,2272.39,174.75,12.62
5003702,Dourados,MS,2025,14.26,57917.19,406291.26,33965.17,23952.02,1918.84,14.32
5003751,Eldorado,MS,2025,23.16,23458.37,101277.56,12495.36,10963.01,3065.59,23.89
5003801,Fátima do Sul,MS,2025,11.62,3783.0,32563.69,568.43,3214.56,252.36,11.71
5003900,Figueirão,MS,2025,27.38,133654.75,488076.59,122441.85,11212.9,744.63,27.43
5004007,Glória de Dourados,MS,2025,4.84,2385.27,49309.48,1158.16,1227.1,24.84,4.84
5004106,Guia Lopes da Laguna,MS,2025,22.04,27006.62,122545.25,24843.17,2163.45,284.41,22.09
5004304,Iguatemi,MS,2025,15.09,44640.54,295742.89,35615.55,9024.99,536.99,15.12
5004403,Inocência,MS,2025,18.11,104326.73,576117.21,79907.07,24419.66,1037.05,18.14
5004502,Itaporã,MS,2025,13.82,18545.23,134237.99,9796.65,8748.58,486.48,13.87
5004601,Itaquiraí,MS,2025,21.16,43661.47,206374.25,25875.24,17786.24,3542.45,21.53
5004700,Ivinhema,MS,2025,14.3,28655.81,200343.23,15530.09,13125.73,683.97,14.35
5004809,Japorã,MS,2025,16.27,6778.61,41653.21,4527.83,2250.77,319.24,16.4
5004908,Jaraguari,MS,2025,19.63,57206.77,291354.67,53045.2,4161.57,182.3,19.65
5005004,Jardim,MS,2025,26.75,56969.57,213002.5,46495.44,10474.13,361.86,26.79
5005103,Jateí,MS,2025,29.96,57921.76,193332.2,18554.65,39367.11,885.31,30.1
5005152,Juti,MS,2025,13.49,21164.98,156918.69,13879.29,7285.69,283.37,13.51
5005202,Ladário,MS,2025,70.92,25124.34,35425.57,19883.57,5240.77,1154.58,73.31
5005251,Laguna Carapã,MS,2025,17.36,29967.14,172580.72,26721.66,3245.48,559.05,17.42
5005400,Maracaju,MS,2025,19.27,103988.28,539690.69,83368.0,20620.27,835.94,19.3
5005608,Miranda,MS,2025,60.3,329906.55,547093.29,294616.05,35290.5,3377.45,60.68
5005681,Mundo Novo,MS,2025,30.52,14309.12,46882.09,4411.1,9898.02,4642.27,33.88
5005707,Naviraí,MS,2025,26.34,84012.83,318968.56,30871.36,53141.47,10716.5,27.25
5005806,Nioaque,MS,2025,24.8,96964.31,390968.48,91798.1,5166.21,754.72,24.85
5006002,Nova Alvorada do Sul,MS,2025,15.87,63920.13,402760.18,48396.98,15523.15,1256.33,15.92
5006200,Nova Andradina,MS,2025,18.19,86723.63,476819.05,63541.53,23182.09,1760.42,18.26
5006259,Novo Horizonte do Sul,MS,2025,22.26,18904.84,84916.71,8559.38,10345.46,320.09,22.35
5006275,Paraíso das Águas,MS,2025,17.39,88032.69,506145.12,75935.51,12097.18,1957.4,17.46
5006309,Paranaíba,MS,2025,14.3,76513.81,535204.35,65699.95,10813.86,9198.89,14.55
5006358,Paranhos,MS,2025,11.76,15372.81,130676.89,10783.08,4589.73,698.27,11.83
5006408,Pedro Gomes,MS,2025,30.62,108819.23,355378.43,101624.24,7194.99,803.98,30.69
5006606,Ponta Porã,MS,2025,18.06,96801.45,535913.26,91109.78,5691.67,792.46,18.09
5006903,Porto Murtinho,MS,2025,66.23,1158478.82,1749241.01,1010109.37,148369.45,8550.28,66.55
5007109,Ribas do Rio Pardo,MS,2025,19.62,339683.77,1731520.83,286802.34,52881.43,5978.35,19.69
5007208,Rio Brilhante,MS,2025,20.63,82163.93,398348.3,53221.3,28942.63,2410.6,20.75
5007307,Rio Negro,MS,2025,37.5,68581.53,182879.08,66621.55,1959.98,86.11,37.52
5007406,Rio Verde de Mato Grosso,MS,2025,44.89,366980.93,817472.32,233445.05,133535.87,8043.25,45.34
5007505,Rochedo,MS,2025,23.71,30935.88,130480.2,28131.16,2804.72,204.17,23.75
5007554,Santa Rita do Pardo,MS,2025,16.8,103161.86,614200.25,81053.74,22108.12,24765.11,17.5
5007695,São Gabriel do Oeste,MS,2025,24.1,92783.48,385060.39,88553.0,4230.47,763.62,24.14
5007703,Sete Quedas,MS,2025,22.16,18588.45,83889.7,14822.04,3766.4,310.55,22.24
5007802,Selvíria,MS,2025,15.92,51818.63,325493.07,43741.96,8076.67,10253.13,16.44
5007901,Sidrolândia,MS,2025,16.69,87891.53,526568.31,66553.39,21338.14,931.78,16.72
5007935,Sonora,MS,2025,36.88,154378.79,418561.21,116363.74,38015.05,5004.24,37.33
5007950,Tacuru,MS,2025,16.85,30061.44,178416.69,23629.48,6431.97,863.08,16.93
5007976,Taquarussu,MS,2025,41.32,43472.03,105218.69,12806.53,30665.5,7924.69,44.68
5008008,Terenos,MS,2025,22.45,63899.45,284587.19,59097.63,4801.82,607.62,22.5
5008305,Três Lagoas,MS,2025,16.97,173382.01,1021704.01,136384.41,36997.6,18933.0,17.29
5008404,Vicentina,MS,2025,4.37,1323.29,30255.44,436.43,886.86,32.95,4.38
5100102,Acorizal,MT,2025,59.58,50691.16,85076.38,50623.61,67.54,538.18,59.96
5100201,Água Boa,MT,2025,40.23,303719.77,754933.22,287494.51,16225.26,1241.57,40.3
5100250,Alta Floresta,MT,2025,47.36,424171.2,895550.2,420310.52,3860.68,5818.13,47.67
5100300,Alto Araguaia,MT,2025,48.38,257237.26,531742.76,231267.48,25969.78,591.64,48.43
5100359,Alto Boa Vista,MT,2025,39.28,88318.12,224846.64,86399.99,1918.13,537.41,39.37
5100409,Alto Garças,MT,2025,41.84,161391.36,385761.28,124601.96,36789.4,132.94,41.85
5100508,Alto Paraguai,MT,2025,60.57,111899.29,184737.71,109539.65,2359.64,471.99,60.73
5100607,Alto Taquari,MT,2025,24.93,37923.36,152136.49,31238.14,6685.21,156.56,24.95
5100805,Apiacás,MT,2025,87.03,1783134.18,2048900.7,1778695.95,4438.23,27336.45,88.21
5101001,Araguaiana,MT,2025,54.4,347137.3,638083.56,211494.84,135642.45,4407.53,54.78
5101209,Araguainha,MT,2025,59.61,40247.73,67524.0,33197.1,7050.62,132.43,59.72
5101258,Araputanga,MT,2025,37.27,61114.01,163965.38,52623.82,8490.2,261.93,37.33
5101308,Arenápolis,MT,2025,26.39,11013.54,41731.13,9687.45,1326.08,162.75,26.49
5101407,Aripuanã,MT,2025,81.19,2003583.2,2467803.98,1992940.87,10642.32,7115.78,81.42
5101605,Barão de Melgaço,MT,2025,85.6,973669.99,1137490.41,659107.12,314562.87,34669.38,88.29
5101704,Barra do Bugres,MT,2025,54.88,328004.22,597657.77,302570.14,25434.08,4170.02,55.27
5101803,Barra do Garças,MT,2025,55.74,466179.5,836295.29,449484.08,16695.42,2456.15,55.91
5101837,Boa Esperança do Norte,MT,2025,38.77,182406.17,470447.32,174679.14,7727.03,937.33,38.85
5101852,Bom Jesus do Araguaia,MT,2025,41.19,175744.74,426663.66,169749.17,5995.58,1382.15,41.32
5101902,Brasnorte,MT,2025,60.84,971518.52,1596835.03,962412.31,9106.21,6715.43,61.1
5102504,Cáceres,MT,2025,68.07,1665567.6,2446926.89,887990.39,777577.21,203213.75,74.23
5102603,Campinápolis,MT,2025,63.51,379716.09,597895.74,339682.2,40033.9,1607.27,63.68
5102637,Campo Novo do Parecis,MT,2025,51.72,487639.22,942857.28,403351.34,84287.88,1046.78,51.78
5102678,Campo Verde,MT,2025,25.76,122888.54,477114.85,109279.02,13609.52,381.09,25.78
5102686,Campos de Júlio,MT,2025,55.67,378125.74,679284.42,359708.36,18417.38,2271.72,55.85
5102694,Canabrava do Norte,MT,2025,41.91,144536.73,344907.41,115121.21,29415.52,564.45,41.97
5102702,Canarana,MT,2025,53.03,575696.69,1085517.18,524355.33,51341.36,6771.43,53.37
5102793,Carlinda,MT,2025,30.66,74255.94,242175.25,74025.91,230.02,3935.88,31.17
5102850,Castanheira,MT,2025,39.54,146842.88,371346.19,145031.26,1811.61,2660.6,39.83
5103007,Chapada dos Guimarães,MT,2025,60.19,397449.82,660327.03,390267.03,7182.79,30447.14,63.1
5103056,Cláudia,MT,2025,54.12,207994.94,384354.95,207726.38,268.56,4696.61,54.78
5103106,Cocalinho,MT,2025,74.19,1228840.97,1656307.5,553113.01,675727.96,25992.51,75.37
5103205,Colíder,MT,2025,23.74,73866.07,311205.44,72513.81,1352.25,3471.15,24.0
5103254,Colniza,MT,2025,77.66,2171545.02,2796127.44,2152607.97,18937.05,10716.02,77.96
5103304,Comodoro,MT,2025,83.89,1801999.87,2147980.15,1758338.67,43661.2,5232.84,84.1
5103353,Confresa,MT,2025,32.8,190321.27,580228.65,182466.67,7854.6,1509.32,32.89
5103361,Conquista D'Oeste,MT,2025,77.91,209156.98,268473.09,167748.28,41408.7,452.38,78.04
5103379,Cotriguaçu,MT,2025,73.81,698942.49,947011.76,697597.67,1344.82,15846.78,75.06
5103403,Cuiabá,MT,2025,54.23,234645.59,432720.8,229269.32,5376.27,2217.3,54.5
5103437,Curvelândia,MT,2025,25.99,9284.15,35723.36,6766.27,2517.88,503.18,26.36
5103452,Denise,MT,2025,26.12,33254.06,127316.18,32188.36,1065.7,497.97,26.22
5103502,Diamantino,MT,2025,40.41,333943.25,826340.24,319953.66,13989.59,914.89,40.46
5103601,Dom Aquino,MT,2025,39.07,85314.95,218355.35,79661.21,5653.74,258.55,39.12
5103700,Feliz Natal,MT,2025,78.66,917240.36,1166152.1,907652.61,9587.75,7278.08,79.15
5103809,Figueirópolis D'Oeste,MT,2025,18.04,16080.99,89144.14,13041.71,3039.28,789.33,18.2
5103858,Gaúcha do Norte,MT,2025,73.06,1235250.96,1690842.91,1114508.4,120742.55,23306.52,74.08
5103908,General Carneiro,MT,2025,50.08,226098.24,451492.45,211120.68,14977.56,1183.17,50.21
5103957,Glória D'Oeste,MT,2025,38.61,32168.08,83311.29,20002.81,12165.28,509.38,38.85
5104104,Guarantã do Norte,MT,2025,49.88,235699.43,472535.27,228650.77,7048.65,1728.12,50.06
5104203,Guiratinga,MT,2025,49.82,251321.41,504449.3,209509.28,41812.14,805.02,49.9
5104500,Indiavaí,MT,2025,25.57,15148.29,59250.02,9625.35,5522.93,611.19,25.83
5104526,Ipiranga do Norte,MT,2025,33.72,115391.13,342199.74,114949.0,442.12,1247.49,33.84
5104542,Itanhangá,MT,2025,42.14,122612.43,290972.69,122604.21,8.22,600.17,42.23
5104559,Itaúba,MT,2025,59.85,270620.79,452182.6,265632.84,4987.94,16093.61,62.06
5104609,Itiquira,MT,2025,40.1,348794.54,869881.51,284922.18,63872.37,4937.48,40.33
5104807,Jaciara,MT,2025,36.23,88024.81,242970.57,80147.47,7877.34,377.77,36.29
5104906,Jangada,MT,2025,61.98,69063.62,111427.73,68492.19,571.43,422.46,62.22
5105002,Jauru,MT,2025,21.89,29454.77,134535.29,19868.66,9586.12,511.34,21.98
5105101,Juara,MT,2025,65.39,1479877.66,2263274.72,1443092.57,36785.09,14908.27,65.82
5105150,Juína,MT,2025,83.35,2200226.03,2639722.43,2196670.96,3555.06,6173.16,83.55
5105176,Juruena,MT,2025,56.59,181542.95,320785.08,179868.59,1674.36,3041.86,57.14
5105200,Juscimeira,MT,2025,34.7,79519.77,229131.29,73232.53,6287.24,1406.01,34.92
5105234,Lambari D'Oeste,MT,2025,43.23,78268.33,181044.02,71237.36,7030.98,1644.33,43.63
5105259,Lucas do Rio Verde,MT,2025,27.57,101308.66,367460.51,97423.02,3885.64,1450.34,27.68
5105309,Luciara,MT,2025,90.43,387288.14,428265.37,94306.02,292982.13,8722.37,92.31
5105507,Vila Bela da Santíssima Trindade,MT,2025,50.01,673801.87,1347459.02,317885.91,355915.96,32728.15,51.25
5105580,Marcelândia,MT,2025,69.7,856304.57,1228545.8,850369.17,5935.4,4480.83,69.96
5105606,Matupá,MT,2025,60.71,317433.56,522832.55,316550.23,883.33,1506.43,60.89
5105622,Mirassol d'Oeste,MT,2025,26.27,28513.43,108548.95,21113.82,7399.61,303.98,26.34
5105903,Nobres,MT,2025,61.89,241913.51,390867.53,220852.02,21061.49,982.34,62.05
5106000,Nortelândia,MT,2025,53.4,71380.72,133678.18,68208.38,3172.34,397.12,53.56
5106109,Nossa Senhora do Livramento,MT,2025,64.25,347581.51,541009.29,262327.37,85254.14,5243.15,64.88
5106158,Nova Bandeirantes,MT,2025,55.94,534562.84,955665.54,530191.43,4371.41,13254.44,56.72
5106174,Nova Nazaré,MT,2025,77.71,313513.15,403456.84,260856.84,52656.31,2312.11,78.15
5106182,Nova Lacerda,MT,2025,54.16,258886.72,478035.51,235682.45,23204.26,2284.71,54.42
5106190,Nova Santa Helena,MT,2025,43.14,102908.39,238558.02,102747.53,160.86,360.93,43.2
5106208,Nova Brasilândia,MT,2025,57.06,187695.2,328951.63,183313.89,4381.32,5190.25,57.97
5106216,Nova Canaã do Norte,MT,2025,47.1,280416.16,595309.81,267651.85,12764.31,6841.62,47.65
5106224,Nova Mutum,MT,2025,44.52,424569.53,953679.35,421235.97,3333.56,2404.9,44.63
5106232,Nova Olímpia,MT,2025,42.79,56792.8,132725.79,45380.23,11412.57,379.81,42.91
5106240,Nova Ubiratã,MT,2025,62.97,549146.31,872079.59,542351.36,6794.95,3596.8,63.23
5106257,Nova Xavantina,MT,2025,39.71,218075.33,549211.6,208591.76,9483.57,2946.37,39.92
5106265,Novo Mundo,MT,2025,52.13,302397.54,580083.93,294711.73,7685.81,5298.49,52.61
5106273,Novo Horizonte do Norte,MT,2025,31.43,28913.82,92004.14,28823.95,89.87,491.26,31.6
5106281,Novo São Joaquim,MT,2025,37.38,195312.22,522559.66,182650.1,12662.12,1836.65,37.51
5106299,Paranaíta,MT,2025,46.49,223798.87,481435.29,220524.21,3274.65,16426.42,48.13
5106307,Paranatinga,MT,2025,63.21,1525020.93,2412736.59,1403968.38,121052.54,7764.13,63.41
5106315,Novo Santo Antônio,MT,2025,85.22,374512.66,439478.6,103610.13,270902.53,13600.3,87.94
5106372,Pedra Preta,MT,2025,32.9,126398.24,384167.86,119504.38,6893.86,597.7,32.95
5106422,Peixoto de Azevedo,MT,2025,70.99,1024737.72,1443397.92,1009301.23,15436.48,9604.26,71.47
5106455,Planalto da Serra,MT,2025,52.18,127207.55,243767.1,122214.14,4993.41,471.33,52.29
5106505,Poconé,MT,2025,80.14,1363532.34,1701365.26,594556.1,768976.23,112109.33,85.8
5106653,Pontal do Araguaia,MT,2025,46.9,128611.94,274245.61,124784.41,3827.53,1174.08,47.1
5106703,Ponte Branca,MT,2025,57.44,40274.03,70114.5,32957.06,7316.98,174.35,57.58
5106752,Pontes e Lacerda,MT,2025,42.34,361824.16,854524.3,188035.29,173788.87,7554.31,42.72
5106778,Porto Alegre do Norte,MT,2025,54.35,215852.52,397178.61,115015.09,100837.44,1306.93,54.53
5106802,Porto dos Gaúchos,MT,2025,54.66,374256.25,684668.52,374066.0,190.26,1652.48,54.79
5106828,Porto Esperidião,MT,2025,47.64,278000.57,583499.93,157299.86,120700.71,2281.82,47.83
5106851,Porto Estrela,MT,2025,58.87,120408.67,204546.09,116148.71,4259.96,1283.56,59.24
5107008,Poxoréu,MT,2025,46.43,321088.8,691532.38,297071.09,24017.71,1834.93,46.56
5107040,Primavera do Leste,MT,2025,24.21,132441.45,547029.38,112187.28,20254.17,1480.83,24.28
5107065,Querência,MT,2025,69.55,1238050.0,1779990.66,1180184.35,57865.64,26749.68,70.61
5107107,São José dos Quatro Marcos,MT,2025,19.69,25258.11,128275.02,22369.76,2888.36,231.04,19.73
5107156,Reserva do Cabaçal,MT,2025,72.94,97149.66,133182.76,91014.99,6134.67,114.26,73.01
5107180,Ribeirão Cascalheira,MT,2025,68.61,778991.02,1135456.26,494699.08,284291.94,6639.78,69.01
5107198,Ribeirãozinho,MT,2025,29.0,18123.93,62499.6,16988.82,1135.11,199.86,29.09
5107206,Rio Branco,MT,2025,49.12,26490.48,53927.99,13863.91,12626.57,181.85,49.29
5107248,Santa Carmem,MT,2025,61.17,233178.97,381204.65,232888.79,290.18,231.1,61.21
5107263,Santo Afonso,MT,2025,27.03,31531.91,116638.32,31130.96,400.95,212.07,27.08
5107297,São José do Povo,MT,2025,14.43,7067.16,48974.57,6997.11,70.05,319.68,14.53
5107305,São José do Rio Claro,MT,2025,46.96,212520.0,452531.87,210619.21,1900.78,1549.28,47.12
5107354,São José do Xingu,MT,2025,48.82,364460.67,746555.24,351640.79,12819.88,5180.05,49.16
5107404,São Pedro da Cipa,MT,2025,34.76,11966.91,34432.11,11594.46,372.45,94.46,34.85
5107578,Rondolândia,MT,2025,83.92,1062214.79,1265818.23,1058027.32,4187.47,5187.56,84.26
5107602,Rondonópolis,MT,2025,25.66,123792.31,482448.47,116592.45,7199.87,2182.64,25.78
5107701,Rosário Oeste,MT,2025,62.16,456253.74,733950.69,399539.76,56713.99,3253.86,62.44
5107743,Santa Cruz do Xingu,MT,2025,72.36,406940.1,562345.68,387866.64,19073.46,5492.81,73.08
5107750,Salto do Céu,MT,2025,42.79,75041.76,175372.1,59768.02,15273.74,317.8,42.87
5107768,Santa Rita do Trivelato,MT,2025,52.45,248613.0,474022.42,239366.59,9246.41,1332.55,52.6
5107776,Santa Terezinha,MT,2025,60.12,388757.52,646620.24,296390.51,92367.01,9331.89,61.0
5107792,Santo Antônio do Leste,MT,2025,44.13,150188.61,340366.84,140556.16,9632.44,270.47,44.16
5107800,Santo Antônio de Leverger,MT,2025,62.36,593588.39,951914.74,481873.81,111714.58,13638.98,63.26
5107859,São Félix do Araguaia,MT,2025,67.64,1128405.08,1668252.84,830583.89,297821.19,13717.52,68.2
5107875,Sapezal,MT,2025,63.58,865582.16,1361418.92,816564.52,49017.64,3492.26,63.74
5107883,Serra Nova Dourada,MT,2025,46.59,69448.47,149077.29,64997.88,4450.6,221.87,46.65
5107909,Sinop,MT,2025,36.52,145744.26,399092.31,144488.96,1255.3,14277.6,37.87
5107925,Sorriso,MT,2025,28.03,236961.34,845480.36,230486.67,6474.67,7265.9,28.27
5107941,Tabaporã,MT,2025,57.53,485490.91,843907.13,460567.47,24923.44,1977.96,57.66
5107958,Tangará da Serra,MT,2025,72.44,842956.76,1163657.12,353103.28,489853.48,2292.22,72.58
5108006,Tapurah,MT,2025,44.23,198713.53,449257.12,198110.87,602.65,1263.78,44.36
5108055,Terra Nova do Norte,MT,2025,19.11,45848.52,239975.47,45733.35,115.18,415.72,19.14
5108105,Tesouro,MT,2025,48.48,205772.57,424409.37,177202.45,28570.13,1272.19,48.63
5108204,Torixoréu,MT,2025,39.74,95311.78,239838.84,83728.9,11582.88,570.96,39.83
5108303,União do Sul,MT,2025,65.84,302239.71,459073.93,301034.12,1205.59,354.35,65.89
5108352,Vale de São Domingos,MT,2025,62.7,119266.1,190216.75,94135.35,25130.75,735.17,62.94
5108402,Várzea Grande,MT,2025,41.5,39000.67,93987.64,38637.21,363.47,1371.37,42.11
5108501,Vera,MT,2025,41.06,122315.38,297865.52,121926.76,388.63,487.17,41.13
5108600,Vila Rica,MT,2025,43.16,320973.64,743659.08,315368.56,5605.08,1984.33,43.28
5108808,Nova Guarita,MT,2025,16.76,18801.34,112197.1,18410.81,390.53,730.3,16.87
5108857,Nova Marilândia,MT,2025,45.47,86647.35,190573.38,83741.16,2906.19,218.98,45.52
5108907,Nova Maringá,MT,2025,67.87,784082.5,1155346.35,782933.77,1148.73,3220.59,68.06
5108956,Nova Monte Verde,MT,2025,53.37,274280.4,513928.36,272864.09,1416.31,1693.25,53.55
5200050,Abadia de Goiás,GO,2025,16.38,2348.41,14335.81,2252.87,95.55,40.79,16.43
5200100,Abadiânia,GO,2025,29.58,30893.9,104456.71,30582.18,311.72,2658.84,30.35
5200134,Acreúna,GO,2025,16.19,25367.08,156676.22,11832.75,13534.34,1297.02,16.33
5200159,Adelândia,GO,2025,9.8,1130.96,11535.29,1130.96,0.0,25.33,9.83
5200175,Água Fria de Goiás,GO,2025,55.27,111837.38,202360.97,107488.0,4349.39,2046.15,55.83
5200209,Água Limpa,GO,2025,17.6,8074.38,45885.35,8074.38,0.0,2932.24,18.8
5200258,Águas Lindas de Goiás,GO,2025,40.04,7681.45,19182.15,7409.54,271.91,375.0,40.84
5200308,Alexânia,GO,2025,33.67,28511.65,84685.26,28061.51,450.15,3932.78,35.31
5200506,Aloândia,GO,2025,9.92,1012.73,10208.48,942.98,69.76,69.84,9.99
5200555,Alto Horizonte,GO,2025,21.83,10924.13,50034.32,10804.34,119.79,285.17,21.96
5200605,Alto Paraíso de Goiás,GO,2025,79.2,205537.1,259505.61,160296.7,45240.39,210.81,79.27
5200803,Alvorada do Norte,GO,2025,42.53,53943.26,126833.59,48457.91,5485.34,519.64,42.71
5200829,Amaralina,GO,2025,26.19,35186.97,134373.11,34961.57,225.4,456.93,26.28
5200852,Americano do Brasil,GO,2025,14.77,1977.56,13385.86,1977.56,0.0,24.14,14.8
5200902,Amorinópolis,GO,2025,15.09,6139.04,40692.32,6113.39,25.65,20.33,15.09
5201108,Anápolis,GO,2025,20.6,19274.06,93565.51,19013.9,260.16,264.04,20.66
5201207,Anhanguera,GO,2025,25.54,1419.21,5557.6,1419.21,0.0,315.33,27.07
5201306,Anicuns,GO,2025,13.51,13183.37,97605.25,13162.86,20.51,277.9,13.55
5201405,Aparecida de Goiânia,GO,2025,18.51,5181.39,27993.86,4487.14,694.25,32.55,18.53
5201454,Aparecida do Rio Doce,GO,2025,17.38,10484.88,60326.15,8546.73,1938.15,256.61,17.45
5201504,Aporé,GO,2025,20.64,59843.7,289920.83,49232.6,10611.1,3214.97,20.87
5201603,Araçu,GO,2025,14.66,2195.31,14976.83,2194.19,1.12,44.23,14.7
5201702,Aragarças,GO,2025,43.32,28663.31,66163.03,27913.92,749.4,910.64,43.93
5201801,Aragoiânia,GO,2025,19.91,4343.23,21813.53,4204.27,138.96,78.94,19.98
5202155,Araguapaz,GO,2025,31.7,69362.34,218808.57,68181.31,1181.04,618.24,31.79
5202353,Arenópolis,GO,2025,23.21,24967.13,107553.66,24492.35,474.78,1133.87,23.46
5202502,Aruanã,GO,2025,35.59,108708.8,305471.23,91029.5,17679.3,7343.66,36.46
5202601,Aurilândia,GO,2025,15.52,8776.17,56552.34,8515.65,260.52,41.86,15.53
5202809,Avelinópolis,GO,2025,13.69,2329.63,17022.32,2314.1,15.53,63.67,13.74
5203104,Baliza,GO,2025,50.7,90255.96,178014.78,78607.9,11648.06,586.57,50.87
5203203,Barro Alto,GO,2025,46.02,49708.0,108024.89,48492.9,1215.09,593.45,46.27
5203302,Bela Vista de Goiás,GO,2025,21.35,27202.26,127403.26,27066.81,135.44,320.77,21.41
5203401,Bom Jardim de Goiás,GO,2025,34.46,65506.34,190118.94,63916.76,1589.59,404.55,34.53
5203500,Bom Jesus de Goiás,GO,2025,10.63,14937.79,140557.0,11240.8,3696.99,1247.32,10.72
5203559,Bonfinópolis,GO,2025,26.03,3173.43,12191.26,3168.2,5.23,27.36,26.09
5203575,Bonópolis,GO,2025,27.02,44186.91,163530.85,43551.46,635.46,1704.61,27.31
5203609,Brazabrantes,GO,2025,15.6,1954.78,12530.35,1942.93,11.85,54.95,15.67
5203807,Britânia,GO,2025,25.71,37498.04,145848.07,34753.98,2744.06,3221.55,26.29
5203906,Buriti Alegre,GO,2025,20.93,18880.76,90192.61,18824.35,56.41,7008.76,22.7
5203939,Buriti de Goiás,GO,2025,18.34,3714.83,20254.88,3703.99,10.83,5.76,18.35
5203962,Buritinópolis,GO,2025,35.26,8677.78,24608.12,8657.15,20.63,118.83,35.43
5204003,Cabeceiras,GO,2025,33.42,37642.65,112642.43,32557.35,5085.3,870.99,33.68
5204102,Cachoeira Alta,GO,2025,18.07,29949.24,165720.91,26137.06,3812.18,2499.98,18.35
5204201,Cachoeira de Goiás,GO,2025,27.89,11840.22,42447.7,11374.96,465.26,12.09,27.9
5204250,Cachoeira Dourada,GO,2025,11.46,6056.16,52830.89,4876.6,1179.56,2038.98,11.92
5204300,Caçu,GO,2025,14.84,33458.98,225436.8,29999.87,3459.12,8586.21,15.43
5204409,Caiapônia,GO,2025,34.9,301136.53,862793.02,248731.19,52405.34,727.23,34.93
5204508,Caldas Novas,GO,2025,33.04,53148.23,160852.39,52893.52,254.71,3956.35,33.87
5204557,Caldazinha,GO,2025,26.28,6615.24,25171.0,6613.86,1.37,39.68,26.32
5204607,Campestre de Goiás,GO,2025,27.37,7465.06,27273.25,7371.92,93.14,68.28,27.44
5204656,Campinaçu,GO,2025,59.47,117654.73,197836.07,117307.54,347.2,24242.69,67.78
5204706,Campinorte,GO,2025,39.58,42131.36,106451.21,41243.52,887.84,212.71,39.66
5204805,Campo Alegre de Goiás,GO,2025,34.07,83482.62,245015.77,76566.89,6915.74,4485.69,34.71
5204854,Campo Limpo de Goiás,GO,2025,18.31,2858.1,15610.86,2843.07,15.03,59.44,18.38
5204904,Campos Belos,GO,2025,54.02,39711.43,73507.79,36510.29,3201.14,84.9,54.09
5204953,Campos Verdes,GO,2025,17.71,7848.58,44313.63,7809.47,39.11,107.82,17.75
5205000,Carmo do Rio Verde,GO,2025,14.05,5899.16,41983.29,5862.41,36.75,178.89,14.11
5205059,Castelândia,GO,2025,9.94,2975.01,29919.45,2324.77,650.25,152.8,9.99
5205109,Catalão,GO,2025,27.47,105096.85,382631.51,93909.93,11186.93,17704.81,28.8
5205208,Caturaí,GO,2025,14.12,2894.78,20503.18,2889.46,5.32,79.73,14.17
5205307,Cavalcante,GO,2025,85.54,594402.81,694875.58,551587.01,42815.79,7282.81,86.45
5205406,Ceres,GO,2025,8.94,1905.26,21308.7,1900.86,4.4,144.15,9.0
5205455,Cezarina,GO,2025,20.7,8634.07,41705.11,8400.85,233.22,230.62,20.82
5205471,Chapadão do Céu,GO,2025,24.63,53792.0,218395.46,27926.07,25865.93,82.52,24.64
5205497,Cidade Ocidental,GO,2025,42.66,16632.87,38990.05,15483.36,1149.52,85.98,42.75
5205513,Cocalzinho de Goiás,GO,2025,49.93,89148.55,178533.16,88208.18,940.37,349.44,50.03
5205521,Colinas do Sul,GO,2025,80.85,138053.05,170752.04,137720.12,332.93,6895.46,84.25
5205703,Córrego do Ouro,GO,2025,21.92,10042.1,45806.79,10038.32,3.78,117.76,21.98
5205802,Corumbá de Goiás,GO,2025,33.47,35636.86,106484.24,35048.87,587.98,180.51,33.52
5205901,Corumbaíba,GO,2025,24.21,45132.93,186428.13,44785.8,347.12,16791.93,26.61
5206206,Cristalina,GO,2025,30.17,185696.78,615401.78,142287.92,43408.86,12935.27,30.82
5206305,Cristianópolis,GO,2025,27.6,6118.01,22163.98,6055.42,62.58,47.62,27.66
5206404,Crixás,GO,2025,34.42,160858.36,467298.26,160505.64,352.72,803.54,34.48
5206503,Cromínia,GO,2025,22.16,8086.88,36494.85,7771.25,315.63,44.53,22.19
5206602,Cumari,GO,2025,20.9,11875.93,56835.44,11874.65,1.27,1336.17,21.4
5206701,Damianópolis,GO,2025,49.04,20479.8,41762.78,19424.28,1055.52,22.0,49.06
5206800,Damolândia,GO,2025,17.29,1487.6,8605.81,1487.6,0.0,7.65,17.3
5206909,Davinópolis,GO,2025,37.47,18092.33,48286.2,17588.86,503.48,675.02,38.0
5207105,Diorama,GO,2025,19.32,13243.44,68538.74,13213.63,29.81,199.15,19.38
5207253,Doverlândia,GO,2025,31.52,101719.51,322755.46,86203.72,15515.79,956.2,31.61
5207352,Edealina,GO,2025,14.27,8538.46,59819.1,7677.61,860.85,342.16,14.36
5207402,Edéia,GO,2025,15.08,22160.05,146906.79,15993.79,6166.25,704.19,15.16
5207501,Estrela do Norte,GO,2025,28.42,8556.91,30112.6,8544.31,12.6,119.02,28.53
5207535,Faina,GO,2025,30.55,59554.54,194971.36,59334.34,220.2,222.83,30.58
5207600,Fazenda Nova,GO,2025,24.55,31400.15,127908.49,31233.67,166.48,557.85,24.66
5207808,Firminópolis,GO,2025,9.05,3822.92,42235.12,3786.75,36.17,103.99,9.07
5207907,Flores de Goiás,GO,2025,33.09,122275.37,369514.83,114906.91,7368.46,1483.35,33.22
5208004,Formosa,GO,2025,61.73,358279.54,580428.66,327263.62,31015.92,2526.8,62.0
5208103,Formoso,GO,2025,44.56,37582.34,84344.42,37568.51,13.83,85.1,44.6
5208152,Gameleira de Goiás,GO,2025,24.14,14204.21,58833.26,14096.98,107.23,66.88,24.17
5208301,Divinópolis de Goiás,GO,2025,40.43,33509.84,82885.51,33284.04,225.81,60.94,40.46
5208400,Goianápolis,GO,2025,28.44,4739.03,16664.17,4731.31,7.72,442.36,29.21
5208509,Goiandira,GO,2025,26.87,15316.02,56991.69,15296.71,19.31,683.21,27.2
5208608,Goianésia,GO,2025,25.3,39143.76,154732.02,38900.44,243.32,503.19,25.38
5208707,Goiânia,GO,2025,15.72,11463.39,72931.16,11123.49,339.9,803.14,15.89
5208806,Goianira,GO,2025,14.7,3143.66,21379.99,3062.91,80.75,97.3,14.77
5208905,Goiás,GO,2025,30.75,95572.13,310841.24,95395.68,176.45,517.51,30.8
5209101,Goiatuba,GO,2025,13.51,33496.38,247960.58,28067.92,5428.46,1037.38,13.57
5209150,Gouvelândia,GO,2025,7.98,6606.66,82738.43,4282.87,2323.8,9064.02,8.97
5209200,Guapó,GO,2025,16.89,8682.74,51417.83,8509.38,173.36,194.67,16.95
5209291,Guaraíta,GO,2025,24.41,5017.41,20552.18,5016.11,1.29,30.59,24.45
5209408,Guarani de Goiás,GO,2025,45.99,56159.28,122101.55,51008.12,5151.16,36.65,46.01
5209457,Guarinos,GO,2025,28.1,16668.72,59318.93,16631.59,37.12,100.01,28.15
5209606,Heitoraí,GO,2025,21.54,4924.69,22860.96,4890.31,34.37,63.05,21.6
5209705,Hidrolândia,GO,2025,24.05,22896.37,95211.49,22413.66,482.71,278.85,24.12
5209804,Hidrolina,GO,2025,29.13,17004.76,58379.33,16921.0,83.75,222.24,29.24
5209903,Iaciara,GO,2025,19.33,29901.57,154717.77,29721.94,179.63,600.74,19.4
5209937,Inaciolândia,GO,2025,8.54,5887.13,68920.31,4079.39,1807.75,5409.75,9.27
5209952,Indiara,GO,2025,15.89,15184.44,95542.71,13554.81,1629.62,481.77,15.97
5210000,Inhumas,GO,2025,15.89,9770.96,61489.27,9736.27,34.69,208.7,15.94
5210109,Ipameri,GO,2025,35.25,154482.51,438281.39,150434.51,4048.0,3027.34,35.49
5210158,Ipiranga de Goiás,GO,2025,10.5,2562.68,24417.53,2559.66,3.02,44.31,10.51
5210208,Iporá,GO,2025,16.64,17092.37,102726.15,16991.08,101.29,242.18,16.68
5210307,Israelândia,GO,2025,24.58,14234.82,57917.95,14201.06,33.76,273.72,24.69
5210406,Itaberaí,GO,2025,16.41,23988.09,146194.65,23871.98,116.11,770.8,16.5
5210562,Itaguari,GO,2025,13.69,1953.58,14265.54,1949.27,4.3,57.65,13.75
5210604,Itaguaru,GO,2025,11.52,2777.42,24101.05,2775.52,1.9,38.24,11.54
5210802,Itajá,GO,2025,19.25,40094.92,208277.79,36194.49,3900.43,7315.64,19.95
5210901,Itapaci,GO,2025,26.75,25497.74,95301.94,25415.44,82.3,307.35,26.84
5211008,Itapirapuã,GO,2025,15.72,32196.97,204792.22,30840.44,1356.53,882.88,15.79
5211206,Itapuranga,GO,2025,25.05,32093.49,128138.82,31976.16,117.33,302.05,25.11
5211305,Itarumã,GO,2025,16.87,57993.56,343733.57,50840.58,7152.98,8304.78,17.29
5211404,Itauçu,GO,2025,19.85,7603.2,38306.1,7603.2,0.0,89.98,19.9
5211503,Itumbiara,GO,2025,12.76,31231.06,244700.42,27761.97,3469.09,10759.89,13.35
5211602,Ivolândia,GO,2025,25.96,32727.78,126085.07,32161.94,565.85,509.93,26.06
5211701,Jandaia,GO,2025,16.92,14602.96,86306.63,13348.11,1254.85,280.98,16.98
5211800,Jaraguá,GO,2025,27.75,51310.84,184897.3,51113.7,197.14,626.98,27.85
5211909,Jataí,GO,2025,19.94,143148.52,717880.28,120232.76,22915.76,1495.66,19.98
5212006,Jaupaci,GO,2025,25.26,13355.49,52879.41,13326.61,28.88,267.03,25.38
5212055,Jesúpolis,GO,2025,17.27,1989.3,11521.91,1989.3,0.0,21.08,17.3
5212105,Joviânia,GO,2025,13.13,5857.78,44624.76,5549.72,308.06,166.19,13.18
5212204,Jussara,GO,2025,25.86,105828.31,409234.87,101275.12,4553.19,5584.26,26.22
5212253,Lagoa Santa,GO,2025,15.84,7339.78,46329.62,6060.15,1279.64,189.01,15.91
5212303,Leopoldo de Bulhões,GO,2025,25.81,12288.99,47612.2,12242.85,46.14,87.07,25.86
5212501,Luziânia,GO,2025,37.39,148144.54,396214.26,142320.3,5824.23,13235.1,38.68
5212600,Mairipotaba,GO,2025,27.35,12800.88,46801.74,11692.3,1108.58,117.4,27.42
5212709,Mambaí,GO,2025,86.01,73818.25,85825.77,58261.74,15556.51,504.94,86.52
5212808,Mara Rosa,GO,2025,23.9,40529.53,169546.51,40353.27,176.26,395.51,23.96
5212907,Marzagão,GO,2025,24.84,5602.6,22551.44,5575.69,26.9,521.91,25.43
5212956,Matrinchã,GO,2025,24.31,27968.95,115048.4,27179.21,789.74,876.11,24.5
5213004,Maurilândia,GO,2025,9.7,3784.19,38994.7,2263.47,1520.72,305.51,9.78
5213053,Mimoso de Goiás,GO,2025,57.73,79704.09,138070.42,79473.59,230.5,579.11,57.97
5213087,Minaçu,GO,2025,64.41,183848.25,285419.39,183414.25,434.01,9676.26,66.67
5213103,Mineiros,GO,2025,42.58,385009.56,904291.54,243657.05,141352.52,497.63,42.6
5213400,Moiporá,GO,2025,22.63,10238.3,45233.29,10226.28,12.02,128.39,22.7
5213509,Monte Alegre de Goiás,GO,2025,61.59,192153.91,311990.54,190497.52,1656.39,1081.9,61.8
5213707,Montes Claros de Goiás,GO,2025,21.81,63266.13,290038.95,60191.91,3074.22,3365.75,22.07
5213756,Montividiu,GO,2025,14.57,27239.43,186962.77,20562.64,6676.79,169.6,14.58
5213772,Montividiu do Norte,GO,2025,41.2,55091.1,133721.11,54669.46,421.64,486.07,41.35
5213806,Morrinhos,GO,2025,20.06,57109.4,284627.02,56631.71,477.7,1230.43,20.15
5213855,Morro Agudo de Goiás,GO,2025,21.68,6121.58,28235.18,6104.49,17.09,22.35,21.7
5213905,Mossâmedes,GO,2025,17.9,12259.09,68488.46,12033.29,225.8,135.21,17.93
5214002,Mozarlândia,GO,2025,23.33,40565.45,173851.33,39791.15,774.3,1008.59,23.47
5214051,Mundo Novo,GO,2025,25.51,54634.13,214153.76,52333.78,2300.34,2277.13,25.79
5214101,Mutunópolis,GO,2025,22.19,21195.48,95512.11,21149.23,46.25,262.99,22.25
5214408,Nazário,GO,2025,16.82,4728.86,28114.45,4619.6,109.26,113.23,16.89
5214507,Nerópolis,GO,2025,23.94,4900.14,20470.69,4879.97,20.17,389.42,24.4
5214606,Niquelândia,GO,2025,62.11,611579.94,984628.28,598249.71,13330.22,80694.07,67.66
5214705,Nova América,GO,2025,20.49,4292.35,20943.96,4279.38,12.96,13.05,20.51
5214804,Nova Aurora,GO,2025,20.72,6367.38,30733.33,6361.76,5.61,692.95,21.2
5214838,Nova Crixás,GO,2025,26.71,195231.38,730870.58,178324.21,16907.17,8051.74,27.01
5214861,Nova Glória,GO,2025,11.28,4645.45,41178.73,4593.08,52.36,518.35,11.42
5214879,Nova Iguaçu de Goiás,GO,2025,20.37,12741.18,62564.11,12691.61,49.58,80.46,20.39
5214903,Nova Roma,GO,2025,68.43,146226.53,213673.02,142838.28,3388.25,991.57,68.75
5215009,Nova Veneza,GO,2025,19.14,2342.4,12236.69,2340.42,1.97,35.38,19.2
5215207,Novo Brasil,GO,2025,16.26,10557.66,64934.34,10555.94,1.72,35.69,16.27
5215231,Novo Gama,GO,2025,43.55,8371.43,19223.66,6964.74,1406.7,42.46,43.64
5215256,Novo Planalto,GO,2025,26.56,33317.03,125450.43,32943.45,373.58,582.07,26.68
5215306,Orizona,GO,2025,27.44,54098.0,197128.18,53846.95,251.05,952.62,27.58
5215405,Ouro Verde de Goiás,GO,2025,17.62,3680.18,20881.79,3677.94,2.23,46.91,17.66
5215504,Ouvidor,GO,2025,28.04,11533.67,41131.43,10500.11,1033.56,1042.75,28.77
5215603,Padre Bernardo,GO,2025,52.73,165700.84,314251.03,164313.43,1387.41,1099.03,52.91
5215652,Palestina de Goiás,GO,2025,23.97,31592.86,131802.24,29855.25,1737.61,738.73,24.11
5215702,Palmeiras de Goiás,GO,2025,14.89,22888.13,153719.42,22172.72,715.41,663.83,14.95
5215801,Palmelo,GO,2025,21.78,1302.82,5981.0,1302.82,0.0,4.7,21.8
5215900,Palminópolis,GO,2025,9.1,3580.41,39331.89,3388.79,191.63,236.14,9.16
5216007,Panamá,GO,2025,16.77,7246.66,43219.18,6787.9,458.76,179.8,16.84
5216304,Paranaiguara,GO,2025,11.97,13802.39,115344.16,13469.82,332.56,8855.22,12.96
5216403,Paraúna,GO,2025,21.62,81852.62,378661.52,63786.79,18065.83,1225.51,21.69
5216452,Perolândia,GO,2025,18.54,19160.32,103372.89,15547.03,3613.3,70.69,18.55
5216809,Petrolina de Goiás,GO,2025,19.82,10516.6,53050.4,10512.05,4.56,136.61,19.87
5216908,Pilar de Goiás,GO,2025,23.99,21739.12,90606.85,21731.76,7.36,172.11,24.04
5217104,Piracanjuba,GO,2025,19.55,46412.58,237423.46,46103.18,309.4,964.79,19.63
5217203,Piranhas,GO,2025,25.3,51747.25,204506.83,50452.63,1294.62,391.81,25.35
5217302,Pirenópolis,GO,2025,50.53,111175.21,220035.7,110800.46,374.75,227.44,50.58
5217401,Pires do Rio,GO,2025,30.68,33065.23,107759.81,33027.94,37.29,711.67,30.89
5217609,Planaltina,GO,2025,68.75,175913.74,255885.05,171974.06,3939.68,860.73,68.98
5217708,Pontalina,GO,2025,17.89,25662.87,143431.1,24665.87,997.0,664.94,17.98
5218003,Porangatu,GO,2025,27.4,132219.9,482524.16,130972.31,1247.58,1757.87,27.5
5218052,Porteirão,GO,2025,13.75,8336.06,60628.81,5119.11,3216.95,647.95,13.9
5218102,Portelândia,GO,2025,28.32,15670.77,55341.98,13541.56,2129.21,24.94,28.33
5218300,Posse,GO,2025,39.71,82471.49,207700.82,75871.55,6599.93,583.25,39.82
5218391,Professor Jamil,GO,2025,25.58,9112.55,35628.83,8913.93,198.62,110.57,25.66
5218508,Quirinópolis,GO,2025,13.84,52404.51,378603.68,46243.74,6160.76,7701.59,14.13
5218607,Rialma,GO,2025,16.1,4320.19,26830.82,4267.55,52.63,372.63,16.33
5218706,Rianápolis,GO,2025,23.56,3708.61,15737.97,3655.66,52.95,126.59,23.76
5218789,Rio Quente,GO,2025,38.94,9526.37,24466.57,9516.4,9.97,67.66,39.04
5218805,Rio Verde,GO,2025,18.44,154430.79,837420.79,124332.33,30098.46,1769.94,18.48
5218904,Rubiataba,GO,2025,18.08,13573.21,75063.52,13558.79,14.42,97.41,18.11
5219001,Sanclerlândia,GO,2025,11.89,6058.63,50941.72,6054.51,4.12,68.62,11.91
5219100,Santa Bárbara de Goiás,GO,2025,17.88,2520.88,14095.08,2443.59,77.28,131.58,18.05
5219209,Santa Cruz de Goiás,GO,2025,34.82,38611.31,110902.19,38493.01,118.3,336.55,34.92
5219258,Santa Fé de Goiás,GO,2025,19.55,22762.2,116415.81,21704.28,1057.91,815.35,19.69
5219308,Santa Helena de Goiás,GO,2025,8.81,10062.66,114237.58,7286.41,2776.25,1211.04,8.9
5219357,Santa Isabel,GO,2025,17.81,14470.49,81271.83,14421.8,48.69,618.44,17.94
5219407,Santa Rita do Araguaia,GO,2025,34.72,47127.34,135718.64,40083.98,7043.36,345.53,34.81
5219456,Santa Rita do Novo Destino,GO,2025,37.77,36652.0,97040.34,36436.1,215.9,2934.35,38.95
5219506,Santa Rosa de Goiás,GO,2025,16.79,2795.3,16644.01,2786.96,8.34,65.36,16.86
5219605,Santa Tereza de Goiás,GO,2025,30.48,24066.22,78956.16,23681.33,384.89,317.8,30.6
5219704,Santa Terezinha de Goiás,GO,2025,18.71,22580.49,120658.39,22482.45,98.04,594.01,18.81
5219712,Santo Antônio da Barra,GO,2025,17.17,7733.06,45031.22,5318.78,2414.28,197.59,17.25
5219738,Santo Antônio de Goiás,GO,2025,20.28,2737.69,13501.96,2712.64,25.06,107.62,20.44
5219753,Santo Antônio do Descoberto,GO,2025,51.84,48944.66,94407.76,44928.87,4015.79,4959.95,54.72
5219803,São Domingos,GO,2025,47.22,157524.26,333611.71,139141.51,18382.75,852.66,47.34
5219902,São Francisco de Goiás,GO,2025,22.26,9271.89,41651.82,9266.73,5.17,99.21,22.31
5220009,São João d'Aliança,GO,2025,62.09,207040.34,333443.6,194100.19,12940.15,3216.02,62.7
5220058,São João da Paraúna,GO,2025,6.78,1944.33,28697.13,1824.59,119.74,119.41,6.8
5220108,São Luís de Montes Belos,GO,2025,9.99,8287.33,82964.23,8277.8,9.53,170.95,10.01
5220157,São Luiz do Norte,GO,2025,24.66,14398.31,58380.1,14279.95,118.37,698.11,24.96
5220207,São Miguel do Araguaia,GO,2025,32.27,198437.51,615020.29,154651.83,43785.68,6393.46,32.6
5220264,São Miguel do Passa Quatro,GO,2025,28.91,15536.16,53733.46,15508.33,27.82,99.63,28.97
5220280,São Patrício,GO,2025,12.1,2091.21,17276.72,2077.41,13.81,22.09,12.12
5220405,São Simão,GO,2025,9.14,3791.58,41501.98,3789.37,2.2,3787.95,10.05
5220454,Senador Canedo,GO,2025,23.26,5745.76,24699.44,5701.03,44.74,99.0,23.36
5220504,Serranópolis,GO,2025,32.98,182117.09,552176.73,158560.82,23556.27,1711.07,33.08
5220603,Silvânia,GO,2025,26.97,63370.1,234998.81,62188.35,1181.75,2575.12,27.26
5220686,Simolândia,GO,2025,23.68,8212.96,34681.1,7829.71,383.25,152.13,23.79
5220702,Sítio d'Abadia,GO,2025,55.55,89531.27,161184.97,71833.74,17697.53,77.8,55.57
5221007,Taquaral de Goiás,GO,2025,21.66,4453.84,20567.12,4451.94,1.89,46.35,21.7
5221080,Teresina de Goiás,GO,2025,86.55,67921.21,78478.38,64056.69,3864.52,158.43,86.72
5221197,Terezópolis de Goiás,GO,2025,21.14,2270.53,10741.91,2228.56,41.97,114.57,21.37
5221304,Três Ranchos,GO,2025,18.95,5383.65,28404.38,5129.73,253.92,7723.3,26.03
5221403,Trindade,GO,2025,16.06,11449.08,71268.91,11151.23,297.85,325.62,16.14
5221452,Trombas,GO,2025,42.64,34231.89,80288.59,33917.42,314.47,252.7,42.77
5221502,Turvânia,GO,2025,11.09,5347.97,48230.09,5224.81,123.16,146.76,11.12
5221551,Turvelândia,GO,2025,13.0,12168.08,93565.37,6583.35,5584.72,1779.31,13.26
5221577,Uirapuru,GO,2025,28.74,33178.3,115432.17,33110.99,67.32,525.19,28.87
5221601,Uruaçu,GO,2025,33.14,70992.5,214250.23,70358.18,634.32,19321.96,36.42
5221700,Uruana,GO,2025,15.1,7894.36,52292.11,7753.44,140.93,386.9,15.21
5221809,Urutaí,GO,2025,27.94,17430.38,62382.88,17416.97,13.4,460.7,28.15
5221858,Valparaíso de Goiás,GO,2025,30.94,1903.52,6151.8,1792.6,110.91,0.86,30.95
5221908,Varjão,GO,2025,29.62,15328.73,51742.79,14192.17,1136.56,100.01,29.68
5222005,Vianópolis,GO,2025,22.61,21574.86,95409.3,21461.02,113.84,203.97,22.66
5222054,Vicentinópolis,GO,2025,12.31,9033.38,73381.62,6297.38,2736.01,598.79,12.41
5222203,Vila Boa,GO,2025,46.35,48788.59,105259.59,45910.01,2878.58,385.83,46.52
5222302,Vila Propício,GO,2025,42.14,91932.95,218160.01,90326.17,1606.79,900.23,42.31
5300108,Brasília,DF,2025,47.31,272539.16,576091.06,249503.34,23035.82,6579.82,47.85
